symbol,resolution,ts,datetime_np,date_np,open,high,low,close,volume
AHPC,1min,1774775699,2026-03-29 14:59,2026-03-29,304.1,304.1,304,304.1,11273
AHPC,1min,1774847719,2026-03-30 11:00,2026-03-30,304,304,304,304,115
AHPC,1min,1774847803,2026-03-30 11:01,2026-03-30,304,304,302,302,1450
AHPC,1min,1774847836,2026-03-30 11:02,2026-03-30,302,302,302,302,500
AHPC,1min,1774847937,2026-03-30 11:03,2026-03-30,302,302,301.1,301.1,3440
AHPC,1min,1774847989,2026-03-30 11:04,2026-03-30,301.1,302,301.1,301.2,1720
AHPC,1min,1774848042,2026-03-30 11:05,2026-03-30,301.2,301.2,300,300,17600
AHPC,1min,1774848117,2026-03-30 11:06,2026-03-30,300,300,300,300,1729
AHPC,1min,1774848177,2026-03-30 11:07,2026-03-30,300,300,294.1,299,30000
AHPC,1min,1774848216,2026-03-30 11:08,2026-03-30,299,300,299,300,2100
AHPC,1min,1774848299,2026-03-30 11:09,2026-03-30,300,300,300,300,3090
AHPC,1min,1774848347,2026-03-30 11:10,2026-03-30,300,300,296.4,296.4,5080
AHPC,1min,1774848366,2026-03-30 11:11,2026-03-30,296.4,296.4,296.3,296.3,491
AHPC,1min,1774848465,2026-03-30 11:12,2026-03-30,296.3,299,296.3,299,8170
AHPC,1min,1774848531,2026-03-30 11:13,2026-03-30,299,299.8,299,299.8,835
AHPC,1min,1774848569,2026-03-30 11:14,2026-03-30,299.8,300,299.8,300,3487
AHPC,1min,1774848653,2026-03-30 11:15,2026-03-30,300,300,300,300,3509
AHPC,1min,1774848713,2026-03-30 11:16,2026-03-30,300,301.2,300,301.2,2399
AHPC,1min,1774848754,2026-03-30 11:17,2026-03-30,301.2,303.9,301.2,303.9,307
AHPC,1min,1774848838,2026-03-30 11:18,2026-03-30,303.9,304,301.9,302,993
AHPC,1min,1774848855,2026-03-30 11:19,2026-03-30,302,302,302,302,0
AHPC,1min,1774848947,2026-03-30 11:20,2026-03-30,302,303.9,302,303.8,487
AHPC,1min,1774849002,2026-03-30 11:21,2026-03-30,303.8,304,303.8,304,1902
AHPC,1min,1774849049,2026-03-30 11:22,2026-03-30,304,305,304,305,2200
AHPC,1min,1774849136,2026-03-30 11:23,2026-03-30,305,306,305,306,4555
AHPC,1min,1774849197,2026-03-30 11:24,2026-03-30,306,306,306,306,500
AHPC,1min,1774849240,2026-03-30 11:25,2026-03-30,306,306,306,306,2616
AHPC,1min,1774849305,2026-03-30 11:26,2026-03-30,306,306,306,306,1115
AHPC,1min,1774849360,2026-03-30 11:27,2026-03-30,306,306,305,305,123
AHPC,1min,1774849415,2026-03-30 11:28,2026-03-30,305,305,303.2,303.2,1173
AHPC,1min,1774849492,2026-03-30 11:29,2026-03-30,303.2,303.2,301,301,4173
AHPC,1min,1774849523,2026-03-30 11:30,2026-03-30,301,301,301,301,300
AHPC,1min,1774849601,2026-03-30 11:31,2026-03-30,301,301,300,300,4611
AHPC,1min,1774849674,2026-03-30 11:32,2026-03-30,300,300,300,300,413
AHPC,1min,1774849764,2026-03-30 11:34,2026-03-30,300,300.3,300,300.3,1058
AHPC,1min,1774849897,2026-03-30 11:36,2026-03-30,300.3,301,300.3,301,100
AHPC,1min,1774849962,2026-03-30 11:37,2026-03-30,301,301,300.4,300.4,2000
AHPC,1min,1774850058,2026-03-30 11:39,2026-03-30,300.4,302,300.4,302,212
AHPC,1min,1774850145,2026-03-30 11:40,2026-03-30,302,302,301,301,2126
AHPC,1min,1774850188,2026-03-30 11:41,2026-03-30,301,301.4,301,301.4,500
AHPC,1min,1774850238,2026-03-30 11:42,2026-03-30,301.4,301.4,301.4,301.4,0
AHPC,1min,1774850329,2026-03-30 11:43,2026-03-30,301.4,301.4,300.4,301.3,1640
AHPC,1min,1774850378,2026-03-30 11:44,2026-03-30,301.3,301.3,301,301,665
AHPC,1min,1774850428,2026-03-30 11:45,2026-03-30,301,301,300,300,7079
AHPC,1min,1774850510,2026-03-30 11:46,2026-03-30,300,301.4,300,301.4,1600
AHPC,1min,1774850573,2026-03-30 11:47,2026-03-30,301.4,301.9,300.1,301.9,2220
AHPC,1min,1774850623,2026-03-30 11:48,2026-03-30,301.9,302,301.9,302,0
AHPC,1min,1774850680,2026-03-30 11:49,2026-03-30,302,302,300.6,300.6,1169
AHPC,1min,1774850729,2026-03-30 11:50,2026-03-30,300.6,300.6,300.5,300.5,2500
AHPC,1min,1774850816,2026-03-30 11:51,2026-03-30,300.5,302.9,300.5,302.9,1600
AHPC,1min,1774850845,2026-03-30 11:52,2026-03-30,302.9,302.9,302,302,1100
AHPC,1min,1774850967,2026-03-30 11:54,2026-03-30,302,302,302,302,100
AHPC,1min,1774851012,2026-03-30 11:55,2026-03-30,302,302,300.6,300.6,50
AHPC,1min,1774851118,2026-03-30 11:56,2026-03-30,300.6,302,300.6,302,1011
AHPC,1min,1774851177,2026-03-30 11:57,2026-03-30,302,303,302,303,1500
AHPC,1min,1774851205,2026-03-30 11:58,2026-03-30,303,305,303,305,4653
AHPC,1min,1774851310,2026-03-30 12:00,2026-03-30,305,305,305,305,20
AHPC,1min,1774851452,2026-03-30 12:02,2026-03-30,305,305,305,305,146
AHPC,1min,1774851533,2026-03-30 12:03,2026-03-30,305,305,305,305,7438
AHPC,1min,1774851593,2026-03-30 12:04,2026-03-30,305,305,304.1,304.1,967
AHPC,1min,1774851637,2026-03-30 12:05,2026-03-30,304.1,304.1,303,303,2000
AHPC,1min,1774851688,2026-03-30 12:06,2026-03-30,303,304,303,304,27
AHPC,1min,1774851769,2026-03-30 12:07,2026-03-30,304,305,304,305,350
AHPC,1min,1774851809,2026-03-30 12:08,2026-03-30,305,305,303.1,303.1,500
AHPC,1min,1774851956,2026-03-30 12:10,2026-03-30,303.1,306,303.1,306,199
AHPC,1min,1774852016,2026-03-30 12:11,2026-03-30,306,306,306,306,411
AHPC,1min,1774852045,2026-03-30 12:12,2026-03-30,306,306,304.5,304.5,600
AHPC,1min,1774852124,2026-03-30 12:13,2026-03-30,304.5,305,304.5,305,85
AHPC,1min,1774852180,2026-03-30 12:14,2026-03-30,305,306,305,306,3365
AHPC,1min,1774852254,2026-03-30 12:15,2026-03-30,306,306,304.1,305,4177
AHPC,1min,1774852299,2026-03-30 12:16,2026-03-30,305,305,304.1,304.1,59
AHPC,1min,1774852322,2026-03-30 12:17,2026-03-30,304.1,304.1,304,304,1410
AHPC,1min,1774852412,2026-03-30 12:18,2026-03-30,304,304,304,304,631
AHPC,1min,1774852484,2026-03-30 12:19,2026-03-30,304,305.8,304,305.8,1061
AHPC,1min,1774852591,2026-03-30 12:21,2026-03-30,305.8,305.8,304.2,304.2,100
AHPC,1min,1774852668,2026-03-30 12:22,2026-03-30,304.2,306,304.2,306,2477
AHPC,1min,1774852738,2026-03-30 12:23,2026-03-30,306,306,306,306,535
AHPC,1min,1774852786,2026-03-30 12:24,2026-03-30,306,306,306,306,700
AHPC,1min,1774852808,2026-03-30 12:25,2026-03-30,306,306,306,306,300
AHPC,1min,1774852914,2026-03-30 12:26,2026-03-30,306,306,305.8,306,2105
AHPC,1min,1774852946,2026-03-30 12:27,2026-03-30,306,307,306,307,1495
AHPC,1min,1774853092,2026-03-30 12:29,2026-03-30,307,307,306.6,306.6,2500
AHPC,1min,1774853141,2026-03-30 12:30,2026-03-30,306.6,306.6,306.6,306.6,1180
AHPC,1min,1774853210,2026-03-30 12:31,2026-03-30,306.6,307,306.6,307,4362
AHPC,1min,1774853279,2026-03-30 12:32,2026-03-30,307,307.8,307,307,410
AHPC,1min,1774853337,2026-03-30 12:33,2026-03-30,307,307,306,306,2210
AHPC,1min,1774853452,2026-03-30 12:35,2026-03-30,306,306,305,306,9166
AHPC,1min,1774853481,2026-03-30 12:36,2026-03-30,306,306,306,306,122
AHPC,1min,1774853538,2026-03-30 12:37,2026-03-30,306,306,304.5,304.5,1699
AHPC,1min,1774853617,2026-03-30 12:38,2026-03-30,304.5,306,304.5,306,4984
AHPC,1min,1774853702,2026-03-30 12:40,2026-03-30,306,306,305.9,305.9,400
AHPC,1min,1774853818,2026-03-30 12:41,2026-03-30,305.9,305.9,303.2,303.2,967
AHPC,1min,1774853865,2026-03-30 12:42,2026-03-30,303.2,303.3,303.2,303.3,16
AHPC,1min,1774853915,2026-03-30 12:43,2026-03-30,303.3,303.9,303.3,303.9,337
AHPC,1min,1774853996,2026-03-30 12:44,2026-03-30,303.9,304,303.1,303.1,2083
AHPC,1min,1774854050,2026-03-30 12:45,2026-03-30,303.1,303.1,303.1,303.1,553
AHPC,1min,1774854133,2026-03-30 12:47,2026-03-30,303.1,303.1,302.1,302.1,1000
AHPC,1min,1774854236,2026-03-30 12:48,2026-03-30,302.1,304.9,302.1,304,1530
AHPC,1min,1774854296,2026-03-30 12:49,2026-03-30,304,304.1,304,304.1,2429
AHPC,1min,1774854355,2026-03-30 12:50,2026-03-30,304.1,305,304.1,305,700
AHPC,1min,1774854377,2026-03-30 12:51,2026-03-30,305,305,305,305,270
AHPC,1min,1774854450,2026-03-30 12:52,2026-03-30,305,305.9,305,305.9,500
AHPC,1min,1774854587,2026-03-30 12:54,2026-03-30,305.9,305.9,305,305,1025
AHPC,1min,1774854686,2026-03-30 12:56,2026-03-30,305,305,304.1,304.1,0
AHPC,1min,1774854936,2026-03-30 13:00,2026-03-30,304.1,305,304.1,305,181
AHPC,1min,1774854992,2026-03-30 13:01,2026-03-30,305,305,304,304,646
AHPC,1min,1774855127,2026-03-30 13:03,2026-03-30,304,305,304,305,1490
AHPC,1min,1774855153,2026-03-30 13:04,2026-03-30,305,305,305,305,541
AHPC,1min,1774855257,2026-03-30 13:05,2026-03-30,305,305,305,305,1010
AHPC,1min,1774855318,2026-03-30 13:06,2026-03-30,305,305.9,305,305.9,435
AHPC,1min,1774855357,2026-03-30 13:07,2026-03-30,305.9,306.5,305.9,306.5,1189
AHPC,1min,1774855407,2026-03-30 13:08,2026-03-30,306.5,306.8,306.5,306.8,361
AHPC,1min,1774855476,2026-03-30 13:09,2026-03-30,306.8,306.9,306.8,306.9,1239
AHPC,1min,1774855508,2026-03-30 13:10,2026-03-30,306.9,306.9,306.9,306.9,161
AHPC,1min,1774855596,2026-03-30 13:11,2026-03-30,306.9,306.9,305,305,300
AHPC,1min,1774855620,2026-03-30 13:12,2026-03-30,305,306.8,305,306.8,100
AHPC,1min,1774855696,2026-03-30 13:13,2026-03-30,306.8,306.8,304.5,304.5,20
AHPC,1min,1774855771,2026-03-30 13:14,2026-03-30,304.5,304.5,302.3,302.3,10000
AHPC,1min,1774856011,2026-03-30 13:18,2026-03-30,302.3,304,302.3,304,0
AHPC,1min,1774856114,2026-03-30 13:20,2026-03-30,304,304,302.3,302.3,691
AHPC,1min,1774856383,2026-03-30 13:24,2026-03-30,302.3,304.9,302.3,304.9,20
AHPC,1min,1774856558,2026-03-30 13:27,2026-03-30,304.9,304.9,302.3,302.3,1000
AHPC,1min,1774856606,2026-03-30 13:28,2026-03-30,302.3,302.3,302,302,2412
AHPC,1min,1774856756,2026-03-30 13:30,2026-03-30,302,303,301,301,4248
AHPC,1min,1774856818,2026-03-30 13:31,2026-03-30,301,301,300.8,300.8,103
AHPC,1min,1774856840,2026-03-30 13:32,2026-03-30,300.8,301,300.8,301,120
AHPC,1min,1774856986,2026-03-30 13:34,2026-03-30,301,301,301,301,838
AHPC,1min,1774857027,2026-03-30 13:35,2026-03-30,301,301,300.4,300.4,1000
AHPC,1min,1774857114,2026-03-30 13:36,2026-03-30,300.4,300.4,300.1,300.1,7688
AHPC,1min,1774857149,2026-03-30 13:37,2026-03-30,300.1,300.1,300,300,23000
AHPC,1min,1774857227,2026-03-30 13:38,2026-03-30,300,300,300,300,2729
AHPC,1min,1774857282,2026-03-30 13:39,2026-03-30,300,300,300,300,70
AHPC,1min,1774857321,2026-03-30 13:40,2026-03-30,300,300,300,300,3351
AHPC,1min,1774857426,2026-03-30 13:42,2026-03-30,300,300,300,300,205
AHPC,1min,1774857559,2026-03-30 13:44,2026-03-30,300,300,300,300,995
AHPC,1min,1774857600,2026-03-30 13:45,2026-03-30,300,300,300,300,1815
AHPC,1min,1774857721,2026-03-30 13:47,2026-03-30,300,300,300,300,600
AHPC,1min,1774857787,2026-03-30 13:48,2026-03-30,300,300,299.5,299.5,520
AHPC,1min,1774857870,2026-03-30 13:49,2026-03-30,299.5,300,299.5,300,15
AHPC,1min,1774857999,2026-03-30 13:51,2026-03-30,300,300,300,300,500
AHPC,1min,1774858074,2026-03-30 13:52,2026-03-30,300,300,300,300,1250
AHPC,1min,1774858094,2026-03-30 13:53,2026-03-30,300,300,300,300,1000
AHPC,1min,1774858240,2026-03-30 13:55,2026-03-30,300,300,300,300,270
AHPC,1min,1774858261,2026-03-30 13:56,2026-03-30,300,300,300,300,778
AHPC,1min,1774858358,2026-03-30 13:57,2026-03-30,300,300.5,300,300.1,1970
AHPC,1min,1774858430,2026-03-30 13:58,2026-03-30,300.1,300.5,300,300.5,250
AHPC,1min,1774858492,2026-03-30 13:59,2026-03-30,300.5,300.5,300,300,1119
AHPC,1min,1774858543,2026-03-30 14:00,2026-03-30,300,300,299.9,299.9,1000
AHPC,1min,1774858645,2026-03-30 14:02,2026-03-30,299.9,300,299.6,300,4000
AHPC,1min,1774858715,2026-03-30 14:03,2026-03-30,300,300,299.6,299.6,1579
AHPC,1min,1774858793,2026-03-30 14:04,2026-03-30,299.6,299.6,299.6,299.6,2400
AHPC,1min,1774858831,2026-03-30 14:05,2026-03-30,299.6,299.6,299,299,12530
AHPC,1min,1774858870,2026-03-30 14:06,2026-03-30,299,299,299,299,0
AHPC,1min,1774858962,2026-03-30 14:07,2026-03-30,299,299.8,299,299,3525
AHPC,1min,1774859001,2026-03-30 14:08,2026-03-30,299,299,299,299,0
AHPC,1min,1774859062,2026-03-30 14:09,2026-03-30,299,299,299,299,8579
AHPC,1min,1774859135,2026-03-30 14:10,2026-03-30,299,299,298.4,299,2799
AHPC,1min,1774859184,2026-03-30 14:11,2026-03-30,299,299.9,298.3,298.3,3965
AHPC,1min,1774859261,2026-03-30 14:12,2026-03-30,298.3,298.3,298,298,14600
AHPC,1min,1774859326,2026-03-30 14:13,2026-03-30,298,298,297.1,297.1,3110
AHPC,1min,1774859361,2026-03-30 14:14,2026-03-30,297.1,297.1,297.1,297.1,290
AHPC,1min,1774859450,2026-03-30 14:15,2026-03-30,297.1,297.3,297.1,297.3,334
AHPC,1min,1774859519,2026-03-30 14:16,2026-03-30,297.3,298,297.1,298,2630
AHPC,1min,1774859566,2026-03-30 14:17,2026-03-30,298,298,297.8,297.8,1000
AHPC,1min,1774859605,2026-03-30 14:18,2026-03-30,297.8,297.8,297.2,297.2,790
AHPC,1min,1774859679,2026-03-30 14:19,2026-03-30,297.2,297.2,297,297,6800
AHPC,1min,1774859756,2026-03-30 14:20,2026-03-30,297,297.4,296.7,296.7,6051
AHPC,1min,1774859809,2026-03-30 14:21,2026-03-30,296.7,297,296.3,296.3,1207
AHPC,1min,1774859869,2026-03-30 14:22,2026-03-30,296.3,297,296.3,297,800
AHPC,1min,1774860054,2026-03-30 14:25,2026-03-30,297,297,297,297,614
AHPC,1min,1774860081,2026-03-30 14:26,2026-03-30,297,297,297,297,60
AHPC,1min,1774860163,2026-03-30 14:27,2026-03-30,297,297,296,296,13000
AHPC,1min,1774860223,2026-03-30 14:28,2026-03-30,296,297,296,297,1550
AHPC,1min,1774860276,2026-03-30 14:29,2026-03-30,297,297,296.1,297,430
AHPC,1min,1774860324,2026-03-30 14:30,2026-03-30,297,297,296,296,1708
AHPC,1min,1774860392,2026-03-30 14:31,2026-03-30,296,297.1,296,297.1,600
AHPC,1min,1774860425,2026-03-30 14:32,2026-03-30,297.1,298,297.1,298,200
AHPC,1min,1774860494,2026-03-30 14:33,2026-03-30,298,298,296.1,296.1,2000
AHPC,1min,1774860571,2026-03-30 14:34,2026-03-30,296.1,297,296.1,297,300
AHPC,1min,1774860645,2026-03-30 14:35,2026-03-30,297,297,297,297,1867
AHPC,1min,1774860679,2026-03-30 14:36,2026-03-30,297,297,297,297,700
AHPC,1min,1774860751,2026-03-30 14:37,2026-03-30,297,297.1,297,297.1,300
AHPC,1min,1774860822,2026-03-30 14:38,2026-03-30,297.1,297.1,296,296,11032
AHPC,1min,1774860895,2026-03-30 14:39,2026-03-30,296,296,296,296,5693
AHPC,1min,1774860933,2026-03-30 14:40,2026-03-30,296,296,295,295,20000
AHPC,1min,1774861013,2026-03-30 14:41,2026-03-30,295,295,294,294,19385
AHPC,1min,1774861077,2026-03-30 14:42,2026-03-30,294,296,294,295,2510
AHPC,1min,1774861136,2026-03-30 14:43,2026-03-30,295,296,295,295,1100
AHPC,1min,1774861195,2026-03-30 14:44,2026-03-30,295,295,294,294.1,5453
AHPC,1min,1774861241,2026-03-30 14:45,2026-03-30,294.1,297,294.1,296,1777
AHPC,1min,1774861308,2026-03-30 14:46,2026-03-30,296,296,296,296,4933
AHPC,1min,1774861377,2026-03-30 14:47,2026-03-30,296,296,294.3,295,2650
AHPC,1min,1774861426,2026-03-30 14:48,2026-03-30,295,296,294.4,295,3430
AHPC,1min,1774861478,2026-03-30 14:49,2026-03-30,295,295.5,294.5,295.5,2322
AHPC,1min,1774861526,2026-03-30 14:50,2026-03-30,295.5,296,295.5,296,1150
AHPC,1min,1774861617,2026-03-30 14:51,2026-03-30,296,296,295,295.9,3373
AHPC,1min,1774861668,2026-03-30 14:52,2026-03-30,295.9,295.9,295,295,300
AHPC,1min,1774861738,2026-03-30 14:53,2026-03-30,295,295,294.5,294.5,2350
AHPC,1min,1774861787,2026-03-30 14:54,2026-03-30,294.5,295,294.5,295,585
AHPC,1min,1774861843,2026-03-30 14:55,2026-03-30,295,295,294.4,294.4,5163
AHPC,1min,1774861918,2026-03-30 14:56,2026-03-30,294.4,294.5,294.3,294.3,2921
AHPC,1min,1774861965,2026-03-30 14:57,2026-03-30,294.3,295.5,294.3,295.5,9452
AHPC,1min,1774862038,2026-03-30 14:58,2026-03-30,295.5,296,295.1,296,1451
AHPC,1min,1774862099,2026-03-30 14:59,2026-03-30,296,296.1,295.1,296,12198
AHPC,1min,1774934566,2026-03-31 11:07,2026-03-31,298.2,299,298.2,299,1010
AHPC,1min,1774934598,2026-03-31 11:08,2026-03-31,299,299.9,299,299.9,110
AHPC,1min,1774934699,2026-03-31 11:09,2026-03-31,299.9,299.9,299,299,245
AHPC,1min,1774934750,2026-03-31 11:10,2026-03-31,299,299,298,298,450
AHPC,1min,1774934815,2026-03-31 11:11,2026-03-31,298,298,298,298,395
AHPC,1min,1774934873,2026-03-31 11:12,2026-03-31,298,299.7,298,299.7,855
AHPC,1min,1774934931,2026-03-31 11:13,2026-03-31,299.7,299.8,299.7,299.8,919
AHPC,1min,1774934995,2026-03-31 11:14,2026-03-31,299.8,299.8,299,299,2888
AHPC,1min,1774935046,2026-03-31 11:15,2026-03-31,299,299,297,297,1260
AHPC,1min,1774935098,2026-03-31 11:16,2026-03-31,297,297,296.3,297,6730
AHPC,1min,1774935174,2026-03-31 11:17,2026-03-31,297,297,296,296,50
AHPC,1min,1774935202,2026-03-31 11:18,2026-03-31,296,296,294,294,6500
AHPC,1min,1774935285,2026-03-31 11:19,2026-03-31,294,294,294,294,605
AHPC,1min,1774935340,2026-03-31 11:20,2026-03-31,294,295,294,294,1090
AHPC,1min,1774935414,2026-03-31 11:21,2026-03-31,294,295,294,295,1350
AHPC,1min,1774935478,2026-03-31 11:22,2026-03-31,295,295,295,295,2230
AHPC,1min,1774935481,2026-03-31 11:23,2026-03-31,295,295,295,295,150
AHPC,1min,1774935565,2026-03-31 11:24,2026-03-31,295,296,295,295.1,600
AHPC,1min,1774935657,2026-03-31 11:25,2026-03-31,295.1,295.2,295,295,2070
AHPC,1min,1774935702,2026-03-31 11:26,2026-03-31,295,295,294,294,867
AHPC,1min,1774935758,2026-03-31 11:27,2026-03-31,294,294,294,294,1240
AHPC,1min,1774935832,2026-03-31 11:28,2026-03-31,294,294,294,294,845
AHPC,1min,1774935896,2026-03-31 11:29,2026-03-31,294,294,293.3,293.3,1000
AHPC,1min,1774935938,2026-03-31 11:30,2026-03-31,293.3,293.3,293.3,293.3,500
AHPC,1min,1774935983,2026-03-31 11:31,2026-03-31,293.3,293.5,293.3,293.5,50
AHPC,1min,1774936078,2026-03-31 11:32,2026-03-31,293.5,293.5,293.2,293.2,1100
AHPC,1min,1774936136,2026-03-31 11:33,2026-03-31,293.2,293.5,293.2,293.5,209
AHPC,1min,1774936178,2026-03-31 11:34,2026-03-31,293.5,293.5,293,293,1844
AHPC,1min,1774936213,2026-03-31 11:35,2026-03-31,293,293,293,293,721
AHPC,1min,1774936303,2026-03-31 11:36,2026-03-31,293,293,293,293,0
AHPC,1min,1774936439,2026-03-31 11:38,2026-03-31,293,293.1,293,293.1,1904
AHPC,1min,1774936537,2026-03-31 11:40,2026-03-31,293.1,293.1,293,293,300
AHPC,1min,1774936604,2026-03-31 11:41,2026-03-31,293,293,293,293,2500
AHPC,1min,1774936662,2026-03-31 11:42,2026-03-31,293,293,293,293,30
AHPC,1min,1774936707,2026-03-31 11:43,2026-03-31,293,293,293,293,920
AHPC,1min,1774936783,2026-03-31 11:44,2026-03-31,293,293,293,293,100
AHPC,1min,1774936813,2026-03-31 11:45,2026-03-31,293,293,292.3,292.3,0
AHPC,1min,1774936903,2026-03-31 11:46,2026-03-31,292.3,292.3,291.1,291.1,2052
AHPC,1min,1774936920,2026-03-31 11:47,2026-03-31,291.1,291.2,291.1,291.2,338
AHPC,1min,1774937020,2026-03-31 11:48,2026-03-31,291.2,291.2,290.1,290.2,12525
AHPC,1min,1774937082,2026-03-31 11:49,2026-03-31,290.2,290.3,290.2,290.3,650
AHPC,1min,1774937207,2026-03-31 11:51,2026-03-31,290.3,292,290.3,292,400
AHPC,1min,1774937275,2026-03-31 11:52,2026-03-31,292,292,290.4,290.4,322
AHPC,1min,1774937287,2026-03-31 11:53,2026-03-31,290.4,290.4,290.4,290.4,0
AHPC,1min,1774937392,2026-03-31 11:54,2026-03-31,290.4,290.4,290.3,290.4,3150
AHPC,1min,1774937455,2026-03-31 11:55,2026-03-31,290.4,290.4,290.2,290.2,3096
AHPC,1min,1774937514,2026-03-31 11:56,2026-03-31,290.2,291,290.2,291,1428
AHPC,1min,1774937527,2026-03-31 11:57,2026-03-31,291,291,291,291,0
AHPC,1min,1774937635,2026-03-31 11:58,2026-03-31,291,292,290.4,290.4,6295
AHPC,1min,1774937757,2026-03-31 12:00,2026-03-31,290.4,290.5,290.3,290.3,1919
AHPC,1min,1774937814,2026-03-31 12:01,2026-03-31,290.3,290.3,290.2,290.2,922
AHPC,1min,1774937831,2026-03-31 12:02,2026-03-31,290.2,290.2,290.2,290.2,100
AHPC,1min,1774937905,2026-03-31 12:03,2026-03-31,290.2,290.2,290.2,290.2,2200
AHPC,1min,1774937974,2026-03-31 12:04,2026-03-31,290.2,290.2,289.2,289.2,11222
AHPC,1min,1774938038,2026-03-31 12:05,2026-03-31,289.2,289.2,289.2,289.2,1441
AHPC,1min,1774938112,2026-03-31 12:06,2026-03-31,289.2,290,289.2,290,1603
AHPC,1min,1774938165,2026-03-31 12:07,2026-03-31,290,290,290,290,9060
AHPC,1min,1774938204,2026-03-31 12:08,2026-03-31,290,291,290,290.1,1700
AHPC,1min,1774938295,2026-03-31 12:09,2026-03-31,290.1,291.8,290.1,291.8,2840
AHPC,1min,1774938349,2026-03-31 12:10,2026-03-31,291.8,292,291.8,292,250
AHPC,1min,1774938405,2026-03-31 12:11,2026-03-31,292,292,292,292,730
AHPC,1min,1774938452,2026-03-31 12:12,2026-03-31,292,292.9,292,292.9,470
AHPC,1min,1774938538,2026-03-31 12:13,2026-03-31,292.9,293.8,292.9,293.8,1184
AHPC,1min,1774938588,2026-03-31 12:14,2026-03-31,293.8,293.8,293,293.8,1340
AHPC,1min,1774938643,2026-03-31 12:15,2026-03-31,293.8,294,293.8,294,121
AHPC,1min,1774938706,2026-03-31 12:16,2026-03-31,294,294,293.8,294,1360
AHPC,1min,1774938777,2026-03-31 12:17,2026-03-31,294,294,293.8,293.8,1900
AHPC,1min,1774938899,2026-03-31 12:19,2026-03-31,293.8,293.8,293,293,2901
AHPC,1min,1774938927,2026-03-31 12:20,2026-03-31,293,293,292,292,99
AHPC,1min,1774939014,2026-03-31 12:21,2026-03-31,292,292,292,292,2091
AHPC,1min,1774939070,2026-03-31 12:22,2026-03-31,292,292,292,292,3720
AHPC,1min,1774939138,2026-03-31 12:23,2026-03-31,292,292,290,290,595
AHPC,1min,1774939180,2026-03-31 12:24,2026-03-31,290,290,290,290,103
AHPC,1min,1774939229,2026-03-31 12:25,2026-03-31,290,290,290,290,100
AHPC,1min,1774939297,2026-03-31 12:26,2026-03-31,290,290,290,290,96
AHPC,1min,1774939370,2026-03-31 12:27,2026-03-31,290,290,289,289,2000
AHPC,1min,1774939465,2026-03-31 12:29,2026-03-31,289,289,289,289,317
AHPC,1min,1774939559,2026-03-31 12:30,2026-03-31,289,290,289,290,853
AHPC,1min,1774939605,2026-03-31 12:31,2026-03-31,290,290,290,290,70
AHPC,1min,1774939676,2026-03-31 12:32,2026-03-31,290,290,289.1,289.1,1075
AHPC,1min,1774939739,2026-03-31 12:33,2026-03-31,289.1,289.8,289.1,289.8,10
AHPC,1min,1774939783,2026-03-31 12:34,2026-03-31,289.8,290,289.8,290,88
AHPC,1min,1774939846,2026-03-31 12:35,2026-03-31,290,291,290,291,1323
AHPC,1min,1774939916,2026-03-31 12:36,2026-03-31,291,293,291,293,1769
AHPC,1min,1774939975,2026-03-31 12:37,2026-03-31,293,293,292,292,623
AHPC,1min,1774940027,2026-03-31 12:38,2026-03-31,292,293.7,292,293.7,10
AHPC,1min,1774940078,2026-03-31 12:39,2026-03-31,293.7,293.7,293.6,293.7,265
AHPC,1min,1774940208,2026-03-31 12:41,2026-03-31,293.7,293.9,293.7,293.9,825
AHPC,1min,1774940261,2026-03-31 12:42,2026-03-31,293.9,293.9,293.7,293.7,0
AHPC,1min,1774940481,2026-03-31 12:46,2026-03-31,293.7,293.7,293.7,293.7,575
AHPC,1min,1774940531,2026-03-31 12:47,2026-03-31,293.7,293.7,293,293,1000
AHPC,1min,1774940698,2026-03-31 12:49,2026-03-31,293,293.5,293,293.5,300
AHPC,1min,1774940754,2026-03-31 12:50,2026-03-31,293.5,293.7,293.5,293.7,590
AHPC,1min,1774940785,2026-03-31 12:51,2026-03-31,293.7,293.9,293.7,293.9,410
AHPC,1min,1774940856,2026-03-31 12:52,2026-03-31,293.9,293.9,293,293,1081
AHPC,1min,1774941020,2026-03-31 12:55,2026-03-31,293,293,293,293,0
AHPC,1min,1774941060,2026-03-31 12:56,2026-03-31,293,293,290.4,290.4,1345
AHPC,1min,1774941235,2026-03-31 12:58,2026-03-31,290.4,294,290.4,294,2300
AHPC,1min,1774941243,2026-03-31 12:59,2026-03-31,294,294,292,292,300
AHPC,1min,1774941317,2026-03-31 13:00,2026-03-31,292,293.9,292,293.9,0
AHPC,1min,1774941380,2026-03-31 13:01,2026-03-31,293.9,294,293.9,294,6000
AHPC,1min,1774941458,2026-03-31 13:02,2026-03-31,294,294,294,294,387
AHPC,1min,1774941522,2026-03-31 13:03,2026-03-31,294,294,294,294,4244
AHPC,1min,1774941576,2026-03-31 13:04,2026-03-31,294,295,294,295,2367
AHPC,1min,1774941648,2026-03-31 13:05,2026-03-31,295,296,295,296,3447
AHPC,1min,1774941705,2026-03-31 13:06,2026-03-31,296,296,296,296,1450
AHPC,1min,1774941775,2026-03-31 13:07,2026-03-31,296,296.2,296,296.2,160
AHPC,1min,1774941890,2026-03-31 13:09,2026-03-31,296.2,296.2,295,295,4685
AHPC,1min,1774941952,2026-03-31 13:10,2026-03-31,295,295.1,293,293,2869
AHPC,1min,1774942017,2026-03-31 13:11,2026-03-31,293,293.9,292.5,293.5,2729
AHPC,1min,1774942067,2026-03-31 13:12,2026-03-31,293.5,293.5,293.5,293.5,64
AHPC,1min,1774942104,2026-03-31 13:13,2026-03-31,293.5,293.5,290.3,290.3,8300
AHPC,1min,1774942196,2026-03-31 13:14,2026-03-31,290.3,293.2,290.3,293.2,500
AHPC,1min,1774942223,2026-03-31 13:15,2026-03-31,293.2,293.2,292,292,100
AHPC,1min,1774942314,2026-03-31 13:16,2026-03-31,292,293.2,292,293.2,420
AHPC,1min,1774942336,2026-03-31 13:17,2026-03-31,293.2,293.2,291.2,291.2,370
AHPC,1min,1774942541,2026-03-31 13:20,2026-03-31,291.2,291.6,291.2,291.6,30
AHPC,1min,1774942790,2026-03-31 13:24,2026-03-31,291.6,292,291.6,292,312
AHPC,1min,1774942856,2026-03-31 13:25,2026-03-31,292,293,292,292.5,500
AHPC,1min,1774942918,2026-03-31 13:26,2026-03-31,292.5,292.5,292.5,292.5,549
AHPC,1min,1774942961,2026-03-31 13:27,2026-03-31,292.5,292.5,292.5,292.5,100
AHPC,1min,1774943036,2026-03-31 13:28,2026-03-31,292.5,292.5,292,292.5,2070
AHPC,1min,1774943048,2026-03-31 13:29,2026-03-31,292.5,292.5,292,292,1000
AHPC,1min,1774943107,2026-03-31 13:30,2026-03-31,292,292.5,291.3,291.3,6280
AHPC,1min,1774943273,2026-03-31 13:32,2026-03-31,291.3,293.3,291.3,293.3,200
AHPC,1min,1774943392,2026-03-31 13:34,2026-03-31,293.3,293.3,293,293,0
AHPC,1min,1774943401,2026-03-31 13:35,2026-03-31,293,293.5,293,293.5,0
AHPC,1min,1774943486,2026-03-31 13:36,2026-03-31,293.5,293.5,293.5,293.5,1200
AHPC,1min,1774943555,2026-03-31 13:37,2026-03-31,293.5,293.5,292.6,292.6,56
AHPC,1min,1774943615,2026-03-31 13:38,2026-03-31,292.6,294,292.6,294,550
AHPC,1min,1774943691,2026-03-31 13:39,2026-03-31,294,295,294,295,1385
AHPC,1min,1774943712,2026-03-31 13:40,2026-03-31,295,295,295,295,300
AHPC,1min,1774943811,2026-03-31 13:41,2026-03-31,295,296,295,296,1200
AHPC,1min,1774944103,2026-03-31 13:46,2026-03-31,296,296,296,296,500
AHPC,1min,1774944128,2026-03-31 13:47,2026-03-31,296,296.5,296,296.5,510
AHPC,1min,1774944187,2026-03-31 13:48,2026-03-31,296.5,296.5,296,296,10
AHPC,1min,1774944294,2026-03-31 13:49,2026-03-31,296,296,294,294,7485
AHPC,1min,1774944343,2026-03-31 13:50,2026-03-31,294,294,293.3,293.3,500
AHPC,1min,1774944389,2026-03-31 13:51,2026-03-31,293.3,293.3,293,293,684
AHPC,1min,1774944501,2026-03-31 13:53,2026-03-31,293,294,293,293,53
AHPC,1min,1774944647,2026-03-31 13:55,2026-03-31,293,294,293,294,250
AHPC,1min,1774944702,2026-03-31 13:56,2026-03-31,294,294,292.7,292.7,1700
AHPC,1min,1774944818,2026-03-31 13:58,2026-03-31,292.7,293,292.7,293,102
AHPC,1min,1774944859,2026-03-31 13:59,2026-03-31,293,293,293,293,398
AHPC,1min,1774944991,2026-03-31 14:01,2026-03-31,293,294,293,294,70
AHPC,1min,1774945066,2026-03-31 14:02,2026-03-31,294,294,293,293,600
AHPC,1min,1774945105,2026-03-31 14:03,2026-03-31,293,294,293,294,10
AHPC,1min,1774945168,2026-03-31 14:04,2026-03-31,294,294,294,294,10
AHPC,1min,1774945244,2026-03-31 14:05,2026-03-31,294,294,294,294,20
AHPC,1min,1774945356,2026-03-31 14:07,2026-03-31,294,294,293.9,294,1270
AHPC,1min,1774945404,2026-03-31 14:08,2026-03-31,294,294,294,294,20
AHPC,1min,1774945496,2026-03-31 14:09,2026-03-31,294,295,294,295,250
AHPC,1min,1774945550,2026-03-31 14:10,2026-03-31,295,295,295,295,0
AHPC,1min,1774945586,2026-03-31 14:11,2026-03-31,295,295,295,295,350
AHPC,1min,1774945655,2026-03-31 14:12,2026-03-31,295,295.9,295,295.9,166
AHPC,1min,1774945703,2026-03-31 14:13,2026-03-31,295.9,296,295.5,295.5,3934
AHPC,1min,1774945774,2026-03-31 14:14,2026-03-31,295.5,295.5,295.1,295.1,510
AHPC,1min,1774945857,2026-03-31 14:15,2026-03-31,295.1,295.5,295.1,295.5,20
AHPC,1min,1774945879,2026-03-31 14:16,2026-03-31,295.5,295.5,295,295,950
AHPC,1min,1774945984,2026-03-31 14:18,2026-03-31,295,295.8,295,295.8,695
AHPC,1min,1774946087,2026-03-31 14:19,2026-03-31,295.8,295.8,295,295,2140
AHPC,1min,1774946150,2026-03-31 14:20,2026-03-31,295,295,294,294,1000
AHPC,1min,1774946255,2026-03-31 14:22,2026-03-31,294,295,294,294,0
AHPC,1min,1774946314,2026-03-31 14:23,2026-03-31,294,295.9,294,295.9,2959
AHPC,1min,1774946579,2026-03-31 14:27,2026-03-31,295.9,296,295.9,296,668
AHPC,1min,1774946636,2026-03-31 14:28,2026-03-31,296,296.3,296,296.3,228
AHPC,1min,1774946716,2026-03-31 14:30,2026-03-31,296.3,296.4,296.3,296.4,0
AHPC,1min,1774946808,2026-03-31 14:31,2026-03-31,296.4,296.4,296.1,296.1,1000
AHPC,1min,1774946863,2026-03-31 14:32,2026-03-31,296.1,296.5,296.1,296.5,700
AHPC,1min,1774946895,2026-03-31 14:33,2026-03-31,296.5,296.5,296.5,296.5,178
AHPC,1min,1774946992,2026-03-31 14:34,2026-03-31,296.5,296.5,296.5,296.5,364
AHPC,1min,1774947049,2026-03-31 14:35,2026-03-31,296.5,296.7,296,296,1515
AHPC,1min,1774947096,2026-03-31 14:36,2026-03-31,296,297,296,297,1100
AHPC,1min,1774947157,2026-03-31 14:37,2026-03-31,297,297,297,297,1330
AHPC,1min,1774947289,2026-03-31 14:39,2026-03-31,297,297,297,297,2400
AHPC,1min,1774947346,2026-03-31 14:40,2026-03-31,297,297.7,297,297.7,1563
AHPC,1min,1774947411,2026-03-31 14:41,2026-03-31,297.7,298,297.7,298,5143
AHPC,1min,1774947446,2026-03-31 14:42,2026-03-31,298,298.7,298,298.7,800
AHPC,1min,1774947495,2026-03-31 14:43,2026-03-31,298.7,298.8,298,298.8,200
AHPC,1min,1774947579,2026-03-31 14:44,2026-03-31,298.8,298.8,298.8,298.8,1100
AHPC,1min,1774947651,2026-03-31 14:45,2026-03-31,298.8,298.8,298.7,298.7,580
AHPC,1min,1774947708,2026-03-31 14:46,2026-03-31,298.7,298.7,298,298,1450
AHPC,1min,1774947768,2026-03-31 14:47,2026-03-31,298,298.5,298,298.5,1000
AHPC,1min,1774947804,2026-03-31 14:48,2026-03-31,298.5,298.6,298.5,298.6,870
AHPC,1min,1774947884,2026-03-31 14:49,2026-03-31,298.6,298.8,298.6,298.8,150
AHPC,1min,1774947957,2026-03-31 14:50,2026-03-31,298.8,298.9,298.8,298.9,2408
AHPC,1min,1774948018,2026-03-31 14:51,2026-03-31,298.9,298.9,298.3,298.9,1916
AHPC,1min,1774948064,2026-03-31 14:52,2026-03-31,298.9,299,298.1,298.1,6100
AHPC,1min,1774948133,2026-03-31 14:53,2026-03-31,298.1,299,298.1,299,8019
AHPC,1min,1774948187,2026-03-31 14:54,2026-03-31,299,299,299,299,4506
AHPC,1min,1774948243,2026-03-31 14:55,2026-03-31,299,299.5,299,299.4,5750
AHPC,1min,1774948312,2026-03-31 14:56,2026-03-31,299.4,299.4,298.2,299,1370
AHPC,1min,1774948379,2026-03-31 14:57,2026-03-31,299,299,298,298,4721
AHPC,1min,1774948409,2026-03-31 14:58,2026-03-31,298,299,298,298,2145
AHPC,1min,1774948499,2026-03-31 14:59,2026-03-31,298,298.5,298,298,4190
AHPC,1min,1775020553,2026-04-01 11:00,2026-04-01,298,298,294,294,15
AHPC,1min,1775020583,2026-04-01 11:01,2026-04-01,294,296,294,296,973
AHPC,1min,1775020679,2026-04-01 11:02,2026-04-01,296,296,294.1,294.1,15
AHPC,1min,1775020727,2026-04-01 11:03,2026-04-01,294.1,294.1,294.1,294.1,1776
AHPC,1min,1775020789,2026-04-01 11:04,2026-04-01,294.1,295.3,293.5,295.3,2505
AHPC,1min,1775020858,2026-04-01 11:05,2026-04-01,295.3,295.3,292.2,292.2,9950
AHPC,1min,1775020899,2026-04-01 11:06,2026-04-01,292.2,295,292.2,295,120
AHPC,1min,1775020967,2026-04-01 11:07,2026-04-01,295,295.4,295,295,1032
AHPC,1min,1775021039,2026-04-01 11:08,2026-04-01,295,295,292.9,293.1,3241
AHPC,1min,1775021093,2026-04-01 11:09,2026-04-01,293.1,294.1,293.1,294.1,1321
AHPC,1min,1775021127,2026-04-01 11:10,2026-04-01,294.1,295,294.1,295,1085
AHPC,1min,1775021214,2026-04-01 11:11,2026-04-01,295,295,294.1,294.1,2710
AHPC,1min,1775021277,2026-04-01 11:12,2026-04-01,294.1,295,294,294,294
AHPC,1min,1775021327,2026-04-01 11:13,2026-04-01,294,294.9,292.5,292.5,1901
AHPC,1min,1775021373,2026-04-01 11:14,2026-04-01,292.5,295,292.4,292.4,1367
AHPC,1min,1775021446,2026-04-01 11:15,2026-04-01,292.4,292.4,292.4,292.4,65
AHPC,1min,1775021464,2026-04-01 11:16,2026-04-01,292.4,292.4,292.2,292.2,202
AHPC,1min,1775021570,2026-04-01 11:17,2026-04-01,292.2,292.7,292.2,292.7,1000
AHPC,1min,1775021613,2026-04-01 11:18,2026-04-01,292.7,293,292.7,293,64
AHPC,1min,1775021744,2026-04-01 11:20,2026-04-01,293,293.1,293,293,1013
AHPC,1min,1775021792,2026-04-01 11:21,2026-04-01,293,293,293,293,525
AHPC,1min,1775021859,2026-04-01 11:22,2026-04-01,293,293.1,293,293.1,10
AHPC,1min,1775021987,2026-04-01 11:24,2026-04-01,293.1,294.5,293.1,294.5,85
AHPC,1min,1775022055,2026-04-01 11:25,2026-04-01,294.5,295,294.5,294.9,665
AHPC,1min,1775022106,2026-04-01 11:26,2026-04-01,294.9,294.9,294.9,294.9,23
AHPC,1min,1775022178,2026-04-01 11:27,2026-04-01,294.9,295,294,295,2040
AHPC,1min,1775022186,2026-04-01 11:28,2026-04-01,295,295,295,295,85
AHPC,1min,1775022284,2026-04-01 11:29,2026-04-01,295,295,294.9,295,1100
AHPC,1min,1775022304,2026-04-01 11:30,2026-04-01,295,295,293.1,293.1,3000
AHPC,1min,1775022404,2026-04-01 11:31,2026-04-01,293.1,295,293.1,295,1261
AHPC,1min,1775022530,2026-04-01 11:33,2026-04-01,295,295,294,294,1026
AHPC,1min,1775022592,2026-04-01 11:34,2026-04-01,294,295,294,294,2005
AHPC,1min,1775022711,2026-04-01 11:36,2026-04-01,294,294.9,294,294.9,0
AHPC,1min,1775022774,2026-04-01 11:37,2026-04-01,294.9,295,293.7,293.7,1074
AHPC,1min,1775022839,2026-04-01 11:38,2026-04-01,293.7,294,293.7,294,0
AHPC,1min,1775022894,2026-04-01 11:39,2026-04-01,294,294.9,294,294.9,526
AHPC,1min,1775022932,2026-04-01 11:40,2026-04-01,294.9,295,294,295,1095
AHPC,1min,1775023003,2026-04-01 11:41,2026-04-01,295,295,294,294,400
AHPC,1min,1775023107,2026-04-01 11:43,2026-04-01,294,295,294,295,49
AHPC,1min,1775023156,2026-04-01 11:44,2026-04-01,295,295,294,294,350
AHPC,1min,1775023255,2026-04-01 11:45,2026-04-01,294,294.5,294,294.5,200
AHPC,1min,1775023314,2026-04-01 11:46,2026-04-01,294.5,294.5,293.8,294.4,146
AHPC,1min,1775023348,2026-04-01 11:47,2026-04-01,294.4,294.4,293.5,293.5,0
AHPC,1min,1775023427,2026-04-01 11:48,2026-04-01,293.5,293.5,293.5,293.5,2015
AHPC,1min,1775023463,2026-04-01 11:49,2026-04-01,293.5,293.5,292.2,292.2,11877
AHPC,1min,1775023533,2026-04-01 11:50,2026-04-01,292.2,293.5,292.2,293.5,253
AHPC,1min,1775023598,2026-04-01 11:51,2026-04-01,293.5,293.5,293.5,293.5,247
AHPC,1min,1775023660,2026-04-01 11:52,2026-04-01,293.5,293.5,293.5,293.5,184
AHPC,1min,1775023698,2026-04-01 11:53,2026-04-01,293.5,293.5,293.5,293.5,250
AHPC,1min,1775023796,2026-04-01 11:54,2026-04-01,293.5,293.5,293,293,76
AHPC,1min,1775023826,2026-04-01 11:55,2026-04-01,293,293,292.1,292.1,2900
AHPC,1min,1775023869,2026-04-01 11:56,2026-04-01,292.1,292.1,292.1,292.1,985
AHPC,1min,1775023979,2026-04-01 11:57,2026-04-01,292.1,292.1,292,292,5509
AHPC,1min,1775024035,2026-04-01 11:58,2026-04-01,292,292,291.5,291.5,740
AHPC,1min,1775024085,2026-04-01 11:59,2026-04-01,291.5,292,291.5,292,300
AHPC,1min,1775024212,2026-04-01 12:01,2026-04-01,292,292,291.8,292,283
AHPC,1min,1775024279,2026-04-01 12:02,2026-04-01,292,292,292,292,1013
AHPC,1min,1775024369,2026-04-01 12:04,2026-04-01,292,293,292,293,30
AHPC,1min,1775024404,2026-04-01 12:05,2026-04-01,293,293,292,292,992
AHPC,1min,1775024514,2026-04-01 12:06,2026-04-01,292,292,291.8,291.8,40
AHPC,1min,1775024574,2026-04-01 12:07,2026-04-01,291.8,291.8,291.4,291.4,1033
AHPC,1min,1775024630,2026-04-01 12:08,2026-04-01,291.4,292,291,292,3600
AHPC,1min,1775024698,2026-04-01 12:09,2026-04-01,292,293,292,293,266
AHPC,1min,1775024813,2026-04-01 12:11,2026-04-01,293,293,293,293,829
AHPC,1min,1775024857,2026-04-01 12:12,2026-04-01,293,293,293,293,256
AHPC,1min,1775024969,2026-04-01 12:14,2026-04-01,293,293,293,293,1100
AHPC,1min,1775025045,2026-04-01 12:15,2026-04-01,293,294,293,293,1560
AHPC,1min,1775025104,2026-04-01 12:16,2026-04-01,293,293,293,293,40
AHPC,1min,1775025284,2026-04-01 12:19,2026-04-01,293,293.1,293,293,650
AHPC,1min,1775025337,2026-04-01 12:20,2026-04-01,293,293,292.5,292.5,403
AHPC,1min,1775025402,2026-04-01 12:21,2026-04-01,292.5,292.5,292.5,292.5,45
AHPC,1min,1775025454,2026-04-01 12:22,2026-04-01,292.5,292.5,292.5,292.5,75
AHPC,1min,1775025587,2026-04-01 12:24,2026-04-01,292.5,293.9,292.4,292.4,1378
AHPC,1min,1775025808,2026-04-01 12:28,2026-04-01,292.4,293,292.4,293,70
AHPC,1min,1775025869,2026-04-01 12:29,2026-04-01,293,293,292,292,2204
AHPC,1min,1775025933,2026-04-01 12:30,2026-04-01,292,293,292,292,5238
AHPC,1min,1775026062,2026-04-01 12:32,2026-04-01,292,292,291.3,291.3,1606
AHPC,1min,1775026126,2026-04-01 12:33,2026-04-01,291.3,292,291.2,291.2,1543
AHPC,1min,1775026197,2026-04-01 12:34,2026-04-01,291.2,292,291.2,291.2,34
AHPC,1min,1775026369,2026-04-01 12:37,2026-04-01,291.2,291.2,291.2,291.2,200
AHPC,1min,1775026425,2026-04-01 12:38,2026-04-01,291.2,291.2,291.1,291.1,924
AHPC,1min,1775026441,2026-04-01 12:39,2026-04-01,291.1,291.1,291.1,291.1,45
AHPC,1min,1775026550,2026-04-01 12:40,2026-04-01,291.1,291.2,291.1,291.2,857
AHPC,1min,1775026610,2026-04-01 12:41,2026-04-01,291.2,292,291.2,291.3,193
AHPC,1min,1775026646,2026-04-01 12:42,2026-04-01,291.3,292,291.3,292,694
AHPC,1min,1775026685,2026-04-01 12:43,2026-04-01,292,292,292,292,343
AHPC,1min,1775026855,2026-04-01 12:45,2026-04-01,292,292.8,292,292.8,0
AHPC,1min,1775026879,2026-04-01 12:46,2026-04-01,292.8,292.9,292.6,292.6,0
AHPC,1min,1775026942,2026-04-01 12:47,2026-04-01,292.6,292.6,292,292,428
AHPC,1min,1775027027,2026-04-01 12:48,2026-04-01,292,292,292,292,1023
AHPC,1min,1775027083,2026-04-01 12:49,2026-04-01,292,292.6,292,292.6,744
AHPC,1min,1775027157,2026-04-01 12:50,2026-04-01,292.6,292.9,292.6,292.9,74
AHPC,1min,1775027242,2026-04-01 12:52,2026-04-01,292.9,292.9,292,292,436
AHPC,1min,1775027303,2026-04-01 12:53,2026-04-01,292,292,292,292,50
AHPC,1min,1775027436,2026-04-01 12:55,2026-04-01,292,292,292,292,30
AHPC,1min,1775027495,2026-04-01 12:56,2026-04-01,292,292,292,292,540
AHPC,1min,1775027593,2026-04-01 12:58,2026-04-01,292,293,292,293,14
AHPC,1min,1775027693,2026-04-01 12:59,2026-04-01,293,293,291.7,291.7,291
AHPC,1min,1775027701,2026-04-01 13:00,2026-04-01,291.7,293,291.7,293,315
AHPC,1min,1775027802,2026-04-01 13:01,2026-04-01,293,293,292,292,25
AHPC,1min,1775027859,2026-04-01 13:02,2026-04-01,292,292,292,292,720
AHPC,1min,1775027938,2026-04-01 13:03,2026-04-01,292,292,291.6,291.6,217
AHPC,1min,1775027979,2026-04-01 13:04,2026-04-01,291.6,292,291.5,292,1800
AHPC,1min,1775028001,2026-04-01 13:05,2026-04-01,292,292,292,292,310
AHPC,1min,1775028110,2026-04-01 13:06,2026-04-01,292,292,292,292,225
AHPC,1min,1775028163,2026-04-01 13:07,2026-04-01,292,292,292,292,65
AHPC,1min,1775028234,2026-04-01 13:08,2026-04-01,292,292,291.1,291.1,4983
AHPC,1min,1775028257,2026-04-01 13:09,2026-04-01,291.1,291.2,291.1,291.2,1500
AHPC,1min,1775028343,2026-04-01 13:10,2026-04-01,291.2,291.2,291.2,291.2,1500
AHPC,1min,1775028418,2026-04-01 13:11,2026-04-01,291.2,291.2,290.3,290.3,7399
AHPC,1min,1775028585,2026-04-01 13:14,2026-04-01,290.3,290.3,290.3,290.3,16
AHPC,1min,1775028694,2026-04-01 13:16,2026-04-01,290.3,291,290.3,291,1290
AHPC,1min,1775028757,2026-04-01 13:17,2026-04-01,291,291,290.5,290.5,0
AHPC,1min,1775028790,2026-04-01 13:18,2026-04-01,290.5,291,290.5,291,2174
AHPC,1min,1775028891,2026-04-01 13:19,2026-04-01,291,291,290.1,290.1,5900
AHPC,1min,1775028925,2026-04-01 13:20,2026-04-01,290.1,290.1,290.1,290.1,2600
AHPC,1min,1775028960,2026-04-01 13:21,2026-04-01,290.1,291,290.1,291,100
AHPC,1min,1775029064,2026-04-01 13:22,2026-04-01,291,291,290.3,290.3,10
AHPC,1min,1775029175,2026-04-01 13:24,2026-04-01,290.3,290.3,290.3,290.3,440
AHPC,1min,1775029245,2026-04-01 13:25,2026-04-01,290.3,290.4,290.3,290.4,823
AHPC,1min,1775029289,2026-04-01 13:26,2026-04-01,290.4,290.4,290.1,290.1,0
AHPC,1min,1775029343,2026-04-01 13:27,2026-04-01,290.1,290.4,290.1,290.4,3685
AHPC,1min,1775029418,2026-04-01 13:28,2026-04-01,290.4,291,290.2,291,3613
AHPC,1min,1775029490,2026-04-01 13:29,2026-04-01,291,291,290.2,291,258
AHPC,1min,1775029523,2026-04-01 13:30,2026-04-01,291,291.2,291,291,162
AHPC,1min,1775029584,2026-04-01 13:31,2026-04-01,291,291,291,291,200
AHPC,1min,1775029644,2026-04-01 13:32,2026-04-01,291,291.2,291,291.2,10
AHPC,1min,1775029708,2026-04-01 13:33,2026-04-01,291.2,291.2,291.2,291.2,985
AHPC,1min,1775029866,2026-04-01 13:36,2026-04-01,291.2,292,291.2,292,80
AHPC,1min,1775029954,2026-04-01 13:37,2026-04-01,292,292,292,292,40
AHPC,1min,1775030010,2026-04-01 13:38,2026-04-01,292,292,291,291,0
AHPC,1min,1775030094,2026-04-01 13:39,2026-04-01,291,291,290.4,290.4,680
AHPC,1min,1775030126,2026-04-01 13:40,2026-04-01,290.4,290.4,290.4,290.4,16
AHPC,1min,1775030160,2026-04-01 13:41,2026-04-01,290.4,290.4,290.4,290.4,25
AHPC,1min,1775030246,2026-04-01 13:42,2026-04-01,290.4,291,290.2,291,2590
AHPC,1min,1775030329,2026-04-01 13:43,2026-04-01,291,291,290.1,290.1,4090
AHPC,1min,1775030458,2026-04-01 13:45,2026-04-01,290.1,290.1,290,290,6269
AHPC,1min,1775030515,2026-04-01 13:46,2026-04-01,290,290.1,290,290.1,451
AHPC,1min,1775030576,2026-04-01 13:47,2026-04-01,290.1,290.2,290,290,15010
AHPC,1min,1775030601,2026-04-01 13:48,2026-04-01,290,290,290,290,1020
AHPC,1min,1775030695,2026-04-01 13:49,2026-04-01,290,290,290,290,100
AHPC,1min,1775030788,2026-04-01 13:51,2026-04-01,290,290,288.3,288.3,9585
AHPC,1min,1775030864,2026-04-01 13:52,2026-04-01,288.3,290,288.3,290,1100
AHPC,1min,1775030991,2026-04-01 13:54,2026-04-01,290,290,288,288,5055
AHPC,1min,1775031048,2026-04-01 13:55,2026-04-01,288,288.1,288,288.1,600
AHPC,1min,1775031117,2026-04-01 13:56,2026-04-01,288.1,288.1,288,288,1968
AHPC,1min,1775031178,2026-04-01 13:57,2026-04-01,288,289.8,288,289.8,3710
AHPC,1min,1775031217,2026-04-01 13:58,2026-04-01,289.8,289.8,288.2,288.2,70
AHPC,1min,1775031283,2026-04-01 13:59,2026-04-01,288.2,288.2,288.1,288.1,2594
AHPC,1min,1775031358,2026-04-01 14:00,2026-04-01,288.1,288.2,288.1,288.1,1761
AHPC,1min,1775031414,2026-04-01 14:01,2026-04-01,288.1,288.2,288.1,288.2,2980
AHPC,1min,1775031454,2026-04-01 14:02,2026-04-01,288.2,288.2,288,288,2119
AHPC,1min,1775031568,2026-04-01 14:04,2026-04-01,288,288.2,288,288.2,450
AHPC,1min,1775031645,2026-04-01 14:05,2026-04-01,288.2,288.2,288,288,1069
AHPC,1min,1775031702,2026-04-01 14:06,2026-04-01,288,288,288,288,855
AHPC,1min,1775031777,2026-04-01 14:07,2026-04-01,288,288,287.8,288,36
AHPC,1min,1775031824,2026-04-01 14:08,2026-04-01,288,288,287,287.5,10303
AHPC,1min,1775031878,2026-04-01 14:09,2026-04-01,287.5,287.5,287.5,287.5,860
AHPC,1min,1775031954,2026-04-01 14:10,2026-04-01,287.5,287.5,287.1,287.5,1262
AHPC,1min,1775031981,2026-04-01 14:11,2026-04-01,287.5,287.5,287,287,959
AHPC,1min,1775032039,2026-04-01 14:12,2026-04-01,287,287.7,287,287.7,100
AHPC,1min,1775032130,2026-04-01 14:13,2026-04-01,287.7,287.7,287,287.5,1630
AHPC,1min,1775032187,2026-04-01 14:14,2026-04-01,287.5,287.5,287,287,8365
AHPC,1min,1775032239,2026-04-01 14:15,2026-04-01,287,287,287,287,1871
AHPC,1min,1775032308,2026-04-01 14:16,2026-04-01,287,287,287,287,4327
AHPC,1min,1775032370,2026-04-01 14:17,2026-04-01,287,287,286.6,286.6,395
AHPC,1min,1775032406,2026-04-01 14:18,2026-04-01,286.6,286.6,286.6,286.6,0
AHPC,1min,1775032485,2026-04-01 14:19,2026-04-01,286.6,286.6,286,286,8078
AHPC,1min,1775032532,2026-04-01 14:20,2026-04-01,286,286,286,286,8932
AHPC,1min,1775032611,2026-04-01 14:21,2026-04-01,286,286.5,285.3,285.3,10480
AHPC,1min,1775032675,2026-04-01 14:22,2026-04-01,285.3,285.3,285.2,285.3,3819
AHPC,1min,1775032734,2026-04-01 14:23,2026-04-01,285.3,285.3,285,285,10912
AHPC,1min,1775032789,2026-04-01 14:24,2026-04-01,285,285.1,285,285.1,1407
AHPC,1min,1775032857,2026-04-01 14:25,2026-04-01,285.1,285.1,285,285.1,947
AHPC,1min,1775032916,2026-04-01 14:26,2026-04-01,285.1,285.1,285,285,3012
AHPC,1min,1775032942,2026-04-01 14:27,2026-04-01,285,286,285,286,200
AHPC,1min,1775033033,2026-04-01 14:28,2026-04-01,286,286,285.1,285.2,2247
AHPC,1min,1775033098,2026-04-01 14:29,2026-04-01,285.2,285.2,285,285,4676
AHPC,1min,1775033141,2026-04-01 14:30,2026-04-01,285,285,284.6,284.6,5251
AHPC,1min,1775033210,2026-04-01 14:31,2026-04-01,284.6,284.6,284,284,4044
AHPC,1min,1775033278,2026-04-01 14:32,2026-04-01,284,285,284,285,5204
AHPC,1min,1775033317,2026-04-01 14:33,2026-04-01,285,285.2,285,285,5500
AHPC,1min,1775033393,2026-04-01 14:34,2026-04-01,285,285,284.2,284.2,7078
AHPC,1min,1775033450,2026-04-01 14:35,2026-04-01,284.2,286,284.2,285,3765
AHPC,1min,1775033497,2026-04-01 14:36,2026-04-01,285,288,284.2,285.2,11569
AHPC,1min,1775033577,2026-04-01 14:37,2026-04-01,285.2,290,285.2,290,4389
AHPC,1min,1775033612,2026-04-01 14:38,2026-04-01,290,290,290,290,315
AHPC,1min,1775033684,2026-04-01 14:39,2026-04-01,290,291,289.9,291,9200
AHPC,1min,1775033706,2026-04-01 14:40,2026-04-01,291,291,291,291,550
AHPC,1min,1775033818,2026-04-01 14:41,2026-04-01,291,291,289.5,290,5550
AHPC,1min,1775033876,2026-04-01 14:42,2026-04-01,290,291,290,290,2873
AHPC,1min,1775033921,2026-04-01 14:43,2026-04-01,290,290,289.9,290,3445
AHPC,1min,1775033988,2026-04-01 14:44,2026-04-01,290,291,289.9,289.9,6221
AHPC,1min,1775034056,2026-04-01 14:45,2026-04-01,289.9,290,289.5,289.5,1274
AHPC,1min,1775034112,2026-04-01 14:46,2026-04-01,289.5,290,289.5,290,3000
AHPC,1min,1775034145,2026-04-01 14:47,2026-04-01,290,291,290,291,240
AHPC,1min,1775034227,2026-04-01 14:48,2026-04-01,291,291,289,291,3302
AHPC,1min,1775034297,2026-04-01 14:49,2026-04-01,291,291,288.6,288.6,10
AHPC,1min,1775034359,2026-04-01 14:50,2026-04-01,288.6,288.6,286,286,5005
AHPC,1min,1775034382,2026-04-01 14:51,2026-04-01,286,288,286,288,1135
AHPC,1min,1775034479,2026-04-01 14:52,2026-04-01,288,288,285,285,2830
AHPC,1min,1775034527,2026-04-01 14:53,2026-04-01,285,285.1,285,285,1885
AHPC,1min,1775034599,2026-04-01 14:54,2026-04-01,285,287,285,287,997
AHPC,1min,1775034652,2026-04-01 14:55,2026-04-01,287,287,285.1,286.9,234
AHPC,1min,1775034705,2026-04-01 14:56,2026-04-01,286.9,286.9,285.1,285.1,2126
AHPC,1min,1775034763,2026-04-01 14:57,2026-04-01,285.1,285.1,285,285,9026
AHPC,1min,1775034833,2026-04-01 14:58,2026-04-01,285,285,284.9,284.9,4495
AHPC,1min,1775034899,2026-04-01 14:59,2026-04-01,284.9,285,284.4,285,5786
AHPC,1min,1775106944,2026-04-02 11:00,2026-04-02,285,285,283,283,2014
AHPC,1min,1775106974,2026-04-02 11:01,2026-04-02,283,283,280,280,14800
AHPC,1min,1775107077,2026-04-02 11:02,2026-04-02,280,280.1,280,280.1,1285
AHPC,1min,1775107131,2026-04-02 11:03,2026-04-02,280.1,282,280.1,281.1,365
AHPC,1min,1775107174,2026-04-02 11:04,2026-04-02,281.1,282,281,282,2337
AHPC,1min,1775107257,2026-04-02 11:05,2026-04-02,282,283,280.4,280.4,856
AHPC,1min,1775107315,2026-04-02 11:06,2026-04-02,280.4,281.9,280.3,280.4,2150
AHPC,1min,1775107379,2026-04-02 11:07,2026-04-02,280.4,281.7,280.4,281,866
AHPC,1min,1775107417,2026-04-02 11:08,2026-04-02,281,281.7,281,281.7,799
AHPC,1min,1775107494,2026-04-02 11:09,2026-04-02,281.7,281.7,281,281.1,3330
AHPC,1min,1775107559,2026-04-02 11:10,2026-04-02,281.1,281.1,280.6,281,3780
AHPC,1min,1775107611,2026-04-02 11:11,2026-04-02,281,281.1,281,281.1,3541
AHPC,1min,1775107663,2026-04-02 11:12,2026-04-02,281.1,281.4,281.1,281.4,1730
AHPC,1min,1775107733,2026-04-02 11:13,2026-04-02,281.4,281.4,281.2,281.4,567
AHPC,1min,1775107793,2026-04-02 11:14,2026-04-02,281.4,282,281.4,282,5413
AHPC,1min,1775107829,2026-04-02 11:15,2026-04-02,282,282,281.1,281.1,1324
AHPC,1min,1775107916,2026-04-02 11:16,2026-04-02,281.1,282,281.1,282,1752
AHPC,1min,1775107956,2026-04-02 11:17,2026-04-02,282,282,282,282,310
AHPC,1min,1775108028,2026-04-02 11:18,2026-04-02,282,284,282,283,665
AHPC,1min,1775108052,2026-04-02 11:19,2026-04-02,283,283,283,283,15
AHPC,1min,1775108150,2026-04-02 11:20,2026-04-02,283,284.7,283,284.7,1500
AHPC,1min,1775108203,2026-04-02 11:21,2026-04-02,284.7,285.6,284.7,285.6,2069
AHPC,1min,1775108266,2026-04-02 11:22,2026-04-02,285.6,286,285.6,285.6,10076
AHPC,1min,1775108337,2026-04-02 11:23,2026-04-02,285.6,286,285.6,286,233
AHPC,1min,1775108399,2026-04-02 11:24,2026-04-02,286,287,286,287,3410
AHPC,1min,1775108440,2026-04-02 11:25,2026-04-02,287,288,287,288,1029
AHPC,1min,1775108514,2026-04-02 11:26,2026-04-02,288,288,286.2,287,1855
AHPC,1min,1775108627,2026-04-02 11:28,2026-04-02,287,287.9,287,287.9,880
AHPC,1min,1775108697,2026-04-02 11:29,2026-04-02,287.9,287.9,286.5,286.5,1085
AHPC,1min,1775108758,2026-04-02 11:30,2026-04-02,286.5,288,286.5,288,1115
AHPC,1min,1775108818,2026-04-02 11:31,2026-04-02,288,288.9,287,287,5750
AHPC,1min,1775108876,2026-04-02 11:32,2026-04-02,287,287,285,285,9809
AHPC,1min,1775108921,2026-04-02 11:33,2026-04-02,285,285,283.1,285,1314
AHPC,1min,1775108996,2026-04-02 11:34,2026-04-02,285,285,283,283,5172
AHPC,1min,1775109037,2026-04-02 11:35,2026-04-02,283,283,282.1,282.1,7677
AHPC,1min,1775109101,2026-04-02 11:36,2026-04-02,282.1,282.1,281,281,14675
AHPC,1min,1775109167,2026-04-02 11:37,2026-04-02,281,282,280.4,280.7,5148
AHPC,1min,1775109225,2026-04-02 11:38,2026-04-02,280.7,281.2,280.7,280.7,100
AHPC,1min,1775109278,2026-04-02 11:39,2026-04-02,280.7,281,280.7,281,1180
AHPC,1min,1775109331,2026-04-02 11:40,2026-04-02,281,282,281,282,1051
AHPC,1min,1775109416,2026-04-02 11:41,2026-04-02,282,283,282,283,1281
AHPC,1min,1775109460,2026-04-02 11:42,2026-04-02,283,283,283,283,554
AHPC,1min,1775109502,2026-04-02 11:43,2026-04-02,283,284,283,284,100
AHPC,1min,1775109654,2026-04-02 11:45,2026-04-02,284,284,283.1,284,742
AHPC,1min,1775109705,2026-04-02 11:46,2026-04-02,284,284.9,284,284.9,373
AHPC,1min,1775109748,2026-04-02 11:47,2026-04-02,284.9,285,284.9,285,565
AHPC,1min,1775109800,2026-04-02 11:48,2026-04-02,285,285.9,285,285.9,846
AHPC,1min,1775109896,2026-04-02 11:49,2026-04-02,285.9,286,285.9,286,663
AHPC,1min,1775109955,2026-04-02 11:50,2026-04-02,286,286.6,286,286.6,557
AHPC,1min,1775109962,2026-04-02 11:51,2026-04-02,286.6,286.6,286,286,400
AHPC,1min,1775110067,2026-04-02 11:52,2026-04-02,286,286,286,286,500
AHPC,1min,1775110111,2026-04-02 11:53,2026-04-02,286,286,286,286,217
AHPC,1min,1775110190,2026-04-02 11:54,2026-04-02,286,286.8,286,286.6,71
AHPC,1min,1775110311,2026-04-02 11:56,2026-04-02,286.6,286.6,285.5,285.5,3090
AHPC,1min,1775110362,2026-04-02 11:57,2026-04-02,285.5,285.5,285,285,4932
AHPC,1min,1775110413,2026-04-02 11:58,2026-04-02,285,285,284.2,284.2,5971
AHPC,1min,1775110487,2026-04-02 11:59,2026-04-02,284.2,285.5,284.2,285.5,110
AHPC,1min,1775110544,2026-04-02 12:00,2026-04-02,285.5,285.5,285.5,285.5,1760
AHPC,1min,1775110605,2026-04-02 12:01,2026-04-02,285.5,286.8,285.5,286.8,1062
AHPC,1min,1775110645,2026-04-02 12:02,2026-04-02,286.8,286.8,286.8,286.8,23
AHPC,1min,1775110712,2026-04-02 12:03,2026-04-02,286.8,286.8,285,285,2520
AHPC,1min,1775111096,2026-04-02 12:09,2026-04-02,285,285,285,285,9333
AHPC,1min,1775111212,2026-04-02 12:11,2026-04-02,285,285.5,285,285.5,0
AHPC,1min,1775111249,2026-04-02 12:12,2026-04-02,285.5,285.9,285.5,285.9,1410
AHPC,1min,1775111333,2026-04-02 12:13,2026-04-02,285.9,286,285.9,286,288
AHPC,1min,1775111451,2026-04-02 12:15,2026-04-02,286,286.8,286,286.8,2043
AHPC,1min,1775111493,2026-04-02 12:16,2026-04-02,286.8,286.8,286.8,286.8,155
AHPC,1min,1775111528,2026-04-02 12:17,2026-04-02,286.8,286.9,286.8,286.9,13
AHPC,1min,1775111623,2026-04-02 12:18,2026-04-02,286.9,286.9,286.9,286.9,0
AHPC,1min,1775111680,2026-04-02 12:19,2026-04-02,286.9,286.9,286.9,286.9,450
AHPC,1min,1775111812,2026-04-02 12:21,2026-04-02,286.9,286.9,286.1,286.9,790
AHPC,1min,1775111874,2026-04-02 12:22,2026-04-02,286.9,286.9,286.2,286.2,45
AHPC,1min,1775111928,2026-04-02 12:23,2026-04-02,286.2,288.1,286.2,288.1,600
AHPC,1min,1775111980,2026-04-02 12:24,2026-04-02,288.1,288.8,288.1,288.8,1300
AHPC,1min,1775112057,2026-04-02 12:25,2026-04-02,288.8,288.8,288,288,340
AHPC,1min,1775112167,2026-04-02 12:27,2026-04-02,288,288,287.6,288,905
AHPC,1min,1775112238,2026-04-02 12:28,2026-04-02,288,289,288,289,4134
AHPC,1min,1775112282,2026-04-02 12:29,2026-04-02,289,289.1,289,289.1,130
AHPC,1min,1775112415,2026-04-02 12:31,2026-04-02,289.1,290,289.1,290,12900
AHPC,1min,1775112471,2026-04-02 12:32,2026-04-02,290,290,289,289,1650
AHPC,1min,1775112512,2026-04-02 12:33,2026-04-02,289,289,289,289,155
AHPC,1min,1775112598,2026-04-02 12:34,2026-04-02,289,289.1,289,289,30
AHPC,1min,1775112646,2026-04-02 12:35,2026-04-02,289,289,288,288,320
AHPC,1min,1775112673,2026-04-02 12:36,2026-04-02,288,288,288,288,15
AHPC,1min,1775112748,2026-04-02 12:37,2026-04-02,288,288,288,288,18
AHPC,1min,1775112804,2026-04-02 12:38,2026-04-02,288,288,288,288,117
AHPC,1min,1775112943,2026-04-02 12:40,2026-04-02,288,289,287,289,27
AHPC,1min,1775113012,2026-04-02 12:41,2026-04-02,289,289,289,289,6275
AHPC,1min,1775113123,2026-04-02 12:43,2026-04-02,289,289,287.1,287.1,120
AHPC,1min,1775113163,2026-04-02 12:44,2026-04-02,287.1,288,287.1,288,621
AHPC,1min,1775113243,2026-04-02 12:45,2026-04-02,288,288,287.2,288,688
AHPC,1min,1775113356,2026-04-02 12:47,2026-04-02,288,289,288,289,1335
AHPC,1min,1775113431,2026-04-02 12:48,2026-04-02,289,289.9,289,289.9,17479
AHPC,1min,1775113460,2026-04-02 12:49,2026-04-02,289.9,289.9,289.9,289.9,0
AHPC,1min,1775113617,2026-04-02 12:51,2026-04-02,289.9,289.9,289,289,1176
AHPC,1min,1775113670,2026-04-02 12:52,2026-04-02,289,290,289,290,9667
AHPC,1min,1775113738,2026-04-02 12:53,2026-04-02,290,290.5,290,290.5,69
AHPC,1min,1775113792,2026-04-02 12:54,2026-04-02,290.5,290.7,290.5,290.7,981
AHPC,1min,1775113828,2026-04-02 12:55,2026-04-02,290.7,290.7,290.5,290.5,100
AHPC,1min,1775113903,2026-04-02 12:56,2026-04-02,290.5,290.7,290.5,290.7,1720
AHPC,1min,1775113933,2026-04-02 12:57,2026-04-02,290.7,290.7,290.5,290.5,10
AHPC,1min,1775114014,2026-04-02 12:58,2026-04-02,290.5,290.5,290.5,290.5,42
AHPC,1min,1775114099,2026-04-02 12:59,2026-04-02,290.5,290.6,290.5,290.6,2710
AHPC,1min,1775114141,2026-04-02 13:00,2026-04-02,290.6,290.6,290.1,290.1,682
AHPC,1min,1775114192,2026-04-02 13:01,2026-04-02,290.1,290.1,290.1,290.1,82
AHPC,1min,1775114227,2026-04-02 13:02,2026-04-02,290.1,290.1,290,290,2000
AHPC,1min,1775114316,2026-04-02 13:03,2026-04-02,290,290.7,290,290.7,2175
AHPC,1min,1775114395,2026-04-02 13:04,2026-04-02,290.7,291,290,290,4140
AHPC,1min,1775114432,2026-04-02 13:05,2026-04-02,290,290,288.1,288.1,1000
AHPC,1min,1775114554,2026-04-02 13:07,2026-04-02,288.1,290.9,288.1,290.9,200
AHPC,1min,1775114636,2026-04-02 13:08,2026-04-02,290.9,290.9,290.3,290.3,625
AHPC,1min,1775114689,2026-04-02 13:09,2026-04-02,290.3,290.3,290.3,290.3,168
AHPC,1min,1775114756,2026-04-02 13:10,2026-04-02,290.3,290.3,290,290,140
AHPC,1min,1775114804,2026-04-02 13:11,2026-04-02,290,290,289,290,15
AHPC,1min,1775114864,2026-04-02 13:12,2026-04-02,290,290,288.3,288.3,925
AHPC,1min,1775114901,2026-04-02 13:13,2026-04-02,288.3,289,288.3,288.3,4580
AHPC,1min,1775114986,2026-04-02 13:14,2026-04-02,288.3,288.3,288.1,288.1,140
AHPC,1min,1775115039,2026-04-02 13:15,2026-04-02,288.1,288.1,288,288,490
AHPC,1min,1775115098,2026-04-02 13:16,2026-04-02,288,288,288,288,1320
AHPC,1min,1775115148,2026-04-02 13:17,2026-04-02,288,288.1,288,288.1,100
AHPC,1min,1775115226,2026-04-02 13:18,2026-04-02,288.1,288.1,288,288,4120
AHPC,1min,1775115265,2026-04-02 13:19,2026-04-02,288,288,288,288,900
AHPC,1min,1775115335,2026-04-02 13:20,2026-04-02,288,288,287.5,287.5,80
AHPC,1min,1775115376,2026-04-02 13:21,2026-04-02,287.5,287.6,287.5,287.6,1300
AHPC,1min,1775115475,2026-04-02 13:22,2026-04-02,287.6,288.1,287.6,288.1,1820
AHPC,1min,1775115538,2026-04-02 13:23,2026-04-02,288.1,289,288.1,289,2030
AHPC,1min,1775115583,2026-04-02 13:24,2026-04-02,289,289,289,289,809
AHPC,1min,1775115630,2026-04-02 13:25,2026-04-02,289,289.9,288.7,288.7,20741
AHPC,1min,1775115741,2026-04-02 13:27,2026-04-02,288.7,289.8,288.7,289.8,38
AHPC,1min,1775115821,2026-04-02 13:28,2026-04-02,289.8,290,289.8,290,300
AHPC,1min,1775115890,2026-04-02 13:29,2026-04-02,290,290,289.8,289.8,93
AHPC,1min,1775115901,2026-04-02 13:30,2026-04-02,289.8,289.8,289.8,289.8,133
AHPC,1min,1775116018,2026-04-02 13:31,2026-04-02,289.8,290.9,289.8,290,11687
AHPC,1min,1775116056,2026-04-02 13:32,2026-04-02,290,290,290,290,0
AHPC,1min,1775116111,2026-04-02 13:33,2026-04-02,290,290.9,290,290,1074
AHPC,1min,1775116153,2026-04-02 13:34,2026-04-02,290,291,290,291,5000
AHPC,1min,1775116229,2026-04-02 13:35,2026-04-02,291,291,291,291,10
AHPC,1min,1775116311,2026-04-02 13:36,2026-04-02,291,291,291,291,1000
AHPC,1min,1775116331,2026-04-02 13:37,2026-04-02,291,292,291,292,17949
AHPC,1min,1775116553,2026-04-02 13:40,2026-04-02,292,292,290.1,292,3180
AHPC,1min,1775116605,2026-04-02 13:41,2026-04-02,292,292,292,292,2000
AHPC,1min,1775116673,2026-04-02 13:42,2026-04-02,292,292,290.1,290.1,100
AHPC,1min,1775116715,2026-04-02 13:43,2026-04-02,290.1,292,290.1,292,570
AHPC,1min,1775116777,2026-04-02 13:44,2026-04-02,292,292,291.9,291.9,778
AHPC,1min,1775116857,2026-04-02 13:45,2026-04-02,291.9,291.9,289,289,7938
AHPC,1min,1775116972,2026-04-02 13:47,2026-04-02,289,290,289,290,2000
AHPC,1min,1775117012,2026-04-02 13:48,2026-04-02,290,290,290,290,0
AHPC,1min,1775117063,2026-04-02 13:49,2026-04-02,290,290,289.5,289.5,920
AHPC,1min,1775117162,2026-04-02 13:51,2026-04-02,289.5,289.5,288.7,288.7,4100
AHPC,1min,1775117255,2026-04-02 13:52,2026-04-02,288.7,288.8,288.7,288.7,194
AHPC,1min,1775117333,2026-04-02 13:53,2026-04-02,288.7,289.9,288.7,289.9,282
AHPC,1min,1775117398,2026-04-02 13:54,2026-04-02,289.9,289.9,288.7,288.7,202
AHPC,1min,1775117449,2026-04-02 13:55,2026-04-02,288.7,289,288.7,289,1225
AHPC,1min,1775117476,2026-04-02 13:56,2026-04-02,289,289,288.7,288.7,0
AHPC,1min,1775117565,2026-04-02 13:57,2026-04-02,288.7,288.7,288,288,1395
AHPC,1min,1775117769,2026-04-02 14:01,2026-04-02,288,288,288,288,50
AHPC,1min,1775117865,2026-04-02 14:02,2026-04-02,288,288,288,288,150
AHPC,1min,1775117931,2026-04-02 14:03,2026-04-02,288,288,288,288,47
AHPC,1min,1775117966,2026-04-02 14:04,2026-04-02,288,288,288,288,0
AHPC,1min,1775118035,2026-04-02 14:05,2026-04-02,288,288,288,288,300
AHPC,1min,1775118114,2026-04-02 14:06,2026-04-02,288,288,287.2,288,1205
AHPC,1min,1775118175,2026-04-02 14:07,2026-04-02,288,288,287.1,287.1,294
AHPC,1min,1775118216,2026-04-02 14:08,2026-04-02,287.1,288,287.1,287.1,500
AHPC,1min,1775118296,2026-04-02 14:09,2026-04-02,287.1,287.1,287,287,4120
AHPC,1min,1775118310,2026-04-02 14:10,2026-04-02,287,287,287,287,71
AHPC,1min,1775118399,2026-04-02 14:11,2026-04-02,287,287,286.9,287,54
AHPC,1min,1775118476,2026-04-02 14:12,2026-04-02,287,287,286.5,286.5,76
AHPC,1min,1775118512,2026-04-02 14:13,2026-04-02,286.5,286.5,286,286,360
AHPC,1min,1775118586,2026-04-02 14:14,2026-04-02,286,286.5,286,286.1,430
AHPC,1min,1775118632,2026-04-02 14:15,2026-04-02,286.1,286.1,286,286,500
AHPC,1min,1775118698,2026-04-02 14:16,2026-04-02,286,286.5,286,286,1491
AHPC,1min,1775118770,2026-04-02 14:17,2026-04-02,286,286,286,286,1000
AHPC,1min,1775118783,2026-04-02 14:18,2026-04-02,286,286,285.3,285.3,3000
AHPC,1min,1775118897,2026-04-02 14:19,2026-04-02,285.3,286.5,285.1,286.5,2689
AHPC,1min,1775119049,2026-04-02 14:22,2026-04-02,286.5,286.9,286.5,286.9,10
AHPC,1min,1775119139,2026-04-02 14:23,2026-04-02,286.9,287,286,287,2653
AHPC,1min,1775119142,2026-04-02 14:24,2026-04-02,287,287,286,286,1000
AHPC,1min,1775119234,2026-04-02 14:25,2026-04-02,286,287,286,287,50
AHPC,1min,1775119287,2026-04-02 14:26,2026-04-02,287,289.8,287,289.8,1000
AHPC,1min,1775119378,2026-04-02 14:27,2026-04-02,289.8,289.8,288.1,288.1,500
AHPC,1min,1775119471,2026-04-02 14:29,2026-04-02,288.1,288.1,288,288,255
AHPC,1min,1775119524,2026-04-02 14:30,2026-04-02,288,289,288,289,31
AHPC,1min,1775119593,2026-04-02 14:31,2026-04-02,289,289,289,289,100
AHPC,1min,1775119670,2026-04-02 14:32,2026-04-02,289,289,288.5,288.5,22
AHPC,1min,1775119732,2026-04-02 14:33,2026-04-02,288.5,289,288.5,289,100
AHPC,1min,1775119845,2026-04-02 14:35,2026-04-02,289,289,289,289,1220
AHPC,1min,1775119949,2026-04-02 14:37,2026-04-02,289,289,288,288,494
AHPC,1min,1775120037,2026-04-02 14:38,2026-04-02,288,289,288,289,800
AHPC,1min,1775120089,2026-04-02 14:39,2026-04-02,289,289,287,287,14295
AHPC,1min,1775120214,2026-04-02 14:41,2026-04-02,287,287.2,286.4,286.4,772
AHPC,1min,1775120342,2026-04-02 14:44,2026-04-02,286.4,286.4,286.3,286.3,3000
AHPC,1min,1775120442,2026-04-02 14:45,2026-04-02,286.3,286.3,286.3,286.3,1071
AHPC,1min,1775120497,2026-04-02 14:46,2026-04-02,286.3,286.3,286.3,286.3,600
AHPC,1min,1775120575,2026-04-02 14:47,2026-04-02,286.3,286.3,286.3,286.3,4103
AHPC,1min,1775120611,2026-04-02 14:48,2026-04-02,286.3,286.3,286,286,2185
AHPC,1min,1775120690,2026-04-02 14:49,2026-04-02,286,286,285.1,285.1,22
AHPC,1min,1775120748,2026-04-02 14:50,2026-04-02,285.1,286,285.1,285.2,525
AHPC,1min,1775120771,2026-04-02 14:51,2026-04-02,285.2,285.2,285.2,285.2,138
AHPC,1min,1775120877,2026-04-02 14:52,2026-04-02,285.2,285.5,285.2,285.5,1600
AHPC,1min,1775120925,2026-04-02 14:53,2026-04-02,285.5,285.5,285.4,285.4,823
AHPC,1min,1775120994,2026-04-02 14:54,2026-04-02,285.4,285.5,285.3,285.3,3776
AHPC,1min,1775121032,2026-04-02 14:55,2026-04-02,285.3,285.3,285.1,285.1,7287
AHPC,1min,1775121111,2026-04-02 14:56,2026-04-02,285.1,285.1,284,284,4965
AHPC,1min,1775121178,2026-04-02 14:57,2026-04-02,284,284.2,284,284.2,4518
AHPC,1min,1775121230,2026-04-02 14:58,2026-04-02,284.2,285,284.2,285,1255
AHPC,1min,1775121299,2026-04-02 14:59,2026-04-02,285,285.1,285,285.1,4302
AHPC,1min,1775366150,2026-04-05 11:00,2026-04-05,280.2,280.2,280,280,3549
AHPC,1min,1775366218,2026-04-05 11:01,2026-04-05,280,280,280,280,5072
AHPC,1min,1775366266,2026-04-05 11:02,2026-04-05,280,280,275.1,276,2462
AHPC,1min,1775366329,2026-04-05 11:03,2026-04-05,276,276,275.5,276,3721
AHPC,1min,1775366391,2026-04-05 11:04,2026-04-05,276,279,276,276,650
AHPC,1min,1775366439,2026-04-05 11:05,2026-04-05,276,279,275.7,275.7,2060
AHPC,1min,1775366510,2026-04-05 11:06,2026-04-05,275.7,278,275.7,278,85
AHPC,1min,1775366562,2026-04-05 11:07,2026-04-05,278,278,276,277,1900
AHPC,1min,1775366632,2026-04-05 11:08,2026-04-05,277,277,277,277,2550
AHPC,1min,1775366696,2026-04-05 11:09,2026-04-05,277,278,277,278,3759
AHPC,1min,1775366745,2026-04-05 11:10,2026-04-05,278,278,276.6,277,5763
AHPC,1min,1775366780,2026-04-05 11:11,2026-04-05,277,278,277,278,1178
AHPC,1min,1775366871,2026-04-05 11:12,2026-04-05,278,279,278,279,2030
AHPC,1min,1775366929,2026-04-05 11:13,2026-04-05,279,279.4,278.3,278.3,2074
AHPC,1min,1775366994,2026-04-05 11:14,2026-04-05,278.3,278.3,278,278,373
AHPC,1min,1775367053,2026-04-05 11:15,2026-04-05,278,279,278,278,248
AHPC,1min,1775367115,2026-04-05 11:16,2026-04-05,278,279,278,279,200
AHPC,1min,1775367176,2026-04-05 11:17,2026-04-05,279,279,278.2,278.2,851
AHPC,1min,1775367234,2026-04-05 11:18,2026-04-05,278.2,279,278.2,279,2450
AHPC,1min,1775367298,2026-04-05 11:19,2026-04-05,279,279.4,279,279.4,2483
AHPC,1min,1775367351,2026-04-05 11:20,2026-04-05,279.4,279.4,279,279,3595
AHPC,1min,1775367413,2026-04-05 11:21,2026-04-05,279,279.5,279,279.5,2435
AHPC,1min,1775367451,2026-04-05 11:22,2026-04-05,279.5,279.9,279.5,279.9,1471
AHPC,1min,1775367530,2026-04-05 11:23,2026-04-05,279.9,279.9,279.9,279.9,720
AHPC,1min,1775367599,2026-04-05 11:24,2026-04-05,279.9,279.9,279,279,130
AHPC,1min,1775367648,2026-04-05 11:25,2026-04-05,279,279.9,279,279.9,3485
AHPC,1min,1775367679,2026-04-05 11:26,2026-04-05,279.9,279.9,279.5,279.9,1100
AHPC,1min,1775367779,2026-04-05 11:27,2026-04-05,279.9,279.9,279.5,279.5,650
AHPC,1min,1775367825,2026-04-05 11:28,2026-04-05,279.5,279.5,278.5,278.5,2540
AHPC,1min,1775367887,2026-04-05 11:29,2026-04-05,278.5,278.8,278,278,2271
AHPC,1min,1775367941,2026-04-05 11:30,2026-04-05,278,278,276.9,276.9,3181
AHPC,1min,1775368005,2026-04-05 11:31,2026-04-05,276.9,276.9,276.2,276.2,2865
AHPC,1min,1775368026,2026-04-05 11:32,2026-04-05,276.2,276.2,276,276,7947
AHPC,1min,1775368129,2026-04-05 11:33,2026-04-05,276,276.1,276,276.1,300
AHPC,1min,1775368185,2026-04-05 11:34,2026-04-05,276.1,278,276.1,278,105
AHPC,1min,1775368237,2026-04-05 11:35,2026-04-05,278,278,278,278,882
AHPC,1min,1775368379,2026-04-05 11:37,2026-04-05,278,278.2,278,278,2575
AHPC,1min,1775368425,2026-04-05 11:38,2026-04-05,278,279,278,279,400
AHPC,1min,1775368499,2026-04-05 11:39,2026-04-05,279,279,279,279,163
AHPC,1min,1775368543,2026-04-05 11:40,2026-04-05,279,279,276.2,277,1356
AHPC,1min,1775368640,2026-04-05 11:42,2026-04-05,277,277,276,276,4477
AHPC,1min,1775368736,2026-04-05 11:43,2026-04-05,276,277,276,276,1019
AHPC,1min,1775368757,2026-04-05 11:44,2026-04-05,276,276,275.9,275.9,530
AHPC,1min,1775368838,2026-04-05 11:45,2026-04-05,275.9,276,275.9,276,684
AHPC,1min,1775368911,2026-04-05 11:46,2026-04-05,276,277,275.3,275.5,1138
AHPC,1min,1775368968,2026-04-05 11:47,2026-04-05,275.5,276,275.2,276,2577
AHPC,1min,1775369037,2026-04-05 11:48,2026-04-05,276,276,275.1,275.1,6815
AHPC,1min,1775369086,2026-04-05 11:49,2026-04-05,275.1,275.2,275.1,275.2,366
AHPC,1min,1775369145,2026-04-05 11:50,2026-04-05,275.2,275.2,275.2,275.2,3134
AHPC,1min,1775369249,2026-04-05 11:52,2026-04-05,275.2,275.2,275.2,275.2,123
AHPC,1min,1775369396,2026-04-05 11:54,2026-04-05,275.2,277.9,275.2,277,260
AHPC,1min,1775369407,2026-04-05 11:55,2026-04-05,277,277.9,277,277.9,100
AHPC,1min,1775369519,2026-04-05 11:56,2026-04-05,277.9,277.9,277,277,128
AHPC,1min,1775369525,2026-04-05 11:57,2026-04-05,277,277.9,277,277.9,0
AHPC,1min,1775369604,2026-04-05 11:58,2026-04-05,277.9,277.9,276,276,822
AHPC,1min,1775369659,2026-04-05 11:59,2026-04-05,276,278.8,276,277,2600
AHPC,1min,1775369742,2026-04-05 12:00,2026-04-05,277,278,277,278,350
AHPC,1min,1775369817,2026-04-05 12:01,2026-04-05,278,278.8,278,278.8,1111
AHPC,1min,1775369854,2026-04-05 12:02,2026-04-05,278.8,278.8,278,278,1521
AHPC,1min,1775369923,2026-04-05 12:03,2026-04-05,278,278.7,278,278.7,1508
AHPC,1min,1775369965,2026-04-05 12:04,2026-04-05,278.7,279,278.7,279,3815
AHPC,1min,1775370038,2026-04-05 12:05,2026-04-05,279,279.1,279,279.1,3100
AHPC,1min,1775370108,2026-04-05 12:06,2026-04-05,279.1,279.9,279.1,279.9,4463
AHPC,1min,1775370146,2026-04-05 12:07,2026-04-05,279.9,280,279.9,280,14059
AHPC,1min,1775370232,2026-04-05 12:08,2026-04-05,280,280,279,280,11690
AHPC,1min,1775370274,2026-04-05 12:09,2026-04-05,280,280,279,279,1161
AHPC,1min,1775370334,2026-04-05 12:10,2026-04-05,279,279,278.8,278.8,270
AHPC,1min,1775370413,2026-04-05 12:11,2026-04-05,278.8,279,278.8,279,1054
AHPC,1min,1775370449,2026-04-05 12:12,2026-04-05,279,279,278.7,278.8,785
AHPC,1min,1775370509,2026-04-05 12:13,2026-04-05,278.8,279,278.8,279,700
AHPC,1min,1775370594,2026-04-05 12:14,2026-04-05,279,279.7,278.7,279.7,7360
AHPC,1min,1775370658,2026-04-05 12:15,2026-04-05,279.7,279.7,278.7,279.7,2220
AHPC,1min,1775370717,2026-04-05 12:16,2026-04-05,279.7,279.7,278.8,278.8,945
AHPC,1min,1775370770,2026-04-05 12:17,2026-04-05,278.8,278.9,278.8,278.9,1010
AHPC,1min,1775370796,2026-04-05 12:18,2026-04-05,278.9,278.9,278.9,278.9,250
AHPC,1min,1775370890,2026-04-05 12:19,2026-04-05,278.9,278.9,278.9,278.9,250
AHPC,1min,1775370943,2026-04-05 12:20,2026-04-05,278.9,279.5,278.8,278.8,1588
AHPC,1min,1775371013,2026-04-05 12:21,2026-04-05,278.8,279,278.8,279,20
AHPC,1min,1775371072,2026-04-05 12:22,2026-04-05,279,279,278.8,278.8,300
AHPC,1min,1775371132,2026-04-05 12:23,2026-04-05,278.8,278.8,277.3,277.3,953
AHPC,1min,1775371206,2026-04-05 12:25,2026-04-05,277.3,279,277.3,279,927
AHPC,1min,1775371281,2026-04-05 12:26,2026-04-05,279,279,278,278,500
AHPC,1min,1775371355,2026-04-05 12:27,2026-04-05,278,278,278,278,225
AHPC,1min,1775371485,2026-04-05 12:29,2026-04-05,278,278,277,277,1000
AHPC,1min,1775371546,2026-04-05 12:30,2026-04-05,277,278,277,278,17
AHPC,1min,1775371589,2026-04-05 12:31,2026-04-05,278,278,278,278,644
AHPC,1min,1775371667,2026-04-05 12:32,2026-04-05,278,278,276.5,276.5,53
AHPC,1min,1775371703,2026-04-05 12:33,2026-04-05,276.5,276.5,276,276,5000
AHPC,1min,1775371816,2026-04-05 12:35,2026-04-05,276,276,276,276,500
AHPC,1min,1775371976,2026-04-05 12:37,2026-04-05,276,276,276,276,467
AHPC,1min,1775372124,2026-04-05 12:40,2026-04-05,276,276,275.8,275.8,4020
AHPC,1min,1775372200,2026-04-05 12:41,2026-04-05,275.8,276,275.8,276,100
AHPC,1min,1775372292,2026-04-05 12:43,2026-04-05,276,276,276,276,24
AHPC,1min,1775372390,2026-04-05 12:44,2026-04-05,276,276,275.8,275.8,376
AHPC,1min,1775372448,2026-04-05 12:45,2026-04-05,275.8,276.7,275.8,276.7,774
AHPC,1min,1775372500,2026-04-05 12:46,2026-04-05,276.7,277,276,276,3196
AHPC,1min,1775372570,2026-04-05 12:47,2026-04-05,276,276,275.8,275.8,2937
AHPC,1min,1775372624,2026-04-05 12:48,2026-04-05,275.8,275.8,275.3,275.3,7098
AHPC,1min,1775372647,2026-04-05 12:49,2026-04-05,275.3,275.5,275.3,275.5,332
AHPC,1min,1775372790,2026-04-05 12:51,2026-04-05,275.5,275.5,275.5,275.5,0
AHPC,1min,1775372852,2026-04-05 12:52,2026-04-05,275.5,277,275.5,277,1802
AHPC,1min,1775372930,2026-04-05 12:53,2026-04-05,277,277,276,276,748
AHPC,1min,1775372989,2026-04-05 12:54,2026-04-05,276,276,276,276,50
AHPC,1min,1775373042,2026-04-05 12:55,2026-04-05,276,276,276,276,301
AHPC,1min,1775373088,2026-04-05 12:56,2026-04-05,276,276,275.6,275.6,1000
AHPC,1min,1775373175,2026-04-05 12:57,2026-04-05,275.6,276,275.6,276,1500
AHPC,1min,1775373227,2026-04-05 12:58,2026-04-05,276,276.1,276,276.1,10
AHPC,1min,1775373358,2026-04-05 13:00,2026-04-05,276.1,276.1,276.1,276.1,0
AHPC,1min,1775373404,2026-04-05 13:01,2026-04-05,276.1,276.1,276.1,276.1,393
AHPC,1min,1775373466,2026-04-05 13:02,2026-04-05,276.1,276.1,275.6,276.1,1933
AHPC,1min,1775373488,2026-04-05 13:03,2026-04-05,276.1,276.1,276.1,276.1,480
AHPC,1min,1775373637,2026-04-05 13:05,2026-04-05,276.1,276.5,276.1,276.5,110
AHPC,1min,1775373697,2026-04-05 13:06,2026-04-05,276.5,276.5,276.5,276.5,1338
AHPC,1min,1775373779,2026-04-05 13:07,2026-04-05,276.5,276.5,276,276,2521
AHPC,1min,1775373824,2026-04-05 13:08,2026-04-05,276,276.5,276,276.5,3438
AHPC,1min,1775373888,2026-04-05 13:09,2026-04-05,276.5,276.5,276.1,276.1,549
AHPC,1min,1775373922,2026-04-05 13:10,2026-04-05,276.1,276.1,276.1,276.1,250
AHPC,1min,1775374071,2026-04-05 13:12,2026-04-05,276.1,276.1,276,276,210
AHPC,1min,1775374129,2026-04-05 13:13,2026-04-05,276,276,276,276,1700
AHPC,1min,1775374190,2026-04-05 13:14,2026-04-05,276,276,275.5,276,5154
AHPC,1min,1775374233,2026-04-05 13:15,2026-04-05,276,276,275.5,276,1724
AHPC,1min,1775374309,2026-04-05 13:16,2026-04-05,276,276,275.2,275.2,750
AHPC,1min,1775374369,2026-04-05 13:17,2026-04-05,275.2,275.3,275.2,275.3,249
AHPC,1min,1775374427,2026-04-05 13:18,2026-04-05,275.3,275.3,275.2,275.2,700
AHPC,1min,1775374559,2026-04-05 13:20,2026-04-05,275.2,276,275.2,276,5829
AHPC,1min,1775374615,2026-04-05 13:21,2026-04-05,276,276,276,276,771
AHPC,1min,1775374678,2026-04-05 13:22,2026-04-05,276,276,275.2,275.2,1895
AHPC,1min,1775374732,2026-04-05 13:23,2026-04-05,275.2,275.2,275.2,275.2,912
AHPC,1min,1775374784,2026-04-05 13:24,2026-04-05,275.2,275.2,275.2,275.2,1000
AHPC,1min,1775374844,2026-04-05 13:25,2026-04-05,275.2,275.2,275.2,275.2,50
AHPC,1min,1775374893,2026-04-05 13:26,2026-04-05,275.2,275.5,275.2,275.5,4053
AHPC,1min,1775374977,2026-04-05 13:27,2026-04-05,275.5,275.5,275.2,275.3,486
AHPC,1min,1775375039,2026-04-05 13:28,2026-04-05,275.3,275.3,275.1,275.1,6180
AHPC,1min,1775375067,2026-04-05 13:29,2026-04-05,275.1,275.3,275.1,275.3,1337
AHPC,1min,1775375140,2026-04-05 13:30,2026-04-05,275.3,275.3,275,275,22500
AHPC,1min,1775375216,2026-04-05 13:31,2026-04-05,275,275,274.5,274.5,5238
AHPC,1min,1775375272,2026-04-05 13:32,2026-04-05,274.5,274.5,274,274,0
AHPC,1min,1775375318,2026-04-05 13:33,2026-04-05,274,274,274,274,4311
AHPC,1min,1775375397,2026-04-05 13:34,2026-04-05,274,274.1,274,274.1,597
AHPC,1min,1775375457,2026-04-05 13:35,2026-04-05,274.1,275,274.1,274.1,351
AHPC,1min,1775375502,2026-04-05 13:36,2026-04-05,274.1,274.5,274.1,274.5,70
AHPC,1min,1775375578,2026-04-05 13:37,2026-04-05,274.5,275,274.5,275,4328
AHPC,1min,1775375632,2026-04-05 13:38,2026-04-05,275,275.9,275,275.9,3054
AHPC,1min,1775375692,2026-04-05 13:39,2026-04-05,275.9,275.9,275.9,275.9,643
AHPC,1min,1775375740,2026-04-05 13:40,2026-04-05,275.9,276,275.9,276,825
AHPC,1min,1775375796,2026-04-05 13:41,2026-04-05,276,276,275,275,2756
AHPC,1min,1775375851,2026-04-05 13:42,2026-04-05,275,276,274.1,274.1,1396
AHPC,1min,1775375911,2026-04-05 13:43,2026-04-05,274.1,275,274.1,275,354
AHPC,1min,1775375956,2026-04-05 13:44,2026-04-05,275,275,275,275,2445
AHPC,1min,1775376027,2026-04-05 13:45,2026-04-05,275,275.3,275,275.3,10
AHPC,1min,1775376107,2026-04-05 13:46,2026-04-05,275.3,275.5,275.3,275.5,500
AHPC,1min,1775376158,2026-04-05 13:47,2026-04-05,275.5,276.7,275.5,276.7,1500
AHPC,1min,1775376184,2026-04-05 13:48,2026-04-05,276.7,277,276.7,277,100
AHPC,1min,1775376285,2026-04-05 13:49,2026-04-05,277,277,276.7,277,917
AHPC,1min,1775376354,2026-04-05 13:50,2026-04-05,277,277,276.8,277,33
AHPC,1min,1775376404,2026-04-05 13:51,2026-04-05,277,277,276.5,276.5,12193
AHPC,1min,1775376473,2026-04-05 13:52,2026-04-05,276.5,277.2,276.5,277,632
AHPC,1min,1775376480,2026-04-05 13:53,2026-04-05,277,277,276.9,276.9,1000
AHPC,1min,1775376566,2026-04-05 13:54,2026-04-05,276.9,277,276.9,277,1784
AHPC,1min,1775376711,2026-04-05 13:56,2026-04-05,277,277,276.1,276.1,10
AHPC,1min,1775376827,2026-04-05 13:58,2026-04-05,276.1,277.7,276.1,277.7,100
AHPC,1min,1775376864,2026-04-05 13:59,2026-04-05,277.7,277.7,277.7,277.7,100
AHPC,1min,1775376949,2026-04-05 14:00,2026-04-05,277.7,277.7,276.2,276.2,1026
AHPC,1min,1775377003,2026-04-05 14:01,2026-04-05,276.2,276.2,276.1,276.1,525
AHPC,1min,1775377078,2026-04-05 14:02,2026-04-05,276.1,276.1,275,276,9600
AHPC,1min,1775377108,2026-04-05 14:03,2026-04-05,276,276,275,275,2016
AHPC,1min,1775377189,2026-04-05 14:04,2026-04-05,275,275,274.3,275,200
AHPC,1min,1775377249,2026-04-05 14:05,2026-04-05,275,275,274.1,274.1,3314
AHPC,1min,1775377267,2026-04-05 14:06,2026-04-05,274.1,274.3,274.1,274.3,799
AHPC,1min,1775377374,2026-04-05 14:07,2026-04-05,274.3,274.3,274,274.1,4700
AHPC,1min,1775377421,2026-04-05 14:08,2026-04-05,274.1,275,274.1,274.1,1500
AHPC,1min,1775377498,2026-04-05 14:09,2026-04-05,274.1,274.1,274.1,274.1,200
AHPC,1min,1775377549,2026-04-05 14:10,2026-04-05,274.1,274.1,274,274,2250
AHPC,1min,1775377673,2026-04-05 14:12,2026-04-05,274,274.2,274,274,12906
AHPC,1min,1775377787,2026-04-05 14:14,2026-04-05,274,275,274,274,2230
AHPC,1min,1775377852,2026-04-05 14:15,2026-04-05,274,274,273.7,273.7,800
AHPC,1min,1775377902,2026-04-05 14:16,2026-04-05,273.7,273.7,273.5,273.5,2418
AHPC,1min,1775377964,2026-04-05 14:17,2026-04-05,273.5,273.6,273.5,273.6,1457
AHPC,1min,1775378077,2026-04-05 14:19,2026-04-05,273.6,273.6,273.3,273.3,2100
AHPC,1min,1775378212,2026-04-05 14:21,2026-04-05,273.3,274,273.3,274,400
AHPC,1min,1775378257,2026-04-05 14:22,2026-04-05,274,274.9,273.6,273.6,770
AHPC,1min,1775378293,2026-04-05 14:23,2026-04-05,273.6,274,273.6,274,57
AHPC,1min,1775378397,2026-04-05 14:24,2026-04-05,274,274.5,274,274.5,360
AHPC,1min,1775378485,2026-04-05 14:26,2026-04-05,274.5,274.5,274.5,274.5,2150
AHPC,1min,1775378532,2026-04-05 14:27,2026-04-05,274.5,274.5,274.5,274.5,290
AHPC,1min,1775378627,2026-04-05 14:28,2026-04-05,274.5,274.9,274.5,274.9,300
AHPC,1min,1775378661,2026-04-05 14:29,2026-04-05,274.9,274.9,274,274,517
AHPC,1min,1775378759,2026-04-05 14:30,2026-04-05,274,274,274,274,950
AHPC,1min,1775378791,2026-04-05 14:31,2026-04-05,274,274,274,274,40
AHPC,1min,1775378932,2026-04-05 14:33,2026-04-05,274,274,274,274,241
AHPC,1min,1775378984,2026-04-05 14:34,2026-04-05,274,274,273.4,273.4,3527
AHPC,1min,1775379032,2026-04-05 14:35,2026-04-05,273.4,273.4,272.5,272.5,8473
AHPC,1min,1775379096,2026-04-05 14:36,2026-04-05,272.5,274,272.5,274,500
AHPC,1min,1775379155,2026-04-05 14:37,2026-04-05,274,274,272.6,272.6,550
AHPC,1min,1775379222,2026-04-05 14:38,2026-04-05,272.6,274,271,274,30244
AHPC,1min,1775379292,2026-04-05 14:39,2026-04-05,274,274,270.7,270.7,6450
AHPC,1min,1775379311,2026-04-05 14:40,2026-04-05,270.7,270.7,270.7,270.7,315
AHPC,1min,1775379409,2026-04-05 14:41,2026-04-05,270.7,271,270.7,271,1100
AHPC,1min,1775379476,2026-04-05 14:42,2026-04-05,271,271,271,271,386
AHPC,1min,1775379591,2026-04-05 14:44,2026-04-05,271,272,271,271.2,360
AHPC,1min,1775379656,2026-04-05 14:45,2026-04-05,271.2,271.2,271,271.2,2080
AHPC,1min,1775379713,2026-04-05 14:46,2026-04-05,271.2,271.2,271.1,271.1,1095
AHPC,1min,1775379762,2026-04-05 14:47,2026-04-05,271.1,271.1,271.1,271.1,545
AHPC,1min,1775379837,2026-04-05 14:48,2026-04-05,271.1,272,270.6,270.6,11513
AHPC,1min,1775379898,2026-04-05 14:49,2026-04-05,270.6,272,270.6,272,150
AHPC,1min,1775379951,2026-04-05 14:50,2026-04-05,272,272,270.9,270.9,1595
AHPC,1min,1775380017,2026-04-05 14:51,2026-04-05,270.9,272,270.7,271.3,8100
AHPC,1min,1775380063,2026-04-05 14:52,2026-04-05,271.3,271.3,270.6,270.6,5642
AHPC,1min,1775380165,2026-04-05 14:54,2026-04-05,270.6,271.1,270.6,271.1,0
AHPC,1min,1775380244,2026-04-05 14:55,2026-04-05,271.1,271.9,271,271,4911
AHPC,1min,1775380304,2026-04-05 14:56,2026-04-05,271,272,271,272,45
AHPC,1min,1775380378,2026-04-05 14:57,2026-04-05,272,272,271,271,3330
AHPC,1min,1775380437,2026-04-05 14:58,2026-04-05,271,271.9,271,271.1,2010
AHPC,1min,1775380499,2026-04-05 14:59,2026-04-05,271.1,271.3,271,271,5455
AHPC,1min,1775452500,2026-04-06 11:00,2026-04-06,271,271,271,271,10
AHPC,1min,1775452638,2026-04-06 11:02,2026-04-06,271,272,271,271,1119
AHPC,1min,1775452704,2026-04-06 11:03,2026-04-06,271,271,271,271,531
AHPC,1min,1775452798,2026-04-06 11:04,2026-04-06,271,271,270,271,993
AHPC,1min,1775452813,2026-04-06 11:05,2026-04-06,271,271,271,271,1110
AHPC,1min,1775452885,2026-04-06 11:06,2026-04-06,271,273,271,272,3228
AHPC,1min,1775452963,2026-04-06 11:07,2026-04-06,272,273,271.2,271.2,2500
AHPC,1min,1775453031,2026-04-06 11:08,2026-04-06,271.2,273.1,271.2,273,200
AHPC,1min,1775453095,2026-04-06 11:09,2026-04-06,273,276.4,271.2,276.4,4930
AHPC,1min,1775453159,2026-04-06 11:10,2026-04-06,276.4,278.4,276.4,278.4,370
AHPC,1min,1775453215,2026-04-06 11:11,2026-04-06,278.4,278.4,277.5,277.5,973
AHPC,1min,1775453251,2026-04-06 11:12,2026-04-06,277.5,277.5,277.5,277.5,465
AHPC,1min,1775453333,2026-04-06 11:13,2026-04-06,277.5,277.5,276.4,276.4,2986
AHPC,1min,1775453395,2026-04-06 11:14,2026-04-06,276.4,280,276.4,280,1030
AHPC,1min,1775453440,2026-04-06 11:15,2026-04-06,280,280,277,280,1500
AHPC,1min,1775453476,2026-04-06 11:16,2026-04-06,280,280,277,277,200
AHPC,1min,1775453579,2026-04-06 11:17,2026-04-06,277,279.5,276,279.5,3158
AHPC,1min,1775453633,2026-04-06 11:18,2026-04-06,279.5,279.5,275,275,1177
AHPC,1min,1775453694,2026-04-06 11:19,2026-04-06,275,275,274,274,7129
AHPC,1min,1775453741,2026-04-06 11:20,2026-04-06,274,275,272.2,272.2,2950
AHPC,1min,1775453806,2026-04-06 11:21,2026-04-06,272.2,272.2,272,272,1000
AHPC,1min,1775453870,2026-04-06 11:22,2026-04-06,272,272.2,272,272.2,3000
AHPC,1min,1775453930,2026-04-06 11:23,2026-04-06,272.2,274,272.2,274,8384
AHPC,1min,1775454049,2026-04-06 11:25,2026-04-06,274,274,274,274,1094
AHPC,1min,1775454178,2026-04-06 11:27,2026-04-06,274,276,274,276,855
AHPC,1min,1775454226,2026-04-06 11:28,2026-04-06,276,276.8,276,276.8,52
AHPC,1min,1775454246,2026-04-06 11:29,2026-04-06,276.8,276.9,276.8,276.9,350
AHPC,1min,1775454355,2026-04-06 11:30,2026-04-06,276.9,276.9,275,276.9,265
AHPC,1min,1775454418,2026-04-06 11:31,2026-04-06,276.9,276.9,276.9,276.9,100
AHPC,1min,1775454476,2026-04-06 11:32,2026-04-06,276.9,278,276.9,277,2104
AHPC,1min,1775454506,2026-04-06 11:33,2026-04-06,277,277,277,277,550
AHPC,1min,1775454579,2026-04-06 11:34,2026-04-06,277,277.9,277,277.9,630
AHPC,1min,1775454649,2026-04-06 11:35,2026-04-06,277.9,278,277.9,277.9,2777
AHPC,1min,1775454714,2026-04-06 11:36,2026-04-06,277.9,279,277.8,279,3698
AHPC,1min,1775454765,2026-04-06 11:37,2026-04-06,279,279.3,279,279.3,162
AHPC,1min,1775454780,2026-04-06 11:38,2026-04-06,279.3,279.3,279.3,279.3,1152
AHPC,1min,1775454884,2026-04-06 11:39,2026-04-06,279.3,279.3,279.1,279.1,55
AHPC,1min,1775454958,2026-04-06 11:40,2026-04-06,279.1,279.1,279.1,279.1,989
AHPC,1min,1775455016,2026-04-06 11:41,2026-04-06,279.1,279.4,279,279,2358
AHPC,1min,1775455048,2026-04-06 11:42,2026-04-06,279,279,279,279,190
AHPC,1min,1775455137,2026-04-06 11:43,2026-04-06,279,279,278.1,279,10
AHPC,1min,1775455188,2026-04-06 11:44,2026-04-06,279,279,279,279,1076
AHPC,1min,1775455250,2026-04-06 11:45,2026-04-06,279,279,279,279,692
AHPC,1min,1775455270,2026-04-06 11:46,2026-04-06,279,279,278.1,278.1,170
AHPC,1min,1775455372,2026-04-06 11:47,2026-04-06,278.1,279.8,278.1,279.8,2177
AHPC,1min,1775455436,2026-04-06 11:48,2026-04-06,279.8,280,279.8,280,8649
AHPC,1min,1775455492,2026-04-06 11:49,2026-04-06,280,280.5,280,280.5,2721
AHPC,1min,1775455538,2026-04-06 11:50,2026-04-06,280.5,280.5,280,280,2395
AHPC,1min,1775455615,2026-04-06 11:51,2026-04-06,280,280.5,280,280.5,3193
AHPC,1min,1775455667,2026-04-06 11:52,2026-04-06,280.5,280.5,280,280,0
AHPC,1min,1775455732,2026-04-06 11:53,2026-04-06,280,280.5,280,280.5,1959
AHPC,1min,1775455774,2026-04-06 11:54,2026-04-06,280.5,280.5,280.1,280.5,352
AHPC,1min,1775455834,2026-04-06 11:55,2026-04-06,280.5,280.5,280.2,280.5,1477
AHPC,1min,1775455919,2026-04-06 11:56,2026-04-06,280.5,280.7,280.2,280.2,501
AHPC,1min,1775455972,2026-04-06 11:57,2026-04-06,280.2,281,280.2,281,2195
AHPC,1min,1775456034,2026-04-06 11:58,2026-04-06,281,281.2,281,281.2,0
AHPC,1min,1775456091,2026-04-06 11:59,2026-04-06,281.2,281.6,281.2,281.6,1015
AHPC,1min,1775456137,2026-04-06 12:00,2026-04-06,281.6,281.6,281.6,281.6,950
AHPC,1min,1775456185,2026-04-06 12:01,2026-04-06,281.6,281.6,281.5,281.5,5950
AHPC,1min,1775456279,2026-04-06 12:02,2026-04-06,281.5,281.5,279,279,668
AHPC,1min,1775456381,2026-04-06 12:04,2026-04-06,279,279,277.8,278,1698
AHPC,1min,1775456452,2026-04-06 12:05,2026-04-06,278,278,277,277,3130
AHPC,1min,1775456511,2026-04-06 12:06,2026-04-06,277,277,277,277,1404
AHPC,1min,1775456578,2026-04-06 12:07,2026-04-06,277,277,276.5,276.5,126
AHPC,1min,1775456591,2026-04-06 12:08,2026-04-06,276.5,277,276.5,277,633
AHPC,1min,1775456689,2026-04-06 12:09,2026-04-06,277,278,277,278,32
AHPC,1min,1775456760,2026-04-06 12:11,2026-04-06,278,278,276.5,276.5,0
AHPC,1min,1775456867,2026-04-06 12:12,2026-04-06,276.5,279,276.5,279,2085
AHPC,1min,1775456904,2026-04-06 12:13,2026-04-06,279,279,279,279,926
AHPC,1min,1775457058,2026-04-06 12:15,2026-04-06,279,279.8,279,279,400
AHPC,1min,1775457111,2026-04-06 12:16,2026-04-06,279,279.8,278,278,643
AHPC,1min,1775457227,2026-04-06 12:18,2026-04-06,278,278,278,278,1180
AHPC,1min,1775457276,2026-04-06 12:19,2026-04-06,278,278,277.5,277.5,190
AHPC,1min,1775457354,2026-04-06 12:20,2026-04-06,277.5,277.5,277.5,277.5,151
AHPC,1min,1775457390,2026-04-06 12:21,2026-04-06,277.5,277.5,277.5,277.5,324
AHPC,1min,1775457451,2026-04-06 12:22,2026-04-06,277.5,277.5,277.4,277.4,279
AHPC,1min,1775457511,2026-04-06 12:23,2026-04-06,277.4,277.5,277.4,277.5,161
AHPC,1min,1775457651,2026-04-06 12:25,2026-04-06,277.5,278,277.5,278,310
AHPC,1min,1775457707,2026-04-06 12:26,2026-04-06,278,278,278,278,110
AHPC,1min,1775457758,2026-04-06 12:27,2026-04-06,278,278,278,278,624
AHPC,1min,1775458040,2026-04-06 12:32,2026-04-06,278,278.5,278,278.5,10
AHPC,1min,1775458134,2026-04-06 12:33,2026-04-06,278.5,278.5,278.5,278.5,100
AHPC,1min,1775458199,2026-04-06 12:34,2026-04-06,278.5,279.2,278.5,279.2,950
AHPC,1min,1775458248,2026-04-06 12:35,2026-04-06,279.2,279.8,279.2,279.8,840
AHPC,1min,1775458319,2026-04-06 12:36,2026-04-06,279.8,279.8,279,279,338
AHPC,1min,1775458437,2026-04-06 12:38,2026-04-06,279,279,279,279,0
AHPC,1min,1775458470,2026-04-06 12:39,2026-04-06,279,279,278.5,278.5,1119
AHPC,1min,1775458521,2026-04-06 12:40,2026-04-06,278.5,279,278.5,279,413
AHPC,1min,1775458612,2026-04-06 12:41,2026-04-06,279,279,278.6,278.6,527
AHPC,1min,1775458656,2026-04-06 12:42,2026-04-06,278.6,279,278.5,279,195
AHPC,1min,1775458681,2026-04-06 12:43,2026-04-06,279,279,278.5,278.5,435
AHPC,1min,1775458779,2026-04-06 12:44,2026-04-06,278.5,279,278.5,279,1500
AHPC,1min,1775458841,2026-04-06 12:45,2026-04-06,279,279,279,279,2000
AHPC,1min,1775458867,2026-04-06 12:46,2026-04-06,279,280,279,280,5000
AHPC,1min,1775458948,2026-04-06 12:47,2026-04-06,280,280,279,279,200
AHPC,1min,1775459011,2026-04-06 12:48,2026-04-06,279,279.9,279,279.9,100
AHPC,1min,1775459115,2026-04-06 12:50,2026-04-06,279.9,279.9,278.5,278.5,60
AHPC,1min,1775459186,2026-04-06 12:51,2026-04-06,278.5,279,278.5,279,25
AHPC,1min,1775459221,2026-04-06 12:52,2026-04-06,279,279,278.5,278.5,230
AHPC,1min,1775459298,2026-04-06 12:53,2026-04-06,278.5,278.5,278.5,278.5,0
AHPC,1min,1775459384,2026-04-06 12:54,2026-04-06,278.5,278.5,278,278,981
AHPC,1min,1775459425,2026-04-06 12:55,2026-04-06,278,279,278,279,750
AHPC,1min,1775459508,2026-04-06 12:56,2026-04-06,279,279,279,279,0
AHPC,1min,1775459576,2026-04-06 12:57,2026-04-06,279,279,278.6,278.6,376
AHPC,1min,1775459610,2026-04-06 12:58,2026-04-06,278.6,279,278.6,279,80
AHPC,1min,1775459679,2026-04-06 12:59,2026-04-06,279,279,279,279,600
AHPC,1min,1775459749,2026-04-06 13:00,2026-04-06,279,279,277.6,277.6,3085
AHPC,1min,1775459813,2026-04-06 13:01,2026-04-06,277.6,278,277.6,278,0
AHPC,1min,1775459939,2026-04-06 13:03,2026-04-06,278,278,277.6,277.6,100
AHPC,1min,1775459974,2026-04-06 13:04,2026-04-06,277.6,277.6,277.6,277.6,270
AHPC,1min,1775460040,2026-04-06 13:05,2026-04-06,277.6,277.6,277.2,277.2,2713
AHPC,1min,1775460114,2026-04-06 13:06,2026-04-06,277.2,278,277.2,277.2,150
AHPC,1min,1775460148,2026-04-06 13:07,2026-04-06,277.2,277.2,277.2,277.2,872
AHPC,1min,1775460216,2026-04-06 13:08,2026-04-06,277.2,278,277.2,278,250
AHPC,1min,1775460279,2026-04-06 13:09,2026-04-06,278,278,277.1,277.1,672
AHPC,1min,1775460358,2026-04-06 13:10,2026-04-06,277.1,277.9,277.1,277.9,1143
AHPC,1min,1775460389,2026-04-06 13:11,2026-04-06,277.9,277.9,277.9,277.9,50
AHPC,1min,1775460434,2026-04-06 13:12,2026-04-06,277.9,278,277.9,278,211
AHPC,1min,1775460506,2026-04-06 13:13,2026-04-06,278,278.5,278,278.5,55
AHPC,1min,1775460555,2026-04-06 13:14,2026-04-06,278.5,279,278.5,279,445
AHPC,1min,1775460800,2026-04-06 13:18,2026-04-06,279,279,278.5,278.5,25
AHPC,1min,1775461012,2026-04-06 13:21,2026-04-06,278.5,278.5,277.1,277.1,1150
AHPC,1min,1775461102,2026-04-06 13:23,2026-04-06,277.1,278.5,277.1,278.5,1733
AHPC,1min,1775461173,2026-04-06 13:24,2026-04-06,278.5,279,278.5,279,990
AHPC,1min,1775461242,2026-04-06 13:25,2026-04-06,279,279,278.5,278.5,35
AHPC,1min,1775461355,2026-04-06 13:27,2026-04-06,278.5,279,278.5,279,0
AHPC,1min,1775461474,2026-04-06 13:29,2026-04-06,279,279,279,279,490
AHPC,1min,1775461558,2026-04-06 13:30,2026-04-06,279,279,279,279,1000
AHPC,1min,1775461608,2026-04-06 13:31,2026-04-06,279,279,278.5,278.5,493
AHPC,1min,1775461792,2026-04-06 13:34,2026-04-06,278.5,278.9,278.5,278.5,510
AHPC,1min,1775461856,2026-04-06 13:35,2026-04-06,278.5,278.8,278.5,278.8,40
AHPC,1min,1775461936,2026-04-06 13:37,2026-04-06,278.8,278.8,278.5,278.5,175
AHPC,1min,1775461997,2026-04-06 13:38,2026-04-06,278.5,278.9,278.5,278.9,800
AHPC,1min,1775462112,2026-04-06 13:40,2026-04-06,278.9,278.9,278.5,278.5,50
AHPC,1min,1775462318,2026-04-06 13:43,2026-04-06,278.5,278.9,278.5,278.9,920
AHPC,1min,1775462368,2026-04-06 13:44,2026-04-06,278.9,279,278.9,279,1622
AHPC,1min,1775462503,2026-04-06 13:46,2026-04-06,279,280,279,280,6868
AHPC,1min,1775462619,2026-04-06 13:48,2026-04-06,280,280,280,280,2510
AHPC,1min,1775462671,2026-04-06 13:49,2026-04-06,280,281,280,281,1510
AHPC,1min,1775462748,2026-04-06 13:50,2026-04-06,281,281,280,280,990
AHPC,1min,1775462794,2026-04-06 13:51,2026-04-06,280,281.4,280,281.4,10
AHPC,1min,1775462839,2026-04-06 13:52,2026-04-06,281.4,281.4,281.4,281.4,1175
AHPC,1min,1775462928,2026-04-06 13:53,2026-04-06,281.4,281.4,281.4,281.4,330
AHPC,1min,1775462995,2026-04-06 13:54,2026-04-06,281.4,281.5,281.4,281.5,4500
AHPC,1min,1775463055,2026-04-06 13:55,2026-04-06,281.5,282,281.5,282,7078
AHPC,1min,1775463101,2026-04-06 13:56,2026-04-06,282,282,282,282,1969
AHPC,1min,1775463169,2026-04-06 13:57,2026-04-06,282,282.9,282,282.9,1124
AHPC,1min,1775463231,2026-04-06 13:58,2026-04-06,282.9,283,282,282,2372
AHPC,1min,1775463289,2026-04-06 13:59,2026-04-06,282,283,282,282.1,420
AHPC,1min,1775463345,2026-04-06 14:00,2026-04-06,282.1,283,282.1,283,260
AHPC,1min,1775463412,2026-04-06 14:01,2026-04-06,283,283,283,283,535
AHPC,1min,1775463455,2026-04-06 14:02,2026-04-06,283,283.5,283,283,0
AHPC,1min,1775463515,2026-04-06 14:03,2026-04-06,283,283,282.5,282.5,485
AHPC,1min,1775463579,2026-04-06 14:04,2026-04-06,282.5,283,282.5,282.5,75
AHPC,1min,1775463603,2026-04-06 14:05,2026-04-06,282.5,283,282.5,283,400
AHPC,1min,1775463705,2026-04-06 14:06,2026-04-06,283,283.7,282.9,283.7,371
AHPC,1min,1775463752,2026-04-06 14:07,2026-04-06,283.7,284,283.7,284,2575
AHPC,1min,1775463825,2026-04-06 14:08,2026-04-06,284,285,284,285,3511
AHPC,1min,1775463899,2026-04-06 14:09,2026-04-06,285,285.2,285,285,830
AHPC,1min,1775463947,2026-04-06 14:10,2026-04-06,285,285.5,285,285,186
AHPC,1min,1775464018,2026-04-06 14:11,2026-04-06,285,285.6,285,285.6,915
AHPC,1min,1775464079,2026-04-06 14:12,2026-04-06,285.6,285.6,285.5,285.6,1654
AHPC,1min,1775464130,2026-04-06 14:13,2026-04-06,285.6,285.6,285.5,285.5,650
AHPC,1min,1775464198,2026-04-06 14:14,2026-04-06,285.5,285.6,285.5,285.6,2450
AHPC,1min,1775464233,2026-04-06 14:15,2026-04-06,285.6,285.6,285.5,285.6,673
AHPC,1min,1775464312,2026-04-06 14:16,2026-04-06,285.6,286,285.6,286,1510
AHPC,1min,1775464377,2026-04-06 14:17,2026-04-06,286,286,285.6,286,6206
AHPC,1min,1775464429,2026-04-06 14:18,2026-04-06,286,286,285.6,285.6,1000
AHPC,1min,1775464498,2026-04-06 14:19,2026-04-06,285.6,286.1,285.6,286.1,3122
AHPC,1min,1775464505,2026-04-06 14:20,2026-04-06,286.1,286.1,286.1,286.1,11
AHPC,1min,1775464611,2026-04-06 14:21,2026-04-06,286.1,287,286.1,286.5,2804
AHPC,1min,1775464671,2026-04-06 14:22,2026-04-06,286.5,287.2,286.5,287.2,3206
AHPC,1min,1775464724,2026-04-06 14:23,2026-04-06,287.2,288,287.2,288,510
AHPC,1min,1775464789,2026-04-06 14:24,2026-04-06,288,288.6,288,288.6,8259
AHPC,1min,1775464831,2026-04-06 14:25,2026-04-06,288.6,288.6,288.2,288.2,1250
AHPC,1min,1775464886,2026-04-06 14:26,2026-04-06,288.2,289,288.2,289,350
AHPC,1min,1775464974,2026-04-06 14:27,2026-04-06,289,289.7,289,289.7,1523
AHPC,1min,1775465033,2026-04-06 14:28,2026-04-06,289.7,289.7,289,289,1000
AHPC,1min,1775465094,2026-04-06 14:29,2026-04-06,289,289.8,288.5,289,7557
AHPC,1min,1775465154,2026-04-06 14:30,2026-04-06,289,289,289,289,748
AHPC,1min,1775465193,2026-04-06 14:31,2026-04-06,289,290,289,290,1440
AHPC,1min,1775465269,2026-04-06 14:32,2026-04-06,290,290,290,290,905
AHPC,1min,1775465339,2026-04-06 14:33,2026-04-06,290,290,288.6,288.6,5600
AHPC,1min,1775465383,2026-04-06 14:34,2026-04-06,288.6,288.6,285,287,12488
AHPC,1min,1775465437,2026-04-06 14:35,2026-04-06,287,287,285,285,3617
AHPC,1min,1775465518,2026-04-06 14:36,2026-04-06,285,286,285,286,3895
AHPC,1min,1775465555,2026-04-06 14:37,2026-04-06,286,286,285,285,1568
AHPC,1min,1775465629,2026-04-06 14:38,2026-04-06,285,285,283.1,284,2865
AHPC,1min,1775465678,2026-04-06 14:39,2026-04-06,284,284,282.5,282.5,2174
AHPC,1min,1775465755,2026-04-06 14:40,2026-04-06,282.5,283.1,282.5,283,1310
AHPC,1min,1775465815,2026-04-06 14:41,2026-04-06,283,283,282,282,12189
AHPC,1min,1775465870,2026-04-06 14:42,2026-04-06,282,282,279,280,4007
AHPC,1min,1775465914,2026-04-06 14:43,2026-04-06,280,280,278,278,2811
AHPC,1min,1775465995,2026-04-06 14:44,2026-04-06,278,280,278,279,2822
AHPC,1min,1775466055,2026-04-06 14:45,2026-04-06,279,279,278,279,2160
AHPC,1min,1775466087,2026-04-06 14:46,2026-04-06,279,281,279,281,4906
AHPC,1min,1775466179,2026-04-06 14:47,2026-04-06,281,283,281,283,4277
AHPC,1min,1775466237,2026-04-06 14:48,2026-04-06,283,285,283,284,1316
AHPC,1min,1775466286,2026-04-06 14:49,2026-04-06,284,284,283.3,284,1750
AHPC,1min,1775466392,2026-04-06 14:51,2026-04-06,284,285,284,285,200
AHPC,1min,1775466463,2026-04-06 14:52,2026-04-06,285,286.9,285,286.9,965
AHPC,1min,1775466538,2026-04-06 14:53,2026-04-06,286.9,287,286.9,287,1213
AHPC,1min,1775466598,2026-04-06 14:54,2026-04-06,287,288,286.9,288,3247
AHPC,1min,1775466654,2026-04-06 14:55,2026-04-06,288,288,287.9,288,2010
AHPC,1min,1775466714,2026-04-06 14:56,2026-04-06,288,288,287,287,700
AHPC,1min,1775466778,2026-04-06 14:57,2026-04-06,287,287.7,287,287,1385
AHPC,1min,1775466828,2026-04-06 14:58,2026-04-06,287,287,287,287,2460
AHPC,1min,1775466899,2026-04-06 14:59,2026-04-06,287,287,286,286,6707
AHPC,1min,1775538958,2026-04-07 11:00,2026-04-07,291.7,291.7,289.7,290,125
AHPC,1min,1775538969,2026-04-07 11:01,2026-04-07,290,290,289.7,289.7,379
AHPC,1min,1775539045,2026-04-07 11:02,2026-04-07,289.7,289.9,287,287,60
AHPC,1min,1775539130,2026-04-07 11:03,2026-04-07,287,289.9,287,289.9,816
AHPC,1min,1775539195,2026-04-07 11:04,2026-04-07,289.9,289.9,289,289,2000
AHPC,1min,1775539259,2026-04-07 11:05,2026-04-07,289,291.5,289,290,7272
AHPC,1min,1775539309,2026-04-07 11:06,2026-04-07,290,291.6,290,291.6,881
AHPC,1min,1775539370,2026-04-07 11:07,2026-04-07,291.6,291.7,291,291,3105
AHPC,1min,1775539431,2026-04-07 11:08,2026-04-07,291,291,290.5,291,1021
AHPC,1min,1775539479,2026-04-07 11:09,2026-04-07,291,291.9,290.5,291.9,1661
AHPC,1min,1775539554,2026-04-07 11:10,2026-04-07,291.9,292,291,291,11292
AHPC,1min,1775539616,2026-04-07 11:11,2026-04-07,291,291,290.6,291,1458
AHPC,1min,1775539666,2026-04-07 11:12,2026-04-07,291,291.1,290.1,291.1,13417
AHPC,1min,1775539720,2026-04-07 11:13,2026-04-07,291.1,291.2,290,290,11012
AHPC,1min,1775539793,2026-04-07 11:14,2026-04-07,290,290,288,288,3823
AHPC,1min,1775539825,2026-04-07 11:15,2026-04-07,288,290,287,290,705
AHPC,1min,1775539907,2026-04-07 11:16,2026-04-07,290,290,287.1,289.9,0
AHPC,1min,1775539930,2026-04-07 11:17,2026-04-07,289.9,289.9,289.9,289.9,2326
AHPC,1min,1775540026,2026-04-07 11:18,2026-04-07,289.9,289.9,287.3,287.3,615
AHPC,1min,1775540127,2026-04-07 11:20,2026-04-07,287.3,287.3,287.3,287.3,0
AHPC,1min,1775540163,2026-04-07 11:21,2026-04-07,287.3,287.3,287.3,287.3,500
AHPC,1min,1775540269,2026-04-07 11:22,2026-04-07,287.3,289,287.3,289,1500
AHPC,1min,1775540326,2026-04-07 11:23,2026-04-07,289,290,289,290,1000
AHPC,1min,1775540369,2026-04-07 11:24,2026-04-07,290,290,290,290,49
AHPC,1min,1775540405,2026-04-07 11:25,2026-04-07,290,290,290,290,350
AHPC,1min,1775540482,2026-04-07 11:26,2026-04-07,290,290,289.2,290,0
AHPC,1min,1775540542,2026-04-07 11:27,2026-04-07,290,290,290,290,2556
AHPC,1min,1775540603,2026-04-07 11:28,2026-04-07,290,290,289.2,289.2,100
AHPC,1min,1775540698,2026-04-07 11:29,2026-04-07,289.2,290.7,289.2,290.7,1300
AHPC,1min,1775540715,2026-04-07 11:30,2026-04-07,290.7,290.7,290.7,290.7,179
AHPC,1min,1775540794,2026-04-07 11:31,2026-04-07,290.7,290.7,290,290,500
AHPC,1min,1775540864,2026-04-07 11:32,2026-04-07,290,290.7,289.5,290.7,900
AHPC,1min,1775540918,2026-04-07 11:33,2026-04-07,290.7,290.7,290,290,505
AHPC,1min,1775540974,2026-04-07 11:34,2026-04-07,290,290.7,290,290.7,34
AHPC,1min,1775541110,2026-04-07 11:36,2026-04-07,290.7,290.7,290,290,371
AHPC,1min,1775541154,2026-04-07 11:37,2026-04-07,290,290,290,290,494
AHPC,1min,1775541223,2026-04-07 11:38,2026-04-07,290,290.5,290,290.5,1565
AHPC,1min,1775541287,2026-04-07 11:39,2026-04-07,290.5,290.5,290,290,60
AHPC,1min,1775541355,2026-04-07 11:40,2026-04-07,290,290.3,290,290.3,570
AHPC,1min,1775541389,2026-04-07 11:41,2026-04-07,290.3,290.3,290.3,290.3,1243
AHPC,1min,1775541477,2026-04-07 11:42,2026-04-07,290.3,290.3,289.2,290,262
AHPC,1min,1775541512,2026-04-07 11:43,2026-04-07,290,290,290,290,80
AHPC,1min,1775541587,2026-04-07 11:44,2026-04-07,290,290.3,290,290,190
AHPC,1min,1775541616,2026-04-07 11:45,2026-04-07,290,290.3,290,290,2435
AHPC,1min,1775541695,2026-04-07 11:46,2026-04-07,290,290,289.2,289.2,440
AHPC,1min,1775541751,2026-04-07 11:47,2026-04-07,289.2,289.2,289,289,100
AHPC,1min,1775541831,2026-04-07 11:48,2026-04-07,289,290.4,289,290.4,1413
AHPC,1min,1775541880,2026-04-07 11:49,2026-04-07,290.4,290.4,290,290,75
AHPC,1min,1775541951,2026-04-07 11:50,2026-04-07,290,290.4,290,290.4,100
AHPC,1min,1775541993,2026-04-07 11:51,2026-04-07,290.4,290.4,290,290,1100
AHPC,1min,1775542077,2026-04-07 11:52,2026-04-07,290,290,290,290,900
AHPC,1min,1775542136,2026-04-07 11:53,2026-04-07,290,290,289,289,2007
AHPC,1min,1775542193,2026-04-07 11:54,2026-04-07,289,289,288.3,288.3,5865
AHPC,1min,1775542238,2026-04-07 11:55,2026-04-07,288.3,288.3,288.3,288.3,893
AHPC,1min,1775542292,2026-04-07 11:56,2026-04-07,288.3,288.3,288.2,288.2,800
AHPC,1min,1775542372,2026-04-07 11:57,2026-04-07,288.2,289,288.2,289,0
AHPC,1min,1775542429,2026-04-07 11:58,2026-04-07,289,289,288.6,288.6,1020
AHPC,1min,1775542444,2026-04-07 11:59,2026-04-07,288.6,288.6,288,288,690
AHPC,1min,1775542526,2026-04-07 12:00,2026-04-07,288,288,287.7,287.7,50
AHPC,1min,1775542561,2026-04-07 12:01,2026-04-07,287.7,288,287.7,288,300
AHPC,1min,1775542657,2026-04-07 12:02,2026-04-07,288,288.9,288,288.9,100
AHPC,1min,1775542704,2026-04-07 12:03,2026-04-07,288.9,289,288.9,289,0
AHPC,1min,1775542780,2026-04-07 12:04,2026-04-07,289,289,288.8,288.8,530
AHPC,1min,1775542845,2026-04-07 12:05,2026-04-07,288.8,288.8,288,288,518
AHPC,1min,1775542914,2026-04-07 12:06,2026-04-07,288,288.9,288,288.9,783
AHPC,1min,1775542963,2026-04-07 12:07,2026-04-07,288.9,288.9,288,288,500
AHPC,1min,1775543096,2026-04-07 12:09,2026-04-07,288,288.5,288,288.5,30
AHPC,1min,1775543146,2026-04-07 12:10,2026-04-07,288.5,288.5,288.5,288.5,1020
AHPC,1min,1775543178,2026-04-07 12:11,2026-04-07,288.5,288.5,288.5,288.5,950
AHPC,1min,1775543331,2026-04-07 12:13,2026-04-07,288.5,288.9,288.5,288.9,492
AHPC,1min,1775543414,2026-04-07 12:15,2026-04-07,288.9,289,288.9,289,171
AHPC,1min,1775543505,2026-04-07 12:16,2026-04-07,289,289,288,288,829
AHPC,1min,1775543556,2026-04-07 12:17,2026-04-07,288,289,288,289,70
AHPC,1min,1775543619,2026-04-07 12:18,2026-04-07,289,289,287.7,289,7051
AHPC,1min,1775543741,2026-04-07 12:20,2026-04-07,289,289,287.7,287.7,100
AHPC,1min,1775543873,2026-04-07 12:22,2026-04-07,287.7,287.7,287.3,287.3,1823
AHPC,1min,1775543931,2026-04-07 12:23,2026-04-07,287.3,287.3,287.3,287.3,200
AHPC,1min,1775543990,2026-04-07 12:24,2026-04-07,287.3,288,287.3,288,0
AHPC,1min,1775544046,2026-04-07 12:25,2026-04-07,288,288,287,288,4198
AHPC,1min,1775544098,2026-04-07 12:26,2026-04-07,288,288,286,286,2263
AHPC,1min,1775544155,2026-04-07 12:27,2026-04-07,286,286,286,286,945
AHPC,1min,1775544196,2026-04-07 12:28,2026-04-07,286,286,286,286,450
AHPC,1min,1775544342,2026-04-07 12:30,2026-04-07,286,286,286,286,550
AHPC,1min,1775544413,2026-04-07 12:31,2026-04-07,286,286,286,286,2850
AHPC,1min,1775544452,2026-04-07 12:32,2026-04-07,286,286,286,286,1685
AHPC,1min,1775544522,2026-04-07 12:33,2026-04-07,286,286.1,286,286.1,100
AHPC,1min,1775544592,2026-04-07 12:34,2026-04-07,286.1,286.1,286,286,1600
AHPC,1min,1775544657,2026-04-07 12:35,2026-04-07,286,286,286,286,1445
AHPC,1min,1775544717,2026-04-07 12:36,2026-04-07,286,286,285.1,285.1,2088
AHPC,1min,1775544756,2026-04-07 12:37,2026-04-07,285.1,286,285.1,286,280
AHPC,1min,1775544836,2026-04-07 12:38,2026-04-07,286,286,285.1,285.1,0
AHPC,1min,1775544862,2026-04-07 12:39,2026-04-07,285.1,285.1,285.1,285.1,2216
AHPC,1min,1775544958,2026-04-07 12:40,2026-04-07,285.1,286,285.1,286,50
AHPC,1min,1775544982,2026-04-07 12:41,2026-04-07,286,286,286,286,2050
AHPC,1min,1775545057,2026-04-07 12:42,2026-04-07,286,287,286,287,225
AHPC,1min,1775545090,2026-04-07 12:43,2026-04-07,287,287,287,287,763
AHPC,1min,1775545242,2026-04-07 12:45,2026-04-07,287,288,287,288,1600
AHPC,1min,1775545315,2026-04-07 12:46,2026-04-07,288,288,288,288,425
AHPC,1min,1775545361,2026-04-07 12:47,2026-04-07,288,288.9,288,288.9,277
AHPC,1min,1775545499,2026-04-07 12:49,2026-04-07,288.9,289,288.9,289,1500
AHPC,1min,1775545615,2026-04-07 12:51,2026-04-07,289,289,288.1,288.1,1100
AHPC,1min,1775545668,2026-04-07 12:52,2026-04-07,288.1,288.1,288.1,288.1,151
AHPC,1min,1775545792,2026-04-07 12:54,2026-04-07,288.1,288.5,288.1,288.5,0
AHPC,1min,1775545839,2026-04-07 12:55,2026-04-07,288.5,288.5,288.1,288.1,1403
AHPC,1min,1775545914,2026-04-07 12:56,2026-04-07,288.1,288.1,288,288,933
AHPC,1min,1775545944,2026-04-07 12:57,2026-04-07,288,288,287,287,620
AHPC,1min,1775546034,2026-04-07 12:58,2026-04-07,287,287,286.2,286.2,1933
AHPC,1min,1775546091,2026-04-07 12:59,2026-04-07,286.2,286.2,286.2,286.2,71
AHPC,1min,1775546135,2026-04-07 13:00,2026-04-07,286.2,286.2,286.2,286.2,30
AHPC,1min,1775546209,2026-04-07 13:01,2026-04-07,286.2,286.2,286,286,1250
AHPC,1min,1775546261,2026-04-07 13:02,2026-04-07,286,287,286,287,138
AHPC,1min,1775546337,2026-04-07 13:03,2026-04-07,287,287,287,287,20
AHPC,1min,1775546344,2026-04-07 13:04,2026-04-07,287,287,287,287,200
AHPC,1min,1775546511,2026-04-07 13:06,2026-04-07,287,287,287,287,1100
AHPC,1min,1775546560,2026-04-07 13:07,2026-04-07,287,287,286,286,1734
AHPC,1min,1775546748,2026-04-07 13:10,2026-04-07,286,286,286,286,100
AHPC,1min,1775546804,2026-04-07 13:11,2026-04-07,286,286,286,286,166
AHPC,1min,1775546925,2026-04-07 13:13,2026-04-07,286,287,286,287,10
AHPC,1min,1775546949,2026-04-07 13:14,2026-04-07,287,287,287,287,0
AHPC,1min,1775547166,2026-04-07 13:17,2026-04-07,287,287,286,286,1806
AHPC,1min,1775547218,2026-04-07 13:18,2026-04-07,286,286,285.6,286,734
AHPC,1min,1775547348,2026-04-07 13:20,2026-04-07,286,287,286,287,575
AHPC,1min,1775547652,2026-04-07 13:25,2026-04-07,287,287,286,286,700
AHPC,1min,1775547747,2026-04-07 13:27,2026-04-07,286,286,286,286,20
AHPC,1min,1775547781,2026-04-07 13:28,2026-04-07,286,286,286,286,0
AHPC,1min,1775547901,2026-04-07 13:30,2026-04-07,286,286,285.7,285.7,221
AHPC,1min,1775548067,2026-04-07 13:32,2026-04-07,285.7,287,285.7,287,90
AHPC,1min,1775548134,2026-04-07 13:33,2026-04-07,287,287.4,287,287.4,35
AHPC,1min,1775548187,2026-04-07 13:34,2026-04-07,287.4,287.5,287.4,287.5,1040
AHPC,1min,1775548254,2026-04-07 13:35,2026-04-07,287.5,287.9,287.5,287.9,50
AHPC,1min,1775548486,2026-04-07 13:39,2026-04-07,287.9,289,287.9,289,430
AHPC,1min,1775548516,2026-04-07 13:40,2026-04-07,289,289,289,289,294
AHPC,1min,1775548652,2026-04-07 13:42,2026-04-07,289,289,288.5,288.8,205
AHPC,1min,1775548681,2026-04-07 13:43,2026-04-07,288.8,289,288.8,289,208
AHPC,1min,1775548795,2026-04-07 13:44,2026-04-07,289,289,289,289,0
AHPC,1min,1775548833,2026-04-07 13:45,2026-04-07,289,289,288.5,289,2485
AHPC,1min,1775548901,2026-04-07 13:46,2026-04-07,289,289,289,289,425
AHPC,1min,1775548949,2026-04-07 13:47,2026-04-07,289,289,289,289,500
AHPC,1min,1775548983,2026-04-07 13:48,2026-04-07,289,289,288.5,288.5,150
AHPC,1min,1775549088,2026-04-07 13:49,2026-04-07,288.5,288.5,288.1,288.1,0
AHPC,1min,1775549271,2026-04-07 13:52,2026-04-07,288.1,288.2,288.1,288.2,2000
AHPC,1min,1775549295,2026-04-07 13:53,2026-04-07,288.2,289.3,288.2,289.3,50
AHPC,1min,1775549364,2026-04-07 13:54,2026-04-07,289.3,289.3,288.2,288.2,548
AHPC,1min,1775549452,2026-04-07 13:55,2026-04-07,288.2,289,288.2,289,110
AHPC,1min,1775549479,2026-04-07 13:56,2026-04-07,289,289,288.3,288.3,25
AHPC,1min,1775549552,2026-04-07 13:57,2026-04-07,288.3,288.3,288.3,288.3,800
AHPC,1min,1775549687,2026-04-07 13:59,2026-04-07,288.3,288.3,287.1,287.1,1997
AHPC,1min,1775549712,2026-04-07 14:00,2026-04-07,287.1,288,287.1,288,0
AHPC,1min,1775549780,2026-04-07 14:01,2026-04-07,288,288,288,288,1870
AHPC,1min,1775549868,2026-04-07 14:02,2026-04-07,288,288,288,288,1150
AHPC,1min,1775549984,2026-04-07 14:04,2026-04-07,288,288,287.9,287.9,10
AHPC,1min,1775550038,2026-04-07 14:05,2026-04-07,287.9,287.9,287.4,287.4,75
AHPC,1min,1775550098,2026-04-07 14:06,2026-04-07,287.4,287.4,287.1,287.1,988
AHPC,1min,1775550153,2026-04-07 14:07,2026-04-07,287.1,287.4,287.1,287.4,104
AHPC,1min,1775550237,2026-04-07 14:08,2026-04-07,287.4,287.4,287.1,287.1,468
AHPC,1min,1775550297,2026-04-07 14:09,2026-04-07,287.1,287.1,287,287,500
AHPC,1min,1775550330,2026-04-07 14:10,2026-04-07,287,287,287,287,179
AHPC,1min,1775550386,2026-04-07 14:11,2026-04-07,287,287.3,287,287.3,10
AHPC,1min,1775550459,2026-04-07 14:12,2026-04-07,287.3,287.3,286.6,286.6,1871
AHPC,1min,1775550538,2026-04-07 14:13,2026-04-07,286.6,286.6,285.8,285.8,3177
AHPC,1min,1775550573,2026-04-07 14:14,2026-04-07,285.8,285.8,285.7,285.7,50
AHPC,1min,1775550922,2026-04-07 14:20,2026-04-07,285.7,285.7,285.6,285.6,1320
AHPC,1min,1775551018,2026-04-07 14:21,2026-04-07,285.6,286.7,285.6,286.7,92
AHPC,1min,1775551084,2026-04-07 14:23,2026-04-07,286.7,286.7,286.7,286.7,20
AHPC,1min,1775551162,2026-04-07 14:24,2026-04-07,286.7,286.7,285.7,285.7,70
AHPC,1min,1775551318,2026-04-07 14:26,2026-04-07,285.7,285.8,285.7,285.8,300
AHPC,1min,1775551360,2026-04-07 14:27,2026-04-07,285.8,285.9,285.8,285.9,767
AHPC,1min,1775551380,2026-04-07 14:28,2026-04-07,285.9,285.9,285.9,285.9,0
AHPC,1min,1775551476,2026-04-07 14:29,2026-04-07,285.9,285.9,285.6,285.6,2285
AHPC,1min,1775551531,2026-04-07 14:30,2026-04-07,285.6,285.6,285.5,285.5,1490
AHPC,1min,1775551609,2026-04-07 14:31,2026-04-07,285.5,285.5,285.5,285.5,650
AHPC,1min,1775551621,2026-04-07 14:32,2026-04-07,285.5,285.5,285.1,285.1,3000
AHPC,1min,1775551739,2026-04-07 14:33,2026-04-07,285.1,285.3,285.1,285.1,330
AHPC,1min,1775551797,2026-04-07 14:34,2026-04-07,285.1,285.1,285,285,4756
AHPC,1min,1775551823,2026-04-07 14:35,2026-04-07,285,285,285,285,25
AHPC,1min,1775551881,2026-04-07 14:36,2026-04-07,285,285,285,285,457
AHPC,1min,1775551924,2026-04-07 14:37,2026-04-07,285,285,284.5,284.5,1793
AHPC,1min,1775552052,2026-04-07 14:39,2026-04-07,284.5,284.5,284.4,284.4,200
AHPC,1min,1775552135,2026-04-07 14:40,2026-04-07,284.4,285,284.4,285,200
AHPC,1min,1775552180,2026-04-07 14:41,2026-04-07,285,285,285,285,300
AHPC,1min,1775552265,2026-04-07 14:42,2026-04-07,285,285,284.6,285,290
AHPC,1min,1775552324,2026-04-07 14:43,2026-04-07,285,285,284.4,284.4,2000
AHPC,1min,1775552390,2026-04-07 14:44,2026-04-07,284.4,285,284.4,285,200
AHPC,1min,1775552433,2026-04-07 14:45,2026-04-07,285,285,284.4,284.4,226
AHPC,1min,1775552473,2026-04-07 14:46,2026-04-07,284.4,284.4,284.3,284.3,1000
AHPC,1min,1775552551,2026-04-07 14:47,2026-04-07,284.3,285,284.3,285,150
AHPC,1min,1775552740,2026-04-07 14:50,2026-04-07,285,285,284.4,285,1800
AHPC,1min,1775552867,2026-04-07 14:52,2026-04-07,285,285.3,284.9,285.3,53
AHPC,1min,1775552929,2026-04-07 14:53,2026-04-07,285.3,285.3,285,285,630
AHPC,1min,1775553051,2026-04-07 14:55,2026-04-07,285,285.9,285,285,5790
AHPC,1min,1775553113,2026-04-07 14:56,2026-04-07,285,285,284.8,284.8,387
AHPC,1min,1775553166,2026-04-07 14:57,2026-04-07,284.8,284.9,284.8,284.9,1759
AHPC,1min,1775553232,2026-04-07 14:58,2026-04-07,284.9,285,284.7,284.7,2516
AHPC,1min,1775553299,2026-04-07 14:59,2026-04-07,284.7,285.9,284.5,285,1660
AHPC,1min,1775625459,2026-04-08 11:02,2026-04-08,288,288,288,288,300
AHPC,1min,1775625544,2026-04-08 11:04,2026-04-08,288,289,288,289,700
AHPC,1min,1775625717,2026-04-08 11:06,2026-04-08,289,289,287,287,465
AHPC,1min,1775625770,2026-04-08 11:07,2026-04-08,287,288.2,287,287,1290
AHPC,1min,1775625837,2026-04-08 11:08,2026-04-08,287,288.2,287,288.2,1411
AHPC,1min,1775625871,2026-04-08 11:09,2026-04-08,288.2,288.2,288.2,288.2,130
AHPC,1min,1775625932,2026-04-08 11:10,2026-04-08,288.2,288.2,288.2,288.2,250
AHPC,1min,1775626044,2026-04-08 11:12,2026-04-08,288.2,288.2,287,287,1168
AHPC,1min,1775626127,2026-04-08 11:13,2026-04-08,287,287,287,287,450
AHPC,1min,1775626199,2026-04-08 11:14,2026-04-08,287,287,287,287,100
AHPC,1min,1775626256,2026-04-08 11:15,2026-04-08,287,287,287,287,1005
AHPC,1min,1775626305,2026-04-08 11:16,2026-04-08,287,287,287,287,200
AHPC,1min,1775626420,2026-04-08 11:18,2026-04-08,287,287,286.5,286.5,595
AHPC,1min,1775626496,2026-04-08 11:19,2026-04-08,286.5,287,286.5,287,705
AHPC,1min,1775626545,2026-04-08 11:20,2026-04-08,287,287.7,287,287.7,270
AHPC,1min,1775626667,2026-04-08 11:22,2026-04-08,287.7,287.7,286.5,286.5,50
AHPC,1min,1775626735,2026-04-08 11:23,2026-04-08,286.5,287,286.5,287,200
AHPC,1min,1775626777,2026-04-08 11:24,2026-04-08,287,287,287,287,1087
AHPC,1min,1775626832,2026-04-08 11:25,2026-04-08,287,288,287,287.3,3500
AHPC,1min,1775626897,2026-04-08 11:26,2026-04-08,287.3,287.3,287.3,287.3,526
AHPC,1min,1775626935,2026-04-08 11:27,2026-04-08,287.3,288,287.3,288,190
AHPC,1min,1775627033,2026-04-08 11:28,2026-04-08,288,289,288,288.9,2120
AHPC,1min,1775627096,2026-04-08 11:29,2026-04-08,288.9,289,288.9,289,4744
AHPC,1min,1775627128,2026-04-08 11:30,2026-04-08,289,290,287.6,287.6,14500
AHPC,1min,1775627178,2026-04-08 11:31,2026-04-08,287.6,287.6,287.3,287.3,500
AHPC,1min,1775627265,2026-04-08 11:32,2026-04-08,287.3,287.4,286.6,286.6,2649
AHPC,1min,1775627375,2026-04-08 11:34,2026-04-08,286.6,289.9,286.6,289.9,200
AHPC,1min,1775627536,2026-04-08 11:37,2026-04-08,289.9,289.9,287.1,287.1,50
AHPC,1min,1775627597,2026-04-08 11:38,2026-04-08,287.1,287.1,286.6,286.6,820
AHPC,1min,1775628036,2026-04-08 11:45,2026-04-08,286.6,287,286.6,286.7,392
AHPC,1min,1775628078,2026-04-08 11:46,2026-04-08,286.7,287,286.7,287,200
AHPC,1min,1775628182,2026-04-08 11:48,2026-04-08,287,287,287,287,260
AHPC,1min,1775628468,2026-04-08 11:52,2026-04-08,287,288,287,288,0
AHPC,1min,1775628518,2026-04-08 11:53,2026-04-08,288,288,288,288,5395
AHPC,1min,1775628764,2026-04-08 11:57,2026-04-08,288,288,287,287,1069
AHPC,1min,1775628902,2026-04-08 12:00,2026-04-08,287,287,287,287,50
AHPC,1min,1775628976,2026-04-08 12:01,2026-04-08,287,288,287,288,510
AHPC,1min,1775629308,2026-04-08 12:06,2026-04-08,288,288,287,288,1060
AHPC,1min,1775629350,2026-04-08 12:07,2026-04-08,288,288.8,288,288.8,1310
AHPC,1min,1775629439,2026-04-08 12:08,2026-04-08,288.8,288.8,287.2,288,2100
AHPC,1min,1775629664,2026-04-08 12:12,2026-04-08,288,289,288,289,600
AHPC,1min,1775629729,2026-04-08 12:13,2026-04-08,289,289,288.6,288.6,100
AHPC,1min,1775629857,2026-04-08 12:15,2026-04-08,288.6,289,288.6,289,5000
AHPC,1min,1775629896,2026-04-08 12:16,2026-04-08,289,289.7,289,289.7,200
AHPC,1min,1775629968,2026-04-08 12:17,2026-04-08,289.7,290,289.7,290,6300
AHPC,1min,1775630009,2026-04-08 12:18,2026-04-08,290,290,290,290,121
AHPC,1min,1775630091,2026-04-08 12:19,2026-04-08,290,290,288.9,288.9,1000
AHPC,1min,1775630332,2026-04-08 12:23,2026-04-08,288.9,288.9,287.4,287.4,9803
AHPC,1min,1775630433,2026-04-08 12:25,2026-04-08,287.4,288.5,287.4,288.5,40
AHPC,1min,1775630626,2026-04-08 12:28,2026-04-08,288.5,288.5,288,288,90
AHPC,1min,1775630678,2026-04-08 12:29,2026-04-08,288,288,288,288,200
AHPC,1min,1775630742,2026-04-08 12:30,2026-04-08,288,288,288,288,100
AHPC,1min,1775630839,2026-04-08 12:32,2026-04-08,288,288,288,288,170
AHPC,1min,1775630969,2026-04-08 12:34,2026-04-08,288,288,287.3,287.3,11
AHPC,1min,1775631261,2026-04-08 12:39,2026-04-08,287.3,288,287.3,288,700
AHPC,1min,1775631439,2026-04-08 12:42,2026-04-08,288,288,288,288,50
AHPC,1min,1775631492,2026-04-08 12:43,2026-04-08,288,288.5,288,288.5,50
AHPC,1min,1775631583,2026-04-08 12:44,2026-04-08,288.5,288.9,288.5,288.9,1062
AHPC,1min,1775631632,2026-04-08 12:45,2026-04-08,288.9,288.9,288.9,288.9,46
AHPC,1min,1775631772,2026-04-08 12:47,2026-04-08,288.9,288.9,288.9,288.9,300
AHPC,1min,1775631801,2026-04-08 12:48,2026-04-08,288.9,288.9,288.6,288.6,50
AHPC,1min,1775631888,2026-04-08 12:49,2026-04-08,288.6,288.6,288.5,288.5,42
AHPC,1min,1775631957,2026-04-08 12:50,2026-04-08,288.5,288.5,288.5,288.5,192
AHPC,1min,1775632017,2026-04-08 12:51,2026-04-08,288.5,288.5,288.5,288.5,200
AHPC,1min,1775632077,2026-04-08 12:52,2026-04-08,288.5,288.6,288.1,288.6,1500
AHPC,1min,1775632133,2026-04-08 12:53,2026-04-08,288.6,288.6,288.6,288.6,1190
AHPC,1min,1775632193,2026-04-08 12:54,2026-04-08,288.6,288.9,288.5,288.5,1897
AHPC,1min,1775632244,2026-04-08 12:55,2026-04-08,288.5,290,288.5,290,10000
AHPC,1min,1775632315,2026-04-08 12:56,2026-04-08,290,290,288.5,288.5,5300
AHPC,1min,1775632359,2026-04-08 12:57,2026-04-08,288.5,290,288.3,290,1355
AHPC,1min,1775632481,2026-04-08 12:59,2026-04-08,290,290,290,290,335
AHPC,1min,1775632614,2026-04-08 13:01,2026-04-08,290,290,289.9,290,1701
AHPC,1min,1775632720,2026-04-08 13:03,2026-04-08,290,290,289.9,289.9,2035
AHPC,1min,1775632798,2026-04-08 13:04,2026-04-08,289.9,290.1,289.9,290.1,260
AHPC,1min,1775632845,2026-04-08 13:05,2026-04-08,290.1,290.7,290.1,290.7,390
AHPC,1min,1775632908,2026-04-08 13:06,2026-04-08,290.7,290.7,290.1,290.1,25
AHPC,1min,1775632974,2026-04-08 13:07,2026-04-08,290.1,290.6,289.1,289.1,2235
AHPC,1min,1775633029,2026-04-08 13:08,2026-04-08,289.1,290,289.1,289.1,1042
AHPC,1min,1775633099,2026-04-08 13:09,2026-04-08,289.1,290,289,289,4531
AHPC,1min,1775633159,2026-04-08 13:10,2026-04-08,289,289.9,289,289.9,1500
AHPC,1min,1775633216,2026-04-08 13:11,2026-04-08,289.9,289.9,288.4,288.4,1176
AHPC,1min,1775633273,2026-04-08 13:12,2026-04-08,288.4,289,288.4,288.4,1107
AHPC,1min,1775633324,2026-04-08 13:13,2026-04-08,288.4,288.4,288.1,288.1,0
AHPC,1min,1775633399,2026-04-08 13:14,2026-04-08,288.1,288.1,287.8,288,5437
AHPC,1min,1775633438,2026-04-08 13:15,2026-04-08,288,288,287.8,287.8,213
AHPC,1min,1775633463,2026-04-08 13:16,2026-04-08,287.8,287.8,287.4,287.4,536
AHPC,1min,1775633567,2026-04-08 13:17,2026-04-08,287.4,287.5,287.4,287.5,45
AHPC,1min,1775633698,2026-04-08 13:19,2026-04-08,287.5,288,287.5,288,1324
AHPC,1min,1775633755,2026-04-08 13:20,2026-04-08,288,288,288,288,523
AHPC,1min,1775633929,2026-04-08 13:23,2026-04-08,288,289.7,288,289.7,923
AHPC,1min,1775633946,2026-04-08 13:24,2026-04-08,289.7,289.7,289.6,289.6,787
AHPC,1min,1775634023,2026-04-08 13:25,2026-04-08,289.6,289.6,289.6,289.6,75
AHPC,1min,1775634117,2026-04-08 13:26,2026-04-08,289.6,289.6,289.6,289.6,113
AHPC,1min,1775634126,2026-04-08 13:27,2026-04-08,289.6,289.9,289.6,289.9,1000
AHPC,1min,1775634222,2026-04-08 13:28,2026-04-08,289.9,290,289.9,290,0
AHPC,1min,1775634260,2026-04-08 13:29,2026-04-08,290,290,290,290,2510
AHPC,1min,1775634347,2026-04-08 13:30,2026-04-08,290,290,289.9,290,532
AHPC,1min,1775634431,2026-04-08 13:32,2026-04-08,290,290,290,290,100
AHPC,1min,1775634538,2026-04-08 13:33,2026-04-08,290,290,289.9,290,3762
AHPC,1min,1775634553,2026-04-08 13:34,2026-04-08,290,290.2,290,290.2,100
AHPC,1min,1775634779,2026-04-08 13:37,2026-04-08,290.2,290.9,290.2,290.9,5000
AHPC,1min,1775634821,2026-04-08 13:38,2026-04-08,290.9,290.9,290.9,290.9,250
AHPC,1min,1775634894,2026-04-08 13:39,2026-04-08,290.9,290.9,290.9,290.9,551
AHPC,1min,1775634915,2026-04-08 13:40,2026-04-08,290.9,291,290.9,291,953
AHPC,1min,1775635003,2026-04-08 13:41,2026-04-08,291,291,290.9,291,1112
AHPC,1min,1775635106,2026-04-08 13:43,2026-04-08,291,291,290,290,515
AHPC,1min,1775635188,2026-04-08 13:44,2026-04-08,290,290.9,290,290.9,715
AHPC,1min,1775635245,2026-04-08 13:45,2026-04-08,290.9,290.9,289,289,3169
AHPC,1min,1775635303,2026-04-08 13:46,2026-04-08,289,289,287.5,287.5,6684
AHPC,1min,1775635520,2026-04-08 13:50,2026-04-08,287.5,287.8,287.5,287.8,25
AHPC,1min,1775635647,2026-04-08 13:52,2026-04-08,287.8,289,287.8,289,0
AHPC,1min,1775635728,2026-04-08 13:53,2026-04-08,289,289.9,289,289.9,595
AHPC,1min,1775636017,2026-04-08 13:58,2026-04-08,289.9,289.9,288,288,50
AHPC,1min,1775636057,2026-04-08 13:59,2026-04-08,288,288,288,288,50
AHPC,1min,1775636150,2026-04-08 14:00,2026-04-08,288,289,288,289,1026
AHPC,1min,1775636214,2026-04-08 14:01,2026-04-08,289,289,288.2,288.2,2044
AHPC,1min,1775636252,2026-04-08 14:02,2026-04-08,288.2,289,288.2,289,0
AHPC,1min,1775636302,2026-04-08 14:03,2026-04-08,289,289,288.1,289,1110
AHPC,1min,1775636400,2026-04-08 14:05,2026-04-08,289,289,289,289,55
AHPC,1min,1775636688,2026-04-08 14:09,2026-04-08,289,289,289,289,2500
AHPC,1min,1775636700,2026-04-08 14:10,2026-04-08,289,289,289,289,2500
AHPC,1min,1775636771,2026-04-08 14:11,2026-04-08,289,289,288,288,1500
AHPC,1min,1775636878,2026-04-08 14:12,2026-04-08,288,288,288,288,587
AHPC,1min,1775636927,2026-04-08 14:13,2026-04-08,288,288,288,288,3000
AHPC,1min,1775636992,2026-04-08 14:14,2026-04-08,288,288.8,288,288.8,2015
AHPC,1min,1775637040,2026-04-08 14:15,2026-04-08,288.8,288.8,288,288,2476
AHPC,1min,1775637153,2026-04-08 14:17,2026-04-08,288,288,288,288,260
AHPC,1min,1775637406,2026-04-08 14:21,2026-04-08,288,288,288,288,10
AHPC,1min,1775637474,2026-04-08 14:22,2026-04-08,288,288,288,288,50
AHPC,1min,1775637559,2026-04-08 14:24,2026-04-08,288,288,288,288,210
AHPC,1min,1775637620,2026-04-08 14:25,2026-04-08,288,288,287.7,287.7,1000
AHPC,1min,1775637719,2026-04-08 14:26,2026-04-08,287.7,287.8,287.3,287.8,2018
AHPC,1min,1775637746,2026-04-08 14:27,2026-04-08,287.8,287.8,287.8,287.8,0
AHPC,1min,1775637825,2026-04-08 14:28,2026-04-08,287.8,287.8,287.2,287.2,2701
AHPC,1min,1775637878,2026-04-08 14:29,2026-04-08,287.2,287.2,287.1,287.2,530
AHPC,1min,1775637956,2026-04-08 14:30,2026-04-08,287.2,287.6,287.2,287.6,20
AHPC,1min,1775637998,2026-04-08 14:31,2026-04-08,287.6,287.6,287.1,287.1,748
AHPC,1min,1775638053,2026-04-08 14:32,2026-04-08,287.1,287.1,287.1,287.1,275
AHPC,1min,1775638109,2026-04-08 14:33,2026-04-08,287.1,287.6,287.1,287.6,342
AHPC,1min,1775638152,2026-04-08 14:34,2026-04-08,287.6,287.6,287.2,287.2,12
AHPC,1min,1775638256,2026-04-08 14:35,2026-04-08,287.2,287.2,287.2,287.2,116
AHPC,1min,1775638364,2026-04-08 14:37,2026-04-08,287.2,287.5,287.2,287.5,220
AHPC,1min,1775638415,2026-04-08 14:38,2026-04-08,287.5,287.5,287.5,287.5,137
AHPC,1min,1775638476,2026-04-08 14:39,2026-04-08,287.5,288.9,287.5,288.9,10992
AHPC,1min,1775638512,2026-04-08 14:40,2026-04-08,288.9,288.9,288.9,288.9,200
AHPC,1min,1775638632,2026-04-08 14:42,2026-04-08,288.9,289,288.9,289,3000
AHPC,1min,1775638722,2026-04-08 14:43,2026-04-08,289,289,288.9,289,2045
AHPC,1min,1775638797,2026-04-08 14:44,2026-04-08,289,289.8,289,289.8,3026
AHPC,1min,1775638853,2026-04-08 14:45,2026-04-08,289.8,289.8,289.7,289.7,1490
AHPC,1min,1775638877,2026-04-08 14:46,2026-04-08,289.7,289.7,289.7,289.7,0
AHPC,1min,1775638977,2026-04-08 14:47,2026-04-08,289.7,289.7,289.7,289.7,520
AHPC,1min,1775639032,2026-04-08 14:48,2026-04-08,289.7,289.7,289.7,289.7,110
AHPC,1min,1775639093,2026-04-08 14:49,2026-04-08,289.7,289.9,289.2,289.9,3145
AHPC,1min,1775639110,2026-04-08 14:50,2026-04-08,289.9,289.9,289.1,289.1,21
AHPC,1min,1775639216,2026-04-08 14:51,2026-04-08,289.1,289.1,289,289,6502
AHPC,1min,1775639248,2026-04-08 14:52,2026-04-08,289,289,289,289,1727
AHPC,1min,1775639326,2026-04-08 14:53,2026-04-08,289,289.1,288,288,2966
AHPC,1min,1775639394,2026-04-08 14:54,2026-04-08,288,289.7,288,289.7,7846
AHPC,1min,1775639404,2026-04-08 14:55,2026-04-08,289.7,289.7,288.1,288.1,233
AHPC,1min,1775639502,2026-04-08 14:56,2026-04-08,288.1,289.8,288.1,289.8,4995
AHPC,1min,1775639563,2026-04-08 14:57,2026-04-08,289.8,289.8,289.7,289.7,3254
AHPC,1min,1775639631,2026-04-08 14:58,2026-04-08,289.7,289.7,289.1,289.7,250
AHPC,1min,1775639699,2026-04-08 14:59,2026-04-08,289.7,289.9,289.1,289.9,5105
AHPC,1min,1775711938,2026-04-09 11:03,2026-04-09,293.6,294.9,290.3,294.9,218
AHPC,1min,1775711965,2026-04-09 11:04,2026-04-09,294.9,294.9,294.9,294.9,1510
AHPC,1min,1775712049,2026-04-09 11:05,2026-04-09,294.9,294.9,292,292,1525
AHPC,1min,1775712100,2026-04-09 11:06,2026-04-09,292,294,292,294,0
AHPC,1min,1775712173,2026-04-09 11:07,2026-04-09,294,294,293,293,80
AHPC,1min,1775712285,2026-04-09 11:09,2026-04-09,293,293,292,292,126
AHPC,1min,1775712355,2026-04-09 11:10,2026-04-09,292,292,291,291,2410
AHPC,1min,1775712416,2026-04-09 11:11,2026-04-09,291,291,291,291,1092
AHPC,1min,1775712462,2026-04-09 11:12,2026-04-09,291,291,290.2,290.2,830
AHPC,1min,1775712505,2026-04-09 11:13,2026-04-09,290.2,290.2,290.2,290.2,105
AHPC,1min,1775712595,2026-04-09 11:14,2026-04-09,290.2,290.3,290.2,290.3,0
AHPC,1min,1775712656,2026-04-09 11:15,2026-04-09,290.3,290.4,290.3,290.4,260
AHPC,1min,1775712700,2026-04-09 11:16,2026-04-09,290.4,291,290.4,291,300
AHPC,1min,1775712738,2026-04-09 11:17,2026-04-09,291,291,291,291,300
AHPC,1min,1775712808,2026-04-09 11:18,2026-04-09,291,291.8,291,291.8,480
AHPC,1min,1775712871,2026-04-09 11:19,2026-04-09,291.8,291.8,291,291,575
AHPC,1min,1775712906,2026-04-09 11:20,2026-04-09,291,291,291,291,100
AHPC,1min,1775713004,2026-04-09 11:21,2026-04-09,291,291.7,290.3,291,2993
AHPC,1min,1775713137,2026-04-09 11:23,2026-04-09,291,291.5,291,291.5,550
AHPC,1min,1775713195,2026-04-09 11:24,2026-04-09,291.5,291.5,290.2,290.2,56
AHPC,1min,1775713344,2026-04-09 11:27,2026-04-09,290.2,290.2,290,290,1076
AHPC,1min,1775713427,2026-04-09 11:28,2026-04-09,290,291.5,290,291.5,10
AHPC,1min,1775713503,2026-04-09 11:30,2026-04-09,291.5,291.7,291.5,291.7,200
AHPC,1min,1775713726,2026-04-09 11:33,2026-04-09,291.7,291.7,291.6,291.6,72
AHPC,1min,1775713857,2026-04-09 11:35,2026-04-09,291.6,291.6,290.3,290.4,365
AHPC,1min,1775713973,2026-04-09 11:37,2026-04-09,290.4,292,290.4,292,3141
AHPC,1min,1775714032,2026-04-09 11:38,2026-04-09,292,293,292,293,468
AHPC,1min,1775714123,2026-04-09 11:40,2026-04-09,293,293,293,293,870
AHPC,1min,1775714202,2026-04-09 11:41,2026-04-09,293,293,292.1,292.1,75
AHPC,1min,1775714270,2026-04-09 11:42,2026-04-09,292.1,292.1,292.1,292.1,61
AHPC,1min,1775714332,2026-04-09 11:43,2026-04-09,292.1,293,292.1,293,10
AHPC,1min,1775714370,2026-04-09 11:44,2026-04-09,293,293.5,293,293.5,162
AHPC,1min,1775714448,2026-04-09 11:45,2026-04-09,293.5,293.5,293.5,293.5,100
AHPC,1min,1775714494,2026-04-09 11:46,2026-04-09,293.5,293.5,293.5,293.5,740
AHPC,1min,1775714576,2026-04-09 11:47,2026-04-09,293.5,293.9,293.5,293.9,547
AHPC,1min,1775714593,2026-04-09 11:48,2026-04-09,293.9,294,293.9,294,230
AHPC,1min,1775714684,2026-04-09 11:49,2026-04-09,294,294,293,294,595
AHPC,1min,1775714756,2026-04-09 11:50,2026-04-09,294,294,294,294,1588
AHPC,1min,1775714780,2026-04-09 11:51,2026-04-09,294,294,294,294,0
AHPC,1min,1775714875,2026-04-09 11:52,2026-04-09,294,294,293,293.9,425
AHPC,1min,1775714921,2026-04-09 11:53,2026-04-09,293.9,293.9,293,293.2,182
AHPC,1min,1775714988,2026-04-09 11:54,2026-04-09,293.2,293.2,293.1,293.1,94
AHPC,1min,1775715054,2026-04-09 11:55,2026-04-09,293.1,293.4,293,293.4,250
AHPC,1min,1775715115,2026-04-09 11:56,2026-04-09,293.4,293.4,293,293,15
AHPC,1min,1775715158,2026-04-09 11:57,2026-04-09,293,293,293,293,352
AHPC,1min,1775715345,2026-04-09 12:00,2026-04-09,293,293,292,292,764
AHPC,1min,1775715396,2026-04-09 12:01,2026-04-09,292,292,291,291,546
AHPC,1min,1775715587,2026-04-09 12:04,2026-04-09,291,292,291,292,210
AHPC,1min,1775715717,2026-04-09 12:06,2026-04-09,292,292.1,292,292.1,200
AHPC,1min,1775715779,2026-04-09 12:07,2026-04-09,292.1,292.1,292,292.1,436
AHPC,1min,1775715790,2026-04-09 12:08,2026-04-09,292.1,292.1,292,292,300
AHPC,1min,1775715874,2026-04-09 12:09,2026-04-09,292,293,292,293,1488
AHPC,1min,1775715950,2026-04-09 12:10,2026-04-09,293,293.5,293,293.5,596
AHPC,1min,1775716078,2026-04-09 12:12,2026-04-09,293.5,293.6,293.5,293.6,11
AHPC,1min,1775716105,2026-04-09 12:13,2026-04-09,293.6,293.6,293.5,293.5,95
AHPC,1min,1775716158,2026-04-09 12:14,2026-04-09,293.5,293.5,293.5,293.5,15
AHPC,1min,1775716202,2026-04-09 12:15,2026-04-09,293.5,293.7,293.5,293.7,0
AHPC,1min,1775716376,2026-04-09 12:17,2026-04-09,293.7,293.8,293.7,293.8,3097
AHPC,1min,1775716494,2026-04-09 12:19,2026-04-09,293.8,293.8,292.7,292.7,386
AHPC,1min,1775716530,2026-04-09 12:20,2026-04-09,292.7,293.9,292.7,293.7,200
AHPC,1min,1775716596,2026-04-09 12:21,2026-04-09,293.7,293.7,292.7,292.7,503
AHPC,1min,1775716721,2026-04-09 12:23,2026-04-09,292.7,293.6,292.7,293.6,500
AHPC,1min,1775716795,2026-04-09 12:24,2026-04-09,293.6,293.6,293.1,293.1,16
AHPC,1min,1775716855,2026-04-09 12:25,2026-04-09,293.1,293.3,293.1,293.3,25
AHPC,1min,1775716965,2026-04-09 12:27,2026-04-09,293.3,293.5,293.3,293.5,100
AHPC,1min,1775717089,2026-04-09 12:29,2026-04-09,293.5,293.5,293.5,293.5,800
AHPC,1min,1775717193,2026-04-09 12:31,2026-04-09,293.5,293.5,293,293.5,0
AHPC,1min,1775717331,2026-04-09 12:33,2026-04-09,293.5,293.5,293,293,2755
AHPC,1min,1775717399,2026-04-09 12:34,2026-04-09,293,293,293,293,65
AHPC,1min,1775717456,2026-04-09 12:35,2026-04-09,293,293,293,293,79
AHPC,1min,1775717487,2026-04-09 12:36,2026-04-09,293,293,292.8,292.8,1500
AHPC,1min,1775717572,2026-04-09 12:37,2026-04-09,292.8,293,292.7,292.7,360
AHPC,1min,1775717611,2026-04-09 12:38,2026-04-09,292.7,292.7,292.5,292.5,2868
AHPC,1min,1775717747,2026-04-09 12:40,2026-04-09,292.5,292.5,292.1,292.5,1038
AHPC,1min,1775717822,2026-04-09 12:42,2026-04-09,292.5,292.5,292,292,100
AHPC,1min,1775717925,2026-04-09 12:43,2026-04-09,292,292,292,292,2625
AHPC,1min,1775717969,2026-04-09 12:44,2026-04-09,292,292,292,292,201
AHPC,1min,1775718037,2026-04-09 12:45,2026-04-09,292,292,292,292,257
AHPC,1min,1775718061,2026-04-09 12:46,2026-04-09,292,292,291.5,291.5,16
AHPC,1min,1775718172,2026-04-09 12:47,2026-04-09,291.5,292.9,291.5,292.9,1660
AHPC,1min,1775718346,2026-04-09 12:50,2026-04-09,292.9,292.9,292.9,292.9,970
AHPC,1min,1775718414,2026-04-09 12:51,2026-04-09,292.9,293,292.2,293,45
AHPC,1min,1775718460,2026-04-09 12:52,2026-04-09,293,293.5,293,293,150
AHPC,1min,1775718532,2026-04-09 12:53,2026-04-09,293,293,292.6,292.6,641
AHPC,1min,1775718595,2026-04-09 12:54,2026-04-09,292.6,293.5,292.6,293.5,10
AHPC,1min,1775718719,2026-04-09 12:56,2026-04-09,293.5,293.6,293,293,675
AHPC,1min,1775718746,2026-04-09 12:57,2026-04-09,293,293.7,293,293.7,10
AHPC,1min,1775718823,2026-04-09 12:58,2026-04-09,293.7,293.7,293,293.7,602
AHPC,1min,1775718894,2026-04-09 12:59,2026-04-09,293.7,293.7,293.7,293.7,1000
AHPC,1min,1775718911,2026-04-09 13:00,2026-04-09,293.7,293.9,293.7,293.9,3020
AHPC,1min,1775719006,2026-04-09 13:01,2026-04-09,293.9,293.9,293.9,293.9,511
AHPC,1min,1775719079,2026-04-09 13:02,2026-04-09,293.9,293.9,293.2,293.3,384
AHPC,1min,1775719137,2026-04-09 13:03,2026-04-09,293.3,294,293.2,294,1056
AHPC,1min,1775719171,2026-04-09 13:04,2026-04-09,294,294,293.2,294,315
AHPC,1min,1775719207,2026-04-09 13:05,2026-04-09,294,294,293.9,293.9,120
AHPC,1min,1775719344,2026-04-09 13:07,2026-04-09,293.9,293.9,293.1,293.1,520
AHPC,1min,1775719409,2026-04-09 13:08,2026-04-09,293.1,293.2,293.1,293.2,24
AHPC,1min,1775719487,2026-04-09 13:09,2026-04-09,293.2,293.5,293.2,293.5,451
AHPC,1min,1775719581,2026-04-09 13:11,2026-04-09,293.5,293.9,293.5,293.9,3000
AHPC,1min,1775719797,2026-04-09 13:14,2026-04-09,293.9,294,293.7,293.7,2367
AHPC,1min,1775719854,2026-04-09 13:15,2026-04-09,293.7,294,293.7,293.7,431
AHPC,1min,1775719907,2026-04-09 13:16,2026-04-09,293.7,294,293.7,294,100
AHPC,1min,1775720099,2026-04-09 13:19,2026-04-09,294,294,293.7,293.7,803
AHPC,1min,1775720138,2026-04-09 13:20,2026-04-09,293.7,294,293.7,293.7,1800
AHPC,1min,1775720210,2026-04-09 13:21,2026-04-09,293.7,294,293.7,294,244
AHPC,1min,1775720271,2026-04-09 13:22,2026-04-09,294,294,293.9,293.9,4145
AHPC,1min,1775720328,2026-04-09 13:23,2026-04-09,293.9,294,293.7,293.7,703
AHPC,1min,1775720390,2026-04-09 13:24,2026-04-09,293.7,293.7,293,293,2575
AHPC,1min,1775720450,2026-04-09 13:25,2026-04-09,293,293.4,293,293.1,510
AHPC,1min,1775720507,2026-04-09 13:26,2026-04-09,293.1,293.1,293,293,606
AHPC,1min,1775720578,2026-04-09 13:27,2026-04-09,293,293.1,293,293.1,138
AHPC,1min,1775720606,2026-04-09 13:28,2026-04-09,293.1,293.1,293,293,500
AHPC,1min,1775720699,2026-04-09 13:29,2026-04-09,293,293.4,293,293.1,70
AHPC,1min,1775720750,2026-04-09 13:30,2026-04-09,293.1,293.1,293.1,293.1,25
AHPC,1min,1775720876,2026-04-09 13:32,2026-04-09,293.1,293.4,293,293.4,3100
AHPC,1min,1775720936,2026-04-09 13:33,2026-04-09,293.4,293.4,293.2,293.2,881
AHPC,1min,1775721117,2026-04-09 13:36,2026-04-09,293.2,294,293.2,294,20
AHPC,1min,1775721165,2026-04-09 13:37,2026-04-09,294,294,294,294,1759
AHPC,1min,1775721188,2026-04-09 13:38,2026-04-09,294,294,294,294,0
AHPC,1min,1775721355,2026-04-09 13:40,2026-04-09,294,294,293.1,293.1,1602
AHPC,1min,1775721429,2026-04-09 13:42,2026-04-09,293.1,293.1,293,293,2047
AHPC,1min,1775721514,2026-04-09 13:43,2026-04-09,293,294.1,293,294.1,550
AHPC,1min,1775721543,2026-04-09 13:44,2026-04-09,294.1,294.1,293,293,90
AHPC,1min,1775721666,2026-04-09 13:46,2026-04-09,293,293.1,293,293.1,21
AHPC,1min,1775721770,2026-04-09 13:47,2026-04-09,293.1,293.9,293.1,293.9,261
AHPC,1min,1775721818,2026-04-09 13:48,2026-04-09,293.9,294,293.1,294,54
AHPC,1min,1775721878,2026-04-09 13:49,2026-04-09,294,294,294,294,310
AHPC,1min,1775722135,2026-04-09 13:53,2026-04-09,294,294,294,294,301
AHPC,1min,1775722182,2026-04-09 13:54,2026-04-09,294,294.2,294,294.2,1397
AHPC,1min,1775722241,2026-04-09 13:55,2026-04-09,294.2,295,294.2,295,11400
AHPC,1min,1775722293,2026-04-09 13:56,2026-04-09,295,295.6,295,295.6,467
AHPC,1min,1775722365,2026-04-09 13:57,2026-04-09,295.6,295.8,295.6,295.8,765
AHPC,1min,1775722405,2026-04-09 13:58,2026-04-09,295.8,295.8,295.8,295.8,553
AHPC,1min,1775722496,2026-04-09 13:59,2026-04-09,295.8,295.8,295.7,295.7,482
AHPC,1min,1775722548,2026-04-09 14:00,2026-04-09,295.7,296,295.7,295.7,1950
AHPC,1min,1775722607,2026-04-09 14:01,2026-04-09,295.7,296,295.7,296,1530
AHPC,1min,1775722642,2026-04-09 14:02,2026-04-09,296,296.8,296,296.8,1306
AHPC,1min,1775722738,2026-04-09 14:03,2026-04-09,296.8,296.9,295.5,295.5,4460
AHPC,1min,1775722817,2026-04-09 14:05,2026-04-09,295.5,296,295.5,296,0
AHPC,1min,1775722910,2026-04-09 14:06,2026-04-09,296,296,296,296,1080
AHPC,1min,1775722928,2026-04-09 14:07,2026-04-09,296,296,296,296,155
AHPC,1min,1775723010,2026-04-09 14:08,2026-04-09,296,296,295.8,295.8,20
AHPC,1min,1775723084,2026-04-09 14:09,2026-04-09,295.8,295.8,295.8,295.8,0
AHPC,1min,1775723114,2026-04-09 14:10,2026-04-09,295.8,295.8,295.8,295.8,123
AHPC,1min,1775723186,2026-04-09 14:11,2026-04-09,295.8,295.9,295.8,295.9,1000
AHPC,1min,1775723276,2026-04-09 14:12,2026-04-09,295.9,295.9,295.1,295.8,614
AHPC,1min,1775723330,2026-04-09 14:13,2026-04-09,295.8,295.8,295.1,295.1,403
AHPC,1min,1775723383,2026-04-09 14:14,2026-04-09,295.1,295.2,295.1,295.2,100
AHPC,1min,1775723505,2026-04-09 14:16,2026-04-09,295.2,295.3,295.2,295.3,10
AHPC,1min,1775723536,2026-04-09 14:17,2026-04-09,295.3,295.3,295.2,295.2,627
AHPC,1min,1775723647,2026-04-09 14:19,2026-04-09,295.2,295.2,295.2,295.2,500
AHPC,1min,1775723754,2026-04-09 14:20,2026-04-09,295.2,295.6,295.2,295.6,20
AHPC,1min,1775723908,2026-04-09 14:23,2026-04-09,295.6,295.6,295.4,295.4,220
AHPC,1min,1775723991,2026-04-09 14:24,2026-04-09,295.4,295.4,295,295,1049
AHPC,1min,1775724055,2026-04-09 14:25,2026-04-09,295,295.3,295,295.1,1670
AHPC,1min,1775724086,2026-04-09 14:26,2026-04-09,295.1,295.4,295.1,295.4,611
AHPC,1min,1775724145,2026-04-09 14:27,2026-04-09,295.4,295.5,295.4,295.5,500
AHPC,1min,1775724229,2026-04-09 14:28,2026-04-09,295.5,295.5,295.5,295.5,1476
AHPC,1min,1775724279,2026-04-09 14:29,2026-04-09,295.5,295.7,295.5,295.7,1106
AHPC,1min,1775724352,2026-04-09 14:30,2026-04-09,295.7,295.9,295.6,295.6,7939
AHPC,1min,1775724397,2026-04-09 14:31,2026-04-09,295.6,296,295.6,296,496
AHPC,1min,1775724472,2026-04-09 14:32,2026-04-09,296,296.4,296,296.4,718
AHPC,1min,1775724500,2026-04-09 14:33,2026-04-09,296.4,296.7,296.4,296.7,1049
AHPC,1min,1775724597,2026-04-09 14:34,2026-04-09,296.7,297,296.7,297,2080
AHPC,1min,1775724658,2026-04-09 14:35,2026-04-09,297,297,296.9,297,3312
AHPC,1min,1775724770,2026-04-09 14:37,2026-04-09,297,297,297,297,3650
AHPC,1min,1775724821,2026-04-09 14:38,2026-04-09,297,297,296,296,1050
AHPC,1min,1775724899,2026-04-09 14:39,2026-04-09,296,296.8,296,296.8,60
AHPC,1min,1775724967,2026-04-09 14:41,2026-04-09,296.8,296.8,296.8,296.8,50
AHPC,1min,1775725078,2026-04-09 14:42,2026-04-09,296.8,296.8,295.6,295.6,3085
AHPC,1min,1775725136,2026-04-09 14:43,2026-04-09,295.6,296,295.6,296,1699
AHPC,1min,1775725184,2026-04-09 14:44,2026-04-09,296,296,296,296,1000
AHPC,1min,1775725252,2026-04-09 14:45,2026-04-09,296,296,296,296,875
AHPC,1min,1775725289,2026-04-09 14:46,2026-04-09,296,296,296,296,3770
AHPC,1min,1775725361,2026-04-09 14:47,2026-04-09,296,296.7,296,296.3,470
AHPC,1min,1775725483,2026-04-09 14:49,2026-04-09,296.3,296.4,296,296,3930
AHPC,1min,1775725548,2026-04-09 14:50,2026-04-09,296,296,295.8,295.8,2521
AHPC,1min,1775725599,2026-04-09 14:51,2026-04-09,295.8,296,295.8,295.8,1140
AHPC,1min,1775725669,2026-04-09 14:52,2026-04-09,295.8,296,295.8,296,424
AHPC,1min,1775725733,2026-04-09 14:53,2026-04-09,296,296,295.8,295.8,984
AHPC,1min,1775725797,2026-04-09 14:54,2026-04-09,295.8,295.8,295.7,295.7,2380
AHPC,1min,1775725856,2026-04-09 14:55,2026-04-09,295.7,295.8,295.6,295.8,6055
AHPC,1min,1775725902,2026-04-09 14:56,2026-04-09,295.8,295.9,295,295,13048
AHPC,1min,1775725958,2026-04-09 14:57,2026-04-09,295,295.5,295,295,2550
AHPC,1min,1775726039,2026-04-09 14:58,2026-04-09,295,295.4,295,295,3549
AHPC,1min,1775726099,2026-04-09 14:59,2026-04-09,295,295,294,295,7365
AHPC,1min,1775798260,2026-04-10 11:02,2026-04-10,297.5,297.5,297.5,297.5,1010
AHPC,1min,1775798326,2026-04-10 11:03,2026-04-10,297.5,297.5,296,297,455
AHPC,1min,1775798396,2026-04-10 11:04,2026-04-10,297,297.4,297,297,130
AHPC,1min,1775798435,2026-04-10 11:05,2026-04-10,297,297,296,296,327
AHPC,1min,1775798621,2026-04-10 11:08,2026-04-10,296,296,294,294,401
AHPC,1min,1775798926,2026-04-10 11:13,2026-04-10,294,294.1,294,294.1,200
AHPC,1min,1775799086,2026-04-10 11:16,2026-04-10,294.1,294.1,294,294,390
AHPC,1min,1775799158,2026-04-10 11:17,2026-04-10,294,294,293,293,200
AHPC,1min,1775799225,2026-04-10 11:18,2026-04-10,293,293,292.7,292.7,770
AHPC,1min,1775799352,2026-04-10 11:20,2026-04-10,292.7,292.7,292.2,292.2,1081
AHPC,1min,1775799467,2026-04-10 11:22,2026-04-10,292.2,295,292.2,295,5299
AHPC,1min,1775799822,2026-04-10 11:28,2026-04-10,295,295,292.6,292.6,630
AHPC,1min,1775799865,2026-04-10 11:29,2026-04-10,292.6,294.6,292.6,293,1100
AHPC,1min,1775799975,2026-04-10 11:31,2026-04-10,293,293.9,293,293.9,100
AHPC,1min,1775800079,2026-04-10 11:32,2026-04-10,293.9,295.9,293.9,295.9,1020
AHPC,1min,1775800127,2026-04-10 11:33,2026-04-10,295.9,295.9,294,294,3250
AHPC,1min,1775800174,2026-04-10 11:34,2026-04-10,294,295,294,295,1115
AHPC,1min,1775800258,2026-04-10 11:35,2026-04-10,295,295.1,295,295.1,850
AHPC,1min,1775800299,2026-04-10 11:36,2026-04-10,295.1,295.3,295.1,295.3,484
AHPC,1min,1775800428,2026-04-10 11:38,2026-04-10,295.3,295.5,295,295.5,235
AHPC,1min,1775800483,2026-04-10 11:39,2026-04-10,295.5,295.6,295.5,295.5,125
AHPC,1min,1775800520,2026-04-10 11:40,2026-04-10,295.5,295.5,295.4,295.4,314
AHPC,1min,1775800606,2026-04-10 11:41,2026-04-10,295.4,295.4,295.1,295.1,325
AHPC,1min,1775800708,2026-04-10 11:43,2026-04-10,295.1,295.4,295,295.4,725
AHPC,1min,1775800786,2026-04-10 11:44,2026-04-10,295.4,295.4,295,295,729
AHPC,1min,1775800856,2026-04-10 11:45,2026-04-10,295,295,295,295,4506
AHPC,1min,1775800916,2026-04-10 11:46,2026-04-10,295,295.5,294.2,294.2,3200
AHPC,1min,1775800972,2026-04-10 11:47,2026-04-10,294.2,295.5,294.2,295.5,100
AHPC,1min,1775801036,2026-04-10 11:48,2026-04-10,295.5,295.5,295,295,300
AHPC,1min,1775801161,2026-04-10 11:51,2026-04-10,295,295,294.2,294.2,267
AHPC,1min,1775801238,2026-04-10 11:52,2026-04-10,294.2,294.2,294.2,294.2,80
AHPC,1min,1775801337,2026-04-10 11:53,2026-04-10,294.2,295,294.2,295,2050
AHPC,1min,1775801496,2026-04-10 11:56,2026-04-10,295,295,295,295,250
AHPC,1min,1775801573,2026-04-10 11:57,2026-04-10,295,295.1,295,295.1,50
AHPC,1min,1775801697,2026-04-10 11:59,2026-04-10,295.1,295.5,295.1,295.5,50
AHPC,1min,1775801746,2026-04-10 12:00,2026-04-10,295.5,295.5,295.1,295.5,500
AHPC,1min,1775801816,2026-04-10 12:01,2026-04-10,295.5,297,295.1,297,4852
AHPC,1min,1775801872,2026-04-10 12:02,2026-04-10,297,297,295.1,297,530
AHPC,1min,1775801923,2026-04-10 12:03,2026-04-10,297,297,296.8,296.8,10
AHPC,1min,1775801989,2026-04-10 12:04,2026-04-10,296.8,296.8,295,295,990
AHPC,1min,1775802047,2026-04-10 12:05,2026-04-10,295,295,295,295,750
AHPC,1min,1775802115,2026-04-10 12:06,2026-04-10,295,295.1,295,295,2562
AHPC,1min,1775802175,2026-04-10 12:07,2026-04-10,295,295,295,295,1205
AHPC,1min,1775802218,2026-04-10 12:08,2026-04-10,295,295,294.2,294.2,636
AHPC,1min,1775802279,2026-04-10 12:09,2026-04-10,294.2,294.2,294.2,294.2,1867
AHPC,1min,1775802347,2026-04-10 12:10,2026-04-10,294.2,294.2,294.1,294.1,1500
AHPC,1min,1775802411,2026-04-10 12:11,2026-04-10,294.1,294.8,294.1,294.1,5360
AHPC,1min,1775802466,2026-04-10 12:12,2026-04-10,294.1,294.1,293,293,2730
AHPC,1min,1775802528,2026-04-10 12:13,2026-04-10,293,293,292.5,292.5,1260
AHPC,1min,1775802596,2026-04-10 12:14,2026-04-10,292.5,292.5,292.1,292.1,612
AHPC,1min,1775802652,2026-04-10 12:15,2026-04-10,292.1,292.1,292.1,292.1,218
AHPC,1min,1775802703,2026-04-10 12:16,2026-04-10,292.1,292.1,292,292,1805
AHPC,1min,1775802769,2026-04-10 12:17,2026-04-10,292,292,292,292,2104
AHPC,1min,1775802831,2026-04-10 12:18,2026-04-10,292,292,291.5,291.5,153
AHPC,1min,1775802893,2026-04-10 12:19,2026-04-10,291.5,292,291.5,292,321
AHPC,1min,1775802927,2026-04-10 12:20,2026-04-10,292,292,291.4,291.4,2713
AHPC,1min,1775802987,2026-04-10 12:21,2026-04-10,291.4,291.4,291.3,291.3,64
AHPC,1min,1775803026,2026-04-10 12:22,2026-04-10,291.3,291.3,291.1,291.1,0
AHPC,1min,1775803129,2026-04-10 12:23,2026-04-10,291.1,291.1,290,290,22730
AHPC,1min,1775803198,2026-04-10 12:24,2026-04-10,290,290,288.3,288.3,1746
AHPC,1min,1775803259,2026-04-10 12:25,2026-04-10,288.3,288.4,288.3,288.3,1810
AHPC,1min,1775803303,2026-04-10 12:26,2026-04-10,288.3,288.4,288.3,288.4,10
AHPC,1min,1775803378,2026-04-10 12:27,2026-04-10,288.4,289.8,288.4,289,3176
AHPC,1min,1775803436,2026-04-10 12:28,2026-04-10,289,289.8,289,289,3680
AHPC,1min,1775803498,2026-04-10 12:29,2026-04-10,289,289.8,289,289.8,1150
AHPC,1min,1775803544,2026-04-10 12:30,2026-04-10,289.8,290,289.8,290,2990
AHPC,1min,1775803618,2026-04-10 12:31,2026-04-10,290,290.9,290,290.9,6800
AHPC,1min,1775803670,2026-04-10 12:32,2026-04-10,290.9,291,290,290,5598
AHPC,1min,1775803781,2026-04-10 12:34,2026-04-10,290,290.8,290,290.8,316
AHPC,1min,1775803834,2026-04-10 12:35,2026-04-10,290.8,291,290.8,290.8,1745
AHPC,1min,1775803886,2026-04-10 12:36,2026-04-10,290.8,290.8,290.8,290.8,200
AHPC,1min,1775803959,2026-04-10 12:37,2026-04-10,290.8,290.8,290.1,290.1,1171
AHPC,1min,1775804037,2026-04-10 12:38,2026-04-10,290.1,290.1,290,290,629
AHPC,1min,1775804095,2026-04-10 12:39,2026-04-10,290,290,289.2,289.2,760
AHPC,1min,1775804158,2026-04-10 12:40,2026-04-10,289.2,289.2,289.1,289.1,265
AHPC,1min,1775804177,2026-04-10 12:41,2026-04-10,289.1,289.2,289.1,289.2,35
AHPC,1min,1775804259,2026-04-10 12:42,2026-04-10,289.2,289.2,289.1,289.1,1425
AHPC,1min,1775804338,2026-04-10 12:43,2026-04-10,289.1,289.1,289.1,289.1,229
AHPC,1min,1775804450,2026-04-10 12:45,2026-04-10,289.1,289.1,289,289,1445
AHPC,1min,1775804483,2026-04-10 12:46,2026-04-10,289,289,289,289,671
AHPC,1min,1775804745,2026-04-10 12:50,2026-04-10,289,289,288.8,288.8,10
AHPC,1min,1775804849,2026-04-10 12:52,2026-04-10,288.8,289,288.8,289,6137
AHPC,1min,1775804992,2026-04-10 12:54,2026-04-10,289,289,289,289,6000
AHPC,1min,1775805031,2026-04-10 12:55,2026-04-10,289,289,288.9,288.9,650
AHPC,1min,1775805095,2026-04-10 12:56,2026-04-10,288.9,289.9,288.9,289.9,300
AHPC,1min,1775805239,2026-04-10 12:58,2026-04-10,289.9,290,289.9,290,1820
AHPC,1min,1775805290,2026-04-10 12:59,2026-04-10,290,290,290,290,625
AHPC,1min,1775805346,2026-04-10 13:00,2026-04-10,290,290,290,290,0
AHPC,1min,1775805604,2026-04-10 13:05,2026-04-10,290,290.1,290,290.1,563
AHPC,1min,1775805674,2026-04-10 13:06,2026-04-10,290.1,290.1,289,289,2000
AHPC,1min,1775805874,2026-04-10 13:09,2026-04-10,289,291.4,289,291.4,70
AHPC,1min,1775806129,2026-04-10 13:13,2026-04-10,291.4,291.4,290.2,290.2,110
AHPC,1min,1775806212,2026-04-10 13:15,2026-04-10,290.2,291.4,290.2,291.4,1020
AHPC,1min,1775806547,2026-04-10 13:20,2026-04-10,291.4,291.4,291.4,291.4,350
AHPC,1min,1775806601,2026-04-10 13:21,2026-04-10,291.4,291.4,291.4,291.4,1320
AHPC,1min,1775806708,2026-04-10 13:23,2026-04-10,291.4,292,291.4,292,0
AHPC,1min,1775806907,2026-04-10 13:26,2026-04-10,292,292,292,292,580
AHPC,1min,1775806998,2026-04-10 13:28,2026-04-10,292,292,292,292,1000
AHPC,1min,1775807083,2026-04-10 13:29,2026-04-10,292,292,292,292,34
AHPC,1min,1775807150,2026-04-10 13:30,2026-04-10,292,293,292,293,2335
AHPC,1min,1775807177,2026-04-10 13:31,2026-04-10,293,293.9,293,293.9,900
AHPC,1min,1775807266,2026-04-10 13:32,2026-04-10,293.9,293.9,293,293,2150
AHPC,1min,1775807283,2026-04-10 13:33,2026-04-10,293,293,292,292,220
AHPC,1min,1775807521,2026-04-10 13:37,2026-04-10,292,292.2,292,292.2,50
AHPC,1min,1775807593,2026-04-10 13:38,2026-04-10,292.2,293.8,292.2,293.8,0
AHPC,1min,1775807722,2026-04-10 13:40,2026-04-10,293.8,293.8,293.8,293.8,134
AHPC,1min,1775807796,2026-04-10 13:41,2026-04-10,293.8,293.8,293.1,293.1,53
AHPC,1min,1775807923,2026-04-10 13:43,2026-04-10,293.1,294.1,293.1,294.1,5000
AHPC,1min,1775808044,2026-04-10 13:45,2026-04-10,294.1,294.1,294.1,294.1,1600
AHPC,1min,1775808161,2026-04-10 13:47,2026-04-10,294.1,294.1,294,294,922
AHPC,1min,1775808599,2026-04-10 13:54,2026-04-10,294,294,293.4,293.4,34
AHPC,1min,1775808656,2026-04-10 13:55,2026-04-10,293.4,293.4,292,292,1911
AHPC,1min,1775808712,2026-04-10 13:56,2026-04-10,292,292,291.7,292,1420
AHPC,1min,1775808775,2026-04-10 13:57,2026-04-10,292,292,291.5,292,15100
AHPC,1min,1775808829,2026-04-10 13:58,2026-04-10,292,292,291.5,291.5,2679
AHPC,1min,1775808897,2026-04-10 13:59,2026-04-10,291.5,291.5,291.5,291.5,2480
AHPC,1min,1775808950,2026-04-10 14:00,2026-04-10,291.5,291.5,291,291,2800
AHPC,1min,1775809009,2026-04-10 14:01,2026-04-10,291,291,291,291,0
AHPC,1min,1775809103,2026-04-10 14:03,2026-04-10,291,291,291,291,3600
AHPC,1min,1775809208,2026-04-10 14:05,2026-04-10,291,291,291,291,561
AHPC,1min,1775809350,2026-04-10 14:07,2026-04-10,291,292,291,292,100
AHPC,1min,1775809411,2026-04-10 14:08,2026-04-10,292,293,292,293,200
AHPC,1min,1775809682,2026-04-10 14:13,2026-04-10,293,293,292,292,30
AHPC,1min,1775809812,2026-04-10 14:15,2026-04-10,292,292,292,292,63
AHPC,1min,1775809910,2026-04-10 14:16,2026-04-10,292,292,292,292,485
AHPC,1min,1775810064,2026-04-10 14:19,2026-04-10,292,292,292,292,22
AHPC,1min,1775810150,2026-04-10 14:20,2026-04-10,292,293,292,293,254
AHPC,1min,1775810329,2026-04-10 14:23,2026-04-10,293,293,293,293,100
AHPC,1min,1775810383,2026-04-10 14:24,2026-04-10,293,293,292,292,1860
AHPC,1min,1775810435,2026-04-10 14:25,2026-04-10,292,292,291,291,300
AHPC,1min,1775810571,2026-04-10 14:27,2026-04-10,291,291.1,291,291,970
AHPC,1min,1775810604,2026-04-10 14:28,2026-04-10,291,291,291,291,4143
AHPC,1min,1775810642,2026-04-10 14:29,2026-04-10,291,291.1,291,291.1,10
AHPC,1min,1775810752,2026-04-10 14:30,2026-04-10,291.1,291.1,291,291,213
AHPC,1min,1775810866,2026-04-10 14:32,2026-04-10,291,291,290.2,290.2,3000
AHPC,1min,1775810934,2026-04-10 14:33,2026-04-10,290.2,291.8,290.2,291.8,170
AHPC,1min,1775811028,2026-04-10 14:35,2026-04-10,291.8,291.8,291.8,291.8,20
AHPC,1min,1775811136,2026-04-10 14:37,2026-04-10,291.8,291.8,291.8,291.8,227
AHPC,1min,1775811298,2026-04-10 14:39,2026-04-10,291.8,291.8,290.4,290.4,1484
AHPC,1min,1775811335,2026-04-10 14:40,2026-04-10,290.4,290.4,290.2,290.2,1000
AHPC,1min,1775811388,2026-04-10 14:41,2026-04-10,290.2,290.2,290.2,290.2,275
AHPC,1min,1775811475,2026-04-10 14:42,2026-04-10,290.2,290.2,290.1,290.1,0
AHPC,1min,1775811522,2026-04-10 14:43,2026-04-10,290.1,290.1,290,290.1,6020
AHPC,1min,1775811568,2026-04-10 14:44,2026-04-10,290.1,290.1,290.1,290.1,1397
AHPC,1min,1775811658,2026-04-10 14:45,2026-04-10,290.1,290.5,290,290,4245
AHPC,1min,1775811712,2026-04-10 14:46,2026-04-10,290,290.5,290,290,1409
AHPC,1min,1775811777,2026-04-10 14:47,2026-04-10,290,290,289.2,290,1265
AHPC,1min,1775811782,2026-04-10 14:48,2026-04-10,290,290,290,290,10
AHPC,1min,1775812011,2026-04-10 14:51,2026-04-10,290,290,289.2,289.2,307
AHPC,1min,1775812079,2026-04-10 14:52,2026-04-10,289.2,290,289.1,290,2035
AHPC,1min,1775812131,2026-04-10 14:53,2026-04-10,290,290,290,290,100
AHPC,1min,1775812198,2026-04-10 14:54,2026-04-10,290,290,289.1,290,1400
AHPC,1min,1775812239,2026-04-10 14:55,2026-04-10,290,290,290,290,0
AHPC,1min,1775812315,2026-04-10 14:56,2026-04-10,290,290,290,290,2137
AHPC,1min,1775812373,2026-04-10 14:57,2026-04-10,290,290,289.6,290,600
AHPC,1min,1775812429,2026-04-10 14:58,2026-04-10,290,290,289,289,20951
AHPC,1min,1775812499,2026-04-10 14:59,2026-04-10,289,290,289,290,1665
AHPC,1min,1776057340,2026-04-13 11:00,2026-04-13,295.8,295.8,293,293,300
AHPC,1min,1776057399,2026-04-13 11:01,2026-04-13,293,293,291,291,1100
AHPC,1min,1776057467,2026-04-13 11:02,2026-04-13,291,291,288,288,1531
AHPC,1min,1776057654,2026-04-13 11:05,2026-04-13,288,290.9,288,290.9,60
AHPC,1min,1776057719,2026-04-13 11:06,2026-04-13,290.9,290.9,290,290,115
AHPC,1min,1776057753,2026-04-13 11:07,2026-04-13,290,290,288.5,288.6,2000
AHPC,1min,1776057885,2026-04-13 11:09,2026-04-13,288.6,290,288.6,290,1155
AHPC,1min,1776057939,2026-04-13 11:10,2026-04-13,290,290,289.1,289.1,132
AHPC,1min,1776058069,2026-04-13 11:12,2026-04-13,289.1,290,289.1,290,965
AHPC,1min,1776058084,2026-04-13 11:13,2026-04-13,290,292,290,292,0
AHPC,1min,1776058253,2026-04-13 11:15,2026-04-13,292,292,292,292,150
AHPC,1min,1776058264,2026-04-13 11:16,2026-04-13,292,292,292,292,0
AHPC,1min,1776058377,2026-04-13 11:17,2026-04-13,292,293,292,293,1221
AHPC,1min,1776058423,2026-04-13 11:18,2026-04-13,293,293,292.9,292.9,28
AHPC,1min,1776058442,2026-04-13 11:19,2026-04-13,292.9,292.9,292,292,40
AHPC,1min,1776058591,2026-04-13 11:21,2026-04-13,292,292,292,292,10
AHPC,1min,1776058705,2026-04-13 11:23,2026-04-13,292,292,292,292,37
AHPC,1min,1776058782,2026-04-13 11:24,2026-04-13,292,292,290.3,290.3,45
AHPC,1min,1776058815,2026-04-13 11:25,2026-04-13,290.3,290.3,290.3,290.3,120
AHPC,1min,1776058908,2026-04-13 11:26,2026-04-13,290.3,291.8,290.3,291,70
AHPC,1min,1776058926,2026-04-13 11:27,2026-04-13,291,291,290,290,1600
AHPC,1min,1776059006,2026-04-13 11:28,2026-04-13,290,291,290,291,100
AHPC,1min,1776059094,2026-04-13 11:29,2026-04-13,291,291,290,290,845
AHPC,1min,1776059151,2026-04-13 11:30,2026-04-13,290,291,290,291,335
AHPC,1min,1776059213,2026-04-13 11:31,2026-04-13,291,291,290,290,2300
AHPC,1min,1776059248,2026-04-13 11:32,2026-04-13,290,291,290,291,191
AHPC,1min,1776059330,2026-04-13 11:33,2026-04-13,291,292.7,291,292.7,354
AHPC,1min,1776059391,2026-04-13 11:34,2026-04-13,292.7,292.7,292.7,292.7,210
AHPC,1min,1776059490,2026-04-13 11:36,2026-04-13,292.7,292.7,292.5,292.5,0
AHPC,1min,1776059548,2026-04-13 11:37,2026-04-13,292.5,292.5,290.1,290.1,20
AHPC,1min,1776059587,2026-04-13 11:38,2026-04-13,290.1,292.9,290.1,292.9,2025
AHPC,1min,1776059654,2026-04-13 11:39,2026-04-13,292.9,293,292.9,293,500
AHPC,1min,1776059715,2026-04-13 11:40,2026-04-13,293,293,293,293,30
AHPC,1min,1776059869,2026-04-13 11:42,2026-04-13,293,293,292.8,292.8,0
AHPC,1min,1776059928,2026-04-13 11:43,2026-04-13,292.8,292.9,292,292,225
AHPC,1min,1776059965,2026-04-13 11:44,2026-04-13,292,292,292,292,25
AHPC,1min,1776060030,2026-04-13 11:45,2026-04-13,292,292.9,292,292.9,0
AHPC,1min,1776060070,2026-04-13 11:46,2026-04-13,292.9,292.9,292.9,292.9,330
AHPC,1min,1776060147,2026-04-13 11:47,2026-04-13,292.9,292.9,292,292,545
AHPC,1min,1776060236,2026-04-13 11:48,2026-04-13,292,292.8,292,292.8,70
AHPC,1min,1776060267,2026-04-13 11:49,2026-04-13,292.8,292.8,291,291,128
AHPC,1min,1776060581,2026-04-13 11:54,2026-04-13,291,292,291,292,600
AHPC,1min,1776060716,2026-04-13 11:56,2026-04-13,292,292,291.9,291.9,1020
AHPC,1min,1776060766,2026-04-13 11:57,2026-04-13,291.9,291.9,291.9,291.9,20
AHPC,1min,1776060826,2026-04-13 11:58,2026-04-13,291.9,292,291.2,292,1170
AHPC,1min,1776060840,2026-04-13 11:59,2026-04-13,292,292,291.2,291.2,18
AHPC,1min,1776060974,2026-04-13 12:01,2026-04-13,291.2,292,291.2,292,198
AHPC,1min,1776061026,2026-04-13 12:02,2026-04-13,292,292.5,292,292.5,10
AHPC,1min,1776061247,2026-04-13 12:05,2026-04-13,292.5,292.5,291.1,291.1,1427
AHPC,1min,1776061319,2026-04-13 12:06,2026-04-13,291.1,292.5,291.1,292.5,0
AHPC,1min,1776061437,2026-04-13 12:08,2026-04-13,292.5,292.6,292.5,292.6,10
AHPC,1min,1776061467,2026-04-13 12:09,2026-04-13,292.6,292.7,292.6,292.7,655
AHPC,1min,1776061532,2026-04-13 12:10,2026-04-13,292.7,292.7,292.1,292.1,660
AHPC,1min,1776061671,2026-04-13 12:12,2026-04-13,292.1,292.9,292.1,292.9,100
AHPC,1min,1776061736,2026-04-13 12:13,2026-04-13,292.9,292.9,292.5,292.5,4000
AHPC,1min,1776061799,2026-04-13 12:14,2026-04-13,292.5,292.5,292.5,292.5,50
AHPC,1min,1776061809,2026-04-13 12:15,2026-04-13,292.5,292.5,292.5,292.5,30
AHPC,1min,1776061917,2026-04-13 12:16,2026-04-13,292.5,292.5,292.2,292.2,265
AHPC,1min,1776061979,2026-04-13 12:17,2026-04-13,292.2,292.2,292.2,292.2,698
AHPC,1min,1776062002,2026-04-13 12:18,2026-04-13,292.2,292.5,292.2,292.5,433
AHPC,1min,1776062083,2026-04-13 12:19,2026-04-13,292.5,292.5,292.1,292.1,10
AHPC,1min,1776062133,2026-04-13 12:20,2026-04-13,292.1,292.5,292.1,292.5,266
AHPC,1min,1776062161,2026-04-13 12:21,2026-04-13,292.5,292.5,292.5,292.5,100
AHPC,1min,1776062429,2026-04-13 12:25,2026-04-13,292.5,292.5,292.1,292.5,29
AHPC,1min,1776062479,2026-04-13 12:26,2026-04-13,292.5,292.5,292.1,292.1,23
AHPC,1min,1776062560,2026-04-13 12:27,2026-04-13,292.1,293,292.1,293,3450
AHPC,1min,1776062635,2026-04-13 12:28,2026-04-13,293,293,292.5,292.5,0
AHPC,1min,1776062771,2026-04-13 12:31,2026-04-13,292.5,293.1,292.5,293.1,1242
AHPC,1min,1776062885,2026-04-13 12:33,2026-04-13,293.1,293.1,292.7,292.7,546
AHPC,1min,1776062973,2026-04-13 12:34,2026-04-13,292.7,293.1,292.7,293.1,10
AHPC,1min,1776063108,2026-04-13 12:36,2026-04-13,293.1,293.1,293,293,15
AHPC,1min,1776063135,2026-04-13 12:37,2026-04-13,293,293,293,293,380
AHPC,1min,1776063227,2026-04-13 12:38,2026-04-13,293,293,293,293,265
AHPC,1min,1776063261,2026-04-13 12:39,2026-04-13,293,293,292.7,292.7,154
AHPC,1min,1776063339,2026-04-13 12:40,2026-04-13,292.7,292.7,292.5,292.5,55
AHPC,1min,1776063409,2026-04-13 12:41,2026-04-13,292.5,293,292.5,292.5,2321
AHPC,1min,1776063456,2026-04-13 12:42,2026-04-13,292.5,293,292.2,293,2222
AHPC,1min,1776063526,2026-04-13 12:43,2026-04-13,293,293,292.3,292.3,1041
AHPC,1min,1776063599,2026-04-13 12:44,2026-04-13,292.3,292.3,292,292,1142
AHPC,1min,1776063639,2026-04-13 12:45,2026-04-13,292,292,292,292,5004
AHPC,1min,1776063709,2026-04-13 12:46,2026-04-13,292,292,291,291,2333
AHPC,1min,1776063812,2026-04-13 12:48,2026-04-13,291,292,291,292,40
AHPC,1min,1776063875,2026-04-13 12:49,2026-04-13,292,292,291,291,530
AHPC,1min,1776063930,2026-04-13 12:50,2026-04-13,291,291,291,291,10
AHPC,1min,1776064000,2026-04-13 12:51,2026-04-13,291,292,291,292,1650
AHPC,1min,1776064041,2026-04-13 12:52,2026-04-13,292,293,292,293,10
AHPC,1min,1776064245,2026-04-13 12:55,2026-04-13,293,293,291,291,255
AHPC,1min,1776064271,2026-04-13 12:56,2026-04-13,291,291,291,291,51
AHPC,1min,1776064402,2026-04-13 12:58,2026-04-13,291,291.1,291,291.1,1000
AHPC,1min,1776064465,2026-04-13 12:59,2026-04-13,291.1,291.1,291,291,1876
AHPC,1min,1776064613,2026-04-13 13:01,2026-04-13,291,291,291,291,50
AHPC,1min,1776064641,2026-04-13 13:02,2026-04-13,291,291,290.5,290.5,10
AHPC,1min,1776064696,2026-04-13 13:03,2026-04-13,290.5,290.5,290.2,290.2,50
AHPC,1min,1776064854,2026-04-13 13:05,2026-04-13,290.2,290.2,290.1,290.1,411
AHPC,1min,1776064889,2026-04-13 13:06,2026-04-13,290.1,290.2,290.1,290.2,298
AHPC,1min,1776064966,2026-04-13 13:07,2026-04-13,290.2,291,290.2,291,2020
AHPC,1min,1776065030,2026-04-13 13:08,2026-04-13,291,291,290.1,290.1,2344
AHPC,1min,1776065153,2026-04-13 13:10,2026-04-13,290.1,290.1,290.1,290.1,281
AHPC,1min,1776065180,2026-04-13 13:11,2026-04-13,290.1,291,290.1,291,10
AHPC,1min,1776065329,2026-04-13 13:13,2026-04-13,291,291,291,291,169
AHPC,1min,1776065491,2026-04-13 13:16,2026-04-13,291,292,290.1,290.1,10
AHPC,1min,1776065531,2026-04-13 13:17,2026-04-13,290.1,290.1,290,290,0
AHPC,1min,1776065584,2026-04-13 13:18,2026-04-13,290,292,290,292,1599
AHPC,1min,1776065688,2026-04-13 13:19,2026-04-13,292,293,292,293,520
AHPC,1min,1776065801,2026-04-13 13:21,2026-04-13,293,293,291,291,1795
AHPC,1min,1776065989,2026-04-13 13:24,2026-04-13,291,293,291,293,0
AHPC,1min,1776066092,2026-04-13 13:26,2026-04-13,293,293,292,292,110
AHPC,1min,1776066130,2026-04-13 13:27,2026-04-13,292,292,292,292,30
AHPC,1min,1776066328,2026-04-13 13:30,2026-04-13,292,292,292,292,720
AHPC,1min,1776066475,2026-04-13 13:32,2026-04-13,292,292,291.9,291.9,0
AHPC,1min,1776066504,2026-04-13 13:33,2026-04-13,291.9,292,291.9,292,188
AHPC,1min,1776066573,2026-04-13 13:34,2026-04-13,292,292,292,292,100
AHPC,1min,1776066658,2026-04-13 13:35,2026-04-13,292,292,292,292,128
AHPC,1min,1776066687,2026-04-13 13:36,2026-04-13,292,292.3,292,292.3,40
AHPC,1min,1776066737,2026-04-13 13:37,2026-04-13,292.3,292.3,292.3,292.3,90
AHPC,1min,1776066795,2026-04-13 13:38,2026-04-13,292.3,292.3,292,292,14
AHPC,1min,1776066844,2026-04-13 13:39,2026-04-13,292,292,292,292,408
AHPC,1min,1776067017,2026-04-13 13:41,2026-04-13,292,292,292,292,2025
AHPC,1min,1776067065,2026-04-13 13:42,2026-04-13,292,292,292,292,975
AHPC,1min,1776067104,2026-04-13 13:43,2026-04-13,292,292,292,292,100
AHPC,1min,1776067311,2026-04-13 13:46,2026-04-13,292,292.6,290.1,290.1,5040
AHPC,1min,1776067369,2026-04-13 13:47,2026-04-13,290.1,290.1,290.1,290.1,400
AHPC,1min,1776067503,2026-04-13 13:50,2026-04-13,290.1,290.2,290.1,290.2,71
AHPC,1min,1776067617,2026-04-13 13:51,2026-04-13,290.2,291,290.2,291,1037
AHPC,1min,1776067672,2026-04-13 13:52,2026-04-13,291,291,291,291,100
AHPC,1min,1776067702,2026-04-13 13:53,2026-04-13,291,291,290.1,290.1,1000
AHPC,1min,1776067743,2026-04-13 13:54,2026-04-13,290.1,291,290.1,291,1700
AHPC,1min,1776067882,2026-04-13 13:56,2026-04-13,291,291,291,291,40
AHPC,1min,1776068066,2026-04-13 13:59,2026-04-13,291,291,291,291,966
AHPC,1min,1776068666,2026-04-13 14:09,2026-04-13,291,291,290,290,2000
AHPC,1min,1776068729,2026-04-13 14:10,2026-04-13,290,290,290,290,118
AHPC,1min,1776068823,2026-04-13 14:12,2026-04-13,290,290,290,290,165
AHPC,1min,1776068911,2026-04-13 14:13,2026-04-13,290,290.1,290,290.1,17
AHPC,1min,1776069196,2026-04-13 14:18,2026-04-13,290.1,291,290.1,291,180
AHPC,1min,1776069409,2026-04-13 14:21,2026-04-13,291,291,290.2,290.2,20
AHPC,1min,1776069527,2026-04-13 14:23,2026-04-13,290.2,290.2,290.2,290.2,35
AHPC,1min,1776069589,2026-04-13 14:24,2026-04-13,290.2,291,290.2,291,33
AHPC,1min,1776069715,2026-04-13 14:26,2026-04-13,291,291,291,291,1118
AHPC,1min,1776069774,2026-04-13 14:27,2026-04-13,291,291,290.9,290.9,50
AHPC,1min,1776069784,2026-04-13 14:28,2026-04-13,290.9,291,290.9,291,1000
AHPC,1min,1776069959,2026-04-13 14:30,2026-04-13,291,291,290,291,2615
AHPC,1min,1776070294,2026-04-13 14:36,2026-04-13,291,292,291,291.5,5510
AHPC,1min,1776070369,2026-04-13 14:37,2026-04-13,291.5,291.5,291.5,291.5,500
AHPC,1min,1776070387,2026-04-13 14:38,2026-04-13,291.5,291.5,291,291,2000
AHPC,1min,1776070582,2026-04-13 14:41,2026-04-13,291,292.7,291,292.7,1400
AHPC,1min,1776070644,2026-04-13 14:42,2026-04-13,292.7,292.7,292.7,292.7,110
AHPC,1min,1776070798,2026-04-13 14:44,2026-04-13,292.7,292.7,292,292,595
AHPC,1min,1776070892,2026-04-13 14:46,2026-04-13,292,292,291,291,0
AHPC,1min,1776070968,2026-04-13 14:47,2026-04-13,291,291,290.2,290.2,652
AHPC,1min,1776071055,2026-04-13 14:49,2026-04-13,290.2,291,290.2,290.2,550
AHPC,1min,1776071107,2026-04-13 14:50,2026-04-13,290.2,291,290.2,291,100
AHPC,1min,1776071210,2026-04-13 14:51,2026-04-13,291,291.5,290.6,290.6,1800
AHPC,1min,1776071236,2026-04-13 14:52,2026-04-13,290.6,291,290.6,291,118
AHPC,1min,1776071304,2026-04-13 14:53,2026-04-13,291,291.4,291,291.1,3671
AHPC,1min,1776071398,2026-04-13 14:54,2026-04-13,291.1,291.5,291.1,291.5,3276
AHPC,1min,1776071436,2026-04-13 14:55,2026-04-13,291.5,291.5,290.6,290.6,0
AHPC,1min,1776071507,2026-04-13 14:56,2026-04-13,290.6,291,290.6,290.6,52
AHPC,1min,1776071579,2026-04-13 14:57,2026-04-13,290.6,290.6,290.2,290.2,4417
AHPC,1min,1776071636,2026-04-13 14:58,2026-04-13,290.2,290.2,290,290.1,2992
AHPC,1min,1776071699,2026-04-13 14:59,2026-04-13,290.1,290.5,290.1,290.3,7290
AHPC,1min,1776230142,2026-04-15 11:00,2026-04-15,294.5,294.5,294.5,294.5,35
AHPC,1min,1776230272,2026-04-15 11:02,2026-04-15,294.5,294.5,294.5,294.5,100
AHPC,1min,1776230356,2026-04-15 11:04,2026-04-15,294.5,294.5,294.4,294.4,1010
AHPC,1min,1776230457,2026-04-15 11:05,2026-04-15,294.4,294.5,294.4,294.5,112
AHPC,1min,1776230503,2026-04-15 11:06,2026-04-15,294.5,294.5,294.5,294.5,112
AHPC,1min,1776230555,2026-04-15 11:07,2026-04-15,294.5,295.5,294.5,295.5,1010
AHPC,1min,1776230618,2026-04-15 11:08,2026-04-15,295.5,295.5,294,294,546
AHPC,1min,1776230739,2026-04-15 11:10,2026-04-15,294,294,294,294,765
AHPC,1min,1776230810,2026-04-15 11:11,2026-04-15,294,294,294,294,474
AHPC,1min,1776230861,2026-04-15 11:12,2026-04-15,294,294,293,293,832
AHPC,1min,1776230904,2026-04-15 11:13,2026-04-15,293,293,293,293,35
AHPC,1min,1776231030,2026-04-15 11:15,2026-04-15,293,294,293,294,200
AHPC,1min,1776231107,2026-04-15 11:16,2026-04-15,294,295,294,295,3397
AHPC,1min,1776231164,2026-04-15 11:17,2026-04-15,295,295,295,295,317
AHPC,1min,1776231296,2026-04-15 11:19,2026-04-15,295,295,295,295,3948
AHPC,1min,1776231352,2026-04-15 11:20,2026-04-15,295,295,295,295,1421
AHPC,1min,1776231408,2026-04-15 11:21,2026-04-15,295,295,294,294,3010
AHPC,1min,1776231473,2026-04-15 11:22,2026-04-15,294,294,294,294,200
AHPC,1min,1776231535,2026-04-15 11:23,2026-04-15,294,294.7,294,294,1807
AHPC,1min,1776231594,2026-04-15 11:24,2026-04-15,294,295,294,295,1703
AHPC,1min,1776231647,2026-04-15 11:25,2026-04-15,295,295,294.9,294.9,267
AHPC,1min,1776231664,2026-04-15 11:26,2026-04-15,294.9,294.9,294.7,294.7,60
AHPC,1min,1776231747,2026-04-15 11:27,2026-04-15,294.7,294.7,294.1,294.1,387
AHPC,1min,1776231890,2026-04-15 11:29,2026-04-15,294.1,294.1,294.1,294.1,200
AHPC,1min,1776231943,2026-04-15 11:30,2026-04-15,294.1,294.1,294.1,294.1,0
AHPC,1min,1776232013,2026-04-15 11:31,2026-04-15,294.1,294.1,294.1,294.1,1060
AHPC,1min,1776232048,2026-04-15 11:32,2026-04-15,294.1,295,294,295,1555
AHPC,1min,1776232124,2026-04-15 11:33,2026-04-15,295,295,295,295,4500
AHPC,1min,1776232173,2026-04-15 11:34,2026-04-15,295,295.5,294.9,295.5,566
AHPC,1min,1776232253,2026-04-15 11:35,2026-04-15,295.5,295.5,295,295.4,290
AHPC,1min,1776232427,2026-04-15 11:38,2026-04-15,295.4,295.4,295.3,295.3,40
AHPC,1min,1776232495,2026-04-15 11:39,2026-04-15,295.3,295.3,294.3,294.3,173
AHPC,1min,1776232533,2026-04-15 11:40,2026-04-15,294.3,295.3,294.3,295.3,34
AHPC,1min,1776232723,2026-04-15 11:43,2026-04-15,295.3,295.4,294.4,295.4,1021
AHPC,1min,1776232750,2026-04-15 11:44,2026-04-15,295.4,295.4,295,295,1020
AHPC,1min,1776232847,2026-04-15 11:45,2026-04-15,295,295.4,295,295.4,780
AHPC,1min,1776232906,2026-04-15 11:46,2026-04-15,295.4,295.4,295.4,295.4,240
AHPC,1min,1776232966,2026-04-15 11:47,2026-04-15,295.4,295.5,295.4,295.4,2745
AHPC,1min,1776233027,2026-04-15 11:48,2026-04-15,295.4,297,295.4,297,6500
AHPC,1min,1776233095,2026-04-15 11:49,2026-04-15,297,297,296,296.9,1469
AHPC,1min,1776233150,2026-04-15 11:50,2026-04-15,296.9,297,296.9,297,6850
AHPC,1min,1776233202,2026-04-15 11:51,2026-04-15,297,297,295.9,295.9,95
AHPC,1min,1776233271,2026-04-15 11:52,2026-04-15,295.9,297,295.9,297,1276
AHPC,1min,1776233319,2026-04-15 11:53,2026-04-15,297,299,297,299,10090
AHPC,1min,1776233441,2026-04-15 11:55,2026-04-15,299,299,298,298,126
AHPC,1min,1776233513,2026-04-15 11:56,2026-04-15,298,299,297.2,299,5036
AHPC,1min,1776233577,2026-04-15 11:57,2026-04-15,299,299.8,297.2,297.2,1158
AHPC,1min,1776233613,2026-04-15 11:58,2026-04-15,297.2,299.7,297.2,299.7,410
AHPC,1min,1776233694,2026-04-15 11:59,2026-04-15,299.7,299.7,298.6,298.6,522
AHPC,1min,1776233757,2026-04-15 12:00,2026-04-15,298.6,299.6,298.6,299.4,671
AHPC,1min,1776233803,2026-04-15 12:01,2026-04-15,299.4,300,299.4,300,20550
AHPC,1min,1776233871,2026-04-15 12:02,2026-04-15,300,300,299,300,22
AHPC,1min,1776233927,2026-04-15 12:03,2026-04-15,300,300.2,300,300.2,5740
AHPC,1min,1776233960,2026-04-15 12:04,2026-04-15,300.2,300.2,299,299,100
AHPC,1min,1776234042,2026-04-15 12:05,2026-04-15,299,299,299,299,100
AHPC,1min,1776234113,2026-04-15 12:06,2026-04-15,299,299.8,299,299.1,1540
AHPC,1min,1776234165,2026-04-15 12:07,2026-04-15,299.1,300,299.1,300,5420
AHPC,1min,1776234235,2026-04-15 12:08,2026-04-15,300,300.2,300,300.1,5666
AHPC,1min,1776234288,2026-04-15 12:09,2026-04-15,300.1,300.1,300,300,744
AHPC,1min,1776234342,2026-04-15 12:10,2026-04-15,300,300,299.2,299.2,805
AHPC,1min,1776234361,2026-04-15 12:11,2026-04-15,299.2,299.2,299.1,299.1,1090
AHPC,1min,1776234464,2026-04-15 12:12,2026-04-15,299.1,299.1,297.1,297.1,3975
AHPC,1min,1776234527,2026-04-15 12:13,2026-04-15,297.1,297.1,297.1,297.1,838
AHPC,1min,1776234546,2026-04-15 12:14,2026-04-15,297.1,297.1,296,296,6385
AHPC,1min,1776234633,2026-04-15 12:15,2026-04-15,296,296,296,296,91
AHPC,1min,1776234755,2026-04-15 12:17,2026-04-15,296,298.2,296,298.2,425
AHPC,1min,1776234824,2026-04-15 12:18,2026-04-15,298.2,299.2,298.2,299.2,2940
AHPC,1min,1776234865,2026-04-15 12:19,2026-04-15,299.2,299.2,299.2,299.2,593
AHPC,1min,1776234954,2026-04-15 12:20,2026-04-15,299.2,299.9,299.2,299.9,3113
AHPC,1min,1776235018,2026-04-15 12:21,2026-04-15,299.9,300,299.9,300,5950
AHPC,1min,1776235076,2026-04-15 12:22,2026-04-15,300,300.9,299.9,300,4220
AHPC,1min,1776235125,2026-04-15 12:23,2026-04-15,300,301,300,301,2250
AHPC,1min,1776235199,2026-04-15 12:24,2026-04-15,301,301.5,300.9,301.5,2173
AHPC,1min,1776235254,2026-04-15 12:25,2026-04-15,301.5,301.9,301.5,301.9,275
AHPC,1min,1776235284,2026-04-15 12:26,2026-04-15,301.9,301.9,301.5,301.5,415
AHPC,1min,1776235369,2026-04-15 12:27,2026-04-15,301.5,301.5,300,300,2230
AHPC,1min,1776235436,2026-04-15 12:28,2026-04-15,300,301,300,301,1010
AHPC,1min,1776235460,2026-04-15 12:29,2026-04-15,301,301,300,300,1667
AHPC,1min,1776235513,2026-04-15 12:30,2026-04-15,300,300,300,300,44
AHPC,1min,1776235618,2026-04-15 12:31,2026-04-15,300,300,299.1,299.1,800
AHPC,1min,1776235648,2026-04-15 12:32,2026-04-15,299.1,299.7,299.1,299.7,0
AHPC,1min,1776235725,2026-04-15 12:33,2026-04-15,299.7,300,299,300,1245
AHPC,1min,1776235793,2026-04-15 12:34,2026-04-15,300,300,300,300,1800
AHPC,1min,1776235885,2026-04-15 12:36,2026-04-15,300,300,299,300,153
AHPC,1min,1776235973,2026-04-15 12:37,2026-04-15,300,300,300,300,188
AHPC,1min,1776236036,2026-04-15 12:38,2026-04-15,300,300.7,300,300,1956
AHPC,1min,1776236092,2026-04-15 12:39,2026-04-15,300,300.5,300,300.5,1820
AHPC,1min,1776236149,2026-04-15 12:40,2026-04-15,300.5,300.7,300,300,2853
AHPC,1min,1776236215,2026-04-15 12:41,2026-04-15,300,300.8,300,300.8,1021
AHPC,1min,1776236251,2026-04-15 12:42,2026-04-15,300.8,300.9,300,300.9,2215
AHPC,1min,1776236440,2026-04-15 12:45,2026-04-15,300.9,300.9,300,300,1240
AHPC,1min,1776236513,2026-04-15 12:46,2026-04-15,300,300,299.1,299.1,339
AHPC,1min,1776236577,2026-04-15 12:47,2026-04-15,299.1,300,299.1,300,10
AHPC,1min,1776236623,2026-04-15 12:48,2026-04-15,300,300,300,300,80
AHPC,1min,1776236654,2026-04-15 12:49,2026-04-15,300,300,299.2,299.2,110
AHPC,1min,1776236757,2026-04-15 12:50,2026-04-15,299.2,300,299.1,299.1,10
AHPC,1min,1776236810,2026-04-15 12:51,2026-04-15,299.1,299.1,299,299,1575
AHPC,1min,1776236865,2026-04-15 12:52,2026-04-15,299,299,298.1,298.1,6350
AHPC,1min,1776236911,2026-04-15 12:53,2026-04-15,298.1,299.1,298.1,299.1,376
AHPC,1min,1776236978,2026-04-15 12:54,2026-04-15,299.1,299.1,299.1,299.1,0
AHPC,1min,1776237004,2026-04-15 12:55,2026-04-15,299.1,300,299,299,370
AHPC,1min,1776237108,2026-04-15 12:56,2026-04-15,299,300,299,299,521
AHPC,1min,1776237146,2026-04-15 12:57,2026-04-15,299,299,299,299,1000
AHPC,1min,1776237184,2026-04-15 12:58,2026-04-15,299,299.1,299,299.1,225
AHPC,1min,1776237289,2026-04-15 12:59,2026-04-15,299.1,299.1,299,299.1,597
AHPC,1min,1776237346,2026-04-15 13:00,2026-04-15,299.1,299.1,299,299,135
AHPC,1min,1776237408,2026-04-15 13:01,2026-04-15,299,299.1,299,299,0
AHPC,1min,1776237443,2026-04-15 13:02,2026-04-15,299,300,299,300,4100
AHPC,1min,1776237521,2026-04-15 13:03,2026-04-15,300,300,300,300,963
AHPC,1min,1776237571,2026-04-15 13:04,2026-04-15,300,300.8,300,300.8,240
AHPC,1min,1776237715,2026-04-15 13:06,2026-04-15,300.8,301,300.8,301,2000
AHPC,1min,1776237764,2026-04-15 13:07,2026-04-15,301,301,301,301,60
AHPC,1min,1776237835,2026-04-15 13:08,2026-04-15,301,301,300,301,1184
AHPC,1min,1776237877,2026-04-15 13:09,2026-04-15,301,301,300,300,1468
AHPC,1min,1776237934,2026-04-15 13:10,2026-04-15,300,301,300,301,10
AHPC,1min,1776238015,2026-04-15 13:11,2026-04-15,301,301,300.5,300.5,1011
AHPC,1min,1776238030,2026-04-15 13:12,2026-04-15,300.5,300.5,300.5,300.5,80
AHPC,1min,1776238126,2026-04-15 13:13,2026-04-15,300.5,301,300.5,301,610
AHPC,1min,1776238184,2026-04-15 13:14,2026-04-15,301,301,300.1,300.1,452
AHPC,1min,1776238227,2026-04-15 13:15,2026-04-15,300.1,301.5,300.1,301.5,1848
AHPC,1min,1776238309,2026-04-15 13:16,2026-04-15,301.5,301.5,300.3,301,510
AHPC,1min,1776238362,2026-04-15 13:17,2026-04-15,301,301.4,301,301,2007
AHPC,1min,1776238438,2026-04-15 13:18,2026-04-15,301,301.5,300.2,301,1773
AHPC,1min,1776238497,2026-04-15 13:19,2026-04-15,301,301,300.3,301,960
AHPC,1min,1776238614,2026-04-15 13:21,2026-04-15,301,301.5,300.4,300.4,7358
AHPC,1min,1776238666,2026-04-15 13:22,2026-04-15,300.4,301.5,300.4,300.5,110
AHPC,1min,1776238696,2026-04-15 13:23,2026-04-15,300.5,301.4,300.5,301.4,1060
AHPC,1min,1776238853,2026-04-15 13:25,2026-04-15,301.4,301.4,300.5,300.5,233
AHPC,1min,1776238911,2026-04-15 13:26,2026-04-15,300.5,301,300.5,301,793
AHPC,1min,1776238963,2026-04-15 13:27,2026-04-15,301,301,301,301,3011
AHPC,1min,1776239026,2026-04-15 13:28,2026-04-15,301,301.5,301,301.5,9987
AHPC,1min,1776239094,2026-04-15 13:29,2026-04-15,301.5,301.5,301,301,2099
AHPC,1min,1776239130,2026-04-15 13:30,2026-04-15,301,301,301,301,365
AHPC,1min,1776239206,2026-04-15 13:31,2026-04-15,301,301,300.6,300.6,61
AHPC,1min,1776239268,2026-04-15 13:32,2026-04-15,300.6,300.6,300.4,300.4,7009
AHPC,1min,1776239313,2026-04-15 13:33,2026-04-15,300.4,300.4,300.2,300.2,9926
AHPC,1min,1776239375,2026-04-15 13:34,2026-04-15,300.2,300.2,300.2,300.2,172
AHPC,1min,1776239445,2026-04-15 13:35,2026-04-15,300.2,300.2,300,300,1976
AHPC,1min,1776239574,2026-04-15 13:37,2026-04-15,300,300,299.1,299.1,0
AHPC,1min,1776239583,2026-04-15 13:38,2026-04-15,299.1,299.1,299.1,299.1,0
AHPC,1min,1776239692,2026-04-15 13:39,2026-04-15,299.1,300,299.1,300,133
AHPC,1min,1776239742,2026-04-15 13:40,2026-04-15,300,300,299.2,300,2131
AHPC,1min,1776239800,2026-04-15 13:41,2026-04-15,300,300,299.2,299.2,197
AHPC,1min,1776239831,2026-04-15 13:42,2026-04-15,299.2,299.2,299.1,299.1,482
AHPC,1min,1776239884,2026-04-15 13:43,2026-04-15,299.1,300,299.1,300,1000
AHPC,1min,1776239967,2026-04-15 13:44,2026-04-15,300,300,300,300,2211
AHPC,1min,1776240043,2026-04-15 13:45,2026-04-15,300,300.4,300,300.4,350
AHPC,1min,1776240107,2026-04-15 13:46,2026-04-15,300.4,300.4,300,300,149
AHPC,1min,1776240147,2026-04-15 13:47,2026-04-15,300,300,300,300,500
AHPC,1min,1776240205,2026-04-15 13:48,2026-04-15,300,300.4,300,300.4,130
AHPC,1min,1776240404,2026-04-15 13:51,2026-04-15,300.4,300.4,300,300,317
AHPC,1min,1776240493,2026-04-15 13:53,2026-04-15,300,300,300,300,25
AHPC,1min,1776240649,2026-04-15 13:55,2026-04-15,300,300,300,300,7440
AHPC,1min,1776240661,2026-04-15 13:56,2026-04-15,300,300,300,300,252
AHPC,1min,1776240762,2026-04-15 13:57,2026-04-15,300,300,299.1,300,1769
AHPC,1min,1776240783,2026-04-15 13:58,2026-04-15,300,300,299.1,299.1,0
AHPC,1min,1776240892,2026-04-15 13:59,2026-04-15,299.1,300,299.1,300,1819
AHPC,1min,1776240923,2026-04-15 14:00,2026-04-15,300,300,300,300,50
AHPC,1min,1776240977,2026-04-15 14:01,2026-04-15,300,300,300,300,1000
AHPC,1min,1776241050,2026-04-15 14:02,2026-04-15,300,300,299.4,299.4,1050
AHPC,1min,1776241115,2026-04-15 14:03,2026-04-15,299.4,299.4,299.3,299.3,200
AHPC,1min,1776241183,2026-04-15 14:04,2026-04-15,299.3,300,299.2,299.2,150
AHPC,1min,1776241311,2026-04-15 14:06,2026-04-15,299.2,299.9,299.2,299.9,100
AHPC,1min,1776241364,2026-04-15 14:07,2026-04-15,299.9,299.9,299.5,299.5,200
AHPC,1min,1776241384,2026-04-15 14:08,2026-04-15,299.5,299.5,299.5,299.5,60
AHPC,1min,1776241557,2026-04-15 14:10,2026-04-15,299.5,299.9,299.5,299.5,447
AHPC,1min,1776241616,2026-04-15 14:11,2026-04-15,299.5,299.5,299.2,299.2,630
AHPC,1min,1776241714,2026-04-15 14:13,2026-04-15,299.2,299.9,299.2,299.9,10
AHPC,1min,1776241788,2026-04-15 14:14,2026-04-15,299.9,299.9,299.2,299.9,1091
AHPC,1min,1776241898,2026-04-15 14:16,2026-04-15,299.9,300,299.2,300,29
AHPC,1min,1776241959,2026-04-15 14:17,2026-04-15,300,300,299.9,300,5070
AHPC,1min,1776242027,2026-04-15 14:18,2026-04-15,300,300,300,300,1020
AHPC,1min,1776242085,2026-04-15 14:19,2026-04-15,300,300.5,300,300,3117
AHPC,1min,1776242153,2026-04-15 14:20,2026-04-15,300,300.5,300,300,710
AHPC,1min,1776242164,2026-04-15 14:21,2026-04-15,300,300,300,300,1033
AHPC,1min,1776242279,2026-04-15 14:22,2026-04-15,300,300,300,300,7000
AHPC,1min,1776242319,2026-04-15 14:23,2026-04-15,300,300,299.3,300,49
AHPC,1min,1776242362,2026-04-15 14:24,2026-04-15,300,300,299.3,299.3,1335
AHPC,1min,1776242452,2026-04-15 14:25,2026-04-15,299.3,299.3,299.2,299.2,500
AHPC,1min,1776242509,2026-04-15 14:26,2026-04-15,299.2,299.2,299.1,299.1,5945
AHPC,1min,1776242569,2026-04-15 14:27,2026-04-15,299.1,299.1,299.1,299.1,4800
AHPC,1min,1776242625,2026-04-15 14:28,2026-04-15,299.1,299.7,298.7,298.7,6551
AHPC,1min,1776242674,2026-04-15 14:29,2026-04-15,298.7,299,298.1,298.1,1828
AHPC,1min,1776242732,2026-04-15 14:30,2026-04-15,298.1,298.3,298.1,298.3,20
AHPC,1min,1776242796,2026-04-15 14:31,2026-04-15,298.3,298.3,298.2,298.2,4090
AHPC,1min,1776243024,2026-04-15 14:35,2026-04-15,298.2,298.2,298.2,298.2,200
AHPC,1min,1776243173,2026-04-15 14:37,2026-04-15,298.2,298.3,298.2,298.3,625
AHPC,1min,1776243196,2026-04-15 14:38,2026-04-15,298.3,298.4,298.3,298.4,174
AHPC,1min,1776243259,2026-04-15 14:39,2026-04-15,298.4,298.4,298.3,298.3,449
AHPC,1min,1776243350,2026-04-15 14:40,2026-04-15,298.3,298.3,298.2,298.2,2916
AHPC,1min,1776243403,2026-04-15 14:41,2026-04-15,298.2,298.5,298.2,298.5,1777
AHPC,1min,1776243463,2026-04-15 14:42,2026-04-15,298.5,298.5,298.3,298.3,1823
AHPC,1min,1776243532,2026-04-15 14:43,2026-04-15,298.3,298.7,298.3,298.7,2166
AHPC,1min,1776243569,2026-04-15 14:44,2026-04-15,298.7,298.8,298.3,298.3,2410
AHPC,1min,1776243643,2026-04-15 14:45,2026-04-15,298.3,299,298.3,299,1095
AHPC,1min,1776243682,2026-04-15 14:46,2026-04-15,299,299,298.3,299,160
AHPC,1min,1776243750,2026-04-15 14:47,2026-04-15,299,299,299,299,50
AHPC,1min,1776243892,2026-04-15 14:49,2026-04-15,299,299.5,299,299.5,334
AHPC,1min,1776243909,2026-04-15 14:50,2026-04-15,299.5,299.6,299.5,299.6,1300
AHPC,1min,1776243968,2026-04-15 14:51,2026-04-15,299.6,299.6,299.6,299.6,30
AHPC,1min,1776244063,2026-04-15 14:52,2026-04-15,299.6,299.7,299.6,299.7,231
AHPC,1min,1776244088,2026-04-15 14:53,2026-04-15,299.7,299.9,299.6,299.9,5135
AHPC,1min,1776244183,2026-04-15 14:54,2026-04-15,299.9,299.9,299.1,299.1,1565
AHPC,1min,1776244255,2026-04-15 14:55,2026-04-15,299.1,299.9,299.1,299.9,1121
AHPC,1min,1776244317,2026-04-15 14:56,2026-04-15,299.9,299.9,299.1,299.1,7245
AHPC,1min,1776244372,2026-04-15 14:57,2026-04-15,299.1,300.5,299.1,300.5,24732
AHPC,1min,1776244432,2026-04-15 14:58,2026-04-15,300.5,300.6,300.1,300.5,811
AHPC,1min,1776244499,2026-04-15 14:59,2026-04-15,300.5,300.5,300,300.4,4482
AHPC,1min,1776316558,2026-04-16 11:00,2026-04-16,295,300.9,295,300.9,10
AHPC,1min,1776316616,2026-04-16 11:01,2026-04-16,300.9,302,299.1,302,2988
AHPC,1min,1776316666,2026-04-16 11:02,2026-04-16,302,302,298.1,298.1,15
AHPC,1min,1776316706,2026-04-16 11:03,2026-04-16,298.1,302,298.1,298.1,1010
AHPC,1min,1776316793,2026-04-16 11:04,2026-04-16,298.1,301,298.1,300,1121
AHPC,1min,1776316850,2026-04-16 11:05,2026-04-16,300,300,298.1,298.1,800
AHPC,1min,1776316879,2026-04-16 11:06,2026-04-16,298.1,298.1,298,298,554
AHPC,1min,1776317030,2026-04-16 11:08,2026-04-16,298,298,297,297,3300
AHPC,1min,1776317156,2026-04-16 11:10,2026-04-16,297,297,295.5,296,2555
AHPC,1min,1776317211,2026-04-16 11:11,2026-04-16,296,296,296,296,3520
AHPC,1min,1776317252,2026-04-16 11:12,2026-04-16,296,296,296,296,68
AHPC,1min,1776317289,2026-04-16 11:13,2026-04-16,296,296.5,296,296.5,1422
AHPC,1min,1776317383,2026-04-16 11:14,2026-04-16,296.5,297,295.9,297,3164
AHPC,1min,1776317454,2026-04-16 11:15,2026-04-16,297,299,297,299,150
AHPC,1min,1776317482,2026-04-16 11:16,2026-04-16,299,299,298,298,104
AHPC,1min,1776317541,2026-04-16 11:17,2026-04-16,298,299,298,299,443
AHPC,1min,1776317626,2026-04-16 11:18,2026-04-16,299,299.5,299,299.5,1157
AHPC,1min,1776317755,2026-04-16 11:20,2026-04-16,299.5,299.5,299,299,60
AHPC,1min,1776317798,2026-04-16 11:21,2026-04-16,299,299,298.7,298.7,334
AHPC,1min,1776317875,2026-04-16 11:22,2026-04-16,298.7,298.7,297,298.5,3247
AHPC,1min,1776317909,2026-04-16 11:23,2026-04-16,298.5,299,298.5,299,122
AHPC,1min,1776317951,2026-04-16 11:24,2026-04-16,299,301,299,300,6078
AHPC,1min,1776318053,2026-04-16 11:25,2026-04-16,300,300,298,298,531
AHPC,1min,1776318171,2026-04-16 11:27,2026-04-16,298,298,297.2,297.2,10
AHPC,1min,1776318266,2026-04-16 11:29,2026-04-16,297.2,298,297.1,298,1220
AHPC,1min,1776318320,2026-04-16 11:30,2026-04-16,298,298,297,297,1030
AHPC,1min,1776318403,2026-04-16 11:31,2026-04-16,297,297,296.3,296.3,364
AHPC,1min,1776318522,2026-04-16 11:33,2026-04-16,296.3,296.3,296,296,4208
AHPC,1min,1776318599,2026-04-16 11:34,2026-04-16,296,296,295.8,295.8,737
AHPC,1min,1776318654,2026-04-16 11:35,2026-04-16,295.8,296,295.7,296,2200
AHPC,1min,1776318700,2026-04-16 11:36,2026-04-16,296,296,296,296,1250
AHPC,1min,1776318774,2026-04-16 11:37,2026-04-16,296,296,295.1,295.7,2254
AHPC,1min,1776318832,2026-04-16 11:38,2026-04-16,295.7,295.7,295.1,295.1,1180
AHPC,1min,1776318908,2026-04-16 11:40,2026-04-16,295.1,295.1,295.1,295.1,233
AHPC,1min,1776319016,2026-04-16 11:41,2026-04-16,295.1,295.1,295,295,2123
AHPC,1min,1776319045,2026-04-16 11:42,2026-04-16,295,295,295,295,21
AHPC,1min,1776319083,2026-04-16 11:43,2026-04-16,295,295,295,295,1759
AHPC,1min,1776319252,2026-04-16 11:45,2026-04-16,295,295.9,295,295.9,828
AHPC,1min,1776319262,2026-04-16 11:46,2026-04-16,295.9,296,295.9,296,100
AHPC,1min,1776319421,2026-04-16 11:48,2026-04-16,296,296,296,296,20
AHPC,1min,1776319484,2026-04-16 11:49,2026-04-16,296,296,296,296,130
AHPC,1min,1776319549,2026-04-16 11:50,2026-04-16,296,296.5,296,296.5,10
AHPC,1min,1776319612,2026-04-16 11:51,2026-04-16,296.5,296.9,296.4,296.4,1611
AHPC,1min,1776319678,2026-04-16 11:52,2026-04-16,296.4,297,296.4,297,0
AHPC,1min,1776319728,2026-04-16 11:53,2026-04-16,297,298,297,298,3481
AHPC,1min,1776319796,2026-04-16 11:54,2026-04-16,298,298,297,298,119
AHPC,1min,1776319837,2026-04-16 11:55,2026-04-16,298,298,297,297,70
AHPC,1min,1776320003,2026-04-16 11:58,2026-04-16,297,297.9,297,297.9,235
AHPC,1min,1776320097,2026-04-16 11:59,2026-04-16,297.9,298,297.9,298,650
AHPC,1min,1776320136,2026-04-16 12:00,2026-04-16,298,298,297.9,298,445
AHPC,1min,1776320161,2026-04-16 12:01,2026-04-16,298,298,297.9,297.9,10
AHPC,1min,1776320267,2026-04-16 12:02,2026-04-16,297.9,298,297.1,298,2820
AHPC,1min,1776320376,2026-04-16 12:04,2026-04-16,298,299,298,298,510
AHPC,1min,1776320517,2026-04-16 12:06,2026-04-16,298,298,297,297,800
AHPC,1min,1776320571,2026-04-16 12:07,2026-04-16,297,297,297,297,1087
AHPC,1min,1776320624,2026-04-16 12:08,2026-04-16,297,297,297,297,189
AHPC,1min,1776320647,2026-04-16 12:09,2026-04-16,297,297,297,297,271
AHPC,1min,1776320739,2026-04-16 12:10,2026-04-16,297,297,296.4,296.4,0
AHPC,1min,1776320791,2026-04-16 12:11,2026-04-16,296.4,296.4,296.1,296.1,1200
AHPC,1min,1776320836,2026-04-16 12:12,2026-04-16,296.1,296.1,296.1,296.1,747
AHPC,1min,1776320979,2026-04-16 12:14,2026-04-16,296.1,296.1,296,296,773
AHPC,1min,1776321052,2026-04-16 12:15,2026-04-16,296,296,295.9,295.9,172
AHPC,1min,1776321079,2026-04-16 12:16,2026-04-16,295.9,296,295.2,296,1247
AHPC,1min,1776321121,2026-04-16 12:17,2026-04-16,296,296,295.2,295.2,0
AHPC,1min,1776321289,2026-04-16 12:19,2026-04-16,295.2,296,295.2,295.3,310
AHPC,1min,1776321399,2026-04-16 12:21,2026-04-16,295.3,296,295.3,296,1818
AHPC,1min,1776321492,2026-04-16 12:23,2026-04-16,296,296,295.3,295.3,200
AHPC,1min,1776321551,2026-04-16 12:24,2026-04-16,295.3,295.3,295.3,295.3,26
AHPC,1min,1776321643,2026-04-16 12:25,2026-04-16,295.3,295.3,295,295,10015
AHPC,1min,1776321714,2026-04-16 12:26,2026-04-16,295,295,294,294,0
AHPC,1min,1776321813,2026-04-16 12:28,2026-04-16,294,294.3,294,294.3,3599
AHPC,1min,1776321916,2026-04-16 12:30,2026-04-16,294.3,294.5,294.3,294.5,407
AHPC,1min,1776321973,2026-04-16 12:31,2026-04-16,294.5,294.5,294.4,294.4,1000
AHPC,1min,1776322124,2026-04-16 12:33,2026-04-16,294.4,294.5,294.4,294.5,1430
AHPC,1min,1776322176,2026-04-16 12:34,2026-04-16,294.5,294.5,294.4,294.5,900
AHPC,1min,1776322360,2026-04-16 12:37,2026-04-16,294.5,295,294.5,295,367
AHPC,1min,1776322387,2026-04-16 12:38,2026-04-16,295,297,295,297,117
AHPC,1min,1776322673,2026-04-16 12:42,2026-04-16,297,297,297,297,10
AHPC,1min,1776322773,2026-04-16 12:44,2026-04-16,297,297,297,297,0
AHPC,1min,1776323017,2026-04-16 12:48,2026-04-16,297,297,296.9,296.9,668
AHPC,1min,1776323330,2026-04-16 12:53,2026-04-16,296.9,296.9,295.5,295.5,50
AHPC,1min,1776323367,2026-04-16 12:54,2026-04-16,295.5,295.5,295.3,295.3,0
AHPC,1min,1776323555,2026-04-16 12:57,2026-04-16,295.3,295.3,295.1,295.1,650
AHPC,1min,1776323581,2026-04-16 12:58,2026-04-16,295.1,295.1,295,295,79
AHPC,1min,1776323756,2026-04-16 13:00,2026-04-16,295,296,295,296,10
AHPC,1min,1776323808,2026-04-16 13:01,2026-04-16,296,296,295,295,1014
AHPC,1min,1776323898,2026-04-16 13:03,2026-04-16,295,295,295,295,500
AHPC,1min,1776323982,2026-04-16 13:04,2026-04-16,295,295,294.4,294.4,500
AHPC,1min,1776324018,2026-04-16 13:05,2026-04-16,294.4,294.4,294.4,294.4,20
AHPC,1min,1776324235,2026-04-16 13:08,2026-04-16,294.4,294.4,294.1,294.1,200
AHPC,1min,1776324291,2026-04-16 13:09,2026-04-16,294.1,294.1,294,294,977
AHPC,1min,1776324344,2026-04-16 13:10,2026-04-16,294,294,294,294,2052
AHPC,1min,1776324387,2026-04-16 13:11,2026-04-16,294,294,294,294,1040
AHPC,1min,1776324455,2026-04-16 13:12,2026-04-16,294,294.1,294,294.1,29
AHPC,1min,1776324528,2026-04-16 13:13,2026-04-16,294.1,294.1,294.1,294.1,23
AHPC,1min,1776324575,2026-04-16 13:14,2026-04-16,294.1,294.1,294,294,546
AHPC,1min,1776324631,2026-04-16 13:15,2026-04-16,294,294,293.5,293.5,2823
AHPC,1min,1776324698,2026-04-16 13:16,2026-04-16,293.5,293.5,293.1,293.1,10
AHPC,1min,1776324892,2026-04-16 13:19,2026-04-16,293.1,294,293.1,294,1200
AHPC,1min,1776324955,2026-04-16 13:20,2026-04-16,294,294,293,293,1435
AHPC,1min,1776324996,2026-04-16 13:21,2026-04-16,293,293,293,293,4515
AHPC,1min,1776325049,2026-04-16 13:22,2026-04-16,293,293,293,293,758
AHPC,1min,1776325102,2026-04-16 13:23,2026-04-16,293,293.9,293,293.9,300
AHPC,1min,1776325140,2026-04-16 13:24,2026-04-16,293.9,293.9,293,293,55
AHPC,1min,1776325254,2026-04-16 13:25,2026-04-16,293,294,293,294,2515
AHPC,1min,1776325338,2026-04-16 13:27,2026-04-16,294,294,292.3,294,1250
AHPC,1min,1776325496,2026-04-16 13:29,2026-04-16,294,294,292.5,292.5,500
AHPC,1min,1776325576,2026-04-16 13:31,2026-04-16,292.5,292.5,292.5,292.5,130
AHPC,1min,1776325679,2026-04-16 13:32,2026-04-16,292.5,292.5,292.1,292.1,0
AHPC,1min,1776325722,2026-04-16 13:33,2026-04-16,292.1,292.2,292.1,292.2,3150
AHPC,1min,1776325846,2026-04-16 13:35,2026-04-16,292.2,292.2,292,292,5510
AHPC,1min,1776325907,2026-04-16 13:36,2026-04-16,292,292,292,292,0
AHPC,1min,1776326023,2026-04-16 13:38,2026-04-16,292,292.1,292,292.1,220
AHPC,1min,1776326094,2026-04-16 13:39,2026-04-16,292.1,293.7,292.1,293.7,288
AHPC,1min,1776326131,2026-04-16 13:40,2026-04-16,293.7,293.7,293,293,362
AHPC,1min,1776326186,2026-04-16 13:41,2026-04-16,293,293,292.1,292.1,1062
AHPC,1min,1776326277,2026-04-16 13:42,2026-04-16,292.1,293,292.1,292.2,2060
AHPC,1min,1776326334,2026-04-16 13:43,2026-04-16,292.2,292.2,292.2,292.2,316
AHPC,1min,1776326391,2026-04-16 13:44,2026-04-16,292.2,293,292.2,292.2,815
AHPC,1min,1776326504,2026-04-16 13:46,2026-04-16,292.2,293,292.2,293,350
AHPC,1min,1776326639,2026-04-16 13:48,2026-04-16,293,293,293,293,1809
AHPC,1min,1776326743,2026-04-16 13:50,2026-04-16,293,293,293,293,966
AHPC,1min,1776326875,2026-04-16 13:52,2026-04-16,293,293,293,293,0
AHPC,1min,1776326914,2026-04-16 13:53,2026-04-16,293,293,292.5,292.5,1093
AHPC,1min,1776326949,2026-04-16 13:54,2026-04-16,292.5,292.5,292.1,292.1,1034
AHPC,1min,1776327050,2026-04-16 13:55,2026-04-16,292.1,292.5,292.1,292.5,500
AHPC,1min,1776327112,2026-04-16 13:56,2026-04-16,292.5,292.5,292.4,292.4,2060
AHPC,1min,1776327156,2026-04-16 13:57,2026-04-16,292.4,292.4,292.4,292.4,466
AHPC,1min,1776327223,2026-04-16 13:58,2026-04-16,292.4,292.4,292.1,292.1,0
AHPC,1min,1776327295,2026-04-16 13:59,2026-04-16,292.1,292.5,292.1,292.5,2388
AHPC,1min,1776327340,2026-04-16 14:00,2026-04-16,292.5,292.5,292.2,292.2,288
AHPC,1min,1776327397,2026-04-16 14:01,2026-04-16,292.2,292.2,292.2,292.2,24
AHPC,1min,1776327444,2026-04-16 14:02,2026-04-16,292.2,292.2,292.2,292.2,30
AHPC,1min,1776327525,2026-04-16 14:03,2026-04-16,292.2,292.2,292.1,292.2,1272
AHPC,1min,1776327585,2026-04-16 14:04,2026-04-16,292.2,292.9,292.2,292.9,250
AHPC,1min,1776327642,2026-04-16 14:05,2026-04-16,292.9,292.9,292.2,292.2,252
AHPC,1min,1776327710,2026-04-16 14:06,2026-04-16,292.2,293,292.2,293,508
AHPC,1min,1776327778,2026-04-16 14:07,2026-04-16,293,293,293,293,10
AHPC,1min,1776327789,2026-04-16 14:08,2026-04-16,293,293,292.9,292.9,52
AHPC,1min,1776327889,2026-04-16 14:09,2026-04-16,292.9,295,292.9,295,10000
AHPC,1min,1776327957,2026-04-16 14:10,2026-04-16,295,295,294.5,294.5,6795
AHPC,1min,1776328134,2026-04-16 14:13,2026-04-16,294.5,294.5,293,293,102
AHPC,1min,1776328191,2026-04-16 14:14,2026-04-16,293,293,293,293,1404
AHPC,1min,1776328281,2026-04-16 14:16,2026-04-16,293,293,293,293,10
AHPC,1min,1776328396,2026-04-16 14:18,2026-04-16,293,293,293,293,1500
AHPC,1min,1776328482,2026-04-16 14:19,2026-04-16,293,294,293,293,0
AHPC,1min,1776328503,2026-04-16 14:20,2026-04-16,293,293,293,293,237
AHPC,1min,1776328610,2026-04-16 14:21,2026-04-16,293,294,293,293.1,3041
AHPC,1min,1776328653,2026-04-16 14:22,2026-04-16,293.1,293.1,293.1,293.1,0
AHPC,1min,1776328787,2026-04-16 14:24,2026-04-16,293.1,294,293.1,294,52
AHPC,1min,1776328802,2026-04-16 14:25,2026-04-16,294,294,293,293,0
AHPC,1min,1776328934,2026-04-16 14:27,2026-04-16,293,294,293,294,2512
AHPC,1min,1776328989,2026-04-16 14:28,2026-04-16,294,294,293,293,250
AHPC,1min,1776329219,2026-04-16 14:31,2026-04-16,293,294,293,294,20
AHPC,1min,1776329266,2026-04-16 14:32,2026-04-16,294,294.4,294,294.4,1363
AHPC,1min,1776329335,2026-04-16 14:33,2026-04-16,294.4,295,294.1,295,497
AHPC,1min,1776329436,2026-04-16 14:35,2026-04-16,295,295,294.5,294.5,4295
AHPC,1min,1776329490,2026-04-16 14:36,2026-04-16,294.5,294.5,294,294,7334
AHPC,1min,1776329670,2026-04-16 14:39,2026-04-16,294,294,293,293,1500
AHPC,1min,1776329796,2026-04-16 14:41,2026-04-16,293,293,293,293,500
AHPC,1min,1776329864,2026-04-16 14:42,2026-04-16,293,293,293,293,649
AHPC,1min,1776329947,2026-04-16 14:44,2026-04-16,293,293,293,293,100
AHPC,1min,1776330039,2026-04-16 14:45,2026-04-16,293,293.1,293,293.1,372
AHPC,1min,1776330083,2026-04-16 14:46,2026-04-16,293.1,293.1,293,293,796
AHPC,1min,1776330153,2026-04-16 14:47,2026-04-16,293,293,293,293,309
AHPC,1min,1776330237,2026-04-16 14:48,2026-04-16,293,293,292.7,292.7,10
AHPC,1min,1776330297,2026-04-16 14:49,2026-04-16,292.7,293,292.7,293,540
AHPC,1min,1776330324,2026-04-16 14:50,2026-04-16,293,293,293,293,125
AHPC,1min,1776330375,2026-04-16 14:51,2026-04-16,293,294,293,294,1379
AHPC,1min,1776330446,2026-04-16 14:52,2026-04-16,294,294,294,294,135
AHPC,1min,1776330521,2026-04-16 14:53,2026-04-16,294,294,293.9,294,321
AHPC,1min,1776330570,2026-04-16 14:54,2026-04-16,294,294,293,293,2050
AHPC,1min,1776330641,2026-04-16 14:55,2026-04-16,293,293,293,293,725
AHPC,1min,1776330713,2026-04-16 14:56,2026-04-16,293,293,292.6,293,0
AHPC,1min,1776330764,2026-04-16 14:57,2026-04-16,293,293,292.6,292.6,2257
AHPC,1min,1776330834,2026-04-16 14:58,2026-04-16,292.6,293,292.5,293,2945
AHPC,1min,1776330899,2026-04-16 14:59,2026-04-16,293,294,292.1,293,19392
AHPC,1min,1776402900,2026-04-17 11:00,2026-04-17,298.8,298.8,298.8,298.8,0
AHPC,1min,1776402962,2026-04-17 11:01,2026-04-17,298.8,298.8,290.1,290.1,700
AHPC,1min,1776403054,2026-04-17 11:02,2026-04-17,290.1,293,290.1,293,10
AHPC,1min,1776403111,2026-04-17 11:03,2026-04-17,293,293,288.3,288.3,110
AHPC,1min,1776403229,2026-04-17 11:05,2026-04-17,288.3,292.9,288.3,292.9,844
AHPC,1min,1776403312,2026-04-17 11:06,2026-04-17,292.9,293,292.9,293,7021
AHPC,1min,1776403373,2026-04-17 11:07,2026-04-17,293,295,293,295,1655
AHPC,1min,1776403424,2026-04-17 11:08,2026-04-17,295,295,295,295,100
AHPC,1min,1776403508,2026-04-17 11:10,2026-04-17,295,295,295,295,149
AHPC,1min,1776403709,2026-04-17 11:13,2026-04-17,295,295,292.6,295,2233
AHPC,1min,1776403767,2026-04-17 11:14,2026-04-17,295,295,293,293,755
AHPC,1min,1776403897,2026-04-17 11:16,2026-04-17,293,293.1,293,293,1345
AHPC,1min,1776403942,2026-04-17 11:17,2026-04-17,293,293,292.6,292.6,177
AHPC,1min,1776403995,2026-04-17 11:18,2026-04-17,292.6,292.6,292.6,292.6,89
AHPC,1min,1776404087,2026-04-17 11:19,2026-04-17,292.6,292.7,292.6,292.7,101
AHPC,1min,1776404195,2026-04-17 11:21,2026-04-17,292.7,292.7,292.7,292.7,53
AHPC,1min,1776404392,2026-04-17 11:24,2026-04-17,292.7,292.7,291,291,2211
AHPC,1min,1776404513,2026-04-17 11:26,2026-04-17,291,293,291,293,1700
AHPC,1min,1776404556,2026-04-17 11:27,2026-04-17,293,293,290.1,293,1967
AHPC,1min,1776404631,2026-04-17 11:28,2026-04-17,293,293,290.1,293,200
AHPC,1min,1776404673,2026-04-17 11:29,2026-04-17,293,293,293,293,25
AHPC,1min,1776404759,2026-04-17 11:30,2026-04-17,293,293,293,293,30
AHPC,1min,1776405482,2026-04-17 11:43,2026-04-17,293,293,293,293,100
AHPC,1min,1776405693,2026-04-17 11:46,2026-04-17,293,293,291,291,1250
AHPC,1min,1776405759,2026-04-17 11:47,2026-04-17,291,291,291,291,509
AHPC,1min,1776405833,2026-04-17 11:48,2026-04-17,291,291,291,291,480
AHPC,1min,1776405959,2026-04-17 11:50,2026-04-17,291,291,290.1,290.1,2100
AHPC,1min,1776406060,2026-04-17 11:52,2026-04-17,290.1,291,290.1,290.1,1717
AHPC,1min,1776406122,2026-04-17 11:53,2026-04-17,290.1,291.2,290.1,291.2,300
AHPC,1min,1776406182,2026-04-17 11:54,2026-04-17,291.2,291.2,290.1,290.1,2965
AHPC,1min,1776406227,2026-04-17 11:55,2026-04-17,290.1,290.1,290,290.1,960
AHPC,1min,1776406299,2026-04-17 11:56,2026-04-17,290.1,290.1,290,290.1,1138
AHPC,1min,1776406376,2026-04-17 11:57,2026-04-17,290.1,290.1,290.1,290.1,131
AHPC,1min,1776406407,2026-04-17 11:58,2026-04-17,290.1,290.1,290.1,290.1,500
AHPC,1min,1776406479,2026-04-17 11:59,2026-04-17,290.1,290.1,290.1,290.1,300
AHPC,1min,1776406615,2026-04-17 12:01,2026-04-17,290.1,290.1,290.1,290.1,630
AHPC,1min,1776406670,2026-04-17 12:02,2026-04-17,290.1,290.5,290.1,290.5,325
AHPC,1min,1776406709,2026-04-17 12:03,2026-04-17,290.5,290.5,290,290,6557
AHPC,1min,1776406778,2026-04-17 12:04,2026-04-17,290,290,289.9,289.9,0
AHPC,1min,1776406850,2026-04-17 12:05,2026-04-17,289.9,289.9,289.9,289.9,837
AHPC,1min,1776406916,2026-04-17 12:06,2026-04-17,289.9,290,289.3,290,947
AHPC,1min,1776406994,2026-04-17 12:08,2026-04-17,290,290,290,290,100
AHPC,1min,1776407130,2026-04-17 12:10,2026-04-17,290,290,288.4,288.4,4515
AHPC,1min,1776407207,2026-04-17 12:11,2026-04-17,288.4,289,288.3,288.3,4060
AHPC,1min,1776407272,2026-04-17 12:12,2026-04-17,288.3,288.4,288.3,288.4,0
AHPC,1min,1776407326,2026-04-17 12:13,2026-04-17,288.4,288.4,288.4,288.4,2200
AHPC,1min,1776407389,2026-04-17 12:14,2026-04-17,288.4,288.5,288.4,288.5,1227
AHPC,1min,1776407478,2026-04-17 12:16,2026-04-17,288.5,288.5,288.4,288.4,68
AHPC,1min,1776407547,2026-04-17 12:17,2026-04-17,288.4,289.3,288.4,289.3,90
AHPC,1min,1776407580,2026-04-17 12:18,2026-04-17,289.3,289.3,288.4,288.4,250
AHPC,1min,1776407666,2026-04-17 12:19,2026-04-17,288.4,289.2,288.4,289.2,30
AHPC,1min,1776407773,2026-04-17 12:21,2026-04-17,289.2,289.2,289,289.2,17
AHPC,1min,1776407917,2026-04-17 12:23,2026-04-17,289.2,289.8,289.2,289.8,338
AHPC,1min,1776407995,2026-04-17 12:24,2026-04-17,289.8,289.9,289.8,289.9,0
AHPC,1min,1776408056,2026-04-17 12:25,2026-04-17,289.9,289.9,288.7,289,1264
AHPC,1min,1776408079,2026-04-17 12:26,2026-04-17,289,289.9,289,289.9,600
AHPC,1min,1776408191,2026-04-17 12:28,2026-04-17,289.9,289.9,289.9,289.9,59
AHPC,1min,1776408274,2026-04-17 12:29,2026-04-17,289.9,289.9,289.9,289.9,393
AHPC,1min,1776408411,2026-04-17 12:31,2026-04-17,289.9,290,289.9,290,200
AHPC,1min,1776408434,2026-04-17 12:32,2026-04-17,290,290,290,290,510
AHPC,1min,1776408527,2026-04-17 12:33,2026-04-17,290,290,290,290,1667
AHPC,1min,1776408642,2026-04-17 12:35,2026-04-17,290,290,289.1,289.1,81
AHPC,1min,1776408696,2026-04-17 12:36,2026-04-17,289.1,289.3,289.1,289.3,0
AHPC,1min,1776408772,2026-04-17 12:37,2026-04-17,289.3,291,289.3,291,770
AHPC,1min,1776408827,2026-04-17 12:38,2026-04-17,291,292,290.3,292,571
AHPC,1min,1776408946,2026-04-17 12:40,2026-04-17,292,292,292,292,0
AHPC,1min,1776409115,2026-04-17 12:43,2026-04-17,292,292,292,292,320
AHPC,1min,1776409249,2026-04-17 12:45,2026-04-17,292,292,291,292,0
AHPC,1min,1776409301,2026-04-17 12:46,2026-04-17,292,292.5,292,292.5,1918
AHPC,1min,1776409325,2026-04-17 12:47,2026-04-17,292.5,292.5,292,292,10
AHPC,1min,1776409435,2026-04-17 12:48,2026-04-17,292,292.9,292,292.9,324
AHPC,1min,1776409499,2026-04-17 12:49,2026-04-17,292.9,292.9,292.9,292.9,274
AHPC,1min,1776409550,2026-04-17 12:50,2026-04-17,292.9,293,292.9,293,746
AHPC,1min,1776409596,2026-04-17 12:51,2026-04-17,293,293.1,293,293.1,1351
AHPC,1min,1776409674,2026-04-17 12:52,2026-04-17,293.1,293.1,292,292,3297
AHPC,1min,1776409857,2026-04-17 12:55,2026-04-17,292,292,289.9,289.9,5221
AHPC,1min,1776409914,2026-04-17 12:56,2026-04-17,289.9,290,289.9,290,1076
AHPC,1min,1776409960,2026-04-17 12:57,2026-04-17,290,290,289.9,289.9,57
AHPC,1min,1776410013,2026-04-17 12:58,2026-04-17,289.9,289.9,289.4,289.4,0
AHPC,1min,1776410106,2026-04-17 13:00,2026-04-17,289.4,290,289.4,290,183
AHPC,1min,1776410267,2026-04-17 13:02,2026-04-17,290,290,290,290,1646
AHPC,1min,1776410327,2026-04-17 13:03,2026-04-17,290,291.8,290,291.8,10
AHPC,1min,1776410432,2026-04-17 13:05,2026-04-17,291.8,291.8,291,291,33
AHPC,1min,1776410503,2026-04-17 13:06,2026-04-17,291,291,290.9,290.9,50
AHPC,1min,1776410689,2026-04-17 13:09,2026-04-17,290.9,290.9,290,290,0
AHPC,1min,1776410749,2026-04-17 13:10,2026-04-17,290,290,289.4,289.4,287
AHPC,1min,1776410804,2026-04-17 13:11,2026-04-17,289.4,289.4,289.2,289.3,1188
AHPC,1min,1776410850,2026-04-17 13:12,2026-04-17,289.3,289.3,289.2,289.2,1170
AHPC,1min,1776411034,2026-04-17 13:15,2026-04-17,289.2,289.9,289.2,289.9,38
AHPC,1min,1776411115,2026-04-17 13:16,2026-04-17,289.9,289.9,289.1,289.1,0
AHPC,1min,1776411148,2026-04-17 13:17,2026-04-17,289.1,289.9,289.1,289.9,326
AHPC,1min,1776411260,2026-04-17 13:19,2026-04-17,289.9,290,289.9,290,127
AHPC,1min,1776411356,2026-04-17 13:20,2026-04-17,290,290,290,290,1000
AHPC,1min,1776411369,2026-04-17 13:21,2026-04-17,290,290,290,290,0
AHPC,1min,1776411479,2026-04-17 13:22,2026-04-17,290,290,290,290,1381
AHPC,1min,1776411663,2026-04-17 13:26,2026-04-17,290,290.9,290,290.9,300
AHPC,1min,1776411833,2026-04-17 13:28,2026-04-17,290.9,290.9,290.9,290.9,56
AHPC,1min,1776411894,2026-04-17 13:29,2026-04-17,290.9,290.9,290.9,290.9,414
AHPC,1min,1776411955,2026-04-17 13:30,2026-04-17,290.9,291.5,290.9,291.5,988
AHPC,1min,1776411983,2026-04-17 13:31,2026-04-17,291.5,291.5,291.5,291.5,200
AHPC,1min,1776412067,2026-04-17 13:32,2026-04-17,291.5,291.5,291.5,291.5,0
AHPC,1min,1776412139,2026-04-17 13:33,2026-04-17,291.5,291.9,291.5,291.9,790
AHPC,1min,1776412195,2026-04-17 13:34,2026-04-17,291.9,292,291.9,292,1190
AHPC,1min,1776412253,2026-04-17 13:35,2026-04-17,292,293,292,293,510
AHPC,1min,1776412317,2026-04-17 13:36,2026-04-17,293,293,292.1,292.1,400
AHPC,1min,1776412378,2026-04-17 13:37,2026-04-17,292.1,293,292.1,293,830
AHPC,1min,1776412406,2026-04-17 13:38,2026-04-17,293,293.1,293,293.1,1000
AHPC,1min,1776412550,2026-04-17 13:40,2026-04-17,293.1,293.1,293.1,293.1,400
AHPC,1min,1776412666,2026-04-17 13:42,2026-04-17,293.1,293.1,293,293,50
AHPC,1min,1776412730,2026-04-17 13:43,2026-04-17,293,293,292.2,292.2,400
AHPC,1min,1776412761,2026-04-17 13:44,2026-04-17,292.2,292.5,292,292,772
AHPC,1min,1776412915,2026-04-17 13:46,2026-04-17,292,292,290.4,290.4,100
AHPC,1min,1776413217,2026-04-17 13:51,2026-04-17,290.4,291.9,290.4,291.9,40
AHPC,1min,1776413286,2026-04-17 13:53,2026-04-17,291.9,291.9,291,291,0
AHPC,1min,1776413377,2026-04-17 13:54,2026-04-17,291,291,290.5,290.5,115
AHPC,1min,1776413555,2026-04-17 13:57,2026-04-17,290.5,290.6,290.5,290.6,30
AHPC,1min,1776413664,2026-04-17 13:59,2026-04-17,290.6,291,290.6,291,0
AHPC,1min,1776413742,2026-04-17 14:00,2026-04-17,291,291.9,291,291.9,271
AHPC,1min,1776413857,2026-04-17 14:02,2026-04-17,291.9,291.9,291.9,291.9,111
AHPC,1min,1776413937,2026-04-17 14:03,2026-04-17,291.9,291.9,291,291,320
AHPC,1min,1776413953,2026-04-17 14:04,2026-04-17,291,292,291,292,0
AHPC,1min,1776414068,2026-04-17 14:06,2026-04-17,292,292,292,292,1100
AHPC,1min,1776414173,2026-04-17 14:07,2026-04-17,292,292.5,292,292.5,687
AHPC,1min,1776414297,2026-04-17 14:09,2026-04-17,292.5,293,292.5,293,3000
AHPC,1min,1776414336,2026-04-17 14:10,2026-04-17,293,293,293,293,300
AHPC,1min,1776414472,2026-04-17 14:12,2026-04-17,293,293,293,293,0
AHPC,1min,1776414483,2026-04-17 14:13,2026-04-17,293,293.1,293,293.1,425
AHPC,1min,1776414575,2026-04-17 14:14,2026-04-17,293.1,293.5,293.1,293.5,150
AHPC,1min,1776414638,2026-04-17 14:15,2026-04-17,293.5,293.5,293.1,293.1,100
AHPC,1min,1776414743,2026-04-17 14:17,2026-04-17,293.1,294,293.1,294,4047
AHPC,1min,1776414819,2026-04-17 14:18,2026-04-17,294,294.8,293.1,293.1,1590
AHPC,1min,1776414888,2026-04-17 14:19,2026-04-17,293.1,294,293,293,510
AHPC,1min,1776414947,2026-04-17 14:20,2026-04-17,293,293,292,292,1232
AHPC,1min,1776415060,2026-04-17 14:22,2026-04-17,292,292,290,290,11309
AHPC,1min,1776415136,2026-04-17 14:23,2026-04-17,290,292.1,290,292.1,10
AHPC,1min,1776415175,2026-04-17 14:24,2026-04-17,292.1,292.1,292,292,0
AHPC,1min,1776415228,2026-04-17 14:25,2026-04-17,292,292,290.3,290.3,685
AHPC,1min,1776415275,2026-04-17 14:26,2026-04-17,290.3,290.3,290.3,290.3,250
AHPC,1min,1776415362,2026-04-17 14:27,2026-04-17,290.3,291,290.3,291,150
AHPC,1min,1776415410,2026-04-17 14:28,2026-04-17,291,292,291,292,27
AHPC,1min,1776415551,2026-04-17 14:30,2026-04-17,292,292,291,291.9,313
AHPC,1min,1776415580,2026-04-17 14:31,2026-04-17,291.9,291.9,291.9,291.9,100
AHPC,1min,1776415657,2026-04-17 14:32,2026-04-17,291.9,291.9,291.9,291.9,600
AHPC,1min,1776415973,2026-04-17 14:37,2026-04-17,291.9,291.9,291.8,291.8,500
AHPC,1min,1776416001,2026-04-17 14:38,2026-04-17,291.8,292,291.8,292,81
AHPC,1min,1776416042,2026-04-17 14:39,2026-04-17,292,292,292,292,42
AHPC,1min,1776416109,2026-04-17 14:40,2026-04-17,292,292.1,292,292.1,187
AHPC,1min,1776416193,2026-04-17 14:41,2026-04-17,292.1,292.1,292,292,500
AHPC,1min,1776416269,2026-04-17 14:42,2026-04-17,292,292,291.3,292,10
AHPC,1min,1776416399,2026-04-17 14:44,2026-04-17,292,292,292,292,3145
AHPC,1min,1776416453,2026-04-17 14:45,2026-04-17,292,292.1,292,292.1,0
AHPC,1min,1776416484,2026-04-17 14:46,2026-04-17,292.1,292.8,292.1,292.8,0
AHPC,1min,1776416572,2026-04-17 14:47,2026-04-17,292.8,292.8,292,292.8,874
AHPC,1min,1776416607,2026-04-17 14:48,2026-04-17,292.8,292.8,292.1,292.1,500
AHPC,1min,1776416699,2026-04-17 14:49,2026-04-17,292.1,292.9,292.1,292.9,1403
AHPC,1min,1776416724,2026-04-17 14:50,2026-04-17,292.9,293,292.9,293,2010
AHPC,1min,1776416808,2026-04-17 14:51,2026-04-17,293,293.5,293,293.5,0
AHPC,1min,1776416843,2026-04-17 14:52,2026-04-17,293.5,293.5,293,293,560
AHPC,1min,1776416932,2026-04-17 14:53,2026-04-17,293,293.3,293,293,928
AHPC,1min,1776416964,2026-04-17 14:54,2026-04-17,293,293.3,293,293.3,220
AHPC,1min,1776417032,2026-04-17 14:55,2026-04-17,293.3,293.3,293.1,293.1,500
AHPC,1min,1776417100,2026-04-17 14:56,2026-04-17,293.1,293.2,293,293,200
AHPC,1min,1776417179,2026-04-17 14:57,2026-04-17,293,293.2,292.1,292.1,8272
AHPC,1min,1776417218,2026-04-17 14:58,2026-04-17,292.1,292.1,291.5,291.5,2275
AHPC,1min,1776417299,2026-04-17 14:59,2026-04-17,291.5,291.9,291.5,291.9,2046
AHPC,1min,1776662139,2026-04-20 11:00,2026-04-20,295,295,295,295,30
AHPC,1min,1776662253,2026-04-20 11:02,2026-04-20,295,295,290.1,293,473
AHPC,1min,1776662284,2026-04-20 11:03,2026-04-20,293,294.5,293,294.5,10
AHPC,1min,1776662384,2026-04-20 11:04,2026-04-20,294.5,294.5,293,293,150
AHPC,1min,1776662455,2026-04-20 11:05,2026-04-20,293,293,293,293,160
AHPC,1min,1776662735,2026-04-20 11:10,2026-04-20,293,293,290.1,290.1,30
AHPC,1min,1776662812,2026-04-20 11:11,2026-04-20,290.1,290.1,290.1,290.1,0
AHPC,1min,1776662973,2026-04-20 11:14,2026-04-20,290.1,290.1,289.2,289.2,1040
AHPC,1min,1776663044,2026-04-20 11:15,2026-04-20,289.2,290.1,289.2,290.1,19
AHPC,1min,1776663079,2026-04-20 11:16,2026-04-20,290.1,290.1,290.1,290.1,271
AHPC,1min,1776663174,2026-04-20 11:17,2026-04-20,290.1,290.1,289.2,290,1570
AHPC,1min,1776663186,2026-04-20 11:18,2026-04-20,290,290,289.2,289.2,150
AHPC,1min,1776663292,2026-04-20 11:19,2026-04-20,289.2,290,289.2,290,200
AHPC,1min,1776663357,2026-04-20 11:20,2026-04-20,290,290,289.3,290,530
AHPC,1min,1776663399,2026-04-20 11:21,2026-04-20,290,290,290,290,100
AHPC,1min,1776663448,2026-04-20 11:22,2026-04-20,290,290,289.3,289.3,936
AHPC,1min,1776663507,2026-04-20 11:23,2026-04-20,289.3,290,289.3,290,36
AHPC,1min,1776663562,2026-04-20 11:24,2026-04-20,290,292,290,292,821
AHPC,1min,1776663836,2026-04-20 11:28,2026-04-20,292,292,292,292,200
AHPC,1min,1776664086,2026-04-20 11:33,2026-04-20,292,292,290,290,1102
AHPC,1min,1776664271,2026-04-20 11:36,2026-04-20,290,290,289.4,289.4,1300
AHPC,1min,1776664371,2026-04-20 11:37,2026-04-20,289.4,289.4,289,289,3775
AHPC,1min,1776664667,2026-04-20 11:42,2026-04-20,289,289,288.1,288.1,1056
AHPC,1min,1776664725,2026-04-20 11:43,2026-04-20,288.1,289,288,288,4363
AHPC,1min,1776664805,2026-04-20 11:45,2026-04-20,288,288,288,288,10
AHPC,1min,1776664889,2026-04-20 11:46,2026-04-20,288,288,288,288,5831
AHPC,1min,1776664971,2026-04-20 11:47,2026-04-20,288,288,287.3,287.3,220
AHPC,1min,1776665036,2026-04-20 11:48,2026-04-20,287.3,287.3,287.3,287.3,315
AHPC,1min,1776665146,2026-04-20 11:50,2026-04-20,287.3,287.9,287.1,287.1,1100
AHPC,1min,1776665184,2026-04-20 11:51,2026-04-20,287.1,287.9,287,287,65
AHPC,1min,1776665266,2026-04-20 11:52,2026-04-20,287,287.1,287,287.1,394
AHPC,1min,1776665287,2026-04-20 11:53,2026-04-20,287.1,287.1,287.1,287.1,20
AHPC,1min,1776665380,2026-04-20 11:54,2026-04-20,287.1,288,287.1,288,764
AHPC,1min,1776665555,2026-04-20 11:57,2026-04-20,288,288,287,287,4011
AHPC,1min,1776665707,2026-04-20 12:00,2026-04-20,287,287.1,287,287.1,156
AHPC,1min,1776665804,2026-04-20 12:01,2026-04-20,287.1,287.1,287.1,287.1,15
AHPC,1min,1776665946,2026-04-20 12:04,2026-04-20,287.1,287.1,287.1,287.1,255
AHPC,1min,1776666006,2026-04-20 12:05,2026-04-20,287.1,287.1,287,287,575
AHPC,1min,1776666158,2026-04-20 12:07,2026-04-20,287,287,287,287,1860
AHPC,1min,1776666283,2026-04-20 12:09,2026-04-20,287,287,287,287,100
AHPC,1min,1776666398,2026-04-20 12:11,2026-04-20,287,287,287,287,1900
AHPC,1min,1776666454,2026-04-20 12:12,2026-04-20,287,287,287,287,1200
AHPC,1min,1776666537,2026-04-20 12:13,2026-04-20,287,287,287,287,100
AHPC,1min,1776666598,2026-04-20 12:14,2026-04-20,287,287,287,287,7042
AHPC,1min,1776666637,2026-04-20 12:15,2026-04-20,287,287.8,287,287,293
AHPC,1min,1776666820,2026-04-20 12:18,2026-04-20,287,287.9,287,287.1,236
AHPC,1min,1776666881,2026-04-20 12:19,2026-04-20,287.1,287.9,287,287.9,350
AHPC,1min,1776666948,2026-04-20 12:20,2026-04-20,287.9,287.9,287.1,287.1,1750
AHPC,1min,1776666993,2026-04-20 12:21,2026-04-20,287.1,287.9,287.1,287.9,350
AHPC,1min,1776667034,2026-04-20 12:22,2026-04-20,287.9,287.9,287.9,287.9,14
AHPC,1min,1776667136,2026-04-20 12:23,2026-04-20,287.9,288,287.1,287.1,192
AHPC,1min,1776667174,2026-04-20 12:24,2026-04-20,287.1,288,287.1,288,114
AHPC,1min,1776667225,2026-04-20 12:25,2026-04-20,288,288,287,287,1906
AHPC,1min,1776667317,2026-04-20 12:26,2026-04-20,287,288,287,288,600
AHPC,1min,1776667514,2026-04-20 12:30,2026-04-20,288,288,288,288,10
AHPC,1min,1776667597,2026-04-20 12:31,2026-04-20,288,288,287,287,1000
AHPC,1min,1776667750,2026-04-20 12:34,2026-04-20,287,287,287,287,331
AHPC,1min,1776667834,2026-04-20 12:35,2026-04-20,287,288,287,288,17
AHPC,1min,1776667907,2026-04-20 12:36,2026-04-20,288,288,286.8,286.8,2013
AHPC,1min,1776668094,2026-04-20 12:39,2026-04-20,286.8,288,286.8,288,875
AHPC,1min,1776668123,2026-04-20 12:40,2026-04-20,288,288,288,288,10
AHPC,1min,1776668185,2026-04-20 12:41,2026-04-20,288,288,287.1,288,1546
AHPC,1min,1776668221,2026-04-20 12:42,2026-04-20,288,288,287,287,540
AHPC,1min,1776668322,2026-04-20 12:43,2026-04-20,287,287,287,287,10
AHPC,1min,1776668379,2026-04-20 12:44,2026-04-20,287,287.5,287,287.5,22
AHPC,1min,1776668440,2026-04-20 12:45,2026-04-20,287.5,287.5,287.5,287.5,38
AHPC,1min,1776668685,2026-04-20 12:49,2026-04-20,287.5,288,287.5,288,194
AHPC,1min,1776668784,2026-04-20 12:51,2026-04-20,288,288,287.6,288,536
AHPC,1min,1776668821,2026-04-20 12:52,2026-04-20,288,288,288,288,0
AHPC,1min,1776668926,2026-04-20 12:53,2026-04-20,288,288,287.5,287.5,253
AHPC,1min,1776669029,2026-04-20 12:55,2026-04-20,287.5,287.5,287.2,287.2,0
AHPC,1min,1776669068,2026-04-20 12:56,2026-04-20,287.2,287.2,287.2,287.2,1300
AHPC,1min,1776669152,2026-04-20 12:57,2026-04-20,287.2,288,287.2,288,0
AHPC,1min,1776669212,2026-04-20 12:58,2026-04-20,288,288,288,288,210
AHPC,1min,1776669296,2026-04-20 12:59,2026-04-20,288,288,288,288,778
AHPC,1min,1776669334,2026-04-20 13:00,2026-04-20,288,288,288,288,200
AHPC,1min,1776669374,2026-04-20 13:01,2026-04-20,288,288.7,288,288.7,10
AHPC,1min,1776669479,2026-04-20 13:02,2026-04-20,288.7,288.7,288,288,1562
AHPC,1min,1776669955,2026-04-20 13:10,2026-04-20,288,288,287.5,287.5,80
AHPC,1min,1776670011,2026-04-20 13:11,2026-04-20,287.5,287.5,287.5,287.5,340
AHPC,1min,1776670105,2026-04-20 13:13,2026-04-20,287.5,287.5,287.5,287.5,100
AHPC,1min,1776670206,2026-04-20 13:15,2026-04-20,287.5,287.5,287.5,287.5,100
AHPC,1min,1776670310,2026-04-20 13:16,2026-04-20,287.5,287.5,287.5,287.5,660
AHPC,1min,1776670406,2026-04-20 13:18,2026-04-20,287.5,288,287.5,288,30
AHPC,1min,1776670695,2026-04-20 13:23,2026-04-20,288,288,287.2,287.2,100
AHPC,1min,1776670764,2026-04-20 13:24,2026-04-20,287.2,287.5,287.2,287.5,275
AHPC,1min,1776670932,2026-04-20 13:27,2026-04-20,287.5,288,287.5,288,60
AHPC,1min,1776671146,2026-04-20 13:30,2026-04-20,288,288,288,288,0
AHPC,1min,1776671254,2026-04-20 13:32,2026-04-20,288,288,288,288,142
AHPC,1min,1776671544,2026-04-20 13:37,2026-04-20,288,288.5,288,288.5,220
AHPC,1min,1776671712,2026-04-20 13:40,2026-04-20,288.5,288.5,288.5,288.5,878
AHPC,1min,1776671810,2026-04-20 13:41,2026-04-20,288.5,288.6,288.5,288.6,32
AHPC,1min,1776671878,2026-04-20 13:42,2026-04-20,288.6,288.6,288,288,106
AHPC,1min,1776671910,2026-04-20 13:43,2026-04-20,288,288,287.5,287.5,2141
AHPC,1min,1776671984,2026-04-20 13:44,2026-04-20,287.5,287.5,287.5,287.5,153
AHPC,1min,1776672043,2026-04-20 13:45,2026-04-20,287.5,288,287.5,288,11
AHPC,1min,1776672088,2026-04-20 13:46,2026-04-20,288,288,288,288,225
AHPC,1min,1776672193,2026-04-20 13:48,2026-04-20,288,288,287.5,287.5,400
AHPC,1min,1776672316,2026-04-20 13:50,2026-04-20,287.5,288,287.5,288,713
AHPC,1min,1776672375,2026-04-20 13:51,2026-04-20,288,288,288,288,300
AHPC,1min,1776672435,2026-04-20 13:52,2026-04-20,288,288,288,288,300
AHPC,1min,1776672538,2026-04-20 13:53,2026-04-20,288,288,287.7,288,251
AHPC,1min,1776672589,2026-04-20 13:54,2026-04-20,288,288,288,288,330
AHPC,1min,1776672661,2026-04-20 13:56,2026-04-20,288,288,288,288,200
AHPC,1min,1776672773,2026-04-20 13:57,2026-04-20,288,288,287.8,287.8,53
AHPC,1min,1776673051,2026-04-20 14:02,2026-04-20,287.8,288,287.8,288,30
AHPC,1min,1776673180,2026-04-20 14:04,2026-04-20,288,288,288,288,973
AHPC,1min,1776673202,2026-04-20 14:05,2026-04-20,288,288,287.9,287.9,50
AHPC,1min,1776673529,2026-04-20 14:10,2026-04-20,287.9,288.7,287.9,288.7,360
AHPC,1min,1776673671,2026-04-20 14:12,2026-04-20,288.7,288.8,288.7,288.8,0
AHPC,1min,1776673730,2026-04-20 14:13,2026-04-20,288.8,288.8,288.3,288.3,120
AHPC,1min,1776673862,2026-04-20 14:16,2026-04-20,288.3,288.3,288.2,288.2,100
AHPC,1min,1776673964,2026-04-20 14:17,2026-04-20,288.2,288.3,288.2,288.3,459
AHPC,1min,1776674098,2026-04-20 14:19,2026-04-20,288.3,288.3,288.3,288.3,240
AHPC,1min,1776674202,2026-04-20 14:21,2026-04-20,288.3,288.5,288.3,288.5,25
AHPC,1min,1776674387,2026-04-20 14:24,2026-04-20,288.5,288.9,288.5,288.9,2710
AHPC,1min,1776674433,2026-04-20 14:25,2026-04-20,288.9,289,288.8,289,2530
AHPC,1min,1776674515,2026-04-20 14:26,2026-04-20,289,289,288.2,288.2,100
AHPC,1min,1776674573,2026-04-20 14:27,2026-04-20,288.2,288.2,288,288,900
AHPC,1min,1776674629,2026-04-20 14:28,2026-04-20,288,288,288,288,203
AHPC,1min,1776674672,2026-04-20 14:29,2026-04-20,288,288,288,288,1785
AHPC,1min,1776674709,2026-04-20 14:30,2026-04-20,288,288,287.8,287.8,386
AHPC,1min,1776674853,2026-04-20 14:32,2026-04-20,287.8,287.8,287.3,287.3,3103
AHPC,1min,1776675011,2026-04-20 14:35,2026-04-20,287.3,287.4,287.3,287.4,50
AHPC,1min,1776675102,2026-04-20 14:36,2026-04-20,287.4,287.7,287.4,287.7,0
AHPC,1min,1776675222,2026-04-20 14:38,2026-04-20,287.7,287.7,287.3,287.3,1120
AHPC,1min,1776675311,2026-04-20 14:40,2026-04-20,287.3,288.7,287.3,288.7,200
AHPC,1min,1776675494,2026-04-20 14:43,2026-04-20,288.7,288.7,288.6,288.6,30
AHPC,1min,1776675575,2026-04-20 14:44,2026-04-20,288.6,288.6,288.5,288.5,0
AHPC,1min,1776675648,2026-04-20 14:45,2026-04-20,288.5,288.5,288,288,88
AHPC,1min,1776675765,2026-04-20 14:47,2026-04-20,288,288,287.5,287.5,970
AHPC,1min,1776675787,2026-04-20 14:48,2026-04-20,287.5,287.5,287.4,287.4,1000
AHPC,1min,1776675856,2026-04-20 14:49,2026-04-20,287.4,287.4,287.4,287.4,25
AHPC,1min,1776676002,2026-04-20 14:51,2026-04-20,287.4,287.5,287.4,287.5,1410
AHPC,1min,1776676078,2026-04-20 14:52,2026-04-20,287.5,287.9,287.4,287.9,2905
AHPC,1min,1776676134,2026-04-20 14:53,2026-04-20,287.9,287.9,287.9,287.9,150
AHPC,1min,1776676150,2026-04-20 14:54,2026-04-20,287.9,287.9,287.5,287.5,679
AHPC,1min,1776676238,2026-04-20 14:55,2026-04-20,287.5,287.5,287.3,287.3,1410
AHPC,1min,1776676301,2026-04-20 14:56,2026-04-20,287.3,288,287.3,288,983
AHPC,1min,1776676370,2026-04-20 14:57,2026-04-20,288,288,287.1,287.1,5861
AHPC,1min,1776676419,2026-04-20 14:58,2026-04-20,287.1,288,287,287,1834
AHPC,1min,1776676499,2026-04-20 14:59,2026-04-20,287,288.9,287,288.9,6949
AHPC,1min,1776748500,2026-04-21 11:00,2026-04-21,278,278,278,278,300
AHPC,1min,1776748713,2026-04-21 11:03,2026-04-21,278,287,278,287,20
AHPC,1min,1776748799,2026-04-21 11:04,2026-04-21,287,290,287,289.9,31
AHPC,1min,1776748844,2026-04-21 11:05,2026-04-21,289.9,289.9,289.9,289.9,40
AHPC,1min,1776748945,2026-04-21 11:07,2026-04-21,289.9,289.9,287,287,1290
AHPC,1min,1776749040,2026-04-21 11:09,2026-04-21,287,289.4,287,289.4,40
AHPC,1min,1776749141,2026-04-21 11:10,2026-04-21,289.4,289.4,289,289,50
AHPC,1min,1776749251,2026-04-21 11:12,2026-04-21,289,289,287,287,40
AHPC,1min,1776749313,2026-04-21 11:13,2026-04-21,287,288,287,288,50
AHPC,1min,1776749510,2026-04-21 11:16,2026-04-21,288,288,287.9,287.9,0
AHPC,1min,1776749562,2026-04-21 11:17,2026-04-21,287.9,288,287.9,288,310
AHPC,1min,1776749731,2026-04-21 11:20,2026-04-21,288,288,287.5,287.5,610
AHPC,1min,1776749772,2026-04-21 11:21,2026-04-21,287.5,288,287.5,288,35
AHPC,1min,1776749927,2026-04-21 11:23,2026-04-21,288,288,287.3,288,120
AHPC,1min,1776750010,2026-04-21 11:25,2026-04-21,288,288,288,288,50
AHPC,1min,1776750154,2026-04-21 11:27,2026-04-21,288,288,287.5,287.5,50
AHPC,1min,1776750230,2026-04-21 11:28,2026-04-21,287.5,287.5,287.5,287.5,10
AHPC,1min,1776750253,2026-04-21 11:29,2026-04-21,287.5,288,287.5,288,1215
AHPC,1min,1776750386,2026-04-21 11:31,2026-04-21,288,288,287.3,287.3,60
AHPC,1min,1776750467,2026-04-21 11:32,2026-04-21,287.3,288.8,287.3,288.8,40
AHPC,1min,1776750588,2026-04-21 11:34,2026-04-21,288.8,288.8,288,288,69
AHPC,1min,1776751028,2026-04-21 11:42,2026-04-21,288,288,288,288,1200
AHPC,1min,1776751116,2026-04-21 11:43,2026-04-21,288,288.7,288,288.7,240
AHPC,1min,1776751147,2026-04-21 11:44,2026-04-21,288.7,288.7,288,288,230
AHPC,1min,1776751231,2026-04-21 11:45,2026-04-21,288,288.1,288,288.1,70
AHPC,1min,1776751372,2026-04-21 11:47,2026-04-21,288.1,288.1,288.1,288.1,305
AHPC,1min,1776751480,2026-04-21 11:49,2026-04-21,288.1,288.1,288.1,288.1,167
AHPC,1min,1776751592,2026-04-21 11:51,2026-04-21,288.1,288.9,288.1,288.9,500
AHPC,1min,1776751663,2026-04-21 11:52,2026-04-21,288.9,288.9,287,287,0
AHPC,1min,1776751748,2026-04-21 11:54,2026-04-21,287,287,286,286,7920
AHPC,1min,1776751836,2026-04-21 11:55,2026-04-21,286,286,285,285,3720
AHPC,1min,1776751900,2026-04-21 11:56,2026-04-21,285,285.1,285,285.1,10
AHPC,1min,1776751979,2026-04-21 11:57,2026-04-21,285.1,285.1,285,285,1100
AHPC,1min,1776752047,2026-04-21 11:59,2026-04-21,285,285,285,285,307
AHPC,1min,1776752152,2026-04-21 12:00,2026-04-21,285,285.1,285,285,1040
AHPC,1min,1776752204,2026-04-21 12:01,2026-04-21,285,285.1,284.3,284.3,1050
AHPC,1min,1776752272,2026-04-21 12:02,2026-04-21,284.3,284.4,284.3,284.4,1020
AHPC,1min,1776752330,2026-04-21 12:03,2026-04-21,284.4,284.4,284.3,284.3,2288
AHPC,1min,1776752431,2026-04-21 12:05,2026-04-21,284.3,284.5,284.3,284.5,0
AHPC,1min,1776752586,2026-04-21 12:08,2026-04-21,284.5,284.5,284.5,284.5,210
AHPC,1min,1776753461,2026-04-21 12:22,2026-04-21,284.5,285.2,284.5,285.2,65
AHPC,1min,1776753571,2026-04-21 12:24,2026-04-21,285.2,286.4,285.2,286.4,1000
AHPC,1min,1776753800,2026-04-21 12:28,2026-04-21,286.4,286.4,285.3,285.3,3270
AHPC,1min,1776754010,2026-04-21 12:31,2026-04-21,285.3,285.3,285.3,285.3,135
AHPC,1min,1776754146,2026-04-21 12:34,2026-04-21,285.3,285.3,285.3,285.3,0
AHPC,1min,1776754366,2026-04-21 12:37,2026-04-21,285.3,285.3,285.1,285.1,1698
AHPC,1min,1776754531,2026-04-21 12:40,2026-04-21,285.1,285.1,284.5,284.5,1000
AHPC,1min,1776754637,2026-04-21 12:42,2026-04-21,284.5,285,284.5,285,302
AHPC,1min,1776754937,2026-04-21 12:47,2026-04-21,285,285,284.3,284.3,2750
AHPC,1min,1776755254,2026-04-21 12:52,2026-04-21,284.3,286,284.3,286,25
AHPC,1min,1776755503,2026-04-21 12:56,2026-04-21,286,286,284.5,284.5,1134
AHPC,1min,1776755556,2026-04-21 12:57,2026-04-21,284.5,286,284.5,286,20
AHPC,1min,1776755581,2026-04-21 12:58,2026-04-21,286,286,284.1,284.1,3000
AHPC,1min,1776755707,2026-04-21 13:00,2026-04-21,284.1,286,284.1,286,0
AHPC,1min,1776755951,2026-04-21 13:04,2026-04-21,286,286,285,285,380
AHPC,1min,1776756023,2026-04-21 13:05,2026-04-21,285,285,285,285,20
AHPC,1min,1776756079,2026-04-21 13:06,2026-04-21,285,285,285,285,80
AHPC,1min,1776756156,2026-04-21 13:07,2026-04-21,285,286,285,286,800
AHPC,1min,1776756181,2026-04-21 13:08,2026-04-21,286,286,286,286,21
AHPC,1min,1776756463,2026-04-21 13:12,2026-04-21,286,286,285,285,200
AHPC,1min,1776756531,2026-04-21 13:13,2026-04-21,285,286,284.5,284.5,5203
AHPC,1min,1776756700,2026-04-21 13:16,2026-04-21,284.5,284.5,284.5,284.5,0
AHPC,1min,1776756958,2026-04-21 13:20,2026-04-21,284.5,284.8,284.5,284.8,70
AHPC,1min,1776757055,2026-04-21 13:22,2026-04-21,284.8,287,284.8,287,0
AHPC,1min,1776757113,2026-04-21 13:23,2026-04-21,287,287,287,287,520
AHPC,1min,1776757249,2026-04-21 13:25,2026-04-21,287,287,284.5,284.5,5500
AHPC,1min,1776757452,2026-04-21 13:29,2026-04-21,284.5,284.6,284.5,284.6,200
AHPC,1min,1776757546,2026-04-21 13:30,2026-04-21,284.6,285,284.6,285,0
AHPC,1min,1776757614,2026-04-21 13:31,2026-04-21,285,286.9,285,286.9,850
AHPC,1min,1776757627,2026-04-21 13:32,2026-04-21,286.9,286.9,285,285,0
AHPC,1min,1776757947,2026-04-21 13:37,2026-04-21,285,285,285,285,76
AHPC,1min,1776758197,2026-04-21 13:41,2026-04-21,285,285.9,285,285.9,40
AHPC,1min,1776758271,2026-04-21 13:42,2026-04-21,285.9,285.9,285.9,285.9,460
AHPC,1min,1776758488,2026-04-21 13:46,2026-04-21,285.9,286.6,285.9,286.6,200
AHPC,1min,1776758555,2026-04-21 13:47,2026-04-21,286.6,286.7,286.6,286.7,360
AHPC,1min,1776758711,2026-04-21 13:50,2026-04-21,286.7,286.7,286.7,286.7,40
AHPC,1min,1776758793,2026-04-21 13:51,2026-04-21,286.7,286.8,286.7,286.8,0
AHPC,1min,1776758929,2026-04-21 13:53,2026-04-21,286.8,286.8,286.8,286.8,1048
AHPC,1min,1776759016,2026-04-21 13:55,2026-04-21,286.8,286.8,285.4,285.4,1050
AHPC,1min,1776759196,2026-04-21 13:58,2026-04-21,285.4,285.4,285.2,285.2,1500
AHPC,1min,1776759355,2026-04-21 14:00,2026-04-21,285.2,285.2,285,285,5320
AHPC,1min,1776759899,2026-04-21 14:09,2026-04-21,285,286,285,286,73
AHPC,1min,1776759947,2026-04-21 14:10,2026-04-21,286,286,286,286,500
AHPC,1min,1776759972,2026-04-21 14:11,2026-04-21,286,286,285.1,285.1,947
AHPC,1min,1776760115,2026-04-21 14:13,2026-04-21,285.1,285.1,285,285,1368
AHPC,1min,1776760199,2026-04-21 14:14,2026-04-21,285,286,285,286,649
AHPC,1min,1776760274,2026-04-21 14:16,2026-04-21,286,286,286,286,441
AHPC,1min,1776760335,2026-04-21 14:17,2026-04-21,286,286,284.8,284.8,10
AHPC,1min,1776760907,2026-04-21 14:26,2026-04-21,284.8,285,284.8,285,211
AHPC,1min,1776760943,2026-04-21 14:27,2026-04-21,285,285,284.8,284.8,1000
AHPC,1min,1776761027,2026-04-21 14:28,2026-04-21,284.8,285,284.8,285,1499
AHPC,1min,1776761085,2026-04-21 14:29,2026-04-21,285,285,285,285,980
AHPC,1min,1776761155,2026-04-21 14:30,2026-04-21,285,285,285,285,320
AHPC,1min,1776761177,2026-04-21 14:31,2026-04-21,285,285,284.7,284.7,1250
AHPC,1min,1776761260,2026-04-21 14:32,2026-04-21,284.7,284.7,284.2,284.2,4000
AHPC,1min,1776761317,2026-04-21 14:33,2026-04-21,284.2,284.2,284.1,284.1,800
AHPC,1min,1776761378,2026-04-21 14:34,2026-04-21,284.1,285,284.1,285,430
AHPC,1min,1776761450,2026-04-21 14:35,2026-04-21,285,285,285,285,0
AHPC,1min,1776761508,2026-04-21 14:36,2026-04-21,285,285,284.1,285,1270
AHPC,1min,1776761555,2026-04-21 14:37,2026-04-21,285,285.7,285,285.7,50
AHPC,1min,1776761632,2026-04-21 14:38,2026-04-21,285.7,285.7,284,284,17510
AHPC,1min,1776761744,2026-04-21 14:40,2026-04-21,284,284.1,284,284.1,1350
AHPC,1min,1776761804,2026-04-21 14:41,2026-04-21,284.1,284.1,284,284,2932
AHPC,1min,1776761860,2026-04-21 14:42,2026-04-21,284,285,284,285,500
AHPC,1min,1776761905,2026-04-21 14:43,2026-04-21,285,285,284,284,1180
AHPC,1min,1776761998,2026-04-21 14:44,2026-04-21,284,284.2,284,284,4750
AHPC,1min,1776762042,2026-04-21 14:45,2026-04-21,284,284.2,284,284.1,2001
AHPC,1min,1776762102,2026-04-21 14:46,2026-04-21,284.1,285,284,285,1698
AHPC,1min,1776762173,2026-04-21 14:47,2026-04-21,285,285,284,284,20
AHPC,1min,1776762234,2026-04-21 14:48,2026-04-21,284,285,284,285,1150
AHPC,1min,1776762261,2026-04-21 14:49,2026-04-21,285,285,285,285,1700
AHPC,1min,1776762330,2026-04-21 14:50,2026-04-21,285,285,285,285,200
AHPC,1min,1776762398,2026-04-21 14:51,2026-04-21,285,285,284,284,1020
AHPC,1min,1776762454,2026-04-21 14:52,2026-04-21,284,284.9,284,284.9,750
AHPC,1min,1776762495,2026-04-21 14:53,2026-04-21,284.9,284.9,284,284,124
AHPC,1min,1776762590,2026-04-21 14:54,2026-04-21,284,284,283.6,283.6,525
AHPC,1min,1776762656,2026-04-21 14:55,2026-04-21,283.6,283.9,283.5,283.5,4660
AHPC,1min,1776762687,2026-04-21 14:56,2026-04-21,283.5,283.5,283.4,283.4,0
AHPC,1min,1776762774,2026-04-21 14:57,2026-04-21,283.4,283.5,283,283.1,1132
AHPC,1min,1776762822,2026-04-21 14:58,2026-04-21,283.1,283.1,283,283,18156
AHPC,1min,1776762899,2026-04-21 14:59,2026-04-21,283,283.1,282,282,29047
AHPC,1min,1776835018,2026-04-22 11:01,2026-04-22,280,280,280,280,20
AHPC,1min,1776835074,2026-04-22 11:02,2026-04-22,280,280,278.1,278.1,326
AHPC,1min,1776835085,2026-04-22 11:03,2026-04-22,278.1,280,278.1,280,10
AHPC,1min,1776835197,2026-04-22 11:04,2026-04-22,280,280.1,280,280,1431
AHPC,1min,1776835256,2026-04-22 11:05,2026-04-22,280,280,280,280,64
AHPC,1min,1776835274,2026-04-22 11:06,2026-04-22,280,280,280,280,150
AHPC,1min,1776835352,2026-04-22 11:07,2026-04-22,280,280,279,279,758
AHPC,1min,1776835445,2026-04-22 11:09,2026-04-22,279,279,278,278,4000
AHPC,1min,1776835543,2026-04-22 11:10,2026-04-22,278,279.9,278,278.2,1340
AHPC,1min,1776835614,2026-04-22 11:11,2026-04-22,278.2,280,278.2,278.5,2017
AHPC,1min,1776835648,2026-04-22 11:12,2026-04-22,278.5,279.7,278.5,278.5,2900
AHPC,1min,1776835693,2026-04-22 11:13,2026-04-22,278.5,279.7,278.5,279.7,1000
AHPC,1min,1776835761,2026-04-22 11:14,2026-04-22,279.7,279.7,278.7,278.7,485
AHPC,1min,1776835843,2026-04-22 11:15,2026-04-22,278.7,279.5,278.7,279.5,815
AHPC,1min,1776835910,2026-04-22 11:16,2026-04-22,279.5,279.5,278.7,279.5,1080
AHPC,1min,1776835929,2026-04-22 11:17,2026-04-22,279.5,279.5,279,279,1000
AHPC,1min,1776836095,2026-04-22 11:19,2026-04-22,279,279,278.6,279,1200
AHPC,1min,1776836158,2026-04-22 11:20,2026-04-22,279,279.4,278.3,278.3,3396
AHPC,1min,1776836197,2026-04-22 11:21,2026-04-22,278.3,279.5,278.3,279.5,0
AHPC,1min,1776836260,2026-04-22 11:22,2026-04-22,279.5,279.5,279.5,279.5,2500
AHPC,1min,1776836313,2026-04-22 11:23,2026-04-22,279.5,280,279.5,280,900
AHPC,1min,1776836375,2026-04-22 11:24,2026-04-22,280,280,279.7,279.7,500
AHPC,1min,1776836459,2026-04-22 11:25,2026-04-22,279.7,280,279.7,280,540
AHPC,1min,1776836499,2026-04-22 11:26,2026-04-22,280,280,280,280,2500
AHPC,1min,1776836574,2026-04-22 11:27,2026-04-22,280,280,279.7,279.7,355
AHPC,1min,1776836619,2026-04-22 11:28,2026-04-22,279.7,280,279.7,280,20
AHPC,1min,1776836692,2026-04-22 11:29,2026-04-22,280,282,280,282,3000
AHPC,1min,1776837042,2026-04-22 11:35,2026-04-22,282,282,280.5,280.5,1690
AHPC,1min,1776837078,2026-04-22 11:36,2026-04-22,280.5,280.5,280,280,0
AHPC,1min,1776837140,2026-04-22 11:37,2026-04-22,280,281,280,281,200
AHPC,1min,1776837238,2026-04-22 11:38,2026-04-22,281,281,280,280,2067
AHPC,1min,1776837298,2026-04-22 11:39,2026-04-22,280,280,279.7,279.8,2510
AHPC,1min,1776837340,2026-04-22 11:40,2026-04-22,279.8,279.8,279.5,279.5,951
AHPC,1min,1776837411,2026-04-22 11:41,2026-04-22,279.5,279.5,279,279,454
AHPC,1min,1776837471,2026-04-22 11:42,2026-04-22,279,279,279,279,635
AHPC,1min,1776837499,2026-04-22 11:43,2026-04-22,279,279,279,279,315
AHPC,1min,1776837597,2026-04-22 11:44,2026-04-22,279,279.5,279,279.1,0
AHPC,1min,1776837656,2026-04-22 11:45,2026-04-22,279.1,279.9,278.6,279.8,2574
AHPC,1min,1776837665,2026-04-22 11:46,2026-04-22,279.8,280,279.8,280,251
AHPC,1min,1776837772,2026-04-22 11:47,2026-04-22,280,280,279,279,210
AHPC,1min,1776837882,2026-04-22 11:49,2026-04-22,279,279,279,279,613
AHPC,1min,1776837909,2026-04-22 11:50,2026-04-22,279,279,279,279,330
AHPC,1min,1776837996,2026-04-22 11:51,2026-04-22,279,279,279,279,125
AHPC,1min,1776838059,2026-04-22 11:52,2026-04-22,279,280,279,280,128
AHPC,1min,1776838105,2026-04-22 11:53,2026-04-22,280,280,280,280,0
AHPC,1min,1776838219,2026-04-22 11:55,2026-04-22,280,280,280,280,383
AHPC,1min,1776838318,2026-04-22 11:56,2026-04-22,280,280,279.1,279.1,38
AHPC,1min,1776838376,2026-04-22 11:57,2026-04-22,279.1,279.1,279.1,279.1,260
AHPC,1min,1776838437,2026-04-22 11:58,2026-04-22,279.1,279.1,279,279,292
AHPC,1min,1776838477,2026-04-22 11:59,2026-04-22,279,279,278.3,278.3,2498
AHPC,1min,1776838516,2026-04-22 12:00,2026-04-22,278.3,278.3,278.3,278.3,10
AHPC,1min,1776838603,2026-04-22 12:01,2026-04-22,278.3,278.4,278.1,278.1,1232
AHPC,1min,1776838647,2026-04-22 12:02,2026-04-22,278.1,278.1,278.1,278.1,97
AHPC,1min,1776838718,2026-04-22 12:03,2026-04-22,278.1,278.1,278,278,4664
AHPC,1min,1776838765,2026-04-22 12:04,2026-04-22,278,278.5,278,278.5,42
AHPC,1min,1776838812,2026-04-22 12:05,2026-04-22,278.5,278.5,278,278,1000
AHPC,1min,1776838909,2026-04-22 12:06,2026-04-22,278,278,278,278,3018
AHPC,1min,1776838965,2026-04-22 12:07,2026-04-22,278,278,278,278,1930
AHPC,1min,1776839150,2026-04-22 12:10,2026-04-22,278,279,278,278,430
AHPC,1min,1776839203,2026-04-22 12:11,2026-04-22,278,279.5,278,279,225
AHPC,1min,1776839372,2026-04-22 12:14,2026-04-22,279,279,278.5,278.5,10
AHPC,1min,1776839431,2026-04-22 12:15,2026-04-22,278.5,279,278,278,1006
AHPC,1min,1776839575,2026-04-22 12:17,2026-04-22,278,278,278,278,510
AHPC,1min,1776839685,2026-04-22 12:19,2026-04-22,278,278,277.8,277.8,450
AHPC,1min,1776839861,2026-04-22 12:22,2026-04-22,277.8,278,277.8,278,100
AHPC,1min,1776839992,2026-04-22 12:24,2026-04-22,278,278,277.7,277.7,550
AHPC,1min,1776840003,2026-04-22 12:25,2026-04-22,277.7,278,277.7,278,80
AHPC,1min,1776840180,2026-04-22 12:28,2026-04-22,278,278,278,278,10
AHPC,1min,1776840262,2026-04-22 12:29,2026-04-22,278,278,278,278,2341
AHPC,1min,1776840381,2026-04-22 12:31,2026-04-22,278,279,278,278.5,200
AHPC,1min,1776840474,2026-04-22 12:32,2026-04-22,278.5,279.5,278.5,279.5,600
AHPC,1min,1776840511,2026-04-22 12:33,2026-04-22,279.5,279.5,279.5,279.5,46
AHPC,1min,1776840596,2026-04-22 12:34,2026-04-22,279.5,279.5,279,279.5,150
AHPC,1min,1776840654,2026-04-22 12:35,2026-04-22,279.5,279.5,279.5,279.5,1000
AHPC,1min,1776840696,2026-04-22 12:36,2026-04-22,279.5,279.7,279.5,279.7,10
AHPC,1min,1776840768,2026-04-22 12:37,2026-04-22,279.7,279.7,279.7,279.7,530
AHPC,1min,1776840872,2026-04-22 12:39,2026-04-22,279.7,279.9,279,279,1325
AHPC,1min,1776840942,2026-04-22 12:40,2026-04-22,279,279,278,278,2600
AHPC,1min,1776841068,2026-04-22 12:42,2026-04-22,278,278.8,278,278.8,1300
AHPC,1min,1776841126,2026-04-22 12:43,2026-04-22,278.8,278.8,278,278,8355
AHPC,1min,1776841246,2026-04-22 12:45,2026-04-22,278,279,278,279,181
AHPC,1min,1776841278,2026-04-22 12:46,2026-04-22,279,279,278,278,10
AHPC,1min,1776841431,2026-04-22 12:48,2026-04-22,278,279.3,277.3,277.3,4327
AHPC,1min,1776841653,2026-04-22 12:52,2026-04-22,277.3,278,277.2,277.2,30
AHPC,1min,1776841698,2026-04-22 12:53,2026-04-22,277.2,277.3,277.2,277.3,1021
AHPC,1min,1776841777,2026-04-22 12:54,2026-04-22,277.3,277.3,277.1,277.1,4582
AHPC,1min,1776841831,2026-04-22 12:55,2026-04-22,277.1,277.2,277.1,277.2,0
AHPC,1min,1776841915,2026-04-22 12:56,2026-04-22,277.2,277.2,277,277,780
AHPC,1min,1776841940,2026-04-22 12:57,2026-04-22,277,277.2,277,277.2,24
AHPC,1min,1776842088,2026-04-22 12:59,2026-04-22,277.2,279,277.2,279,100
AHPC,1min,1776842206,2026-04-22 13:01,2026-04-22,279,279,278.9,278.9,100
AHPC,1min,1776842357,2026-04-22 13:04,2026-04-22,278.9,278.9,277.2,277.2,1000
AHPC,1min,1776842545,2026-04-22 13:07,2026-04-22,277.2,277.2,277.1,277.1,1000
AHPC,1min,1776842595,2026-04-22 13:08,2026-04-22,277.1,277.1,277.1,277.1,1350
AHPC,1min,1776842675,2026-04-22 13:09,2026-04-22,277.1,278.8,277.1,278.8,0
AHPC,1min,1776842802,2026-04-22 13:11,2026-04-22,278.8,279,278.8,278.8,1705
AHPC,1min,1776843015,2026-04-22 13:15,2026-04-22,278.8,279,278.8,279,0
AHPC,1min,1776843160,2026-04-22 13:17,2026-04-22,279,279,278.9,278.9,1010
AHPC,1min,1776843188,2026-04-22 13:18,2026-04-22,278.9,278.9,278.9,278.9,10
AHPC,1min,1776843359,2026-04-22 13:20,2026-04-22,278.9,279,278.9,279,2150
AHPC,1min,1776843415,2026-04-22 13:21,2026-04-22,279,279,279,279,1000
AHPC,1min,1776843470,2026-04-22 13:22,2026-04-22,279,279,279,279,0
AHPC,1min,1776843520,2026-04-22 13:23,2026-04-22,279,279,279,279,297
AHPC,1min,1776843570,2026-04-22 13:24,2026-04-22,279,279.4,279,279.4,50
AHPC,1min,1776843658,2026-04-22 13:25,2026-04-22,279.4,279.9,279.4,279.9,500
AHPC,1min,1776843683,2026-04-22 13:26,2026-04-22,279.9,279.9,279.9,279.9,300
AHPC,1min,1776843753,2026-04-22 13:27,2026-04-22,279.9,279.9,279.9,279.9,30
AHPC,1min,1776844057,2026-04-22 13:32,2026-04-22,279.9,279.9,279.6,279.6,125
AHPC,1min,1776844107,2026-04-22 13:33,2026-04-22,279.6,279.6,279.1,279.1,350
AHPC,1min,1776844252,2026-04-22 13:35,2026-04-22,279.1,279.7,279.1,279.7,200
AHPC,1min,1776844349,2026-04-22 13:37,2026-04-22,279.7,279.7,279.1,279.7,700
AHPC,1min,1776844495,2026-04-22 13:39,2026-04-22,279.7,279.7,278.5,278.5,5140
AHPC,1min,1776844543,2026-04-22 13:40,2026-04-22,278.5,279.4,278.5,278.5,1102
AHPC,1min,1776844593,2026-04-22 13:41,2026-04-22,278.5,278.5,278.5,278.5,245
AHPC,1min,1776844670,2026-04-22 13:42,2026-04-22,278.5,278.5,278.1,278.1,400
AHPC,1min,1776844892,2026-04-22 13:46,2026-04-22,278.1,278.1,278,278,153
AHPC,1min,1776844970,2026-04-22 13:47,2026-04-22,278,278.5,278,278,1297
AHPC,1min,1776845333,2026-04-22 13:53,2026-04-22,278,278,277.6,277.6,2133
AHPC,1min,1776845475,2026-04-22 13:56,2026-04-22,277.6,278.1,277.6,278.1,346
AHPC,1min,1776845560,2026-04-22 13:57,2026-04-22,278.1,279,277.5,277.5,1407
AHPC,1min,1776846230,2026-04-22 14:08,2026-04-22,277.5,279.5,277.5,278,6373
AHPC,1min,1776846415,2026-04-22 14:11,2026-04-22,278,279.7,278,278.1,260
AHPC,1min,1776846506,2026-04-22 14:13,2026-04-22,278.1,279.7,278.1,279.7,14
AHPC,1min,1776846625,2026-04-22 14:15,2026-04-22,279.7,279.7,278.2,278.2,100
AHPC,1min,1776846737,2026-04-22 14:17,2026-04-22,278.2,279.4,278.2,279.4,500
AHPC,1min,1776846863,2026-04-22 14:19,2026-04-22,279.4,279.4,279.1,279.1,209
AHPC,1min,1776847017,2026-04-22 14:21,2026-04-22,279.1,279.3,279,279,1025
AHPC,1min,1776847077,2026-04-22 14:22,2026-04-22,279,279.3,279,279.3,0
AHPC,1min,1776847098,2026-04-22 14:23,2026-04-22,279.3,279.3,279,279,655
AHPC,1min,1776847179,2026-04-22 14:24,2026-04-22,279,279.3,278.1,279.3,2100
AHPC,1min,1776847251,2026-04-22 14:25,2026-04-22,279.3,279.3,278.2,279.3,386
AHPC,1min,1776847292,2026-04-22 14:26,2026-04-22,279.3,279.3,279.3,279.3,10
AHPC,1min,1776847359,2026-04-22 14:27,2026-04-22,279.3,279.3,279.3,279.3,110
AHPC,1min,1776847427,2026-04-22 14:28,2026-04-22,279.3,279.3,279.1,279.1,100
AHPC,1min,1776847784,2026-04-22 14:34,2026-04-22,279.1,279.1,279,279,1200
AHPC,1min,1776847915,2026-04-22 14:36,2026-04-22,279,279.3,279,279.3,2156
AHPC,1min,1776847941,2026-04-22 14:37,2026-04-22,279.3,280,279.3,280,9072
AHPC,1min,1776848037,2026-04-22 14:38,2026-04-22,280,280,280,280,3630
AHPC,1min,1776848092,2026-04-22 14:39,2026-04-22,280,281,280,281,2909
AHPC,1min,1776848153,2026-04-22 14:40,2026-04-22,281,282,281,282,1299
AHPC,1min,1776848211,2026-04-22 14:41,2026-04-22,282,283,282,283,5627
AHPC,1min,1776848257,2026-04-22 14:42,2026-04-22,283,284,283,284,1673
AHPC,1min,1776848334,2026-04-22 14:43,2026-04-22,284,284.9,283.9,284.9,1400
AHPC,1min,1776848377,2026-04-22 14:44,2026-04-22,284.9,284.9,284.9,284.9,2080
AHPC,1min,1776848436,2026-04-22 14:45,2026-04-22,284.9,285,284.9,285,2028
AHPC,1min,1776848512,2026-04-22 14:46,2026-04-22,285,286,285,285,4410
AHPC,1min,1776848568,2026-04-22 14:47,2026-04-22,285,285,285,285,3490
AHPC,1min,1776848636,2026-04-22 14:48,2026-04-22,285,286,285,286,4060
AHPC,1min,1776848683,2026-04-22 14:49,2026-04-22,286,286,285,285,1397
AHPC,1min,1776848741,2026-04-22 14:50,2026-04-22,285,285.9,285,285.9,3817
AHPC,1min,1776848817,2026-04-22 14:51,2026-04-22,285.9,286.5,285,286.5,1111
AHPC,1min,1776848855,2026-04-22 14:52,2026-04-22,286.5,286.5,286.4,286.4,1105
AHPC,1min,1776848934,2026-04-22 14:53,2026-04-22,286.4,286.4,286,286,1609
AHPC,1min,1776848968,2026-04-22 14:54,2026-04-22,286,286.3,286,286.3,580
AHPC,1min,1776849059,2026-04-22 14:55,2026-04-22,286.3,286.4,286,286,2895
AHPC,1min,1776849099,2026-04-22 14:56,2026-04-22,286,286,285.1,285.1,2501
AHPC,1min,1776849126,2026-04-22 14:57,2026-04-22,285.1,286,284,286,4135
AHPC,1min,1776849227,2026-04-22 14:58,2026-04-22,286,286,284,284,0
AHPC,1min,1776849299,2026-04-22 14:59,2026-04-22,284,284.8,283.2,284.8,3995
AHPC,1min,1776921410,2026-04-23 11:01,2026-04-23,284.79,284.79,280.1,280.1,117
AHPC,1min,1776921431,2026-04-23 11:02,2026-04-23,280.1,284.6,280.1,284.6,50
AHPC,1min,1776921527,2026-04-23 11:03,2026-04-23,284.6,286,284.6,286,250
AHPC,1min,1776921548,2026-04-23 11:04,2026-04-23,286,286,286,286,40
AHPC,1min,1776921636,2026-04-23 11:05,2026-04-23,286,286,285.5,285.5,100
AHPC,1min,1776921668,2026-04-23 11:06,2026-04-23,285.5,285.5,285.5,285.5,500
AHPC,1min,1776921764,2026-04-23 11:07,2026-04-23,285.5,285.5,282.3,282.3,375
AHPC,1min,1776921855,2026-04-23 11:09,2026-04-23,282.3,282.3,282.3,282.3,750
AHPC,1min,1776921932,2026-04-23 11:10,2026-04-23,282.3,282.3,282,282,105
AHPC,1min,1776922012,2026-04-23 11:11,2026-04-23,282,282,280.1,280.1,2995
AHPC,1min,1776922215,2026-04-23 11:15,2026-04-23,280.1,280.5,280.1,280.5,20
AHPC,1min,1776922380,2026-04-23 11:18,2026-04-23,280.5,280.5,280.5,280.5,2000
AHPC,1min,1776922540,2026-04-23 11:20,2026-04-23,280.5,281,280.5,281,70
AHPC,1min,1776922618,2026-04-23 11:21,2026-04-23,281,282,281,282,2035
AHPC,1min,1776922674,2026-04-23 11:22,2026-04-23,282,282,280.6,280.6,531
AHPC,1min,1776922765,2026-04-23 11:24,2026-04-23,280.6,280.6,280.4,280.4,1259
AHPC,1min,1776922804,2026-04-23 11:25,2026-04-23,280.4,281,280.4,281,1000
AHPC,1min,1776923017,2026-04-23 11:28,2026-04-23,281,281,280.3,280.3,2000
AHPC,1min,1776923092,2026-04-23 11:29,2026-04-23,280.3,280.3,280.3,280.3,995
AHPC,1min,1776923141,2026-04-23 11:30,2026-04-23,280.3,280.4,280.3,280.4,496
AHPC,1min,1776923186,2026-04-23 11:31,2026-04-23,280.4,281,280.4,281,320
AHPC,1min,1776923223,2026-04-23 11:32,2026-04-23,281,281,281,281,500
AHPC,1min,1776923335,2026-04-23 11:33,2026-04-23,281,281.7,281,281,2300
AHPC,1min,1776923453,2026-04-23 11:35,2026-04-23,281,281.1,281,281.1,0
AHPC,1min,1776923495,2026-04-23 11:36,2026-04-23,281.1,281.7,281.1,281.7,600
AHPC,1min,1776923534,2026-04-23 11:37,2026-04-23,281.7,281.7,281.7,281.7,10
AHPC,1min,1776923615,2026-04-23 11:38,2026-04-23,281.7,281.7,281.2,281.2,25
AHPC,1min,1776923680,2026-04-23 11:39,2026-04-23,281.2,281.7,281.2,281.7,1100
AHPC,1min,1776923719,2026-04-23 11:40,2026-04-23,281.7,281.7,281.7,281.7,75
AHPC,1min,1776923784,2026-04-23 11:41,2026-04-23,281.7,281.7,281.7,281.7,39
AHPC,1min,1776923934,2026-04-23 11:43,2026-04-23,281.7,281.9,281,281,4507
AHPC,1min,1776923978,2026-04-23 11:44,2026-04-23,281,281,281,281,100
AHPC,1min,1776924057,2026-04-23 11:45,2026-04-23,281,281,280,280,4000
AHPC,1min,1776924140,2026-04-23 11:47,2026-04-23,280,280,280,280,2000
AHPC,1min,1776924337,2026-04-23 11:50,2026-04-23,280,280,280,280,1295
AHPC,1min,1776924705,2026-04-23 11:56,2026-04-23,280,280.1,280,280.1,50
AHPC,1min,1776924813,2026-04-23 11:58,2026-04-23,280.1,280.1,280.1,280.1,0
AHPC,1min,1776924881,2026-04-23 11:59,2026-04-23,280.1,280.1,280.1,280.1,535
AHPC,1min,1776925013,2026-04-23 12:01,2026-04-23,280.1,281,280.1,280.1,62
AHPC,1min,1776925046,2026-04-23 12:02,2026-04-23,280.1,280.1,280,280,1500
AHPC,1min,1776925081,2026-04-23 12:03,2026-04-23,280,280,280,280,220
AHPC,1min,1776925274,2026-04-23 12:06,2026-04-23,280,280,279,279,17113
AHPC,1min,1776925398,2026-04-23 12:08,2026-04-23,279,279,279,279,291
AHPC,1min,1776925449,2026-04-23 12:09,2026-04-23,279,279,279,279,15
AHPC,1min,1776925587,2026-04-23 12:11,2026-04-23,279,280,279,280,10
AHPC,1min,1776925678,2026-04-23 12:12,2026-04-23,280,282.5,280,282.5,1000
AHPC,1min,1776925727,2026-04-23 12:13,2026-04-23,282.5,282.5,280,280,490
AHPC,1min,1776925789,2026-04-23 12:14,2026-04-23,280,280,280,280,6050
AHPC,1min,1776925892,2026-04-23 12:16,2026-04-23,280,281.7,280,281.7,2000
AHPC,1min,1776925987,2026-04-23 12:18,2026-04-23,281.7,281.9,281.7,281.9,500
AHPC,1min,1776926056,2026-04-23 12:19,2026-04-23,281.9,281.9,281.9,281.9,128
AHPC,1min,1776926151,2026-04-23 12:20,2026-04-23,281.9,281.9,281,281,1178
AHPC,1min,1776926213,2026-04-23 12:21,2026-04-23,281,281,281,281,250
AHPC,1min,1776926319,2026-04-23 12:23,2026-04-23,281,281,279,279,3000
AHPC,1min,1776926353,2026-04-23 12:24,2026-04-23,279,280,279,280,110
AHPC,1min,1776926458,2026-04-23 12:25,2026-04-23,280,281,280,281,516
AHPC,1min,1776926504,2026-04-23 12:26,2026-04-23,281,281,281,281,50
AHPC,1min,1776926561,2026-04-23 12:27,2026-04-23,281,281.9,281,281.9,5045
AHPC,1min,1776926732,2026-04-23 12:30,2026-04-23,281.9,281.9,281,281,160
AHPC,1min,1776926973,2026-04-23 12:34,2026-04-23,281,281.1,281,281.1,50
AHPC,1min,1776927039,2026-04-23 12:35,2026-04-23,281.1,282.7,281.1,282.7,1550
AHPC,1min,1776927254,2026-04-23 12:39,2026-04-23,282.7,282.7,282.7,282.7,30
AHPC,1min,1776927370,2026-04-23 12:41,2026-04-23,282.7,282.7,280,280,5000
AHPC,1min,1776927486,2026-04-23 12:43,2026-04-23,280,282.7,280,282.7,10
AHPC,1min,1776927864,2026-04-23 12:49,2026-04-23,282.7,282.7,280,280,0
AHPC,1min,1776928117,2026-04-23 12:53,2026-04-23,280,281,280,281,8200
AHPC,1min,1776928144,2026-04-23 12:54,2026-04-23,281,282.6,281,282.6,25
AHPC,1min,1776928221,2026-04-23 12:55,2026-04-23,282.6,282.6,280,280,5000
AHPC,1min,1776928414,2026-04-23 12:58,2026-04-23,280,282.8,280,282.8,841
AHPC,1min,1776928688,2026-04-23 13:03,2026-04-23,282.8,283,282.8,283,700
AHPC,1min,1776928799,2026-04-23 13:04,2026-04-23,283,283,282,282,121
AHPC,1min,1776928977,2026-04-23 13:07,2026-04-23,282,282.9,282,282.1,1032
AHPC,1min,1776929154,2026-04-23 13:10,2026-04-23,282.1,282.8,282.1,282.8,180
AHPC,1min,1776929335,2026-04-23 13:13,2026-04-23,282.8,283,282.8,283,2584
AHPC,1min,1776929396,2026-04-23 13:14,2026-04-23,283,283.8,283,283.8,0
AHPC,1min,1776929441,2026-04-23 13:15,2026-04-23,283.8,283.8,283,283,1016
AHPC,1min,1776929693,2026-04-23 13:19,2026-04-23,283,283.8,283,283.8,15
AHPC,1min,1776929751,2026-04-23 13:20,2026-04-23,283.8,283.8,283.8,283.8,0
AHPC,1min,1776929801,2026-04-23 13:21,2026-04-23,283.8,283.8,283.1,283.1,595
AHPC,1min,1776929937,2026-04-23 13:23,2026-04-23,283.1,283.1,283,283,916
AHPC,1min,1776929976,2026-04-23 13:24,2026-04-23,283,283,283,283,100
AHPC,1min,1776930011,2026-04-23 13:25,2026-04-23,283,283,283,283,100
AHPC,1min,1776930073,2026-04-23 13:26,2026-04-23,283,283,283,283,44
AHPC,1min,1776930178,2026-04-23 13:27,2026-04-23,283,283,282.9,282.9,10
AHPC,1min,1776930224,2026-04-23 13:28,2026-04-23,282.9,282.9,282,282,1170
AHPC,1min,1776930240,2026-04-23 13:29,2026-04-23,282,282,282,282,520
AHPC,1min,1776930413,2026-04-23 13:31,2026-04-23,282,282,281,281,2500
AHPC,1min,1776930428,2026-04-23 13:32,2026-04-23,281,281,280,280,2506
AHPC,1min,1776930520,2026-04-23 13:33,2026-04-23,280,280.1,280,280.1,10
AHPC,1min,1776930588,2026-04-23 13:34,2026-04-23,280.1,280.1,280,280,510
AHPC,1min,1776930692,2026-04-23 13:36,2026-04-23,280,280,280,280,1000
AHPC,1min,1776930775,2026-04-23 13:37,2026-04-23,280,280,280,280,1000
AHPC,1min,1776931136,2026-04-23 13:43,2026-04-23,280,280,280,280,3863
AHPC,1min,1776931474,2026-04-23 13:49,2026-04-23,280,282.9,280,282.9,10
AHPC,1min,1776931501,2026-04-23 13:50,2026-04-23,282.9,282.9,282.9,282.9,0
AHPC,1min,1776931708,2026-04-23 13:53,2026-04-23,282.9,282.9,281,281,64
AHPC,1min,1776931846,2026-04-23 13:55,2026-04-23,281,281,281,281,1690
AHPC,1min,1776931916,2026-04-23 13:56,2026-04-23,281,281,281,281,30
AHPC,1min,1776932053,2026-04-23 13:59,2026-04-23,281,281,281,281,200
AHPC,1min,1776932126,2026-04-23 14:00,2026-04-23,281,281,281,281,102
AHPC,1min,1776932266,2026-04-23 14:02,2026-04-23,281,281,280.5,280.5,335
AHPC,1min,1776932374,2026-04-23 14:04,2026-04-23,280.5,282.9,280.5,282.9,10
AHPC,1min,1776932456,2026-04-23 14:05,2026-04-23,282.9,282.9,279.3,279.3,2000
AHPC,1min,1776932686,2026-04-23 14:09,2026-04-23,279.3,281,279.3,281,3144
AHPC,1min,1776932702,2026-04-23 14:10,2026-04-23,281,281,279.3,279.3,2000
AHPC,1min,1776932807,2026-04-23 14:11,2026-04-23,279.3,281,279.3,280,710
AHPC,1min,1776932896,2026-04-23 14:13,2026-04-23,280,280,280,280,36
AHPC,1min,1776933002,2026-04-23 14:15,2026-04-23,280,280,280,280,221
AHPC,1min,1776933238,2026-04-23 14:18,2026-04-23,280,281,280,281,210
AHPC,1min,1776933288,2026-04-23 14:19,2026-04-23,281,281,280,280,225
AHPC,1min,1776933526,2026-04-23 14:23,2026-04-23,280,281,280,281,100
AHPC,1min,1776933679,2026-04-23 14:26,2026-04-23,281,281,279.5,279.5,0
AHPC,1min,1776933734,2026-04-23 14:27,2026-04-23,279.5,280,279.5,280,1675
AHPC,1min,1776933880,2026-04-23 14:29,2026-04-23,280,280,280,280,1050
AHPC,1min,1776933947,2026-04-23 14:30,2026-04-23,280,280,280,280,609
AHPC,1min,1776934093,2026-04-23 14:33,2026-04-23,280,281,280,281,25
AHPC,1min,1776934311,2026-04-23 14:36,2026-04-23,281,282,281,281.1,50
AHPC,1min,1776934607,2026-04-23 14:41,2026-04-23,281.1,281.1,281.1,281.1,367
AHPC,1min,1776934656,2026-04-23 14:42,2026-04-23,281.1,281.1,281,281,3000
AHPC,1min,1776934719,2026-04-23 14:43,2026-04-23,281,282,281,282,30
AHPC,1min,1776934784,2026-04-23 14:44,2026-04-23,282,282,281,281,1621
AHPC,1min,1776934807,2026-04-23 14:45,2026-04-23,281,281,280.4,280.4,379
AHPC,1min,1776934918,2026-04-23 14:46,2026-04-23,280.4,280.4,280.1,280.1,2000
AHPC,1min,1776934974,2026-04-23 14:47,2026-04-23,280.1,280.1,280,280,0
AHPC,1min,1776935012,2026-04-23 14:48,2026-04-23,280,280,280,280,2670
AHPC,1min,1776935090,2026-04-23 14:49,2026-04-23,280,281.4,280,281,725
AHPC,1min,1776935153,2026-04-23 14:50,2026-04-23,281,281,281,281,215
AHPC,1min,1776935180,2026-04-23 14:51,2026-04-23,281,281,280,280,1210
AHPC,1min,1776935279,2026-04-23 14:52,2026-04-23,280,280.2,280,280.2,35
AHPC,1min,1776935326,2026-04-23 14:53,2026-04-23,280.2,280.2,280.2,280.2,56
AHPC,1min,1776935438,2026-04-23 14:55,2026-04-23,280.2,280.2,280,280,600
AHPC,1min,1776935505,2026-04-23 14:56,2026-04-23,280,280,280,280,745
AHPC,1min,1776935537,2026-04-23 14:57,2026-04-23,280,280.2,280,280.2,220
AHPC,1min,1776935624,2026-04-23 14:58,2026-04-23,280.2,280.2,280,280,2793
AHPC,1min,1776935699,2026-04-23 14:59,2026-04-23,280,280.2,279.9,279.9,3485
AHPC,1min,1777007744,2026-04-24 11:00,2026-04-24,276,276,276,276,100
AHPC,1min,1777007800,2026-04-24 11:01,2026-04-24,276,276,274.5,276,510
AHPC,1min,1777007835,2026-04-24 11:02,2026-04-24,276,276,274.6,274.6,855
AHPC,1min,1777007899,2026-04-24 11:03,2026-04-24,274.6,275.1,274.6,275.1,250
AHPC,1min,1777008056,2026-04-24 11:05,2026-04-24,275.1,275.2,274,274,6614
AHPC,1min,1777008069,2026-04-24 11:06,2026-04-24,274,274,273,273,600
AHPC,1min,1777008211,2026-04-24 11:08,2026-04-24,273,274,273,274,567
AHPC,1min,1777008271,2026-04-24 11:09,2026-04-24,274,275,273.4,273.4,1000
AHPC,1min,1777008344,2026-04-24 11:10,2026-04-24,273.4,278,273.4,274.1,53804
AHPC,1min,1777008400,2026-04-24 11:11,2026-04-24,274.1,274.4,274.1,274.4,300
AHPC,1min,1777008450,2026-04-24 11:12,2026-04-24,274.4,274.4,274.3,274.3,971
AHPC,1min,1777008489,2026-04-24 11:13,2026-04-24,274.3,274.3,273.4,273.4,5000
AHPC,1min,1777008597,2026-04-24 11:14,2026-04-24,273.4,275,273.4,274.3,320
AHPC,1min,1777008679,2026-04-24 11:16,2026-04-24,274.3,275,274.3,275,0
AHPC,1min,1777008811,2026-04-24 11:18,2026-04-24,275,276.9,275,276.9,550
AHPC,1min,1777008903,2026-04-24 11:20,2026-04-24,276.9,276.9,275.5,275.5,200
AHPC,1min,1777009075,2026-04-24 11:22,2026-04-24,275.5,275.6,275.5,275.6,385
AHPC,1min,1777009187,2026-04-24 11:24,2026-04-24,275.6,275.6,275,275,294
AHPC,1min,1777009261,2026-04-24 11:26,2026-04-24,275,275,275,275,3873
AHPC,1min,1777009371,2026-04-24 11:27,2026-04-24,275,276.9,275,276.9,540
AHPC,1min,1777009392,2026-04-24 11:28,2026-04-24,276.9,277,276.9,277,100
AHPC,1min,1777009485,2026-04-24 11:29,2026-04-24,277,278,277,277,555
AHPC,1min,1777009547,2026-04-24 11:30,2026-04-24,277,278,277,278,1706
AHPC,1min,1777009664,2026-04-24 11:32,2026-04-24,278,278,278,278,200
AHPC,1min,1777009733,2026-04-24 11:33,2026-04-24,278,279.9,277.1,279.9,2080
AHPC,1min,1777009741,2026-04-24 11:34,2026-04-24,279.9,279.9,279.8,279.8,20
AHPC,1min,1777009859,2026-04-24 11:35,2026-04-24,279.8,279.8,279.8,279.8,10
AHPC,1min,1777009903,2026-04-24 11:36,2026-04-24,279.8,279.8,279.8,279.8,30
AHPC,1min,1777009959,2026-04-24 11:37,2026-04-24,279.8,279.8,279.5,279.5,0
AHPC,1min,1777009987,2026-04-24 11:38,2026-04-24,279.5,279.5,279,279,0
AHPC,1min,1777010059,2026-04-24 11:39,2026-04-24,279,279,277.2,278,1294
AHPC,1min,1777010212,2026-04-24 11:41,2026-04-24,278,278,278,278,0
AHPC,1min,1777010326,2026-04-24 11:43,2026-04-24,278,279.7,278,279.7,267
AHPC,1min,1777010394,2026-04-24 11:44,2026-04-24,279.7,279.9,279.7,279.9,1350
AHPC,1min,1777010474,2026-04-24 11:46,2026-04-24,279.9,279.9,278,278,20
AHPC,1min,1777010669,2026-04-24 11:49,2026-04-24,278,279,278,279,11
AHPC,1min,1777010755,2026-04-24 11:50,2026-04-24,279,279,278,279,1050
AHPC,1min,1777010859,2026-04-24 11:52,2026-04-24,279,279,279,279,349
AHPC,1min,1777010915,2026-04-24 11:53,2026-04-24,279,279.9,279,279.9,0
AHPC,1min,1777010973,2026-04-24 11:54,2026-04-24,279.9,279.9,278.1,278.1,550
AHPC,1min,1777011040,2026-04-24 11:55,2026-04-24,278.1,279.9,278.1,279.9,105
AHPC,1min,1777011434,2026-04-24 12:02,2026-04-24,279.9,279.9,278.5,278.5,350
AHPC,1min,1777011534,2026-04-24 12:03,2026-04-24,278.5,279.8,278.5,279.8,116
AHPC,1min,1777011715,2026-04-24 12:06,2026-04-24,279.8,279.9,279.8,279.9,250
AHPC,1min,1777012067,2026-04-24 12:12,2026-04-24,279.9,279.9,279.9,279.9,350
AHPC,1min,1777012193,2026-04-24 12:14,2026-04-24,279.9,279.9,278,278,1755
AHPC,1min,1777012252,2026-04-24 12:15,2026-04-24,278,278.9,278,278.9,30
AHPC,1min,1777012287,2026-04-24 12:16,2026-04-24,278.9,278.9,278.9,278.9,650
AHPC,1min,1777012430,2026-04-24 12:18,2026-04-24,278.9,278.9,278,278,625
AHPC,1min,1777012517,2026-04-24 12:20,2026-04-24,278,278,277.9,277.9,100
AHPC,1min,1777012674,2026-04-24 12:22,2026-04-24,277.9,277.9,277.9,277.9,2096
AHPC,1min,1777012690,2026-04-24 12:23,2026-04-24,277.9,277.9,277.9,277.9,39
AHPC,1min,1777012772,2026-04-24 12:24,2026-04-24,277.9,278,277.9,278,195
AHPC,1min,1777013031,2026-04-24 12:28,2026-04-24,278,278.8,278,278.8,1000
AHPC,1min,1777013048,2026-04-24 12:29,2026-04-24,278.8,278.8,278,278,41
AHPC,1min,1777013174,2026-04-24 12:31,2026-04-24,278,278,278,278,108
AHPC,1min,1777013318,2026-04-24 12:33,2026-04-24,278,278.8,278,278.8,200
AHPC,1min,1777013385,2026-04-24 12:34,2026-04-24,278.8,280,278.8,280,4110
AHPC,1min,1777013423,2026-04-24 12:35,2026-04-24,280,280,280,280,10
AHPC,1min,1777013513,2026-04-24 12:36,2026-04-24,280,280.1,280,280.1,10
AHPC,1min,1777013549,2026-04-24 12:37,2026-04-24,280.1,280.9,280.1,280.9,330
AHPC,1min,1777013623,2026-04-24 12:38,2026-04-24,280.9,280.9,280.9,280.9,10
AHPC,1min,1777013651,2026-04-24 12:39,2026-04-24,280.9,280.9,280.9,280.9,205
AHPC,1min,1777013717,2026-04-24 12:40,2026-04-24,280.9,281,280.9,281,0
AHPC,1min,1777013854,2026-04-24 12:42,2026-04-24,281,281,279,279,2560
AHPC,1min,1777013906,2026-04-24 12:43,2026-04-24,279,281.1,279,280.9,2000
AHPC,1min,1777014030,2026-04-24 12:45,2026-04-24,280.9,281.1,280.9,281.1,185
AHPC,1min,1777014142,2026-04-24 12:47,2026-04-24,281.1,281.1,281.1,281.1,100
AHPC,1min,1777014230,2026-04-24 12:48,2026-04-24,281.1,281.1,281,281.1,1304
AHPC,1min,1777014351,2026-04-24 12:50,2026-04-24,281.1,281.1,281.1,281.1,760
AHPC,1min,1777014368,2026-04-24 12:51,2026-04-24,281.1,281.1,281.1,281.1,50
AHPC,1min,1777014475,2026-04-24 12:52,2026-04-24,281.1,281.1,281,281,236
AHPC,1min,1777014506,2026-04-24 12:53,2026-04-24,281,281,280,280,1716
AHPC,1min,1777014581,2026-04-24 12:54,2026-04-24,280,280,279,279,0
AHPC,1min,1777014638,2026-04-24 12:55,2026-04-24,279,279,278.5,278.5,1500
AHPC,1min,1777014942,2026-04-24 13:00,2026-04-24,278.5,279,278.5,279,1150
AHPC,1min,1777015114,2026-04-24 13:03,2026-04-24,279,279,278.3,278.3,1010
AHPC,1min,1777015159,2026-04-24 13:04,2026-04-24,278.3,278.3,278.3,278.3,100
AHPC,1min,1777015259,2026-04-24 13:05,2026-04-24,278.3,278.3,278.2,278.2,448
AHPC,1min,1777015368,2026-04-24 13:07,2026-04-24,278.2,278.2,278.2,278.2,109
AHPC,1min,1777015426,2026-04-24 13:08,2026-04-24,278.2,279.1,278.2,279,51
AHPC,1min,1777015555,2026-04-24 13:10,2026-04-24,279,279,279,279,429
AHPC,1min,1777015578,2026-04-24 13:11,2026-04-24,279,279.1,279,279.1,89
AHPC,1min,1777015716,2026-04-24 13:13,2026-04-24,279.1,279.1,278.2,278.2,900
AHPC,1min,1777015767,2026-04-24 13:14,2026-04-24,278.2,278.2,278.2,278.2,21
AHPC,1min,1777016169,2026-04-24 13:21,2026-04-24,278.2,279.1,278.2,279.1,10
AHPC,1min,1777016616,2026-04-24 13:28,2026-04-24,279.1,279.9,279.1,279.9,500
AHPC,1min,1777016990,2026-04-24 13:34,2026-04-24,279.9,280,279.9,280,500
AHPC,1min,1777017025,2026-04-24 13:35,2026-04-24,280,280,280,280,2000
AHPC,1min,1777017445,2026-04-24 13:42,2026-04-24,280,280,280,280,0
AHPC,1min,1777017512,2026-04-24 13:43,2026-04-24,280,280.9,280,280.9,94
AHPC,1min,1777017937,2026-04-24 13:50,2026-04-24,280.9,280.9,280.7,280.7,326
AHPC,1min,1777017990,2026-04-24 13:51,2026-04-24,280.7,280.7,280.7,280.7,80
AHPC,1min,1777018061,2026-04-24 13:52,2026-04-24,280.7,280.8,280.7,280.8,178
AHPC,1min,1777018369,2026-04-24 13:57,2026-04-24,280.8,280.8,280,280,1770
AHPC,1min,1777018429,2026-04-24 13:58,2026-04-24,280,280,279.1,279.1,900
AHPC,1min,1777018505,2026-04-24 14:00,2026-04-24,279.1,279.5,279.1,279.5,10
AHPC,1min,1777018672,2026-04-24 14:02,2026-04-24,279.5,280.7,279.5,280.7,10
AHPC,1min,1777018796,2026-04-24 14:04,2026-04-24,280.7,280.7,279.5,279.5,100
AHPC,1min,1777019352,2026-04-24 14:14,2026-04-24,279.5,279.5,279.2,279.2,144
AHPC,1min,1777019490,2026-04-24 14:16,2026-04-24,279.2,279.5,279.2,279.5,100
AHPC,1min,1777019628,2026-04-24 14:18,2026-04-24,279.5,279.6,279.5,279.6,337
AHPC,1min,1777019758,2026-04-24 14:20,2026-04-24,279.6,280,279.5,280,698
AHPC,1min,1777019923,2026-04-24 14:23,2026-04-24,280,280.5,280,280.5,110
AHPC,1min,1777020172,2026-04-24 14:27,2026-04-24,280.5,280.5,280,280.5,1450
AHPC,1min,1777020183,2026-04-24 14:28,2026-04-24,280.5,280.6,280.5,280.6,100
AHPC,1min,1777020271,2026-04-24 14:29,2026-04-24,280.6,280.6,280,280,600
AHPC,1min,1777020461,2026-04-24 14:32,2026-04-24,280,280.5,280,280.5,30
AHPC,1min,1777020535,2026-04-24 14:33,2026-04-24,280.5,280.5,280,280,125
AHPC,1min,1777020577,2026-04-24 14:34,2026-04-24,280,280,280,280,300
AHPC,1min,1777020611,2026-04-24 14:35,2026-04-24,280,280,280,280,60
AHPC,1min,1777020668,2026-04-24 14:36,2026-04-24,280,280,280,280,150
AHPC,1min,1777020739,2026-04-24 14:37,2026-04-24,280,280,280,280,154
AHPC,1min,1777020881,2026-04-24 14:39,2026-04-24,280,280,279.5,279.5,490
AHPC,1min,1777020910,2026-04-24 14:40,2026-04-24,279.5,279.5,279.5,279.5,0
AHPC,1min,1777021060,2026-04-24 14:42,2026-04-24,279.5,279.5,279.3,279.3,125
AHPC,1min,1777021130,2026-04-24 14:43,2026-04-24,279.3,279.3,279.3,279.3,70
AHPC,1min,1777021140,2026-04-24 14:44,2026-04-24,279.3,279.5,279.3,279.5,20
AHPC,1min,1777021319,2026-04-24 14:46,2026-04-24,279.5,279.5,279.4,279.4,263
AHPC,1min,1777021484,2026-04-24 14:49,2026-04-24,279.4,279.4,279.3,279.3,100
AHPC,1min,1777021522,2026-04-24 14:50,2026-04-24,279.3,279.4,279.3,279.4,16
AHPC,1min,1777021616,2026-04-24 14:51,2026-04-24,279.4,279.4,279.4,279.4,240
AHPC,1min,1777021673,2026-04-24 14:52,2026-04-24,279.4,279.5,279.4,279.5,58
AHPC,1min,1777021730,2026-04-24 14:53,2026-04-24,279.5,279.8,279.3,279.3,1450
AHPC,1min,1777021765,2026-04-24 14:54,2026-04-24,279.3,279.8,279.3,279.8,0
AHPC,1min,1777021846,2026-04-24 14:55,2026-04-24,279.8,279.8,279.8,279.8,1000
AHPC,1min,1777021919,2026-04-24 14:56,2026-04-24,279.8,279.8,279.8,279.8,833
AHPC,1min,1777021965,2026-04-24 14:57,2026-04-24,279.8,280,279.5,279.5,7600
AHPC,1min,1777022034,2026-04-24 14:58,2026-04-24,279.5,279.9,279.5,279.6,1866
AHPC,1min,1777022099,2026-04-24 14:59,2026-04-24,279.6,280,279.6,280,5742
AHPC,1min,1777267072,2026-04-27 11:02,2026-04-27,280.1,280.1,280.1,280.1,32
AHPC,1min,1777267088,2026-04-27 11:03,2026-04-27,280.1,282,280.1,282,100
AHPC,1min,1777267189,2026-04-27 11:04,2026-04-27,282,282,280,280,1056
AHPC,1min,1777267222,2026-04-27 11:05,2026-04-27,280,280,280,280,1000
AHPC,1min,1777267273,2026-04-27 11:06,2026-04-27,280,280,280,280,10
AHPC,1min,1777267355,2026-04-27 11:07,2026-04-27,280,280,280,280,200
AHPC,1min,1777267414,2026-04-27 11:08,2026-04-27,280,282,280,282,55
AHPC,1min,1777267484,2026-04-27 11:09,2026-04-27,282,282,282,282,110
AHPC,1min,1777267656,2026-04-27 11:12,2026-04-27,282,282,282,282,15
AHPC,1min,1777267680,2026-04-27 11:13,2026-04-27,282,282,282,282,50
AHPC,1min,1777267789,2026-04-27 11:14,2026-04-27,282,282.5,282,282.5,150
AHPC,1min,1777267893,2026-04-27 11:16,2026-04-27,282.5,283,282,283,130
AHPC,1min,1777267974,2026-04-27 11:17,2026-04-27,283,284,283,284,211
AHPC,1min,1777268012,2026-04-27 11:18,2026-04-27,284,285,283,283,1210
AHPC,1min,1777268089,2026-04-27 11:19,2026-04-27,283,284.9,283,284.9,19
AHPC,1min,1777268121,2026-04-27 11:20,2026-04-27,284.9,284.9,283,283,840
AHPC,1min,1777268194,2026-04-27 11:21,2026-04-27,283,283,283,283,35
AHPC,1min,1777268258,2026-04-27 11:22,2026-04-27,283,283,283,283,585
AHPC,1min,1777268330,2026-04-27 11:23,2026-04-27,283,283,283,283,0
AHPC,1min,1777268373,2026-04-27 11:24,2026-04-27,283,284,283,284,110
AHPC,1min,1777268401,2026-04-27 11:25,2026-04-27,284,284,282.2,282.2,0
AHPC,1min,1777268539,2026-04-27 11:27,2026-04-27,282.2,283,282.2,282.3,1723
AHPC,1min,1777268694,2026-04-27 11:29,2026-04-27,282.3,283,282.3,283,977
AHPC,1min,1777268935,2026-04-27 11:33,2026-04-27,283,283,282.3,282.3,200
AHPC,1min,1777268996,2026-04-27 11:34,2026-04-27,282.3,283,282.3,283,500
AHPC,1min,1777269119,2026-04-27 11:36,2026-04-27,283,283,282.5,282.5,65
AHPC,1min,1777269383,2026-04-27 11:41,2026-04-27,282.5,283,282.3,282.3,200
AHPC,1min,1777269459,2026-04-27 11:42,2026-04-27,282.3,282.3,282.3,282.3,253
AHPC,1min,1777269516,2026-04-27 11:43,2026-04-27,282.3,282.4,282.1,282.1,0
AHPC,1min,1777269555,2026-04-27 11:44,2026-04-27,282.1,282.1,282,282,1039
AHPC,1min,1777269670,2026-04-27 11:46,2026-04-27,282,282,281.8,281.8,150
AHPC,1min,1777269778,2026-04-27 11:47,2026-04-27,281.8,281.8,281.6,281.6,412
AHPC,1min,1777269998,2026-04-27 11:51,2026-04-27,281.6,281.7,281.6,281.7,73
AHPC,1min,1777270043,2026-04-27 11:52,2026-04-27,281.7,281.7,281.6,281.6,38
AHPC,1min,1777270101,2026-04-27 11:53,2026-04-27,281.6,281.6,281.6,281.6,102
AHPC,1min,1777270185,2026-04-27 11:54,2026-04-27,281.6,282,281.6,282,1060
AHPC,1min,1777270396,2026-04-27 11:58,2026-04-27,282,282.9,282,282.9,20
AHPC,1min,1777270597,2026-04-27 12:01,2026-04-27,282.9,282.9,282.9,282.9,470
AHPC,1min,1777270701,2026-04-27 12:03,2026-04-27,282.9,283,282.9,283,10
AHPC,1min,1777270832,2026-04-27 12:05,2026-04-27,283,283,281.1,281.1,300
AHPC,1min,1777270969,2026-04-27 12:07,2026-04-27,281.1,282.9,281.1,282.9,200
AHPC,1min,1777271306,2026-04-27 12:13,2026-04-27,282.9,282.9,281.1,282,1562
AHPC,1min,1777271349,2026-04-27 12:14,2026-04-27,282,282,281.1,281.1,450
AHPC,1min,1777271577,2026-04-27 12:17,2026-04-27,281.1,281.1,281,281,11
AHPC,1min,1777271782,2026-04-27 12:21,2026-04-27,281,281,281,281,825
AHPC,1min,1777272231,2026-04-27 12:28,2026-04-27,281,281.1,281,281.1,108
AHPC,1min,1777272367,2026-04-27 12:31,2026-04-27,281.1,281.1,281.1,281.1,50
AHPC,1min,1777272665,2026-04-27 12:36,2026-04-27,281.1,282.9,281.1,282.9,309
AHPC,1min,1777272832,2026-04-27 12:38,2026-04-27,282.9,282.9,281.7,281.7,11
AHPC,1min,1777272975,2026-04-27 12:41,2026-04-27,281.7,282,281.7,282,114
AHPC,1min,1777273125,2026-04-27 12:43,2026-04-27,282,282,282,282,38
AHPC,1min,1777273158,2026-04-27 12:44,2026-04-27,282,282,282,282,541
AHPC,1min,1777273394,2026-04-27 12:48,2026-04-27,282,282.9,282,282.9,900
AHPC,1min,1777273470,2026-04-27 12:49,2026-04-27,282.9,282.9,282.5,282.5,35
AHPC,1min,1777273617,2026-04-27 12:51,2026-04-27,282.5,282.9,282.5,282.9,132
AHPC,1min,1777273668,2026-04-27 12:52,2026-04-27,282.9,282.9,282.5,282.5,10
AHPC,1min,1777273745,2026-04-27 12:54,2026-04-27,282.5,282.5,282,282,275
AHPC,1min,1777273808,2026-04-27 12:55,2026-04-27,282,282,281.6,281.6,300
AHPC,1min,1777273879,2026-04-27 12:56,2026-04-27,281.6,281.6,281.4,281.4,0
AHPC,1min,1777274048,2026-04-27 12:59,2026-04-27,281.4,282,281.4,282,725
AHPC,1min,1777274198,2026-04-27 13:01,2026-04-27,282,282.9,282,282.9,100
AHPC,1min,1777274223,2026-04-27 13:02,2026-04-27,282.9,282.9,282.9,282.9,455
AHPC,1min,1777274342,2026-04-27 13:04,2026-04-27,282.9,282.9,282.9,282.9,15
AHPC,1min,1777274426,2026-04-27 13:05,2026-04-27,282.9,282.9,281.5,281.5,108
AHPC,1min,1777274530,2026-04-27 13:07,2026-04-27,281.5,281.5,281.5,281.5,50
AHPC,1min,1777274896,2026-04-27 13:13,2026-04-27,281.5,282.9,281.5,282.9,0
AHPC,1min,1777274995,2026-04-27 13:14,2026-04-27,282.9,282.9,282.8,282.8,100
AHPC,1min,1777275304,2026-04-27 13:20,2026-04-27,282.8,282.8,282,282,50
AHPC,1min,1777275715,2026-04-27 13:26,2026-04-27,282,282.9,282,282.9,350
AHPC,1min,1777275757,2026-04-27 13:27,2026-04-27,282.9,282.9,282,282,50
AHPC,1min,1777275864,2026-04-27 13:29,2026-04-27,282,283,282,283,1645
AHPC,1min,1777276052,2026-04-27 13:32,2026-04-27,283,283,282.1,282.1,63
AHPC,1min,1777276108,2026-04-27 13:33,2026-04-27,282.1,283,282.1,283,510
AHPC,1min,1777276309,2026-04-27 13:36,2026-04-27,283,283,283,283,1000
AHPC,1min,1777276335,2026-04-27 13:37,2026-04-27,283,284,283,284,1000
AHPC,1min,1777276432,2026-04-27 13:38,2026-04-27,284,284,284,284,184
AHPC,1min,1777276478,2026-04-27 13:39,2026-04-27,284,284,283.8,283.8,52
AHPC,1min,1777276555,2026-04-27 13:40,2026-04-27,283.8,283.8,283.1,283.8,300
AHPC,1min,1777276652,2026-04-27 13:42,2026-04-27,283.8,283.8,283.8,283.8,70
AHPC,1min,1777276734,2026-04-27 13:43,2026-04-27,283.8,283.8,283.8,283.8,15
AHPC,1min,1777276776,2026-04-27 13:44,2026-04-27,283.8,283.8,283.8,283.8,18
AHPC,1min,1777276882,2026-04-27 13:46,2026-04-27,283.8,284,283.8,284,500
AHPC,1min,1777276971,2026-04-27 13:47,2026-04-27,284,284,283.1,284,35
AHPC,1min,1777277015,2026-04-27 13:48,2026-04-27,284,284,284,284,0
AHPC,1min,1777277087,2026-04-27 13:49,2026-04-27,284,284,283,283,805
AHPC,1min,1777277270,2026-04-27 13:52,2026-04-27,283,284,282.6,282.6,2600
AHPC,1min,1777277352,2026-04-27 13:54,2026-04-27,282.6,285,282.6,285,15000
AHPC,1min,1777277430,2026-04-27 13:55,2026-04-27,285,285,284.9,284.9,10
AHPC,1min,1777277570,2026-04-27 13:57,2026-04-27,284.9,284.9,284.8,284.8,65
AHPC,1min,1777277621,2026-04-27 13:58,2026-04-27,284.8,284.8,284,284,635
AHPC,1min,1777277686,2026-04-27 13:59,2026-04-27,284,284,284,284,165
AHPC,1min,1777277792,2026-04-27 14:01,2026-04-27,284,284,283.3,283.3,25
AHPC,1min,1777277875,2026-04-27 14:02,2026-04-27,283.3,284.2,283.3,284.2,207
AHPC,1min,1777277895,2026-04-27 14:03,2026-04-27,284.2,284.2,284.2,284.2,100
AHPC,1min,1777278160,2026-04-27 14:07,2026-04-27,284.2,284.4,283.2,283.2,1310
AHPC,1min,1777278359,2026-04-27 14:10,2026-04-27,283.2,284,283.2,284,310
AHPC,1min,1777278422,2026-04-27 14:12,2026-04-27,284,284,283.2,283.2,1450
AHPC,1min,1777278522,2026-04-27 14:13,2026-04-27,283.2,284.2,283.2,284.2,1000
AHPC,1min,1777278573,2026-04-27 14:14,2026-04-27,284.2,284.3,284.2,284.3,500
AHPC,1min,1777278653,2026-04-27 14:15,2026-04-27,284.3,284.4,284.3,284.4,500
AHPC,1min,1777278710,2026-04-27 14:16,2026-04-27,284.4,284.4,284.4,284.4,10
AHPC,1min,1777278771,2026-04-27 14:17,2026-04-27,284.4,284.8,284.4,284.8,725
AHPC,1min,1777278866,2026-04-27 14:19,2026-04-27,284.8,284.8,284.3,284.3,250
AHPC,1min,1777278948,2026-04-27 14:20,2026-04-27,284.3,284.7,284.3,284.7,323
AHPC,1min,1777279198,2026-04-27 14:24,2026-04-27,284.7,284.7,283.4,284,621
AHPC,1min,1777279415,2026-04-27 14:28,2026-04-27,284,284,282.4,283.9,10051
AHPC,1min,1777279511,2026-04-27 14:30,2026-04-27,283.9,284,283.9,284,200
AHPC,1min,1777279715,2026-04-27 14:33,2026-04-27,284,284,283.7,283.7,19
AHPC,1min,1777279740,2026-04-27 14:34,2026-04-27,283.7,283.7,283.7,283.7,146
AHPC,1min,1777279809,2026-04-27 14:35,2026-04-27,283.7,283.7,283.7,283.7,10
AHPC,1min,1777279866,2026-04-27 14:36,2026-04-27,283.7,283.7,283.7,283.7,70
AHPC,1min,1777279945,2026-04-27 14:37,2026-04-27,283.7,283.7,283.5,283.5,350
AHPC,1min,1777280025,2026-04-27 14:38,2026-04-27,283.5,283.5,283.5,283.5,50
AHPC,1min,1777280151,2026-04-27 14:40,2026-04-27,283.5,283.5,283.5,283.5,0
AHPC,1min,1777280217,2026-04-27 14:41,2026-04-27,283.5,283.5,283.5,283.5,57
AHPC,1min,1777280320,2026-04-27 14:43,2026-04-27,283.5,283.5,283,283,1725
AHPC,1min,1777280395,2026-04-27 14:44,2026-04-27,283,283.4,283,283.4,1265
AHPC,1min,1777280458,2026-04-27 14:45,2026-04-27,283.4,283.4,283,283,194
AHPC,1min,1777280481,2026-04-27 14:46,2026-04-27,283,283,282.7,282.7,73
AHPC,1min,1777280592,2026-04-27 14:48,2026-04-27,282.7,283,282.7,283,10
AHPC,1min,1777280697,2026-04-27 14:49,2026-04-27,283,283.5,283,283.5,3000
AHPC,1min,1777280726,2026-04-27 14:50,2026-04-27,283.5,283.5,283.5,283.5,400
AHPC,1min,1777280799,2026-04-27 14:51,2026-04-27,283.5,283.5,283,283,0
AHPC,1min,1777280859,2026-04-27 14:52,2026-04-27,283,283.4,283,283.4,850
AHPC,1min,1777280935,2026-04-27 14:53,2026-04-27,283.4,283.4,282.5,282.5,2061
AHPC,1min,1777280969,2026-04-27 14:54,2026-04-27,282.5,282.5,282.4,282.4,704
AHPC,1min,1777281036,2026-04-27 14:55,2026-04-27,282.4,282.4,282.4,282.4,15
AHPC,1min,1777281100,2026-04-27 14:56,2026-04-27,282.4,283,282.1,282.1,4645
AHPC,1min,1777281164,2026-04-27 14:57,2026-04-27,282.1,283,282.1,282.1,1127
AHPC,1min,1777281226,2026-04-27 14:58,2026-04-27,282.1,283.9,282.1,283.9,6343
AHPC,1min,1777281299,2026-04-27 14:59,2026-04-27,283.9,283.9,282.3,283,1686
AHPC,1min,1777353300,2026-04-28 11:00,2026-04-28,288.9,288.9,288.9,288.9,0
AHPC,1min,1777353433,2026-04-28 11:02,2026-04-28,288.9,288.9,284.9,284.9,70
AHPC,1min,1777353546,2026-04-28 11:04,2026-04-28,284.9,284.9,284,284,10
AHPC,1min,1777353653,2026-04-28 11:05,2026-04-28,284,284.4,284,284.4,20
AHPC,1min,1777353764,2026-04-28 11:07,2026-04-28,284.4,284.4,282.1,282.1,10
AHPC,1min,1777353891,2026-04-28 11:09,2026-04-28,282.1,282.2,282.1,282.2,0
AHPC,1min,1777354007,2026-04-28 11:11,2026-04-28,282.2,284.5,282.2,284.5,214
AHPC,1min,1777354129,2026-04-28 11:13,2026-04-28,284.5,284.5,282.5,282.5,50
AHPC,1min,1777354492,2026-04-28 11:19,2026-04-28,282.5,282.7,282.5,282.7,32
AHPC,1min,1777354540,2026-04-28 11:20,2026-04-28,282.7,283,282.7,283,300
AHPC,1min,1777354825,2026-04-28 11:25,2026-04-28,283,283,283,283,128
AHPC,1min,1777354867,2026-04-28 11:26,2026-04-28,283,283,283,283,472
AHPC,1min,1777354924,2026-04-28 11:27,2026-04-28,283,283.5,283,283.5,11
AHPC,1min,1777355023,2026-04-28 11:28,2026-04-28,283.5,283.5,283.5,283.5,2189
AHPC,1min,1777355062,2026-04-28 11:29,2026-04-28,283.5,283.8,283.5,283.8,172
AHPC,1min,1777355152,2026-04-28 11:30,2026-04-28,283.8,283.8,283,283,138
AHPC,1min,1777355269,2026-04-28 11:32,2026-04-28,283,283,283,283,210
AHPC,1min,1777355325,2026-04-28 11:33,2026-04-28,283,283.8,283,283.8,50
AHPC,1min,1777355393,2026-04-28 11:34,2026-04-28,283.8,283.8,283,283,585
AHPC,1min,1777355717,2026-04-28 11:40,2026-04-28,283,283,282.7,282.7,10
AHPC,1min,1777355818,2026-04-28 11:41,2026-04-28,282.7,282.7,282.6,282.6,0
AHPC,1min,1777355932,2026-04-28 11:43,2026-04-28,282.6,283,282.6,283,210
AHPC,1min,1777356156,2026-04-28 11:47,2026-04-28,283,283,282.6,282.6,16
AHPC,1min,1777356181,2026-04-28 11:48,2026-04-28,282.6,282.6,282.6,282.6,290
AHPC,1min,1777356281,2026-04-28 11:49,2026-04-28,282.6,282.6,282.6,282.6,134
AHPC,1min,1777356316,2026-04-28 11:50,2026-04-28,282.6,282.6,282.5,282.5,391
AHPC,1min,1777356394,2026-04-28 11:51,2026-04-28,282.5,282.5,282.5,282.5,525
AHPC,1min,1777356777,2026-04-28 11:57,2026-04-28,282.5,285,282.5,285,7000
AHPC,1min,1777356789,2026-04-28 11:58,2026-04-28,285,285.5,285,285.5,20
AHPC,1min,1777356935,2026-04-28 12:00,2026-04-28,285.5,285.5,285.5,285.5,400
AHPC,1min,1777357006,2026-04-28 12:01,2026-04-28,285.5,285.5,285.5,285.5,87
AHPC,1min,1777357075,2026-04-28 12:02,2026-04-28,285.5,285.5,284,284,10
AHPC,1min,1777357185,2026-04-28 12:04,2026-04-28,284,284,284,284,10
AHPC,1min,1777357213,2026-04-28 12:05,2026-04-28,284,285,284,285,20
AHPC,1min,1777357372,2026-04-28 12:07,2026-04-28,285,285,285,285,50
AHPC,1min,1777357552,2026-04-28 12:10,2026-04-28,285,285,284.9,284.9,71
AHPC,1min,1777357665,2026-04-28 12:12,2026-04-28,284.9,284.9,283,283,0
AHPC,1min,1777357711,2026-04-28 12:13,2026-04-28,283,285,283,285,143
AHPC,1min,1777357821,2026-04-28 12:15,2026-04-28,285,285,283,283,10
AHPC,1min,1777357921,2026-04-28 12:17,2026-04-28,283,283,283,283,14
AHPC,1min,1777358152,2026-04-28 12:20,2026-04-28,283,284,283,284,335
AHPC,1min,1777358208,2026-04-28 12:21,2026-04-28,284,286,284,286,3704
AHPC,1min,1777358253,2026-04-28 12:22,2026-04-28,286,286.4,286,286.4,10
AHPC,1min,1777358358,2026-04-28 12:24,2026-04-28,286.4,286.4,284,284,45
AHPC,1min,1777358447,2026-04-28 12:25,2026-04-28,284,286,284,284,110
AHPC,1min,1777358527,2026-04-28 12:27,2026-04-28,284,284,284,284,56
AHPC,1min,1777359175,2026-04-28 12:37,2026-04-28,284,285,284,284,12
AHPC,1min,1777359251,2026-04-28 12:39,2026-04-28,284,285,284,285,96
AHPC,1min,1777359456,2026-04-28 12:42,2026-04-28,285,285,285,285,98
AHPC,1min,1777359518,2026-04-28 12:43,2026-04-28,285,285,284.1,284.1,408
AHPC,1min,1777359698,2026-04-28 12:46,2026-04-28,284.1,284.1,284.1,284.1,35
AHPC,1min,1777359888,2026-04-28 12:49,2026-04-28,284.1,284.1,284,284,1104
AHPC,1min,1777359978,2026-04-28 12:51,2026-04-28,284,284,284,284,43
AHPC,1min,1777360224,2026-04-28 12:55,2026-04-28,284,284,284,284,22
AHPC,1min,1777360272,2026-04-28 12:56,2026-04-28,284,284,284,284,19
AHPC,1min,1777360360,2026-04-28 12:57,2026-04-28,284,284,284,284,290
AHPC,1min,1777360403,2026-04-28 12:58,2026-04-28,284,284,284,284,58
AHPC,1min,1777360579,2026-04-28 13:01,2026-04-28,284,284,283,283,0
AHPC,1min,1777361094,2026-04-28 13:09,2026-04-28,283,283,283,283,2574
AHPC,1min,1777361195,2026-04-28 13:11,2026-04-28,283,283,283,283,566
AHPC,1min,1777362002,2026-04-28 13:25,2026-04-28,283,284,283,284,326
AHPC,1min,1777362336,2026-04-28 13:30,2026-04-28,284,284,283.1,283.1,35
AHPC,1min,1777362512,2026-04-28 13:33,2026-04-28,283.1,283.2,283.1,283.2,25
AHPC,1min,1777362667,2026-04-28 13:36,2026-04-28,283.2,283.2,283.1,283.1,80
AHPC,1min,1777362744,2026-04-28 13:37,2026-04-28,283.1,283.9,283.1,283.9,22
AHPC,1min,1777362952,2026-04-28 13:40,2026-04-28,283.9,283.9,283,283,0
AHPC,1min,1777363033,2026-04-28 13:42,2026-04-28,283,283.8,283,283.8,745
AHPC,1min,1777363238,2026-04-28 13:45,2026-04-28,283.8,283.8,283.1,283.1,63
AHPC,1min,1777363326,2026-04-28 13:47,2026-04-28,283.1,283.1,282.3,282.3,9594
AHPC,1min,1777363579,2026-04-28 13:51,2026-04-28,282.3,282.3,282.3,282.3,10
AHPC,1min,1777363789,2026-04-28 13:54,2026-04-28,282.3,282.3,282,282,2988
AHPC,1min,1777363827,2026-04-28 13:55,2026-04-28,282,282,282,282,500
AHPC,1min,1777363900,2026-04-28 13:56,2026-04-28,282,283.5,282,283.5,80
AHPC,1min,1777363970,2026-04-28 13:57,2026-04-28,283.5,283.5,282,282,300
AHPC,1min,1777364010,2026-04-28 13:58,2026-04-28,282,283.5,282,283.5,10
AHPC,1min,1777364152,2026-04-28 14:00,2026-04-28,283.5,283.5,282.1,282.1,10
AHPC,1min,1777364235,2026-04-28 14:02,2026-04-28,282.1,283,282.1,283,110
AHPC,1min,1777364438,2026-04-28 14:05,2026-04-28,283,283,282,282,1010
AHPC,1min,1777364479,2026-04-28 14:06,2026-04-28,282,282,282,282,74
AHPC,1min,1777364550,2026-04-28 14:07,2026-04-28,282,282,281,281,7310
AHPC,1min,1777364614,2026-04-28 14:08,2026-04-28,281,281,281,281,500
AHPC,1min,1777364697,2026-04-28 14:09,2026-04-28,281,281,281,281,0
AHPC,1min,1777364769,2026-04-28 14:11,2026-04-28,281,283,281,283,210
AHPC,1min,1777364864,2026-04-28 14:12,2026-04-28,283,283,280.3,280.3,1000
AHPC,1min,1777364932,2026-04-28 14:13,2026-04-28,280.3,280.3,280.3,280.3,44
AHPC,1min,1777365042,2026-04-28 14:15,2026-04-28,280.3,280.3,280.1,280.1,1010
AHPC,1min,1777365165,2026-04-28 14:17,2026-04-28,280.1,280.2,280.1,280.2,10
AHPC,1min,1777365482,2026-04-28 14:23,2026-04-28,280.2,281,280.2,281,15
AHPC,1min,1777365655,2026-04-28 14:25,2026-04-28,281,281,281,281,20
AHPC,1min,1777365665,2026-04-28 14:26,2026-04-28,281,281,280.3,280.3,750
AHPC,1min,1777365903,2026-04-28 14:30,2026-04-28,280.3,281,280.3,281,0
AHPC,1min,1777366010,2026-04-28 14:31,2026-04-28,281,282,281,281,340
AHPC,1min,1777366073,2026-04-28 14:32,2026-04-28,281,281,280.6,281,1055
AHPC,1min,1777366178,2026-04-28 14:34,2026-04-28,281,282,281,282,154
AHPC,1min,1777366265,2026-04-28 14:36,2026-04-28,282,282,282,282,22
AHPC,1min,1777366344,2026-04-28 14:37,2026-04-28,282,282,281,281,110
AHPC,1min,1777366428,2026-04-28 14:38,2026-04-28,281,281,280.3,280.3,5000
AHPC,1min,1777366447,2026-04-28 14:39,2026-04-28,280.3,280.3,280.3,280.3,10
AHPC,1min,1777366616,2026-04-28 14:41,2026-04-28,280.3,281.9,280.3,281.9,10
AHPC,1min,1777366664,2026-04-28 14:42,2026-04-28,281.9,282,281.9,282,1000
AHPC,1min,1777366721,2026-04-28 14:43,2026-04-28,282,282,280.3,280.3,990
AHPC,1min,1777366799,2026-04-28 14:44,2026-04-28,280.3,280.3,280.1,280.1,3150
AHPC,1min,1777366851,2026-04-28 14:45,2026-04-28,280.1,280.1,280.1,280.1,10
AHPC,1min,1777366937,2026-04-28 14:47,2026-04-28,280.1,280.1,280,280,4325
AHPC,1min,1777367022,2026-04-28 14:48,2026-04-28,280,280.1,280,280,1150
AHPC,1min,1777367049,2026-04-28 14:49,2026-04-28,280,281.5,280,281.5,200
AHPC,1min,1777367199,2026-04-28 14:51,2026-04-28,281.5,281.5,280.1,280.1,10
AHPC,1min,1777367249,2026-04-28 14:52,2026-04-28,280.1,280.1,280,280,238
AHPC,1min,1777367386,2026-04-28 14:54,2026-04-28,280,280,280,280,6200
AHPC,1min,1777367458,2026-04-28 14:55,2026-04-28,280,280,280,280,4300
AHPC,1min,1777367477,2026-04-28 14:56,2026-04-28,280,280,280,280,1714
AHPC,1min,1777367548,2026-04-28 14:57,2026-04-28,280,281,280,281,248
AHPC,1min,1777367623,2026-04-28 14:58,2026-04-28,281,281.1,280,281.1,4611
AHPC,1min,1777367699,2026-04-28 14:59,2026-04-28,281.1,281.1,281,281,525
AHPC,1min,1777439700,2026-04-29 11:00,2026-04-29,277,277,277,277,950
AHPC,1min,1777439896,2026-04-29 11:03,2026-04-29,277,281,277,281,10
AHPC,1min,1777440463,2026-04-29 11:12,2026-04-29,281,281,280,281,2010
AHPC,1min,1777440798,2026-04-29 11:18,2026-04-29,281,281,280.1,280.1,20
AHPC,1min,1777440842,2026-04-29 11:19,2026-04-29,280.1,282,280.1,282,0
AHPC,1min,1777440915,2026-04-29 11:20,2026-04-29,282,282,280,280,265
AHPC,1min,1777440993,2026-04-29 11:21,2026-04-29,280,280,280,280,300
AHPC,1min,1777441104,2026-04-29 11:23,2026-04-29,280,280,280,280,700
AHPC,1min,1777441162,2026-04-29 11:24,2026-04-29,280,280,280,280,100
AHPC,1min,1777441314,2026-04-29 11:26,2026-04-29,280,281,280,281,500
AHPC,1min,1777441482,2026-04-29 11:29,2026-04-29,281,282.8,281,282,300
AHPC,1min,1777441551,2026-04-29 11:30,2026-04-29,282,282,281,281,118
AHPC,1min,1777442036,2026-04-29 11:38,2026-04-29,281,281,281,281,603
AHPC,1min,1777442040,2026-04-29 11:39,2026-04-29,281,281,281,281,500
AHPC,1min,1777442241,2026-04-29 11:42,2026-04-29,281,281,281,281,50
AHPC,1min,1777442362,2026-04-29 11:44,2026-04-29,281,281,280.5,280.5,220
AHPC,1min,1777442406,2026-04-29 11:45,2026-04-29,280.5,280.5,280,280,498
AHPC,1min,1777442563,2026-04-29 11:47,2026-04-29,280,281,280,281,844
AHPC,1min,1777442699,2026-04-29 11:49,2026-04-29,281,281,279.1,279.1,3000
AHPC,1min,1777442924,2026-04-29 11:53,2026-04-29,279.1,279.1,279.1,279.1,685
AHPC,1min,1777443056,2026-04-29 11:55,2026-04-29,279.1,279.1,279.1,279.1,60
AHPC,1min,1777443296,2026-04-29 11:59,2026-04-29,279.1,279.1,279,279,4100
AHPC,1min,1777443393,2026-04-29 12:01,2026-04-29,279,279,278.1,278.1,200
AHPC,1min,1777443443,2026-04-29 12:02,2026-04-29,278.1,278.1,278.1,278.1,19
AHPC,1min,1777443510,2026-04-29 12:03,2026-04-29,278.1,280,278,280,120
AHPC,1min,1777444122,2026-04-29 12:13,2026-04-29,280,280,277.1,277.1,2699
AHPC,1min,1777444290,2026-04-29 12:16,2026-04-29,277.1,278,277.1,278,2401
AHPC,1min,1777444331,2026-04-29 12:17,2026-04-29,278,278,278,278,0
AHPC,1min,1777444939,2026-04-29 12:27,2026-04-29,278,280,278,280,246
AHPC,1min,1777445202,2026-04-29 12:31,2026-04-29,280,280,280,280,350
AHPC,1min,1777445258,2026-04-29 12:32,2026-04-29,280,280.9,280,280.9,500
AHPC,1min,1777445414,2026-04-29 12:35,2026-04-29,280.9,280.9,280.9,280.9,0
AHPC,1min,1777445686,2026-04-29 12:39,2026-04-29,280.9,280.9,280,280,157
AHPC,1min,1777445758,2026-04-29 12:40,2026-04-29,280,280,280,280,200
AHPC,1min,1777445770,2026-04-29 12:41,2026-04-29,280,280,278.5,278.5,2000
AHPC,1min,1777446193,2026-04-29 12:48,2026-04-29,278.5,280,278.5,280,700
AHPC,1min,1777446297,2026-04-29 12:49,2026-04-29,280,280,278.7,278.7,11
AHPC,1min,1777446334,2026-04-29 12:50,2026-04-29,278.7,280,278.7,280,20
AHPC,1min,1777446514,2026-04-29 12:53,2026-04-29,280,280,279,279,23
AHPC,1min,1777446641,2026-04-29 12:55,2026-04-29,279,279,278.7,278.7,140
AHPC,1min,1777446803,2026-04-29 12:58,2026-04-29,278.7,280,278.7,280,134
AHPC,1min,1777446853,2026-04-29 12:59,2026-04-29,280,280,279,279,1000
AHPC,1min,1777447028,2026-04-29 13:02,2026-04-29,279,279,279,279,100
AHPC,1min,1777447105,2026-04-29 13:03,2026-04-29,279,279,279,279,200
AHPC,1min,1777447171,2026-04-29 13:04,2026-04-29,279,279,279,279,0
AHPC,1min,1777447338,2026-04-29 13:07,2026-04-29,279,279.9,279,279.9,591
AHPC,1min,1777447393,2026-04-29 13:08,2026-04-29,279.9,280,279.9,280,40
AHPC,1min,1777447741,2026-04-29 13:14,2026-04-29,280,280,279.9,279.9,34
AHPC,1min,1777447972,2026-04-29 13:17,2026-04-29,279.9,280,279.9,280,10
AHPC,1min,1777447996,2026-04-29 13:18,2026-04-29,280,280,279.1,279.1,700
AHPC,1min,1777448155,2026-04-29 13:20,2026-04-29,279.1,279.1,279.1,279.1,0
AHPC,1min,1777448204,2026-04-29 13:21,2026-04-29,279.1,280,279.1,280,2060
AHPC,1min,1777448258,2026-04-29 13:22,2026-04-29,280,280,279,280,1135
AHPC,1min,1777448477,2026-04-29 13:26,2026-04-29,280,280,280,280,0
AHPC,1min,1777448752,2026-04-29 13:30,2026-04-29,280,280,278.7,278.7,262
AHPC,1min,1777448772,2026-04-29 13:31,2026-04-29,278.7,280,278.7,280,5000
AHPC,1min,1777449249,2026-04-29 13:39,2026-04-29,280,280,280,280,1550
AHPC,1min,1777449393,2026-04-29 13:41,2026-04-29,280,280,278.5,278.5,600
AHPC,1min,1777449549,2026-04-29 13:44,2026-04-29,278.5,278.5,278.5,278.5,30
AHPC,1min,1777450141,2026-04-29 13:54,2026-04-29,278.5,280,278.5,280,500
AHPC,1min,1777450439,2026-04-29 13:58,2026-04-29,280,280,279.1,279.1,41
AHPC,1min,1777450495,2026-04-29 13:59,2026-04-29,279.1,279.1,279.1,279.1,159
AHPC,1min,1777450646,2026-04-29 14:02,2026-04-29,279.1,279.1,279,279,0
AHPC,1min,1777450744,2026-04-29 14:04,2026-04-29,279,279,279,279,2036
AHPC,1min,1777450864,2026-04-29 14:06,2026-04-29,279,279,279,279,1126
AHPC,1min,1777450925,2026-04-29 14:07,2026-04-29,279,279,278.6,278.6,100
AHPC,1min,1777451089,2026-04-29 14:09,2026-04-29,278.6,278.6,278.5,278.5,2100
AHPC,1min,1777451160,2026-04-29 14:11,2026-04-29,278.5,278.6,278.5,278.6,15
AHPC,1min,1777451263,2026-04-29 14:12,2026-04-29,278.6,279,278.6,279,1042
AHPC,1min,1777451296,2026-04-29 14:13,2026-04-29,279,279,279,279,205
AHPC,1min,1777451425,2026-04-29 14:15,2026-04-29,279,279.1,279,279.1,650
AHPC,1min,1777451502,2026-04-29 14:16,2026-04-29,279.1,279.1,279.1,279.1,201
AHPC,1min,1777451574,2026-04-29 14:17,2026-04-29,279.1,279.9,279.1,279.1,115
AHPC,1min,1777451875,2026-04-29 14:22,2026-04-29,279.1,279.1,278.5,278.5,1661
AHPC,1min,1777451978,2026-04-29 14:24,2026-04-29,278.5,279,278.5,279,50
AHPC,1min,1777452032,2026-04-29 14:25,2026-04-29,279,279,279,279,20
AHPC,1min,1777452116,2026-04-29 14:26,2026-04-29,279,279,279,279,440
AHPC,1min,1777452174,2026-04-29 14:27,2026-04-29,279,279,278.5,278.5,561
AHPC,1min,1777452208,2026-04-29 14:28,2026-04-29,278.5,278.5,278.5,278.5,300
AHPC,1min,1777452538,2026-04-29 14:33,2026-04-29,278.5,279.7,278.5,279.7,10
AHPC,1min,1777452842,2026-04-29 14:39,2026-04-29,279.7,279.7,278.5,278.5,200
AHPC,1min,1777452920,2026-04-29 14:40,2026-04-29,278.5,278.5,278.5,278.5,1000
AHPC,1min,1777453007,2026-04-29 14:41,2026-04-29,278.5,278.5,278,278,14522
AHPC,1min,1777453081,2026-04-29 14:43,2026-04-29,278,278,278,278,400
AHPC,1min,1777453140,2026-04-29 14:44,2026-04-29,278,278,278,278,701
AHPC,1min,1777453232,2026-04-29 14:45,2026-04-29,278,278,278,278,1190
AHPC,1min,1777453280,2026-04-29 14:46,2026-04-29,278,278,277.6,277.6,1654
AHPC,1min,1777453366,2026-04-29 14:47,2026-04-29,277.6,279,277.6,279,21
AHPC,1min,1777453471,2026-04-29 14:49,2026-04-29,279,279.4,279,279.4,10
AHPC,1min,1777453531,2026-04-29 14:50,2026-04-29,279.4,279.4,277.7,279.4,377
AHPC,1min,1777453670,2026-04-29 14:52,2026-04-29,279.4,279.4,277.8,277.8,950
AHPC,1min,1777453714,2026-04-29 14:53,2026-04-29,277.8,277.8,277.7,277.7,850
AHPC,1min,1777453775,2026-04-29 14:54,2026-04-29,277.7,277.8,277.6,277.8,544
AHPC,1min,1777453858,2026-04-29 14:55,2026-04-29,277.8,277.8,277.8,277.8,730
AHPC,1min,1777453972,2026-04-29 14:57,2026-04-29,277.8,278,277.7,278,1879
AHPC,1min,1777454016,2026-04-29 14:58,2026-04-29,278,278,277.6,277.6,820
AHPC,1min,1777454099,2026-04-29 14:59,2026-04-29,277.6,278,277.6,277.7,2266
