symbol,resolution,ts,datetime_np,date_np,open,high,low,close,volume
API,1min,1774775699,2026-03-29 14:59,2026-03-29,353.5,357,353.5,356,37482
API,1min,1774847700,2026-03-30 11:00,2026-03-30,355,355,355,355,250
API,1min,1774847805,2026-03-30 11:01,2026-03-30,355,355,352,352,6935
API,1min,1774847872,2026-03-30 11:02,2026-03-30,352,355,351,355,11728
API,1min,1774847933,2026-03-30 11:03,2026-03-30,355,355,351.1,351.5,4725
API,1min,1774847996,2026-03-30 11:04,2026-03-30,351.5,352,351.2,352,3119
API,1min,1774848056,2026-03-30 11:05,2026-03-30,352,352,352,352,3190
API,1min,1774848116,2026-03-30 11:06,2026-03-30,352,352.1,352,352,6819
API,1min,1774848174,2026-03-30 11:07,2026-03-30,352,352.2,352,352.1,5993
API,1min,1774848220,2026-03-30 11:08,2026-03-30,352.1,352.1,352,352,6001
API,1min,1774848288,2026-03-30 11:09,2026-03-30,352,352,351.9,351.9,15766
API,1min,1774848350,2026-03-30 11:10,2026-03-30,351.9,352,351.1,351.1,13104
API,1min,1774848407,2026-03-30 11:11,2026-03-30,351.1,351.9,350.8,350.8,17179
API,1min,1774848471,2026-03-30 11:12,2026-03-30,350.8,351.5,350.8,351.1,8350
API,1min,1774848505,2026-03-30 11:13,2026-03-30,351.1,352.1,351.1,352.1,15245
API,1min,1774848588,2026-03-30 11:14,2026-03-30,352.1,352.9,352,352.2,10162
API,1min,1774848656,2026-03-30 11:15,2026-03-30,352.2,353,352.1,353,5814
API,1min,1774848699,2026-03-30 11:16,2026-03-30,353,354,353,354,1744
API,1min,1774848767,2026-03-30 11:17,2026-03-30,354,354,354,354,3821
API,1min,1774848825,2026-03-30 11:18,2026-03-30,354,355,354,354,17321
API,1min,1774848898,2026-03-30 11:19,2026-03-30,354,354,354,354,2010
API,1min,1774848937,2026-03-30 11:20,2026-03-30,354,354.5,354,354.5,921
API,1min,1774849018,2026-03-30 11:21,2026-03-30,354.5,355.5,354.5,355.5,6501
API,1min,1774849076,2026-03-30 11:22,2026-03-30,355.5,356,355,356,3861
API,1min,1774849132,2026-03-30 11:23,2026-03-30,356,357,356,357,1303
API,1min,1774849188,2026-03-30 11:24,2026-03-30,357,358,356.1,356.2,8305
API,1min,1774849239,2026-03-30 11:25,2026-03-30,356.2,357,356.2,356.5,838
API,1min,1774849296,2026-03-30 11:26,2026-03-30,356.5,358.9,356.5,357,4850
API,1min,1774849367,2026-03-30 11:27,2026-03-30,357,358,357,357.1,2221
API,1min,1774849431,2026-03-30 11:28,2026-03-30,357.1,358,356,356,7345
API,1min,1774849497,2026-03-30 11:29,2026-03-30,356,356,353.2,354,6499
API,1min,1774849541,2026-03-30 11:30,2026-03-30,354,354,353,353,1841
API,1min,1774849611,2026-03-30 11:31,2026-03-30,353,353,352.9,353,1282
API,1min,1774849671,2026-03-30 11:32,2026-03-30,353,353,352.4,352.4,1602
API,1min,1774849731,2026-03-30 11:33,2026-03-30,352.4,353,352.3,353,3960
API,1min,1774849786,2026-03-30 11:34,2026-03-30,353,353,353,353,2090
API,1min,1774849838,2026-03-30 11:35,2026-03-30,353,354,352.3,352.3,7755
API,1min,1774849910,2026-03-30 11:36,2026-03-30,352.3,353,352.3,353,272
API,1min,1774849979,2026-03-30 11:37,2026-03-30,353,353,352.5,352.6,450
API,1min,1774850038,2026-03-30 11:38,2026-03-30,352.6,353,352.6,353,885
API,1min,1774850097,2026-03-30 11:39,2026-03-30,353,353.2,353,353.2,429
API,1min,1774850152,2026-03-30 11:40,2026-03-30,353.2,354,353.2,353.2,740
API,1min,1774850210,2026-03-30 11:41,2026-03-30,353.2,353.2,353.1,353.1,1279
API,1min,1774850308,2026-03-30 11:43,2026-03-30,353.1,353.2,353.1,353.2,650
API,1min,1774850395,2026-03-30 11:44,2026-03-30,353.2,354,353.2,353.4,1164
API,1min,1774850479,2026-03-30 11:46,2026-03-30,353.4,354,353.4,354,393
API,1min,1774850576,2026-03-30 11:47,2026-03-30,354,354,354,354,1246
API,1min,1774850638,2026-03-30 11:48,2026-03-30,354,355,354,355,2500
API,1min,1774850683,2026-03-30 11:49,2026-03-30,355,355,355,355,5170
API,1min,1774850743,2026-03-30 11:50,2026-03-30,355,355.1,355,355.1,266
API,1min,1774850803,2026-03-30 11:51,2026-03-30,355.1,355.1,355.1,355.1,100
API,1min,1774850866,2026-03-30 11:52,2026-03-30,355.1,355.9,355,355,1968
API,1min,1774850938,2026-03-30 11:53,2026-03-30,355,356,355,355,512
API,1min,1774850981,2026-03-30 11:54,2026-03-30,355,356,355,355.1,1965
API,1min,1774851021,2026-03-30 11:55,2026-03-30,355.1,356.5,355.1,356.5,217
API,1min,1774851165,2026-03-30 11:57,2026-03-30,356.5,356.5,356,356.5,1910
API,1min,1774851222,2026-03-30 11:58,2026-03-30,356.5,356.9,356,356,2091
API,1min,1774851296,2026-03-30 11:59,2026-03-30,356,356.1,356,356,3035
API,1min,1774851347,2026-03-30 12:00,2026-03-30,356,356.9,356,356,1401
API,1min,1774851414,2026-03-30 12:01,2026-03-30,356,358,356,358,8617
API,1min,1774851453,2026-03-30 12:02,2026-03-30,358,358,357,357,1249
API,1min,1774851504,2026-03-30 12:03,2026-03-30,357,357,357,357,153
API,1min,1774851596,2026-03-30 12:04,2026-03-30,357,357,357,357,10
API,1min,1774851646,2026-03-30 12:05,2026-03-30,357,357.9,357,357,800
API,1min,1774851680,2026-03-30 12:06,2026-03-30,357,357.9,357,357.9,131
API,1min,1774851733,2026-03-30 12:07,2026-03-30,357.9,357.9,357,357,3000
API,1min,1774851813,2026-03-30 12:08,2026-03-30,357,357,357,357,1479
API,1min,1774851872,2026-03-30 12:09,2026-03-30,357,357,356.5,357,1878
API,1min,1774851921,2026-03-30 12:10,2026-03-30,357,357,356.2,356.2,90
API,1min,1774851977,2026-03-30 12:11,2026-03-30,356.2,357,356,357,1682
API,1min,1774852073,2026-03-30 12:12,2026-03-30,357,357.5,357,357.5,598
API,1min,1774852189,2026-03-30 12:14,2026-03-30,357.5,357.9,357,357.9,1155
API,1min,1774852249,2026-03-30 12:15,2026-03-30,357.9,357.9,357,357.1,2600
API,1min,1774852304,2026-03-30 12:16,2026-03-30,357.1,357.9,357.1,357.5,2375
API,1min,1774852379,2026-03-30 12:17,2026-03-30,357.5,358,357.4,358,1750
API,1min,1774852410,2026-03-30 12:18,2026-03-30,358,358,358,358,0
API,1min,1774852539,2026-03-30 12:20,2026-03-30,358,358,357.5,357.5,1009
API,1min,1774852604,2026-03-30 12:21,2026-03-30,357.5,357.9,357.5,357.9,5850
API,1min,1774852675,2026-03-30 12:22,2026-03-30,357.9,357.9,357.5,357.5,750
API,1min,1774852796,2026-03-30 12:24,2026-03-30,357.5,358,357.2,358,1100
API,1min,1774852821,2026-03-30 12:25,2026-03-30,358,358,358,358,140
API,1min,1774852872,2026-03-30 12:26,2026-03-30,358,358.8,357.9,358.8,11040
API,1min,1774852978,2026-03-30 12:27,2026-03-30,358.8,358.8,358,358,3168
API,1min,1774852999,2026-03-30 12:28,2026-03-30,358,359,358,359,2250
API,1min,1774853098,2026-03-30 12:29,2026-03-30,359,359,359,359,996
API,1min,1774853145,2026-03-30 12:30,2026-03-30,359,359.1,359,359.1,4751
API,1min,1774853192,2026-03-30 12:31,2026-03-30,359.1,359.2,359.1,359.2,130
API,1min,1774853274,2026-03-30 12:32,2026-03-30,359.2,359.2,359,359,8000
API,1min,1774853297,2026-03-30 12:33,2026-03-30,359,359,358,358,1017
API,1min,1774853385,2026-03-30 12:34,2026-03-30,358,358,357.1,358,3657
API,1min,1774853446,2026-03-30 12:35,2026-03-30,358,358,356.9,356.9,6897
API,1min,1774853509,2026-03-30 12:36,2026-03-30,356.9,356.9,356.2,356.2,1700
API,1min,1774853579,2026-03-30 12:37,2026-03-30,356.2,356.6,356.2,356.2,1649
API,1min,1774853614,2026-03-30 12:38,2026-03-30,356.2,356.6,356,356,1512
API,1min,1774853673,2026-03-30 12:39,2026-03-30,356,356.6,355.3,355.3,1787
API,1min,1774853708,2026-03-30 12:40,2026-03-30,355.3,355.3,355.3,355.3,120
API,1min,1774853794,2026-03-30 12:41,2026-03-30,355.3,356,355.1,355.1,2600
API,1min,1774853875,2026-03-30 12:42,2026-03-30,355.1,356,355.1,356,200
API,1min,1774853934,2026-03-30 12:43,2026-03-30,356,356,355.1,355.1,613
API,1min,1774853996,2026-03-30 12:44,2026-03-30,355.1,355.5,355.1,355.5,765
API,1min,1774854047,2026-03-30 12:45,2026-03-30,355.5,355.5,355.5,355.5,190
API,1min,1774854098,2026-03-30 12:46,2026-03-30,355.5,355.5,355.5,355.5,1760
API,1min,1774854206,2026-03-30 12:48,2026-03-30,355.5,356,355.5,356,320
API,1min,1774854291,2026-03-30 12:49,2026-03-30,356,356,356,356,500
API,1min,1774854310,2026-03-30 12:50,2026-03-30,356,356.2,356,356.2,3107
API,1min,1774854412,2026-03-30 12:51,2026-03-30,356.2,357,356.2,357,1330
API,1min,1774854572,2026-03-30 12:54,2026-03-30,357,357,357,357,200
API,1min,1774854657,2026-03-30 12:55,2026-03-30,357,357,356,356,50
API,1min,1774854739,2026-03-30 12:57,2026-03-30,356,356.1,356,356.1,510
API,1min,1774854837,2026-03-30 12:58,2026-03-30,356.1,357,356.1,357,75
API,1min,1774854858,2026-03-30 12:59,2026-03-30,357,357,356.1,356.1,100
API,1min,1774854950,2026-03-30 13:00,2026-03-30,356.1,357,356.1,357,0
API,1min,1774855028,2026-03-30 13:02,2026-03-30,357,357,356,356,2390
API,1min,1774855104,2026-03-30 13:03,2026-03-30,356,356,356,356,600
API,1min,1774855152,2026-03-30 13:04,2026-03-30,356,356,355.6,355.6,150
API,1min,1774855252,2026-03-30 13:05,2026-03-30,355.6,356,355.6,355.6,165
API,1min,1774855304,2026-03-30 13:06,2026-03-30,355.6,356,355.6,356,722
API,1min,1774855364,2026-03-30 13:07,2026-03-30,356,356,356,356,2050
API,1min,1774855438,2026-03-30 13:08,2026-03-30,356,356,355.7,355.7,173
API,1min,1774855466,2026-03-30 13:09,2026-03-30,355.7,355.7,355.7,355.7,20
API,1min,1774855535,2026-03-30 13:10,2026-03-30,355.7,355.7,355.1,355.1,11100
API,1min,1774855572,2026-03-30 13:11,2026-03-30,355.1,356.8,355.1,355.1,5020
API,1min,1774855657,2026-03-30 13:12,2026-03-30,355.1,355.1,355.1,355.1,0
API,1min,1774855730,2026-03-30 13:13,2026-03-30,355.1,355.2,355.1,355.2,1815
API,1min,1774855839,2026-03-30 13:15,2026-03-30,355.2,355.2,355.2,355.2,512
API,1min,1774855904,2026-03-30 13:16,2026-03-30,355.2,355.2,355.2,355.2,464
API,1min,1774855956,2026-03-30 13:17,2026-03-30,355.2,356.6,355.2,356.6,10030
API,1min,1774856000,2026-03-30 13:18,2026-03-30,356.6,356.6,356.5,356.5,0
API,1min,1774856142,2026-03-30 13:20,2026-03-30,356.5,356.5,355,355,1670
API,1min,1774856168,2026-03-30 13:21,2026-03-30,355,355,355,355,0
API,1min,1774856257,2026-03-30 13:22,2026-03-30,355,355,354.5,355,249
API,1min,1774856290,2026-03-30 13:23,2026-03-30,355,355,355,355,130
API,1min,1774856435,2026-03-30 13:25,2026-03-30,355,355,354.1,354.1,7080
API,1min,1774856505,2026-03-30 13:26,2026-03-30,354.1,354.1,354,354,4500
API,1min,1774856562,2026-03-30 13:27,2026-03-30,354,354.1,354,354,380
API,1min,1774856631,2026-03-30 13:28,2026-03-30,354,354.1,354,354.1,40
API,1min,1774856688,2026-03-30 13:29,2026-03-30,354.1,354.1,354,354,2732
API,1min,1774856751,2026-03-30 13:30,2026-03-30,354,354,353.6,353.6,2388
API,1min,1774856763,2026-03-30 13:31,2026-03-30,353.6,353.6,353.6,353.6,512
API,1min,1774856859,2026-03-30 13:32,2026-03-30,353.6,353.6,353.6,353.6,50
API,1min,1774856914,2026-03-30 13:33,2026-03-30,353.6,353.6,353.6,353.6,1319
API,1min,1774856997,2026-03-30 13:34,2026-03-30,353.6,353.7,353.6,353.7,3290
API,1min,1774857058,2026-03-30 13:35,2026-03-30,353.7,353.7,353.7,353.7,630
API,1min,1774857108,2026-03-30 13:36,2026-03-30,353.7,353.9,353.7,353.9,14
API,1min,1774857144,2026-03-30 13:37,2026-03-30,353.9,353.9,353.7,353.7,200
API,1min,1774857227,2026-03-30 13:38,2026-03-30,353.7,353.8,353.7,353.8,417
API,1min,1774857292,2026-03-30 13:39,2026-03-30,353.8,353.8,353.8,353.8,30
API,1min,1774857341,2026-03-30 13:40,2026-03-30,353.8,353.8,353.8,353.8,851
API,1min,1774857411,2026-03-30 13:41,2026-03-30,353.8,353.9,353.8,353.9,530
API,1min,1774857473,2026-03-30 13:42,2026-03-30,353.9,354,353.8,354,450
API,1min,1774857511,2026-03-30 13:43,2026-03-30,354,354,353.9,353.9,3085
API,1min,1774857597,2026-03-30 13:44,2026-03-30,353.9,353.9,353.8,353.8,180
API,1min,1774857633,2026-03-30 13:45,2026-03-30,353.8,353.8,353.8,353.8,1515
API,1min,1774857702,2026-03-30 13:46,2026-03-30,353.8,354,353.8,354,654
API,1min,1774857815,2026-03-30 13:48,2026-03-30,354,355,353.8,353.8,4456
API,1min,1774857866,2026-03-30 13:49,2026-03-30,353.8,354,353.8,354,0
API,1min,1774857920,2026-03-30 13:50,2026-03-30,354,355,353.8,353.8,14838
API,1min,1774857989,2026-03-30 13:51,2026-03-30,353.8,353.9,353.8,353.8,119
API,1min,1774858074,2026-03-30 13:52,2026-03-30,353.8,353.8,353.8,353.8,6240
API,1min,1774858133,2026-03-30 13:53,2026-03-30,353.8,354,353.8,353.8,3129
API,1min,1774858165,2026-03-30 13:54,2026-03-30,353.8,353.9,353.8,353.9,4309
API,1min,1774858309,2026-03-30 13:56,2026-03-30,353.9,353.9,353.8,353.9,6360
API,1min,1774858378,2026-03-30 13:57,2026-03-30,353.9,353.9,353.8,353.8,2522
API,1min,1774858428,2026-03-30 13:58,2026-03-30,353.8,353.8,353.7,353.7,16660
API,1min,1774858493,2026-03-30 13:59,2026-03-30,353.7,353.7,353.7,353.7,22272
API,1min,1774858547,2026-03-30 14:00,2026-03-30,353.7,353.7,353.7,353.7,2039
API,1min,1774858611,2026-03-30 14:01,2026-03-30,353.7,353.7,353.5,353.5,5270
API,1min,1774858647,2026-03-30 14:02,2026-03-30,353.5,353.5,353,353.5,1800
API,1min,1774858733,2026-03-30 14:03,2026-03-30,353.5,353.5,353,353,389
API,1min,1774858799,2026-03-30 14:04,2026-03-30,353,353.5,353,353.5,740
API,1min,1774858830,2026-03-30 14:05,2026-03-30,353.5,353.5,353,353,635
API,1min,1774858905,2026-03-30 14:06,2026-03-30,353,353,352.6,352.6,722
API,1min,1774858966,2026-03-30 14:07,2026-03-30,352.6,352.6,352.3,352.3,441
API,1min,1774859034,2026-03-30 14:08,2026-03-30,352.3,352.3,352,352,10974
API,1min,1774859093,2026-03-30 14:09,2026-03-30,352,352,352,352,5144
API,1min,1774859145,2026-03-30 14:10,2026-03-30,352,352,351.6,352,1027
API,1min,1774859199,2026-03-30 14:11,2026-03-30,352,352,351.7,351.7,2317
API,1min,1774859258,2026-03-30 14:12,2026-03-30,351.7,351.7,351.4,351.4,1600
API,1min,1774859334,2026-03-30 14:13,2026-03-30,351.4,351.5,351.4,351.4,996
API,1min,1774859383,2026-03-30 14:14,2026-03-30,351.4,351.4,351,351,4694
API,1min,1774859453,2026-03-30 14:15,2026-03-30,351,351.1,351,351.1,6572
API,1min,1774859519,2026-03-30 14:16,2026-03-30,351.1,351.1,350.9,350.9,11372
API,1min,1774859568,2026-03-30 14:17,2026-03-30,350.9,350.9,350.9,350.9,3520
API,1min,1774859625,2026-03-30 14:18,2026-03-30,350.9,352,350.9,352,51670
API,1min,1774859688,2026-03-30 14:19,2026-03-30,352,353,351.2,353,49097
API,1min,1774859747,2026-03-30 14:20,2026-03-30,353,353,352,352,4147
API,1min,1774859812,2026-03-30 14:21,2026-03-30,352,352,351.5,351.5,2689
API,1min,1774859878,2026-03-30 14:22,2026-03-30,351.5,351.5,351.1,351.1,1321
API,1min,1774859922,2026-03-30 14:23,2026-03-30,351.1,351.2,351,351,19199
API,1min,1774859994,2026-03-30 14:24,2026-03-30,351,351.1,351,351.1,12972
API,1min,1774860054,2026-03-30 14:25,2026-03-30,351.1,351.2,350.8,350.8,17701
API,1min,1774860118,2026-03-30 14:26,2026-03-30,350.8,350.9,350.8,350.8,12631
API,1min,1774860175,2026-03-30 14:27,2026-03-30,350.8,350.9,350.7,350.7,6833
API,1min,1774860236,2026-03-30 14:28,2026-03-30,350.7,354,350.5,350.5,5652
API,1min,1774860294,2026-03-30 14:29,2026-03-30,350.5,351,350.5,351,1582
API,1min,1774860350,2026-03-30 14:30,2026-03-30,351,352,351,351.1,640
API,1min,1774860415,2026-03-30 14:31,2026-03-30,351.1,352,351.1,352,1650
API,1min,1774860477,2026-03-30 14:32,2026-03-30,352,352,350.8,350.8,4357
API,1min,1774860538,2026-03-30 14:33,2026-03-30,350.8,351.9,350.8,351.9,3800
API,1min,1774860589,2026-03-30 14:34,2026-03-30,351.9,351.9,350.9,351,840
API,1min,1774860648,2026-03-30 14:35,2026-03-30,351,353,351,351,6499
API,1min,1774860712,2026-03-30 14:36,2026-03-30,351,351,351,351,1700
API,1min,1774860779,2026-03-30 14:37,2026-03-30,351,351.9,351,351,11422
API,1min,1774860837,2026-03-30 14:38,2026-03-30,351,351.1,351,351.1,1000
API,1min,1774860894,2026-03-30 14:39,2026-03-30,351.1,351.7,351.1,351.3,4794
API,1min,1774860953,2026-03-30 14:40,2026-03-30,351.3,351.5,351.2,351.2,3559
API,1min,1774861009,2026-03-30 14:41,2026-03-30,351.2,351.5,351.1,351.1,12740
API,1min,1774861065,2026-03-30 14:42,2026-03-30,351.1,351.1,350.7,350.7,18414
API,1min,1774861137,2026-03-30 14:43,2026-03-30,350.7,350.7,350,350.1,57043
API,1min,1774861197,2026-03-30 14:44,2026-03-30,350.1,351,350,351,19551
API,1min,1774861252,2026-03-30 14:45,2026-03-30,351,351,350,350,6450
API,1min,1774861309,2026-03-30 14:46,2026-03-30,350,350.1,350,350.1,10464
API,1min,1774861370,2026-03-30 14:47,2026-03-30,350.1,351,350.1,350.5,6138
API,1min,1774861430,2026-03-30 14:48,2026-03-30,350.5,351,350.5,351,5808
API,1min,1774861485,2026-03-30 14:49,2026-03-30,351,351,350.5,350.5,2405
API,1min,1774861551,2026-03-30 14:50,2026-03-30,350.5,352.1,350.5,352.1,23918
API,1min,1774861615,2026-03-30 14:51,2026-03-30,352.1,353,350.5,350.5,18624
API,1min,1774861653,2026-03-30 14:52,2026-03-30,350.5,351,350.5,351,1621
API,1min,1774861733,2026-03-30 14:53,2026-03-30,351,351,350.8,350.9,6957
API,1min,1774861788,2026-03-30 14:54,2026-03-30,350.9,351.4,350.8,351.4,5218
API,1min,1774861851,2026-03-30 14:55,2026-03-30,351.4,352,351.4,352,5245
API,1min,1774861918,2026-03-30 14:56,2026-03-30,352,352,352,352,11020
API,1min,1774861975,2026-03-30 14:57,2026-03-30,352,352,351.6,352,9665
API,1min,1774862034,2026-03-30 14:58,2026-03-30,352,352.5,352,352,11329
API,1min,1774862099,2026-03-30 14:59,2026-03-30,352,357.6,351.4,357.6,78269
API,1min,1774934159,2026-03-31 11:00,2026-03-31,364.7,364.7,355,355,10
API,1min,1774934217,2026-03-31 11:01,2026-03-31,355,356,354,354,8455
API,1min,1774934275,2026-03-31 11:02,2026-03-31,354,357,354,357,4001
API,1min,1774934339,2026-03-31 11:03,2026-03-31,357,357,355.2,355.5,3286
API,1min,1774934388,2026-03-31 11:04,2026-03-31,355.5,356,355.5,355.5,908
API,1min,1774934457,2026-03-31 11:05,2026-03-31,355.5,357,355.5,357,8468
API,1min,1774934498,2026-03-31 11:06,2026-03-31,357,357,356,356,5735
API,1min,1774934578,2026-03-31 11:07,2026-03-31,356,357,356,357,6204
API,1min,1774934628,2026-03-31 11:08,2026-03-31,357,357.9,357,357.9,0
API,1min,1774934677,2026-03-31 11:09,2026-03-31,357.9,358,357.9,358,3415
API,1min,1774934756,2026-03-31 11:10,2026-03-31,358,359,358,359,3685
API,1min,1774934806,2026-03-31 11:11,2026-03-31,359,359,357.1,357.3,3056
API,1min,1774934879,2026-03-31 11:12,2026-03-31,357.3,358.9,357.3,358.9,1879
API,1min,1774934894,2026-03-31 11:13,2026-03-31,358.9,359,358.9,359,2000
API,1min,1774934987,2026-03-31 11:14,2026-03-31,359,359,358,358,610
API,1min,1774935055,2026-03-31 11:15,2026-03-31,358,358,357.2,357.2,2680
API,1min,1774935113,2026-03-31 11:16,2026-03-31,357.2,357.4,357,357,4324
API,1min,1774935179,2026-03-31 11:17,2026-03-31,357,357,352,352,29151
API,1min,1774935186,2026-03-31 11:18,2026-03-31,352,352,352,352,31786
API,1min,1774935299,2026-03-31 11:19,2026-03-31,352,356,352,356,2287
API,1min,1774935347,2026-03-31 11:20,2026-03-31,356,356,355,356,2556
API,1min,1774935413,2026-03-31 11:21,2026-03-31,356,356.7,356,356,1455
API,1min,1774935459,2026-03-31 11:22,2026-03-31,356,356,355,355,150
API,1min,1774935530,2026-03-31 11:23,2026-03-31,355,355,353.2,353.2,1643
API,1min,1774935596,2026-03-31 11:24,2026-03-31,353.2,353.3,353.2,353.2,1170
API,1min,1774935647,2026-03-31 11:25,2026-03-31,353.2,354,353.2,353.3,3937
API,1min,1774935717,2026-03-31 11:26,2026-03-31,353.3,353.6,353.3,353.6,696
API,1min,1774935770,2026-03-31 11:27,2026-03-31,353.6,353.6,353.2,353.2,3000
API,1min,1774935814,2026-03-31 11:28,2026-03-31,353.2,353.2,353,353,3864
API,1min,1774935879,2026-03-31 11:29,2026-03-31,353,353.1,353,353,8126
API,1min,1774935953,2026-03-31 11:30,2026-03-31,353,353,352,353,22341
API,1min,1774936007,2026-03-31 11:31,2026-03-31,353,353,352.1,352.1,9156
API,1min,1774936063,2026-03-31 11:32,2026-03-31,352.1,352.1,352.1,352.1,15464
API,1min,1774936114,2026-03-31 11:33,2026-03-31,352.1,352.1,351.2,351.2,1000
API,1min,1774936191,2026-03-31 11:34,2026-03-31,351.2,351.3,351.2,351.2,1518
API,1min,1774936247,2026-03-31 11:35,2026-03-31,351.2,351.3,351.1,351.3,2565
API,1min,1774936310,2026-03-31 11:36,2026-03-31,351.3,352,351.2,352,190
API,1min,1774936365,2026-03-31 11:37,2026-03-31,352,352.4,352,352.4,2384
API,1min,1774936435,2026-03-31 11:38,2026-03-31,352.4,352.4,352,352.4,6211
API,1min,1774936492,2026-03-31 11:39,2026-03-31,352.4,352.5,352.4,352.5,975
API,1min,1774936546,2026-03-31 11:40,2026-03-31,352.5,353.2,352.5,353,6047
API,1min,1774936608,2026-03-31 11:41,2026-03-31,353,353,352.2,352.2,7713
API,1min,1774936677,2026-03-31 11:42,2026-03-31,352.2,352.2,352.2,352.2,770
API,1min,1774936728,2026-03-31 11:43,2026-03-31,352.2,352.2,352,352,4283
API,1min,1774936795,2026-03-31 11:44,2026-03-31,352,352,351.2,352,7385
API,1min,1774936859,2026-03-31 11:45,2026-03-31,352,352,351.1,351.1,1685
API,1min,1774936900,2026-03-31 11:46,2026-03-31,351.1,351.9,351.1,351.1,2010
API,1min,1774936966,2026-03-31 11:47,2026-03-31,351.1,351.1,351.1,351.1,1493
API,1min,1774937033,2026-03-31 11:48,2026-03-31,351.1,351.1,350.4,350.4,13119
API,1min,1774937081,2026-03-31 11:49,2026-03-31,350.4,351,350.4,351,5687
API,1min,1774937127,2026-03-31 11:50,2026-03-31,351,351,350.4,350.4,300
API,1min,1774937207,2026-03-31 11:51,2026-03-31,350.4,350.5,350.4,350.4,2708
API,1min,1774937266,2026-03-31 11:52,2026-03-31,350.4,350.4,350,350,55
API,1min,1774937334,2026-03-31 11:53,2026-03-31,350,350.4,350,350.4,22572
API,1min,1774937391,2026-03-31 11:54,2026-03-31,350.4,350.4,350,350,7021
API,1min,1774937447,2026-03-31 11:55,2026-03-31,350,350,349.5,350,17096
API,1min,1774937518,2026-03-31 11:56,2026-03-31,350,350,349.5,349.5,2256
API,1min,1774937577,2026-03-31 11:57,2026-03-31,349.5,349.5,349.5,349.5,10043
API,1min,1774937634,2026-03-31 11:58,2026-03-31,349.5,349.5,349.5,349.5,6183
API,1min,1774937696,2026-03-31 11:59,2026-03-31,349.5,349.8,349.5,349.5,6362
API,1min,1774937754,2026-03-31 12:00,2026-03-31,349.5,349.5,349.1,349.1,3087
API,1min,1774937813,2026-03-31 12:01,2026-03-31,349.1,349.2,349,349,8818
API,1min,1774937868,2026-03-31 12:02,2026-03-31,349,349.2,348.1,348.1,12376
API,1min,1774937917,2026-03-31 12:03,2026-03-31,348.1,348.2,348.1,348.1,7268
API,1min,1774937992,2026-03-31 12:04,2026-03-31,348.1,348.2,346,348.1,24945
API,1min,1774938058,2026-03-31 12:05,2026-03-31,348.1,348.1,346,346.3,24756
API,1min,1774938113,2026-03-31 12:06,2026-03-31,346.3,347,346.2,346.2,3682
API,1min,1774938176,2026-03-31 12:07,2026-03-31,346.2,347,346.2,346.3,1550
API,1min,1774938227,2026-03-31 12:08,2026-03-31,346.3,348,346.1,347,23784
API,1min,1774938292,2026-03-31 12:09,2026-03-31,347,350,347,350,15554
API,1min,1774938346,2026-03-31 12:10,2026-03-31,350,350,349,350,5800
API,1min,1774938403,2026-03-31 12:11,2026-03-31,350,350,350,350,4800
API,1min,1774938462,2026-03-31 12:12,2026-03-31,350,350,350,350,6520
API,1min,1774938539,2026-03-31 12:13,2026-03-31,350,351.2,350,351.2,7021
API,1min,1774938594,2026-03-31 12:14,2026-03-31,351.2,351.3,351.2,351.3,500
API,1min,1774938657,2026-03-31 12:15,2026-03-31,351.3,351.3,351,351,1003
API,1min,1774938707,2026-03-31 12:16,2026-03-31,351,351.1,351,351,2819
API,1min,1774938773,2026-03-31 12:17,2026-03-31,351,351,350,350,2358
API,1min,1774938830,2026-03-31 12:18,2026-03-31,350,352.8,350,352.8,12106
API,1min,1774938891,2026-03-31 12:19,2026-03-31,352.8,352.8,351,352,2120
API,1min,1774938951,2026-03-31 12:20,2026-03-31,352,352.4,350,350,4542
API,1min,1774939012,2026-03-31 12:21,2026-03-31,350,352,349,351,7748
API,1min,1774939068,2026-03-31 12:22,2026-03-31,351,351,349.1,350,5129
API,1min,1774939121,2026-03-31 12:23,2026-03-31,350,350,348.1,348.6,6100
API,1min,1774939188,2026-03-31 12:24,2026-03-31,348.6,348.6,348.1,348.1,11177
API,1min,1774939259,2026-03-31 12:25,2026-03-31,348.1,350,348.1,350,3864
API,1min,1774939306,2026-03-31 12:26,2026-03-31,350,350,348.7,349.9,1655
API,1min,1774939368,2026-03-31 12:27,2026-03-31,349.9,350,348.7,349.9,12361
API,1min,1774939439,2026-03-31 12:28,2026-03-31,349.9,350,348.6,348.6,2873
API,1min,1774939492,2026-03-31 12:29,2026-03-31,348.6,350,348.6,350,1379
API,1min,1774939546,2026-03-31 12:30,2026-03-31,350,350,348.9,348.9,633
API,1min,1774939588,2026-03-31 12:31,2026-03-31,348.9,349,348.9,349,356
API,1min,1774939664,2026-03-31 12:32,2026-03-31,349,350,348.9,350,1381
API,1min,1774939728,2026-03-31 12:33,2026-03-31,350,350,349,349,3300
API,1min,1774939788,2026-03-31 12:34,2026-03-31,349,349.5,349,349.5,401
API,1min,1774939843,2026-03-31 12:35,2026-03-31,349.5,350,349.1,350,1062
API,1min,1774939892,2026-03-31 12:36,2026-03-31,350,351,350,351,11000
API,1min,1774939926,2026-03-31 12:37,2026-03-31,351,351,350.9,350.9,50
API,1min,1774940015,2026-03-31 12:38,2026-03-31,350.9,351,350,350,2039
API,1min,1774940055,2026-03-31 12:39,2026-03-31,350,350,350,350,260
API,1min,1774940146,2026-03-31 12:40,2026-03-31,350,350,349.5,349.5,300
API,1min,1774940198,2026-03-31 12:41,2026-03-31,349.5,350.5,349.5,350.5,1084
API,1min,1774940234,2026-03-31 12:42,2026-03-31,350.5,350.5,350.5,350.5,30
API,1min,1774940329,2026-03-31 12:43,2026-03-31,350.5,350.5,350.3,350.5,600
API,1min,1774940394,2026-03-31 12:44,2026-03-31,350.5,351,350.5,351,1748
API,1min,1774940414,2026-03-31 12:45,2026-03-31,351,352,350.5,352,0
API,1min,1774940514,2026-03-31 12:46,2026-03-31,352,352,352,352,3415
API,1min,1774940574,2026-03-31 12:47,2026-03-31,352,352,351,352,710
API,1min,1774940632,2026-03-31 12:48,2026-03-31,352,353.7,352,353.7,9317
API,1min,1774940699,2026-03-31 12:49,2026-03-31,353.7,355,353.1,355,9009
API,1min,1774940757,2026-03-31 12:50,2026-03-31,355,355,354.1,354.3,1985
API,1min,1774940807,2026-03-31 12:51,2026-03-31,354.3,354.3,354.1,354.1,1410
API,1min,1774940862,2026-03-31 12:52,2026-03-31,354.1,354.1,354.1,354.1,5956
API,1min,1774940933,2026-03-31 12:53,2026-03-31,354.1,354.1,354,354.1,1635
API,1min,1774940984,2026-03-31 12:54,2026-03-31,354.1,355,354.1,354.9,923
API,1min,1774941042,2026-03-31 12:55,2026-03-31,354.9,355,354.9,354.9,0
API,1min,1774941101,2026-03-31 12:56,2026-03-31,354.9,354.9,354.9,354.9,1640
API,1min,1774941171,2026-03-31 12:57,2026-03-31,354.9,355,354.9,355,22866
API,1min,1774941236,2026-03-31 12:58,2026-03-31,355,355.4,355,355.4,19162
API,1min,1774941284,2026-03-31 12:59,2026-03-31,355.4,356,355.4,356,3205
API,1min,1774941349,2026-03-31 13:00,2026-03-31,356,356,355.3,356,50
API,1min,1774941410,2026-03-31 13:01,2026-03-31,356,356.7,355.1,356.7,3271
API,1min,1774941474,2026-03-31 13:02,2026-03-31,356.7,357,356,356,2532
API,1min,1774941530,2026-03-31 13:03,2026-03-31,356,357,356,357,1550
API,1min,1774941570,2026-03-31 13:04,2026-03-31,357,357,356.9,356.9,310
API,1min,1774941649,2026-03-31 13:05,2026-03-31,356.9,357,356.9,356.9,1522
API,1min,1774941695,2026-03-31 13:06,2026-03-31,356.9,356.9,356.9,356.9,426
API,1min,1774941761,2026-03-31 13:07,2026-03-31,356.9,356.9,356,356,40
API,1min,1774941828,2026-03-31 13:08,2026-03-31,356,356.9,356,356.9,1323
API,1min,1774941887,2026-03-31 13:09,2026-03-31,356.9,356.9,356,356,2260
API,1min,1774941956,2026-03-31 13:10,2026-03-31,356,356,354,355,12546
API,1min,1774942014,2026-03-31 13:11,2026-03-31,355,355,354,354,10309
API,1min,1774942061,2026-03-31 13:12,2026-03-31,354,355,353,354.1,2792
API,1min,1774942138,2026-03-31 13:13,2026-03-31,354.1,355,353.5,353.5,4691
API,1min,1774942175,2026-03-31 13:14,2026-03-31,353.5,353.5,353,353,7318
API,1min,1774942259,2026-03-31 13:15,2026-03-31,353,353,350,350,8775
API,1min,1774942301,2026-03-31 13:16,2026-03-31,350,352,349.1,352,9832
API,1min,1774942360,2026-03-31 13:17,2026-03-31,352,352,350,350,580
API,1min,1774942429,2026-03-31 13:18,2026-03-31,350,351,350,351,1050
API,1min,1774942491,2026-03-31 13:19,2026-03-31,351,352,351,351,320
API,1min,1774942535,2026-03-31 13:20,2026-03-31,351,352,351,351.9,580
API,1min,1774942614,2026-03-31 13:21,2026-03-31,351.9,351.9,351.9,351.9,367
API,1min,1774942634,2026-03-31 13:22,2026-03-31,351.9,352,351.9,352,5000
API,1min,1774942735,2026-03-31 13:23,2026-03-31,352,352,351,352,2212
API,1min,1774942786,2026-03-31 13:24,2026-03-31,352,352,350.1,352,3060
API,1min,1774942842,2026-03-31 13:25,2026-03-31,352,352,351.9,351.9,1240
API,1min,1774942919,2026-03-31 13:26,2026-03-31,351.9,352,351.9,352,4546
API,1min,1774942970,2026-03-31 13:27,2026-03-31,352,352,351.2,351.2,3593
API,1min,1774943024,2026-03-31 13:28,2026-03-31,351.2,352,351.2,352,2000
API,1min,1774943067,2026-03-31 13:29,2026-03-31,352,353,352,353,636
API,1min,1774943146,2026-03-31 13:30,2026-03-31,353,354.9,353,354.9,1045
API,1min,1774943208,2026-03-31 13:31,2026-03-31,354.9,355,354.9,355,2681
API,1min,1774943256,2026-03-31 13:32,2026-03-31,355,355,355,355,4288
API,1min,1774943331,2026-03-31 13:33,2026-03-31,355,355,354.9,355,3425
API,1min,1774943397,2026-03-31 13:34,2026-03-31,355,355.7,355,355.7,500
API,1min,1774943451,2026-03-31 13:35,2026-03-31,355.7,355.9,355.7,355.9,6416
API,1min,1774943518,2026-03-31 13:36,2026-03-31,355.9,356,355.9,356,400
API,1min,1774943575,2026-03-31 13:37,2026-03-31,356,356.9,356,356,3438
API,1min,1774943639,2026-03-31 13:38,2026-03-31,356,357,356,356.9,1708
API,1min,1774943692,2026-03-31 13:39,2026-03-31,356.9,356.9,356,356.9,1981
API,1min,1774943759,2026-03-31 13:40,2026-03-31,356.9,357,356,356,21970
API,1min,1774943798,2026-03-31 13:41,2026-03-31,356,357,356,357,3595
API,1min,1774943876,2026-03-31 13:42,2026-03-31,357,357,357,357,1883
API,1min,1774943915,2026-03-31 13:43,2026-03-31,357,357,356.5,356.5,500
API,1min,1774943995,2026-03-31 13:44,2026-03-31,356.5,357,356.5,357,1606
API,1min,1774944040,2026-03-31 13:45,2026-03-31,357,357.4,357,357.4,1177
API,1min,1774944093,2026-03-31 13:46,2026-03-31,357.4,357.4,357,357,1700
API,1min,1774944160,2026-03-31 13:47,2026-03-31,357,357,355.7,355.7,1713
API,1min,1774944212,2026-03-31 13:48,2026-03-31,355.7,356.9,355,355,1860
API,1min,1774944287,2026-03-31 13:49,2026-03-31,355,355.1,355,355,1054
API,1min,1774944389,2026-03-31 13:51,2026-03-31,355,355,353.2,353.2,1300
API,1min,1774944449,2026-03-31 13:52,2026-03-31,353.2,353.2,353,353,586
API,1min,1774944531,2026-03-31 13:53,2026-03-31,353,353,352.1,352.2,542
API,1min,1774944574,2026-03-31 13:54,2026-03-31,352.2,353.2,352.2,352.2,2162
API,1min,1774944614,2026-03-31 13:55,2026-03-31,352.2,352.2,352.1,352.1,900
API,1min,1774944714,2026-03-31 13:56,2026-03-31,352.1,353,352.1,353,6297
API,1min,1774944761,2026-03-31 13:57,2026-03-31,353,353,353,353,881
API,1min,1774944791,2026-03-31 13:58,2026-03-31,353,353,353,353,171
API,1min,1774944886,2026-03-31 13:59,2026-03-31,353,353,352.2,353,2132
API,1min,1774944959,2026-03-31 14:00,2026-03-31,353,354,353,354,150
API,1min,1774945002,2026-03-31 14:01,2026-03-31,354,354,353,353,2368
API,1min,1774945074,2026-03-31 14:02,2026-03-31,353,354.9,353,354,2394
API,1min,1774945084,2026-03-31 14:03,2026-03-31,354,354.9,354,354.9,335
API,1min,1774945177,2026-03-31 14:04,2026-03-31,354.9,354.9,353.1,353.1,847
API,1min,1774945255,2026-03-31 14:05,2026-03-31,353.1,354.5,353.1,354.5,1243
API,1min,1774945316,2026-03-31 14:06,2026-03-31,354.5,354.5,353.5,353.5,2268
API,1min,1774945365,2026-03-31 14:07,2026-03-31,353.5,353.5,353.5,353.5,815
API,1min,1774945435,2026-03-31 14:08,2026-03-31,353.5,354.5,353,354.5,1102
API,1min,1774945493,2026-03-31 14:09,2026-03-31,354.5,355,354.5,355,750
API,1min,1774945559,2026-03-31 14:10,2026-03-31,355,355,353.1,353.1,1479
API,1min,1774945604,2026-03-31 14:11,2026-03-31,353.1,355.9,353.1,355.9,7300
API,1min,1774945677,2026-03-31 14:12,2026-03-31,355.9,356,355.9,355.9,5900
API,1min,1774945734,2026-03-31 14:13,2026-03-31,355.9,355.9,354.2,355,2000
API,1min,1774945798,2026-03-31 14:14,2026-03-31,355,355,352.5,352.5,15171
API,1min,1774945850,2026-03-31 14:15,2026-03-31,352.5,354,352.5,354,904
API,1min,1774945915,2026-03-31 14:16,2026-03-31,354,354.1,354,354.1,1365
API,1min,1774946016,2026-03-31 14:18,2026-03-31,354.1,354.9,354.1,354.9,4077
API,1min,1774946085,2026-03-31 14:19,2026-03-31,354.9,355,354.9,355,1724
API,1min,1774946147,2026-03-31 14:20,2026-03-31,355,355,355,355,9445
API,1min,1774946207,2026-03-31 14:21,2026-03-31,355,356,354,356,2804
API,1min,1774946273,2026-03-31 14:22,2026-03-31,356,356,355.9,355.9,1031
API,1min,1774946335,2026-03-31 14:23,2026-03-31,355.9,355.9,354.5,355,3875
API,1min,1774946394,2026-03-31 14:24,2026-03-31,355,355.9,355,355.8,998
API,1min,1774946454,2026-03-31 14:25,2026-03-31,355.8,355.9,355,355.9,1054
API,1min,1774946513,2026-03-31 14:26,2026-03-31,355.9,355.9,355,355.9,0
API,1min,1774946579,2026-03-31 14:27,2026-03-31,355.9,355.9,355.9,355.9,1341
API,1min,1774946635,2026-03-31 14:28,2026-03-31,355.9,355.9,355.1,355.9,442
API,1min,1774946698,2026-03-31 14:29,2026-03-31,355.9,356,355.8,356,271
API,1min,1774946740,2026-03-31 14:30,2026-03-31,356,356,355.9,355.9,2965
API,1min,1774946816,2026-03-31 14:31,2026-03-31,355.9,356,355,355,12764
API,1min,1774946870,2026-03-31 14:32,2026-03-31,355,356,355,356,2027
API,1min,1774946930,2026-03-31 14:33,2026-03-31,356,356.9,356,356.9,845
API,1min,1774947040,2026-03-31 14:35,2026-03-31,356.9,357,355.1,355.1,3820
API,1min,1774947106,2026-03-31 14:36,2026-03-31,355.1,356,355,356,2810
API,1min,1774947161,2026-03-31 14:37,2026-03-31,356,356,356,356,300
API,1min,1774947230,2026-03-31 14:38,2026-03-31,356,356.9,356,356,2110
API,1min,1774947295,2026-03-31 14:39,2026-03-31,356,357,356,357,9010
API,1min,1774947342,2026-03-31 14:40,2026-03-31,357,357,356.9,356.9,9019
API,1min,1774947389,2026-03-31 14:41,2026-03-31,356.9,356.9,356.8,356.9,688
API,1min,1774947476,2026-03-31 14:42,2026-03-31,356.9,356.9,355,356.9,7990
API,1min,1774947531,2026-03-31 14:43,2026-03-31,356.9,356.9,356.1,356.1,4590
API,1min,1774947589,2026-03-31 14:44,2026-03-31,356.1,357.5,356.1,357.5,4650
API,1min,1774947654,2026-03-31 14:45,2026-03-31,357.5,357.5,357,357.4,2400
API,1min,1774947715,2026-03-31 14:46,2026-03-31,357.4,357.5,357,357,7080
API,1min,1774947771,2026-03-31 14:47,2026-03-31,357,357.2,356.3,357.2,12120
API,1min,1774947837,2026-03-31 14:48,2026-03-31,357.2,357.5,357.2,357.5,5240
API,1min,1774947872,2026-03-31 14:49,2026-03-31,357.5,357.5,357.3,357.4,222
API,1min,1774947954,2026-03-31 14:50,2026-03-31,357.4,357.8,357,357.8,9273
API,1min,1774948015,2026-03-31 14:51,2026-03-31,357.8,357.9,357,357,6390
API,1min,1774948079,2026-03-31 14:52,2026-03-31,357,358,357,358,11210
API,1min,1774948137,2026-03-31 14:53,2026-03-31,358,358,357.3,358,5007
API,1min,1774948188,2026-03-31 14:54,2026-03-31,358,358,357.5,357.5,4609
API,1min,1774948244,2026-03-31 14:55,2026-03-31,357.5,357.9,357.2,357.2,16719
API,1min,1774948308,2026-03-31 14:56,2026-03-31,357.2,357.2,356,356,6013
API,1min,1774948358,2026-03-31 14:57,2026-03-31,356,357,355.2,357,17934
API,1min,1774948437,2026-03-31 14:58,2026-03-31,357,358,357,358,19041
API,1min,1774948499,2026-03-31 14:59,2026-03-31,358,358.1,357,358.1,42441
API,1min,1775020549,2026-04-01 11:00,2026-04-01,356.1,358,356.1,358,1210
API,1min,1775020608,2026-04-01 11:01,2026-04-01,358,358,351,356,5369
API,1min,1775020653,2026-04-01 11:02,2026-04-01,356,356.1,356,356,614
API,1min,1775020738,2026-04-01 11:03,2026-04-01,356,356,353,356,1660
API,1min,1775020779,2026-04-01 11:04,2026-04-01,356,356,353,356,6000
API,1min,1775020856,2026-04-01 11:05,2026-04-01,356,356,356,356,584
API,1min,1775020919,2026-04-01 11:06,2026-04-01,356,356.9,356,356.9,693
API,1min,1775020971,2026-04-01 11:07,2026-04-01,356.9,357,356.9,357,596
API,1min,1775021012,2026-04-01 11:08,2026-04-01,357,357,356.9,356.9,1254
API,1min,1775021089,2026-04-01 11:09,2026-04-01,356.9,357,356,357,2197
API,1min,1775021157,2026-04-01 11:10,2026-04-01,357,357,356.1,357,1936
API,1min,1775021219,2026-04-01 11:11,2026-04-01,357,357,356.9,356.9,1300
API,1min,1775021270,2026-04-01 11:12,2026-04-01,356.9,357,356.3,356.3,2030
API,1min,1775021336,2026-04-01 11:13,2026-04-01,356.3,356.9,356.3,356.8,792
API,1min,1775021396,2026-04-01 11:14,2026-04-01,356.8,357,355,355,5422
API,1min,1775021457,2026-04-01 11:15,2026-04-01,355,357,353,355,10665
API,1min,1775021565,2026-04-01 11:17,2026-04-01,355,355,353.3,353.3,646
API,1min,1775021630,2026-04-01 11:18,2026-04-01,353.3,353.5,353.3,353.4,165
API,1min,1775021674,2026-04-01 11:19,2026-04-01,353.4,353.4,353.1,353.1,1018
API,1min,1775021749,2026-04-01 11:20,2026-04-01,353.1,355,353,353,5709
API,1min,1775021809,2026-04-01 11:21,2026-04-01,353,354,352.3,352.4,1861
API,1min,1775021878,2026-04-01 11:22,2026-04-01,352.4,354,352.4,354,488
API,1min,1775021934,2026-04-01 11:23,2026-04-01,354,354,354,354,240
API,1min,1775021967,2026-04-01 11:24,2026-04-01,354,354,353.1,354,975
API,1min,1775022042,2026-04-01 11:25,2026-04-01,354,354.9,354,354.8,1890
API,1min,1775022116,2026-04-01 11:26,2026-04-01,354.8,355,353.3,355,1909
API,1min,1775022175,2026-04-01 11:27,2026-04-01,355,355,355,355,1010
API,1min,1775022233,2026-04-01 11:28,2026-04-01,355,355,354,355,1097
API,1min,1775022291,2026-04-01 11:29,2026-04-01,355,355,354.5,355,1180
API,1min,1775022356,2026-04-01 11:30,2026-04-01,355,355,354.6,355,3541
API,1min,1775022402,2026-04-01 11:31,2026-04-01,355,356.9,355,356.9,3013
API,1min,1775022461,2026-04-01 11:32,2026-04-01,356.9,357,356,356,3770
API,1min,1775022523,2026-04-01 11:33,2026-04-01,356,357,356,357,3428
API,1min,1775022585,2026-04-01 11:34,2026-04-01,357,357,357,357,2420
API,1min,1775022654,2026-04-01 11:35,2026-04-01,357,357,356.9,357,1099
API,1min,1775022717,2026-04-01 11:36,2026-04-01,357,357,356.9,357,50
API,1min,1775022776,2026-04-01 11:37,2026-04-01,357,358,357,357,10843
API,1min,1775022885,2026-04-01 11:39,2026-04-01,357,357.9,357,357.9,1117
API,1min,1775022947,2026-04-01 11:40,2026-04-01,357.9,358,357.9,358,2192
API,1min,1775023005,2026-04-01 11:41,2026-04-01,358,358.5,358,358.5,9197
API,1min,1775023068,2026-04-01 11:42,2026-04-01,358.5,358.5,357.1,357.1,40218
API,1min,1775023092,2026-04-01 11:43,2026-04-01,357.1,358,357.1,357.1,23
API,1min,1775023140,2026-04-01 11:44,2026-04-01,357.1,357.1,357.1,357.1,144
API,1min,1775023246,2026-04-01 11:45,2026-04-01,357.1,358.2,357.1,358,2805
API,1min,1775023311,2026-04-01 11:46,2026-04-01,358,358.5,358,358,4432
API,1min,1775023368,2026-04-01 11:47,2026-04-01,358,358,358,358,0
API,1min,1775023412,2026-04-01 11:48,2026-04-01,358,358.4,358,358.4,3187
API,1min,1775023493,2026-04-01 11:49,2026-04-01,358.4,358.4,357.3,358,1326
API,1min,1775023557,2026-04-01 11:50,2026-04-01,358,358,358,358,716
API,1min,1775023580,2026-04-01 11:51,2026-04-01,358,358,357,357,6574
API,1min,1775023663,2026-04-01 11:52,2026-04-01,357,357,357,357,574
API,1min,1775023732,2026-04-01 11:53,2026-04-01,357,357,357,357,0
API,1min,1775023785,2026-04-01 11:54,2026-04-01,357,357,356,357,16639
API,1min,1775023845,2026-04-01 11:55,2026-04-01,357,357,356,356,1960
API,1min,1775023912,2026-04-01 11:56,2026-04-01,356,356,355.3,356,11343
API,1min,1775024034,2026-04-01 11:58,2026-04-01,356,356,355.1,355.1,236
API,1min,1775024097,2026-04-01 11:59,2026-04-01,355.1,356,355.1,356,85
API,1min,1775024146,2026-04-01 12:00,2026-04-01,356,356,356,356,11010
API,1min,1775024180,2026-04-01 12:01,2026-04-01,356,356.1,356,356.1,100
API,1min,1775024272,2026-04-01 12:02,2026-04-01,356.1,356.9,356,356.9,1060
API,1min,1775024289,2026-04-01 12:03,2026-04-01,356.9,357,356,357,1031
API,1min,1775024369,2026-04-01 12:04,2026-04-01,357,357,356,356,1274
API,1min,1775024459,2026-04-01 12:05,2026-04-01,356,356,355.3,355.3,1049
API,1min,1775024481,2026-04-01 12:06,2026-04-01,355.3,355.3,355.1,355.1,1500
API,1min,1775024568,2026-04-01 12:07,2026-04-01,355.1,355.9,355.1,355.9,968
API,1min,1775024621,2026-04-01 12:08,2026-04-01,355.9,355.9,355.9,355.9,520
API,1min,1775024661,2026-04-01 12:09,2026-04-01,355.9,355.9,355.9,355.9,10
API,1min,1775024745,2026-04-01 12:10,2026-04-01,355.9,355.9,355.9,355.9,1346
API,1min,1775024771,2026-04-01 12:11,2026-04-01,355.9,356,355.9,356,1000
API,1min,1775024858,2026-04-01 12:12,2026-04-01,356,356,356,356,1210
API,1min,1775024910,2026-04-01 12:13,2026-04-01,356,356.2,356,356.2,92
API,1min,1775024979,2026-04-01 12:14,2026-04-01,356.2,356.2,356,356,150
API,1min,1775025040,2026-04-01 12:15,2026-04-01,356,356.5,356,356.5,1280
API,1min,1775025072,2026-04-01 12:16,2026-04-01,356.5,356.5,356,356,10
API,1min,1775025178,2026-04-01 12:17,2026-04-01,356,356,355.9,356,8495
API,1min,1775025219,2026-04-01 12:18,2026-04-01,356,356,355.9,355.9,460
API,1min,1775025299,2026-04-01 12:19,2026-04-01,355.9,355.9,355.8,355.8,3533
API,1min,1775025355,2026-04-01 12:20,2026-04-01,355.8,355.8,355.6,355.6,94
API,1min,1775025406,2026-04-01 12:21,2026-04-01,355.6,355.6,355.5,355.6,6521
API,1min,1775025457,2026-04-01 12:22,2026-04-01,355.6,355.6,355.6,355.6,138
API,1min,1775025521,2026-04-01 12:23,2026-04-01,355.6,355.7,355.3,355.3,5072
API,1min,1775025595,2026-04-01 12:24,2026-04-01,355.3,355.3,355.2,355.2,2603
API,1min,1775025655,2026-04-01 12:25,2026-04-01,355.2,355.2,355,355,7325
API,1min,1775025703,2026-04-01 12:26,2026-04-01,355,355,355,355,4155
API,1min,1775025765,2026-04-01 12:27,2026-04-01,355,355,355,355,4828
API,1min,1775025829,2026-04-01 12:28,2026-04-01,355,355,354.5,355,5503
API,1min,1775025881,2026-04-01 12:29,2026-04-01,355,355,354.3,354.3,2498
API,1min,1775025943,2026-04-01 12:30,2026-04-01,354.3,354.9,354.3,354.9,320
API,1min,1775026005,2026-04-01 12:31,2026-04-01,354.9,355,354.4,355,1395
API,1min,1775026063,2026-04-01 12:32,2026-04-01,355,355,355,355,2715
API,1min,1775026130,2026-04-01 12:33,2026-04-01,355,355,355,355,1493
API,1min,1775026162,2026-04-01 12:34,2026-04-01,355,355,354,354,16374
API,1min,1775026252,2026-04-01 12:35,2026-04-01,354,355,354,355,6000
API,1min,1775026300,2026-04-01 12:36,2026-04-01,355,355,355,355,200
API,1min,1775026373,2026-04-01 12:37,2026-04-01,355,355,353.7,353.7,1494
API,1min,1775026412,2026-04-01 12:38,2026-04-01,353.7,354,353.7,353.7,1679
API,1min,1775026466,2026-04-01 12:39,2026-04-01,353.7,353.7,353.7,353.7,2209
API,1min,1775026602,2026-04-01 12:41,2026-04-01,353.7,353.8,353.7,353.8,50
API,1min,1775026676,2026-04-01 12:42,2026-04-01,353.8,353.8,353.2,353.7,13120
API,1min,1775026735,2026-04-01 12:43,2026-04-01,353.7,353.7,353,353.2,7521
API,1min,1775026763,2026-04-01 12:44,2026-04-01,353.2,353.2,353,353,100
API,1min,1775026852,2026-04-01 12:45,2026-04-01,353,353,353,353,10
API,1min,1775026919,2026-04-01 12:46,2026-04-01,353,353,352.4,352.4,709
API,1min,1775026977,2026-04-01 12:47,2026-04-01,352.4,352.5,352.2,352.5,1429
API,1min,1775027033,2026-04-01 12:48,2026-04-01,352.5,353,352.2,353,1775
API,1min,1775027096,2026-04-01 12:49,2026-04-01,353,353.1,353,353,5106
API,1min,1775027144,2026-04-01 12:50,2026-04-01,353,353,353,353,1100
API,1min,1775027212,2026-04-01 12:51,2026-04-01,353,353.9,353,353.9,450
API,1min,1775027264,2026-04-01 12:52,2026-04-01,353.9,353.9,353.9,353.9,0
API,1min,1775027327,2026-04-01 12:53,2026-04-01,353.9,354,353.9,354,800
API,1min,1775027412,2026-04-01 12:55,2026-04-01,354,354,354,354,15
API,1min,1775027506,2026-04-01 12:56,2026-04-01,354,354,353,354,3431
API,1min,1775027564,2026-04-01 12:57,2026-04-01,354,354,353,353,197
API,1min,1775027626,2026-04-01 12:58,2026-04-01,353,353,353,353,510
API,1min,1775027678,2026-04-01 12:59,2026-04-01,353,353,352.9,353,360
API,1min,1775027752,2026-04-01 13:00,2026-04-01,353,353,352.2,352.3,2700
API,1min,1775027792,2026-04-01 13:01,2026-04-01,352.3,353.1,352.3,353.1,6184
API,1min,1775027873,2026-04-01 13:02,2026-04-01,353.1,353.1,353,353,567
API,1min,1775027934,2026-04-01 13:03,2026-04-01,353,353,352,352,11577
API,1min,1775027968,2026-04-01 13:04,2026-04-01,352,353,352,352,1660
API,1min,1775028048,2026-04-01 13:05,2026-04-01,352,353,352,353,1928
API,1min,1775028101,2026-04-01 13:06,2026-04-01,353,353.9,353,353,1346
API,1min,1775028176,2026-04-01 13:07,2026-04-01,353,353,352,352,23031
API,1min,1775028200,2026-04-01 13:08,2026-04-01,352,352,352,352,235
API,1min,1775028298,2026-04-01 13:09,2026-04-01,352,353,352,353,454
API,1min,1775028325,2026-04-01 13:10,2026-04-01,353,353,353,353,500
API,1min,1775028414,2026-04-01 13:11,2026-04-01,353,353,352,353,500
API,1min,1775028462,2026-04-01 13:12,2026-04-01,353,353,352.1,352.1,551
API,1min,1775028520,2026-04-01 13:13,2026-04-01,352.1,352.1,352.1,352.1,300
API,1min,1775028584,2026-04-01 13:14,2026-04-01,352.1,352.3,352.1,352.3,774
API,1min,1775028658,2026-04-01 13:15,2026-04-01,352.3,353,352.3,353,752
API,1min,1775028709,2026-04-01 13:16,2026-04-01,353,353,352.4,352.4,5795
API,1min,1775028770,2026-04-01 13:17,2026-04-01,352.4,353,352.4,352.5,2389
API,1min,1775028812,2026-04-01 13:18,2026-04-01,352.5,352.5,352.1,352.1,1550
API,1min,1775028888,2026-04-01 13:19,2026-04-01,352.1,352.9,352.1,352.1,2660
API,1min,1775028911,2026-04-01 13:20,2026-04-01,352.1,352.3,352.1,352.3,10
API,1min,1775029016,2026-04-01 13:21,2026-04-01,352.3,352.4,352,352,5212
API,1min,1775029034,2026-04-01 13:22,2026-04-01,352,352,352,352,1000
API,1min,1775029134,2026-04-01 13:23,2026-04-01,352,352,351.9,351.9,587
API,1min,1775029163,2026-04-01 13:24,2026-04-01,351.9,351.9,351.9,351.9,265
API,1min,1775029221,2026-04-01 13:25,2026-04-01,351.9,352,351.9,352,50
API,1min,1775029283,2026-04-01 13:26,2026-04-01,352,352.1,352,352.1,0
API,1min,1775029375,2026-04-01 13:27,2026-04-01,352.1,353,352.1,353,10881
API,1min,1775029425,2026-04-01 13:28,2026-04-01,353,353,353,353,20
API,1min,1775029484,2026-04-01 13:29,2026-04-01,353,353.1,353,353.1,100
API,1min,1775029605,2026-04-01 13:31,2026-04-01,353.1,353.1,352.1,352.1,893
API,1min,1775029632,2026-04-01 13:32,2026-04-01,352.1,353,352.1,353,170
API,1min,1775029733,2026-04-01 13:33,2026-04-01,353,353,352.1,352.1,966
API,1min,1775029786,2026-04-01 13:34,2026-04-01,352.1,352.1,352,352,184
API,1min,1775029804,2026-04-01 13:35,2026-04-01,352,352,352,352,343
API,1min,1775029888,2026-04-01 13:36,2026-04-01,352,352,351.9,351.9,2200
API,1min,1775029966,2026-04-01 13:37,2026-04-01,351.9,352,351.9,351.9,370
API,1min,1775030024,2026-04-01 13:38,2026-04-01,351.9,351.9,351.9,351.9,4970
API,1min,1775030042,2026-04-01 13:39,2026-04-01,351.9,351.9,351.9,351.9,30
API,1min,1775030152,2026-04-01 13:40,2026-04-01,351.9,352,351.6,351.6,1265
API,1min,1775030219,2026-04-01 13:41,2026-04-01,351.6,352,351.6,352,140
API,1min,1775030339,2026-04-01 13:43,2026-04-01,352,352,351,351,1605
API,1min,1775030396,2026-04-01 13:44,2026-04-01,351,352,351,351,50169
API,1min,1775030456,2026-04-01 13:45,2026-04-01,351,351,351,351,1790
API,1min,1775030505,2026-04-01 13:46,2026-04-01,351,351,350.5,350.5,14120
API,1min,1775030559,2026-04-01 13:47,2026-04-01,350.5,350.5,350,350,47300
API,1min,1775030607,2026-04-01 13:48,2026-04-01,350,350,350,350,464
API,1min,1775030695,2026-04-01 13:49,2026-04-01,350,350,349.5,349.5,4189
API,1min,1775030738,2026-04-01 13:50,2026-04-01,349.5,349.5,349,349,8260
API,1min,1775030803,2026-04-01 13:51,2026-04-01,349,350,349,350,7020
API,1min,1775030855,2026-04-01 13:52,2026-04-01,350,350,349,349,11189
API,1min,1775030936,2026-04-01 13:53,2026-04-01,349,349.1,349,349,16801
API,1min,1775030987,2026-04-01 13:54,2026-04-01,349,350,349,349.1,6569
API,1min,1775031030,2026-04-01 13:55,2026-04-01,349.1,349.1,348.9,348.9,10500
API,1min,1775031111,2026-04-01 13:56,2026-04-01,348.9,350,348.9,349,568
API,1min,1775031179,2026-04-01 13:57,2026-04-01,349,349.9,349,349.9,2589
API,1min,1775031224,2026-04-01 13:58,2026-04-01,349.9,350,349.5,350,5393
API,1min,1775031278,2026-04-01 13:59,2026-04-01,350,350,349.5,350,58645
API,1min,1775031352,2026-04-01 14:00,2026-04-01,350,350,349.8,349.8,4942
API,1min,1775031414,2026-04-01 14:01,2026-04-01,349.8,350,349.8,349.8,3535
API,1min,1775031472,2026-04-01 14:02,2026-04-01,349.8,349.8,349.8,349.8,763
API,1min,1775031539,2026-04-01 14:03,2026-04-01,349.8,349.8,348.8,348.8,8553
API,1min,1775031582,2026-04-01 14:04,2026-04-01,348.8,349,348.6,349,3200
API,1min,1775031655,2026-04-01 14:05,2026-04-01,349,349.8,348.5,348.5,11630
API,1min,1775031702,2026-04-01 14:06,2026-04-01,348.5,348.6,348.5,348.6,1350
API,1min,1775031772,2026-04-01 14:07,2026-04-01,348.6,348.6,348.5,348.5,4157
API,1min,1775031829,2026-04-01 14:08,2026-04-01,348.5,348.6,348.5,348.6,1280
API,1min,1775031897,2026-04-01 14:09,2026-04-01,348.6,348.6,347.9,347.9,67422
API,1min,1775031951,2026-04-01 14:10,2026-04-01,347.9,347.9,347.1,347.1,2755
API,1min,1775032002,2026-04-01 14:11,2026-04-01,347.1,347.8,347,347,6271
API,1min,1775032071,2026-04-01 14:12,2026-04-01,347,347.1,347,347,9505
API,1min,1775032126,2026-04-01 14:13,2026-04-01,347,347,346.4,346.4,910
API,1min,1775032190,2026-04-01 14:14,2026-04-01,346.4,346.8,346.4,346.8,5873
API,1min,1775032259,2026-04-01 14:15,2026-04-01,346.8,346.8,346.4,346.4,6206
API,1min,1775032302,2026-04-01 14:16,2026-04-01,346.4,346.4,346.1,346.1,11831
API,1min,1775032349,2026-04-01 14:17,2026-04-01,346.1,346.2,346.1,346.2,1026
API,1min,1775032437,2026-04-01 14:18,2026-04-01,346.2,346.2,346.1,346.2,7212
API,1min,1775032480,2026-04-01 14:19,2026-04-01,346.2,346.8,346.1,346.3,0
API,1min,1775032530,2026-04-01 14:20,2026-04-01,346.3,346.3,346.1,346.3,23158
API,1min,1775032601,2026-04-01 14:21,2026-04-01,346.3,346.3,345.2,345.2,13400
API,1min,1775032669,2026-04-01 14:22,2026-04-01,345.2,345.2,344.7,344.7,29898
API,1min,1775032738,2026-04-01 14:23,2026-04-01,344.7,344.7,344.1,344.1,1800
API,1min,1775032799,2026-04-01 14:24,2026-04-01,344.1,345,344,345,31695
API,1min,1775032851,2026-04-01 14:25,2026-04-01,345,345,345,345,7311
API,1min,1775032910,2026-04-01 14:26,2026-04-01,345,345,345,345,3522
API,1min,1775032971,2026-04-01 14:27,2026-04-01,345,345,343.9,344,7615
API,1min,1775033037,2026-04-01 14:28,2026-04-01,344,344,343.9,344,4491
API,1min,1775033089,2026-04-01 14:29,2026-04-01,344,344,343.9,343.9,3886
API,1min,1775033155,2026-04-01 14:30,2026-04-01,343.9,344,343.9,343.9,1639
API,1min,1775033205,2026-04-01 14:31,2026-04-01,343.9,343.9,343.1,343.2,5938
API,1min,1775033254,2026-04-01 14:32,2026-04-01,343.2,345,343.1,343.1,25955
API,1min,1775033323,2026-04-01 14:33,2026-04-01,343.1,343.5,343.1,343.1,4305
API,1min,1775033390,2026-04-01 14:34,2026-04-01,343.1,345,343.1,345,3659
API,1min,1775033452,2026-04-01 14:35,2026-04-01,345,346,345,346,3764
API,1min,1775033517,2026-04-01 14:36,2026-04-01,346,346.1,346,346,231
API,1min,1775033565,2026-04-01 14:37,2026-04-01,346,349,346,349,12118
API,1min,1775033629,2026-04-01 14:38,2026-04-01,349,350.8,349,350.8,10173
API,1min,1775033691,2026-04-01 14:39,2026-04-01,350.8,351,350,350,10796
API,1min,1775033748,2026-04-01 14:40,2026-04-01,350,350,347.1,350,7488
API,1min,1775033809,2026-04-01 14:41,2026-04-01,350,350,348,349,1538
API,1min,1775033870,2026-04-01 14:42,2026-04-01,349,351.9,348,351,12491
API,1min,1775033938,2026-04-01 14:43,2026-04-01,351,351,350,350.9,6550
API,1min,1775033995,2026-04-01 14:44,2026-04-01,350.9,350.9,348,348,4049
API,1min,1775034054,2026-04-01 14:45,2026-04-01,348,349,348,348.1,2176
API,1min,1775034108,2026-04-01 14:46,2026-04-01,348.1,350,348.1,350,6250
API,1min,1775034162,2026-04-01 14:47,2026-04-01,350,351,350,351,9701
API,1min,1775034239,2026-04-01 14:48,2026-04-01,351,351,350,350,3698
API,1min,1775034262,2026-04-01 14:49,2026-04-01,350,350,349,349,8209
API,1min,1775034349,2026-04-01 14:50,2026-04-01,349,350,348.4,350,19630
API,1min,1775034418,2026-04-01 14:51,2026-04-01,350,350,347.3,347.3,5113
API,1min,1775034453,2026-04-01 14:52,2026-04-01,347.3,348,347.3,347.3,6588
API,1min,1775034539,2026-04-01 14:53,2026-04-01,347.3,349,347.3,349,5070
API,1min,1775034587,2026-04-01 14:54,2026-04-01,349,349,347.3,347.4,6211
API,1min,1775034649,2026-04-01 14:55,2026-04-01,347.4,347.7,347.3,347.7,2248
API,1min,1775034712,2026-04-01 14:56,2026-04-01,347.7,347.7,346.2,347,29644
API,1min,1775034775,2026-04-01 14:57,2026-04-01,347,347,346,347,21415
API,1min,1775034831,2026-04-01 14:58,2026-04-01,347,349,347,349,15965
API,1min,1775034899,2026-04-01 14:59,2026-04-01,349,351,349,350,87868
API,1min,1775106957,2026-04-02 11:00,2026-04-02,350,350,349,349,1290
API,1min,1775107078,2026-04-02 11:02,2026-04-02,349,349,346.4,346.4,1120
API,1min,1775107126,2026-04-02 11:03,2026-04-02,346.4,346.4,345,345,4315
API,1min,1775107195,2026-04-02 11:04,2026-04-02,345,346,343.1,343.1,25086
API,1min,1775107250,2026-04-02 11:05,2026-04-02,343.1,344,343,344,6145
API,1min,1775107309,2026-04-02 11:06,2026-04-02,344,344,343.1,344,3697
API,1min,1775107379,2026-04-02 11:07,2026-04-02,344,345,344,345,9948
API,1min,1775107438,2026-04-02 11:08,2026-04-02,345,346,345,346,5847
API,1min,1775107494,2026-04-02 11:09,2026-04-02,346,347,346,346,2363
API,1min,1775107545,2026-04-02 11:10,2026-04-02,346,348,345.2,348,4828
API,1min,1775107618,2026-04-02 11:11,2026-04-02,348,348,346.1,346.3,8619
API,1min,1775107661,2026-04-02 11:12,2026-04-02,346.3,349,346.3,347,3370
API,1min,1775107735,2026-04-02 11:13,2026-04-02,347,348,347,347.1,6715
API,1min,1775107786,2026-04-02 11:14,2026-04-02,347.1,348.9,347.1,348,410
API,1min,1775107851,2026-04-02 11:15,2026-04-02,348,350,348,350,5271
API,1min,1775107902,2026-04-02 11:16,2026-04-02,350,350,348.5,349,5177
API,1min,1775107970,2026-04-02 11:17,2026-04-02,349,350,349,350,29478
API,1min,1775108033,2026-04-02 11:18,2026-04-02,350,350.9,349.1,350.9,3427
API,1min,1775108062,2026-04-02 11:19,2026-04-02,350.9,350.9,350,350,510
API,1min,1775108156,2026-04-02 11:20,2026-04-02,350,353,350,353,14599
API,1min,1775108206,2026-04-02 11:21,2026-04-02,353,354,352.5,353,7019
API,1min,1775108257,2026-04-02 11:22,2026-04-02,353,355,353,355,10233
API,1min,1775108331,2026-04-02 11:23,2026-04-02,355,355,353.1,353.2,11800
API,1min,1775108368,2026-04-02 11:24,2026-04-02,353.2,353.2,353,353,2057
API,1min,1775108449,2026-04-02 11:25,2026-04-02,353,353,353,353,465
API,1min,1775108464,2026-04-02 11:26,2026-04-02,353,353,352,352,725
API,1min,1775108563,2026-04-02 11:27,2026-04-02,352,352,351,351,1400
API,1min,1775108630,2026-04-02 11:28,2026-04-02,351,353,351,353,7435
API,1min,1775108690,2026-04-02 11:29,2026-04-02,353,353.9,353,353.9,927
API,1min,1775108757,2026-04-02 11:30,2026-04-02,353.9,353.9,353.1,353.2,1608
API,1min,1775108817,2026-04-02 11:31,2026-04-02,353.2,353.2,352.2,353,6711
API,1min,1775108869,2026-04-02 11:32,2026-04-02,353,353,352,352,11895
API,1min,1775108923,2026-04-02 11:33,2026-04-02,352,352,348.1,350,14253
API,1min,1775108983,2026-04-02 11:34,2026-04-02,350,350,349,349,11000
API,1min,1775109039,2026-04-02 11:35,2026-04-02,349,350,349,350,3027
API,1min,1775109109,2026-04-02 11:36,2026-04-02,350,350,349,349,2167
API,1min,1775109174,2026-04-02 11:37,2026-04-02,349,350,349,350,3025
API,1min,1775109221,2026-04-02 11:38,2026-04-02,350,350,349.2,349.2,420
API,1min,1775109269,2026-04-02 11:39,2026-04-02,349.2,349.9,349.1,349.1,150
API,1min,1775109352,2026-04-02 11:40,2026-04-02,349.1,350,349.1,350,4349
API,1min,1775109409,2026-04-02 11:41,2026-04-02,350,350.8,350,350.1,105
API,1min,1775109445,2026-04-02 11:42,2026-04-02,350.1,350.1,349.3,349.3,288
API,1min,1775109499,2026-04-02 11:43,2026-04-02,349.3,350,349.3,350,127
API,1min,1775109586,2026-04-02 11:44,2026-04-02,350,352,350,352,7823
API,1min,1775109628,2026-04-02 11:45,2026-04-02,352,352,352,352,140
API,1min,1775109684,2026-04-02 11:46,2026-04-02,352,353,352,353,760
API,1min,1775109759,2026-04-02 11:47,2026-04-02,353,353,352.9,352.9,1000
API,1min,1775109830,2026-04-02 11:48,2026-04-02,352.9,352.9,352,352,200
API,1min,1775109879,2026-04-02 11:49,2026-04-02,352,355,352,355,100
API,1min,1775109955,2026-04-02 11:50,2026-04-02,355,355,352,352.1,6438
API,1min,1775109986,2026-04-02 11:51,2026-04-02,352.1,352.1,352.1,352.1,220
API,1min,1775110069,2026-04-02 11:52,2026-04-02,352.1,352.1,351,351,1040
API,1min,1775110128,2026-04-02 11:53,2026-04-02,351,353.4,351,353.3,1100
API,1min,1775110154,2026-04-02 11:54,2026-04-02,353.3,353.3,352.1,352.1,505
API,1min,1775110234,2026-04-02 11:55,2026-04-02,352.1,353.4,352.1,353.4,550
API,1min,1775110303,2026-04-02 11:56,2026-04-02,353.4,353.4,352.1,353.3,323
API,1min,1775110341,2026-04-02 11:57,2026-04-02,353.3,353.3,353,353,350
API,1min,1775110433,2026-04-02 11:58,2026-04-02,353,353.5,353,353.5,388
API,1min,1775110455,2026-04-02 11:59,2026-04-02,353.5,353.5,353.3,353.3,0
API,1min,1775110552,2026-04-02 12:00,2026-04-02,353.3,354.8,353.3,354.8,2110
API,1min,1775110604,2026-04-02 12:01,2026-04-02,354.8,354.9,353,353,2720
API,1min,1775110674,2026-04-02 12:02,2026-04-02,353,354,353,354,2065
API,1min,1775110730,2026-04-02 12:03,2026-04-02,354,354,352.1,353.9,1941
API,1min,1775111219,2026-04-02 12:11,2026-04-02,353.9,353.9,351,351.5,20442
API,1min,1775111266,2026-04-02 12:12,2026-04-02,351.5,352,351,352,1217
API,1min,1775111312,2026-04-02 12:13,2026-04-02,352,352.7,352,352.7,1050
API,1min,1775111387,2026-04-02 12:14,2026-04-02,352.7,352.7,351.6,352,60
API,1min,1775111436,2026-04-02 12:15,2026-04-02,352,352,352,352,450
API,1min,1775111525,2026-04-02 12:17,2026-04-02,352,352.8,352,352.8,250
API,1min,1775111634,2026-04-02 12:18,2026-04-02,352.8,352.8,352.3,352.8,0
API,1min,1775111669,2026-04-02 12:19,2026-04-02,352.8,353,352.3,353,3267
API,1min,1775111748,2026-04-02 12:20,2026-04-02,353,353,352.5,352.5,0
API,1min,1775111814,2026-04-02 12:21,2026-04-02,352.5,353,352.3,353,691
API,1min,1775111875,2026-04-02 12:22,2026-04-02,353,353,353,353,2500
API,1min,1775111911,2026-04-02 12:23,2026-04-02,353,353,353,353,367
API,1min,1775111975,2026-04-02 12:24,2026-04-02,353,353.8,353,353.6,166
API,1min,1775112043,2026-04-02 12:25,2026-04-02,353.6,353.9,353.6,353.9,1590
API,1min,1775112107,2026-04-02 12:26,2026-04-02,353.9,353.9,353,353,4066
API,1min,1775112178,2026-04-02 12:27,2026-04-02,353,354,353,354,4750
API,1min,1775112205,2026-04-02 12:28,2026-04-02,354,354,353,353,1200
API,1min,1775112281,2026-04-02 12:29,2026-04-02,353,353.9,353,353,200
API,1min,1775112355,2026-04-02 12:30,2026-04-02,353,355,352.6,352.6,18552
API,1min,1775112414,2026-04-02 12:31,2026-04-02,352.6,355,352.5,355,3076
API,1min,1775112428,2026-04-02 12:32,2026-04-02,355,355,355,355,4000
API,1min,1775112529,2026-04-02 12:33,2026-04-02,355,355,353.6,354.8,1451
API,1min,1775112563,2026-04-02 12:34,2026-04-02,354.8,354.8,353.1,353.1,1050
API,1min,1775112639,2026-04-02 12:35,2026-04-02,353.1,353.5,353.1,353.5,1000
API,1min,1775112719,2026-04-02 12:36,2026-04-02,353.5,353.6,353.5,353.6,605
API,1min,1775112774,2026-04-02 12:37,2026-04-02,353.6,354,353.3,354,3406
API,1min,1775112812,2026-04-02 12:38,2026-04-02,354,354,353.6,353.6,169
API,1min,1775112864,2026-04-02 12:39,2026-04-02,353.6,353.6,353.3,353.3,858
API,1min,1775112945,2026-04-02 12:40,2026-04-02,353.3,353.5,353.3,353.4,0
API,1min,1775112980,2026-04-02 12:41,2026-04-02,353.4,353.4,353.2,353.2,4531
API,1min,1775113077,2026-04-02 12:42,2026-04-02,353.2,353.5,353.2,353.5,400
API,1min,1775113106,2026-04-02 12:43,2026-04-02,353.5,353.5,353.5,353.5,3300
API,1min,1775113198,2026-04-02 12:44,2026-04-02,353.5,354,353.5,354,1523
API,1min,1775113343,2026-04-02 12:47,2026-04-02,354,354,354,354,500
API,1min,1775113420,2026-04-02 12:48,2026-04-02,354,355,354,355,4908
API,1min,1775113483,2026-04-02 12:49,2026-04-02,355,355.7,355,355,18684
API,1min,1775113551,2026-04-02 12:50,2026-04-02,355,356,355,356,7418
API,1min,1775113615,2026-04-02 12:51,2026-04-02,356,356,356,356,6000
API,1min,1775113669,2026-04-02 12:52,2026-04-02,356,356,356,356,6410
API,1min,1775113717,2026-04-02 12:53,2026-04-02,356,356,355.1,355.1,10755
API,1min,1775113788,2026-04-02 12:54,2026-04-02,355.1,356.2,355,355,3695
API,1min,1775113855,2026-04-02 12:55,2026-04-02,355,356,355,356,3791
API,1min,1775113910,2026-04-02 12:56,2026-04-02,356,356.2,356,356.2,1785
API,1min,1775113935,2026-04-02 12:57,2026-04-02,356.2,356.2,356,356,116
API,1min,1775114029,2026-04-02 12:58,2026-04-02,356,356.2,356,356.2,2547
API,1min,1775114075,2026-04-02 12:59,2026-04-02,356.2,356.2,355,355,9979
API,1min,1775114145,2026-04-02 13:00,2026-04-02,355,356,355,356,780
API,1min,1775114229,2026-04-02 13:02,2026-04-02,356,356,356,356,86
API,1min,1775114292,2026-04-02 13:03,2026-04-02,356,356,355,355,4546
API,1min,1775114383,2026-04-02 13:04,2026-04-02,355,355.1,355,355.1,1000
API,1min,1775114418,2026-04-02 13:05,2026-04-02,355.1,356,355.1,356,1700
API,1min,1775114508,2026-04-02 13:06,2026-04-02,356,356,356,356,1500
API,1min,1775114551,2026-04-02 13:07,2026-04-02,356,356,355.8,356,100
API,1min,1775114630,2026-04-02 13:08,2026-04-02,356,356,356,356,2907
API,1min,1775114696,2026-04-02 13:09,2026-04-02,356,356.8,356,356.8,4571
API,1min,1775114752,2026-04-02 13:10,2026-04-02,356.8,356.8,356,356.7,900
API,1min,1775114796,2026-04-02 13:11,2026-04-02,356.7,356.7,356,356,0
API,1min,1775114879,2026-04-02 13:12,2026-04-02,356,356,354.1,354.1,5846
API,1min,1775114939,2026-04-02 13:13,2026-04-02,354.1,355,354.1,354.1,6398
API,1min,1775114991,2026-04-02 13:14,2026-04-02,354.1,355,354.1,355,795
API,1min,1775115045,2026-04-02 13:15,2026-04-02,355,355,354,354.1,3570
API,1min,1775115093,2026-04-02 13:16,2026-04-02,354.1,355,354,354,5920
API,1min,1775115165,2026-04-02 13:17,2026-04-02,354,354,354,354,2000
API,1min,1775115296,2026-04-02 13:19,2026-04-02,354,354,354,354,4837
API,1min,1775115355,2026-04-02 13:20,2026-04-02,354,354,353.9,353.9,10
API,1min,1775115413,2026-04-02 13:21,2026-04-02,353.9,354,353.1,354,2276
API,1min,1775115464,2026-04-02 13:22,2026-04-02,354,354.1,353.3,354.1,1515
API,1min,1775115533,2026-04-02 13:23,2026-04-02,354.1,354.8,354,354,720
API,1min,1775115559,2026-04-02 13:24,2026-04-02,354,354.9,354,354.9,300
API,1min,1775115646,2026-04-02 13:25,2026-04-02,354.9,355,354.9,355,1585
API,1min,1775115711,2026-04-02 13:26,2026-04-02,355,355,355,355,2030
API,1min,1775115771,2026-04-02 13:27,2026-04-02,355,355,354.2,354.2,1600
API,1min,1775115822,2026-04-02 13:28,2026-04-02,354.2,354.2,354.2,354.2,370
API,1min,1775115969,2026-04-02 13:31,2026-04-02,354.2,354.5,354.2,354.5,1102
API,1min,1775116050,2026-04-02 13:32,2026-04-02,354.5,355,354.5,355,13
API,1min,1775116129,2026-04-02 13:33,2026-04-02,355,355,354.9,354.9,210
API,1min,1775116185,2026-04-02 13:34,2026-04-02,354.9,354.9,354.5,354.5,400
API,1min,1775116201,2026-04-02 13:35,2026-04-02,354.5,354.9,354.5,354.9,18
API,1min,1775116339,2026-04-02 13:37,2026-04-02,354.9,354.9,354.6,354.6,20
API,1min,1775116419,2026-04-02 13:38,2026-04-02,354.6,354.6,354.6,354.6,1335
API,1min,1775116552,2026-04-02 13:40,2026-04-02,354.6,354.7,354.6,354.7,20
API,1min,1775116595,2026-04-02 13:41,2026-04-02,354.7,355,354.7,355,4350
API,1min,1775116674,2026-04-02 13:42,2026-04-02,355,355.9,355,355,1526
API,1min,1775116705,2026-04-02 13:43,2026-04-02,355,355.8,355,355.8,46
API,1min,1775116795,2026-04-02 13:44,2026-04-02,355.8,355.9,355.8,355.9,1010
API,1min,1775116915,2026-04-02 13:46,2026-04-02,355.9,355.9,355,355,0
API,1min,1775116972,2026-04-02 13:47,2026-04-02,355,355,355,355,1032
API,1min,1775117039,2026-04-02 13:48,2026-04-02,355,355,354.8,354.8,0
API,1min,1775117084,2026-04-02 13:49,2026-04-02,354.8,354.8,354.7,354.7,1780
API,1min,1775117126,2026-04-02 13:50,2026-04-02,354.7,354.8,354.7,354.7,2015
API,1min,1775117165,2026-04-02 13:51,2026-04-02,354.7,354.7,354.5,354.5,600
API,1min,1775117272,2026-04-02 13:52,2026-04-02,354.5,354.6,354,354,3124
API,1min,1775117336,2026-04-02 13:53,2026-04-02,354,354,353.1,353.1,95
API,1min,1775117354,2026-04-02 13:54,2026-04-02,353.1,354,353.1,354,19
API,1min,1775117429,2026-04-02 13:55,2026-04-02,354,354,353,353,0
API,1min,1775117563,2026-04-02 13:57,2026-04-02,353,353,353,353,6620
API,1min,1775117591,2026-04-02 13:58,2026-04-02,353,354,353,354,220
API,1min,1775117697,2026-04-02 13:59,2026-04-02,354,354,352.9,352.9,1175
API,1min,1775117719,2026-04-02 14:00,2026-04-02,352.9,352.9,352.5,352.5,1157
API,1min,1775117775,2026-04-02 14:01,2026-04-02,352.5,352.5,352,352,5415
API,1min,1775117841,2026-04-02 14:02,2026-04-02,352,352.5,352,352.5,646
API,1min,1775117935,2026-04-02 14:03,2026-04-02,352.5,352.5,352.5,352.5,1450
API,1min,1775117959,2026-04-02 14:04,2026-04-02,352.5,352.5,352.5,352.5,0
API,1min,1775118050,2026-04-02 14:05,2026-04-02,352.5,352.5,352,352,3787
API,1min,1775118115,2026-04-02 14:06,2026-04-02,352,352,351,351,2149
API,1min,1775118159,2026-04-02 14:07,2026-04-02,351,351.1,351,351.1,1043
API,1min,1775118238,2026-04-02 14:08,2026-04-02,351.1,351.1,351,351,10
API,1min,1775118273,2026-04-02 14:09,2026-04-02,351,351.1,351,351,3656
API,1min,1775118354,2026-04-02 14:10,2026-04-02,351,351,351,351,3183
API,1min,1775118403,2026-04-02 14:11,2026-04-02,351,352,350.2,352,6113
API,1min,1775118459,2026-04-02 14:12,2026-04-02,352,352,350.2,350.2,934
API,1min,1775118511,2026-04-02 14:13,2026-04-02,350.2,350.2,350.1,350.1,160
API,1min,1775118595,2026-04-02 14:14,2026-04-02,350.1,351,350.1,350.2,1676
API,1min,1775118654,2026-04-02 14:15,2026-04-02,350.2,350.2,350,350,22000
API,1min,1775118718,2026-04-02 14:16,2026-04-02,350,350.2,350,350,1765
API,1min,1775118764,2026-04-02 14:17,2026-04-02,350,350,350,350,12010
API,1min,1775118839,2026-04-02 14:18,2026-04-02,350,350.2,350,350.2,1015
API,1min,1775118875,2026-04-02 14:19,2026-04-02,350.2,351,350.2,351,571
API,1min,1775118921,2026-04-02 14:20,2026-04-02,351,351,350.3,350.3,0
API,1min,1775119006,2026-04-02 14:21,2026-04-02,350.3,352,350.3,352,3713
API,1min,1775119055,2026-04-02 14:22,2026-04-02,352,352,352,352,1470
API,1min,1775119089,2026-04-02 14:23,2026-04-02,352,352,351.2,351.2,1991
API,1min,1775119173,2026-04-02 14:24,2026-04-02,351.2,352,351.2,352,232
API,1min,1775119253,2026-04-02 14:25,2026-04-02,352,354,352,354,2078
API,1min,1775119316,2026-04-02 14:26,2026-04-02,354,354,352,352,2250
API,1min,1775119334,2026-04-02 14:27,2026-04-02,352,353.9,352,353.9,0
API,1min,1775119385,2026-04-02 14:28,2026-04-02,353.9,353.9,352,352,2982
API,1min,1775119496,2026-04-02 14:29,2026-04-02,352,354,351.8,354,2180
API,1min,1775119541,2026-04-02 14:30,2026-04-02,354,354,353,353.9,720
API,1min,1775119615,2026-04-02 14:31,2026-04-02,353.9,354,353.9,354,1330
API,1min,1775119657,2026-04-02 14:32,2026-04-02,354,354.9,354,354.9,5921
API,1min,1775119733,2026-04-02 14:33,2026-04-02,354.9,355,354.9,355,3346
API,1min,1775119758,2026-04-02 14:34,2026-04-02,355,355,354.9,354.9,956
API,1min,1775119846,2026-04-02 14:35,2026-04-02,354.9,354.9,354.8,354.9,510
API,1min,1775119911,2026-04-02 14:36,2026-04-02,354.9,354.9,352,352,9454
API,1min,1775119976,2026-04-02 14:37,2026-04-02,352,355,351,355,22867
API,1min,1775120024,2026-04-02 14:38,2026-04-02,355,355,355,355,1589
API,1min,1775120095,2026-04-02 14:39,2026-04-02,355,355.5,355,355.5,6694
API,1min,1775120147,2026-04-02 14:40,2026-04-02,355.5,355.5,355,355.5,1842
API,1min,1775120208,2026-04-02 14:41,2026-04-02,355.5,355.5,355,355.5,9466
API,1min,1775120279,2026-04-02 14:42,2026-04-02,355.5,355.9,355,355.5,11821
API,1min,1775120332,2026-04-02 14:43,2026-04-02,355.5,355.9,355.5,355.7,1481
API,1min,1775120389,2026-04-02 14:44,2026-04-02,355.7,355.7,355,355,11471
API,1min,1775120448,2026-04-02 14:45,2026-04-02,355,355,354,354,15067
API,1min,1775120505,2026-04-02 14:46,2026-04-02,354,354.5,354,354,3690
API,1min,1775120579,2026-04-02 14:47,2026-04-02,354,354,353,353,2556
API,1min,1775120613,2026-04-02 14:48,2026-04-02,353,353,352.3,352.3,2410
API,1min,1775120645,2026-04-02 14:49,2026-04-02,352.3,353,352.3,353,550
API,1min,1775120748,2026-04-02 14:50,2026-04-02,353,353,352.3,353,2596
API,1min,1775120808,2026-04-02 14:51,2026-04-02,353,353,352.3,353,1958
API,1min,1775120859,2026-04-02 14:52,2026-04-02,353,353,352.5,352.5,5000
API,1min,1775120935,2026-04-02 14:53,2026-04-02,352.5,352.9,352.5,352.5,4088
API,1min,1775120996,2026-04-02 14:54,2026-04-02,352.5,352.7,352,352,1600
API,1min,1775121058,2026-04-02 14:55,2026-04-02,352,352,351.1,351.1,11642
API,1min,1775121096,2026-04-02 14:56,2026-04-02,351.1,351.5,351,351.5,5500
API,1min,1775121176,2026-04-02 14:57,2026-04-02,351.5,351.9,351.5,351.9,5869
API,1min,1775121237,2026-04-02 14:58,2026-04-02,351.9,352,351,352,13738
API,1min,1775121299,2026-04-02 14:59,2026-04-02,352,353,351.6,353,15378
API,1min,1775366140,2026-04-05 11:00,2026-04-05,350.5,350.5,346,346,6500
API,1min,1775366210,2026-04-05 11:01,2026-04-05,346,346.2,340,343,12217
API,1min,1775366271,2026-04-05 11:02,2026-04-05,343,343.2,343,343.2,4728
API,1min,1775366319,2026-04-05 11:03,2026-04-05,343.2,343.2,339.5,339.5,40085
API,1min,1775366382,2026-04-05 11:04,2026-04-05,339.5,343.1,339,343.1,15732
API,1min,1775366451,2026-04-05 11:05,2026-04-05,343.1,343.1,340.1,343,11721
API,1min,1775366518,2026-04-05 11:06,2026-04-05,343,343,340,340.2,10295
API,1min,1775366579,2026-04-05 11:07,2026-04-05,340.2,342.5,340.2,342.5,5999
API,1min,1775366634,2026-04-05 11:08,2026-04-05,342.5,345,342.5,345,1823
API,1min,1775366690,2026-04-05 11:09,2026-04-05,345,345,343.2,343.2,567
API,1min,1775366759,2026-04-05 11:10,2026-04-05,343.2,345,342.6,342.6,2043
API,1min,1775366813,2026-04-05 11:11,2026-04-05,342.6,343,342.6,343,670
API,1min,1775366869,2026-04-05 11:12,2026-04-05,343,343,343,343,4250
API,1min,1775366899,2026-04-05 11:13,2026-04-05,343,343.2,343,343.2,1900
API,1min,1775366988,2026-04-05 11:14,2026-04-05,343.2,345,343,343.5,20848
API,1min,1775367045,2026-04-05 11:15,2026-04-05,343.5,343.5,342.1,343,5751
API,1min,1775367119,2026-04-05 11:16,2026-04-05,343,343,342.2,342.9,3233
API,1min,1775367175,2026-04-05 11:17,2026-04-05,342.9,343,342.2,342.3,1940
API,1min,1775367229,2026-04-05 11:18,2026-04-05,342.3,343,342.3,343,870
API,1min,1775367298,2026-04-05 11:19,2026-04-05,343,343.2,343,343.2,3020
API,1min,1775367351,2026-04-05 11:20,2026-04-05,343.2,345,343.2,343.3,3695
API,1min,1775367419,2026-04-05 11:21,2026-04-05,343.3,346,343.3,346,7381
API,1min,1775367463,2026-04-05 11:22,2026-04-05,346,346,345,346,4370
API,1min,1775367535,2026-04-05 11:23,2026-04-05,346,347,346,347,280
API,1min,1775367584,2026-04-05 11:24,2026-04-05,347,347.8,347,347,4203
API,1min,1775367654,2026-04-05 11:25,2026-04-05,347,347,345.1,346,8947
API,1min,1775367714,2026-04-05 11:26,2026-04-05,346,346.9,346,346,2880
API,1min,1775367774,2026-04-05 11:27,2026-04-05,346,346,345.2,345.2,1000
API,1min,1775367830,2026-04-05 11:28,2026-04-05,345.2,345.2,343.3,343.3,11071
API,1min,1775367899,2026-04-05 11:29,2026-04-05,343.3,343.3,343,343,11820
API,1min,1775367949,2026-04-05 11:30,2026-04-05,343,343,342.3,342.3,3400
API,1min,1775368019,2026-04-05 11:31,2026-04-05,342.3,342.3,342,342,3740
API,1min,1775368077,2026-04-05 11:32,2026-04-05,342,342,341.8,341.8,3310
API,1min,1775368138,2026-04-05 11:33,2026-04-05,341.8,343,341,343,10200
API,1min,1775368190,2026-04-05 11:34,2026-04-05,343,343,341.2,341.2,0
API,1min,1775368209,2026-04-05 11:35,2026-04-05,341.2,341.6,341.2,341.6,2035
API,1min,1775368287,2026-04-05 11:36,2026-04-05,341.6,341.8,341.6,341.8,1000
API,1min,1775368360,2026-04-05 11:37,2026-04-05,341.8,341.8,341,341,7406
API,1min,1775368436,2026-04-05 11:38,2026-04-05,341,341,340.3,340.3,5000
API,1min,1775368457,2026-04-05 11:39,2026-04-05,340.3,340.3,340.3,340.3,19
API,1min,1775368551,2026-04-05 11:40,2026-04-05,340.3,340.8,340,340.8,2500
API,1min,1775368612,2026-04-05 11:41,2026-04-05,340.8,340.8,339.3,339.3,26577
API,1min,1775368665,2026-04-05 11:42,2026-04-05,339.3,340.1,339.3,339.4,2050
API,1min,1775368728,2026-04-05 11:43,2026-04-05,339.4,340,339.4,339.4,2910
API,1min,1775368790,2026-04-05 11:44,2026-04-05,339.4,340,339.4,339.4,915
API,1min,1775368857,2026-04-05 11:45,2026-04-05,339.4,340,339.4,339.4,5198
API,1min,1775368918,2026-04-05 11:46,2026-04-05,339.4,340,339.4,340,2541
API,1min,1775368962,2026-04-05 11:47,2026-04-05,340,340,339.4,340,3436
API,1min,1775369029,2026-04-05 11:48,2026-04-05,340,340.1,339.5,340,2147
API,1min,1775369085,2026-04-05 11:49,2026-04-05,340,340.9,340,340.5,2284
API,1min,1775369149,2026-04-05 11:50,2026-04-05,340.5,340.9,340.5,340.9,600
API,1min,1775369215,2026-04-05 11:51,2026-04-05,340.9,340.9,340.1,340.2,2209
API,1min,1775369277,2026-04-05 11:52,2026-04-05,340.2,341,340.2,341,2419
API,1min,1775369339,2026-04-05 11:53,2026-04-05,341,341,340.4,340.4,1085
API,1min,1775369398,2026-04-05 11:54,2026-04-05,340.4,341,340.4,340.5,1273
API,1min,1775369459,2026-04-05 11:55,2026-04-05,340.5,341,340.3,341,2468
API,1min,1775369519,2026-04-05 11:56,2026-04-05,341,341,340.1,340.1,287
API,1min,1775369524,2026-04-05 11:57,2026-04-05,340.1,340.1,340.1,340.1,0
API,1min,1775369639,2026-04-05 11:58,2026-04-05,340.1,340.9,340.1,340.9,21321
API,1min,1775369684,2026-04-05 11:59,2026-04-05,340.9,341,340.9,341,660
API,1min,1775369733,2026-04-05 12:00,2026-04-05,341,341.5,341,341.5,1010
API,1min,1775369810,2026-04-05 12:01,2026-04-05,341.5,341.5,341,341.5,1539
API,1min,1775369879,2026-04-05 12:02,2026-04-05,341.5,341.6,341.5,341.5,2071
API,1min,1775369922,2026-04-05 12:03,2026-04-05,341.5,341.7,341.5,341.7,400
API,1min,1775369993,2026-04-05 12:04,2026-04-05,341.7,341.7,341.5,341.5,280
API,1min,1775370041,2026-04-05 12:05,2026-04-05,341.5,341.9,341.5,341.7,1350
API,1min,1775370114,2026-04-05 12:06,2026-04-05,341.7,341.7,341.1,341.1,1164
API,1min,1775370162,2026-04-05 12:07,2026-04-05,341.1,342,341,341,3892
API,1min,1775370238,2026-04-05 12:08,2026-04-05,341,341.9,341,341.2,436
API,1min,1775370295,2026-04-05 12:09,2026-04-05,341.2,341.9,341.2,341.9,430
API,1min,1775370319,2026-04-05 12:10,2026-04-05,341.9,342,341.2,341.2,2578
API,1min,1775370404,2026-04-05 12:11,2026-04-05,341.2,342,341.2,342,2564
API,1min,1775370458,2026-04-05 12:12,2026-04-05,342,342,342,342,3071
API,1min,1775370522,2026-04-05 12:13,2026-04-05,342,342.5,342,342,1300
API,1min,1775370591,2026-04-05 12:14,2026-04-05,342,342,341.3,342,4850
API,1min,1775370652,2026-04-05 12:15,2026-04-05,342,342,341.4,341.4,461
API,1min,1775370697,2026-04-05 12:16,2026-04-05,341.4,341.9,341.4,341.5,1400
API,1min,1775370761,2026-04-05 12:17,2026-04-05,341.5,341.5,341.1,341.1,5770
API,1min,1775370897,2026-04-05 12:19,2026-04-05,341.1,341.3,341.1,341.3,10681
API,1min,1775370939,2026-04-05 12:20,2026-04-05,341.3,341.3,341,341,2250
API,1min,1775371019,2026-04-05 12:21,2026-04-05,341,341,341,341,1831
API,1min,1775371077,2026-04-05 12:22,2026-04-05,341,341,341,341,2242
API,1min,1775371101,2026-04-05 12:23,2026-04-05,341,341,340.5,340.5,1500
API,1min,1775371186,2026-04-05 12:24,2026-04-05,340.5,340.5,340,340,21710
API,1min,1775371249,2026-04-05 12:25,2026-04-05,340,340,340,340,21000
API,1min,1775371284,2026-04-05 12:26,2026-04-05,340,340,340,340,175
API,1min,1775371358,2026-04-05 12:27,2026-04-05,340,340.2,340,340,1438
API,1min,1775371429,2026-04-05 12:28,2026-04-05,340,340,339.7,339.7,15
API,1min,1775371482,2026-04-05 12:29,2026-04-05,339.7,339.7,339.4,339.4,3782
API,1min,1775371555,2026-04-05 12:30,2026-04-05,339.4,339.4,339,339.1,6560
API,1min,1775371607,2026-04-05 12:31,2026-04-05,339.1,339.5,339,339.5,5557
API,1min,1775371674,2026-04-05 12:32,2026-04-05,339.5,339.5,339,339,5433
API,1min,1775371732,2026-04-05 12:33,2026-04-05,339,339.2,339,339.2,1608
API,1min,1775371752,2026-04-05 12:34,2026-04-05,339.2,339.2,339,339,1000
API,1min,1775371834,2026-04-05 12:35,2026-04-05,339,339.9,339,339,2675
API,1min,1775371917,2026-04-05 12:36,2026-04-05,339,339.9,339,339.9,3606
API,1min,1775371978,2026-04-05 12:37,2026-04-05,339.9,339.9,339.1,339.1,2170
API,1min,1775372033,2026-04-05 12:38,2026-04-05,339.1,339.1,339,339,3326
API,1min,1775372089,2026-04-05 12:39,2026-04-05,339,339,338.1,338.1,2215
API,1min,1775372132,2026-04-05 12:40,2026-04-05,338.1,338.1,338,338.1,2881
API,1min,1775372206,2026-04-05 12:41,2026-04-05,338.1,338.1,338,338,3125
API,1min,1775372259,2026-04-05 12:42,2026-04-05,338,338.1,338,338,6544
API,1min,1775372329,2026-04-05 12:43,2026-04-05,338,338,337.7,337.7,69
API,1min,1775372395,2026-04-05 12:44,2026-04-05,337.7,337.9,337,337,210
API,1min,1775372440,2026-04-05 12:45,2026-04-05,337,337.2,337,337.2,2826
API,1min,1775372504,2026-04-05 12:46,2026-04-05,337.2,337.5,336.5,336.5,1889
API,1min,1775372571,2026-04-05 12:47,2026-04-05,336.5,336.5,336.3,336.3,4904
API,1min,1775372633,2026-04-05 12:48,2026-04-05,336.3,336.4,336.2,336.2,2062
API,1min,1775372699,2026-04-05 12:49,2026-04-05,336.2,336.2,336,336,10323
API,1min,1775372745,2026-04-05 12:50,2026-04-05,336,336,335.3,335.3,2805
API,1min,1775372814,2026-04-05 12:51,2026-04-05,335.3,335.4,335.2,335.2,7760
API,1min,1775372869,2026-04-05 12:52,2026-04-05,335.2,335.2,335.1,335.1,2837
API,1min,1775372935,2026-04-05 12:53,2026-04-05,335.1,335.2,335.1,335.2,11503
API,1min,1775372994,2026-04-05 12:54,2026-04-05,335.2,336,335,336,8552
API,1min,1775373051,2026-04-05 12:55,2026-04-05,336,336,335.2,336,876
API,1min,1775373099,2026-04-05 12:56,2026-04-05,336,336,335.1,335.7,609
API,1min,1775373163,2026-04-05 12:57,2026-04-05,335.7,335.7,335,335.1,3842
API,1min,1775373214,2026-04-05 12:58,2026-04-05,335.1,336,335,336,13653
API,1min,1775373295,2026-04-05 12:59,2026-04-05,336,337,336,337,785
API,1min,1775373325,2026-04-05 13:00,2026-04-05,337,337,336.3,337,1010
API,1min,1775373398,2026-04-05 13:01,2026-04-05,337,337,336.1,336.1,1247
API,1min,1775373479,2026-04-05 13:02,2026-04-05,336.1,336.4,336.1,336.4,458
API,1min,1775373539,2026-04-05 13:03,2026-04-05,336.4,336.9,336.3,336.3,1669
API,1min,1775373599,2026-04-05 13:04,2026-04-05,336.3,336.5,336.3,336.5,4744
API,1min,1775373648,2026-04-05 13:05,2026-04-05,336.5,337,336.4,336.4,1729
API,1min,1775373715,2026-04-05 13:06,2026-04-05,336.4,337,336.3,336.3,1635
API,1min,1775373767,2026-04-05 13:07,2026-04-05,336.3,337,336.3,336.9,1916
API,1min,1775373833,2026-04-05 13:08,2026-04-05,336.9,336.9,336.1,336.1,2747
API,1min,1775373890,2026-04-05 13:09,2026-04-05,336.1,336.1,336,336,2096
API,1min,1775373958,2026-04-05 13:10,2026-04-05,336,336,335.2,335.2,4286
API,1min,1775374018,2026-04-05 13:11,2026-04-05,335.2,336,335,336,7355
API,1min,1775374060,2026-04-05 13:12,2026-04-05,336,336,335,335,400
API,1min,1775374114,2026-04-05 13:13,2026-04-05,335,335,334.2,334.2,16812
API,1min,1775374188,2026-04-05 13:14,2026-04-05,334.2,334.5,334.2,334.5,3923
API,1min,1775374252,2026-04-05 13:15,2026-04-05,334.5,334.5,334.2,334.2,1850
API,1min,1775374317,2026-04-05 13:16,2026-04-05,334.2,334.2,334,334,1772
API,1min,1775374375,2026-04-05 13:17,2026-04-05,334,335,334,334,6580
API,1min,1775374427,2026-04-05 13:18,2026-04-05,334,334.1,334,334,10740
API,1min,1775374495,2026-04-05 13:19,2026-04-05,334,335,334,334.1,4670
API,1min,1775374546,2026-04-05 13:20,2026-04-05,334.1,334.1,333,333,2605
API,1min,1775374616,2026-04-05 13:21,2026-04-05,333,333,333,333,4261
API,1min,1775374672,2026-04-05 13:22,2026-04-05,333,333,332.5,332.5,8737
API,1min,1775374736,2026-04-05 13:23,2026-04-05,332.5,332.7,332.1,332.1,3150
API,1min,1775374792,2026-04-05 13:24,2026-04-05,332.1,332.1,331.3,331.3,3908
API,1min,1775374858,2026-04-05 13:25,2026-04-05,331.3,331.3,330.5,330.6,2906
API,1min,1775374915,2026-04-05 13:26,2026-04-05,330.6,330.6,330.5,330.6,3615
API,1min,1775374970,2026-04-05 13:27,2026-04-05,330.6,330.7,330.5,330.7,2787
API,1min,1775375035,2026-04-05 13:28,2026-04-05,330.7,330.7,330.4,330.4,2112
API,1min,1775375090,2026-04-05 13:29,2026-04-05,330.4,330.5,330.3,330.3,4016
API,1min,1775375156,2026-04-05 13:30,2026-04-05,330.3,330.5,330,330,8568
API,1min,1775375210,2026-04-05 13:31,2026-04-05,330,330.5,330,330.4,4452
API,1min,1775375278,2026-04-05 13:32,2026-04-05,330.4,331,330,331,1650
API,1min,1775375315,2026-04-05 13:33,2026-04-05,331,331,331,331,11474
API,1min,1775375383,2026-04-05 13:34,2026-04-05,331,331,330.1,330.1,5034
API,1min,1775375452,2026-04-05 13:35,2026-04-05,330.1,331,330.1,331,4706
API,1min,1775375487,2026-04-05 13:36,2026-04-05,331,331.1,331,331.1,794
API,1min,1775375564,2026-04-05 13:37,2026-04-05,331.1,332,331.1,331.2,1332
API,1min,1775375638,2026-04-05 13:38,2026-04-05,331.2,331.2,331.2,331.2,2415
API,1min,1775375665,2026-04-05 13:39,2026-04-05,331.2,331.5,331.2,331.5,580
API,1min,1775375736,2026-04-05 13:40,2026-04-05,331.5,332.5,331.5,332.5,12765
API,1min,1775375813,2026-04-05 13:41,2026-04-05,332.5,332.5,332,332,8096
API,1min,1775375865,2026-04-05 13:42,2026-04-05,332,333.1,332,333.1,177
API,1min,1775375913,2026-04-05 13:43,2026-04-05,333.1,335,333.1,335,4673
API,1min,1775375992,2026-04-05 13:44,2026-04-05,335,337,335,337,7479
API,1min,1775376052,2026-04-05 13:45,2026-04-05,337,337,336.9,337,2778
API,1min,1775376116,2026-04-05 13:46,2026-04-05,337,337,336,336.2,9702
API,1min,1775376169,2026-04-05 13:47,2026-04-05,336.2,337.8,336.2,337,198
API,1min,1775376195,2026-04-05 13:48,2026-04-05,337,337.8,337,337.8,294
API,1min,1775376277,2026-04-05 13:49,2026-04-05,337.8,337.9,337.8,337.9,1250
API,1min,1775376348,2026-04-05 13:50,2026-04-05,337.9,337.9,336.8,336.8,640
API,1min,1775376409,2026-04-05 13:51,2026-04-05,336.8,336.8,336.8,336.8,1875
API,1min,1775376449,2026-04-05 13:52,2026-04-05,336.8,336.9,336,336,3512
API,1min,1775376497,2026-04-05 13:53,2026-04-05,336,336.8,336,336.8,50
API,1min,1775376593,2026-04-05 13:54,2026-04-05,336.8,336.8,336,336,596
API,1min,1775376659,2026-04-05 13:55,2026-04-05,336,336.8,336,336.8,821
API,1min,1775376719,2026-04-05 13:56,2026-04-05,336.8,337,336,337,2062
API,1min,1775376767,2026-04-05 13:57,2026-04-05,337,337,336,336,1350
API,1min,1775376893,2026-04-05 13:59,2026-04-05,336,336.2,336,336.2,260
API,1min,1775376939,2026-04-05 14:00,2026-04-05,336.2,336.3,336.2,336.2,362
API,1min,1775376994,2026-04-05 14:01,2026-04-05,336.2,336.2,336.1,336.1,1490
API,1min,1775377073,2026-04-05 14:02,2026-04-05,336.1,336.9,335,335,12548
API,1min,1775377124,2026-04-05 14:03,2026-04-05,335,335,334,334,2432
API,1min,1775377190,2026-04-05 14:04,2026-04-05,334,334,333,333,0
API,1min,1775377237,2026-04-05 14:05,2026-04-05,333,333,332,332,2850
API,1min,1775377313,2026-04-05 14:06,2026-04-05,332,336,332,335,4887
API,1min,1775377379,2026-04-05 14:07,2026-04-05,335,336,335,335,10
API,1min,1775377430,2026-04-05 14:08,2026-04-05,335,335,332.1,332.1,713
API,1min,1775377487,2026-04-05 14:09,2026-04-05,332.1,333,332,332,5098
API,1min,1775377515,2026-04-05 14:10,2026-04-05,332,332,332,332,419
API,1min,1775377609,2026-04-05 14:11,2026-04-05,332,333,332,332,3865
API,1min,1775377674,2026-04-05 14:12,2026-04-05,332,332,331.7,331.9,1010
API,1min,1775377739,2026-04-05 14:13,2026-04-05,331.9,331.9,331.4,331.5,1125
API,1min,1775377815,2026-04-05 14:15,2026-04-05,331.5,331.5,331.1,331.1,244
API,1min,1775377915,2026-04-05 14:16,2026-04-05,331.1,331.1,331,331,2231
API,1min,1775377957,2026-04-05 14:17,2026-04-05,331,331.5,331,331.5,1600
API,1min,1775378025,2026-04-05 14:18,2026-04-05,331.5,331.5,330.3,330.3,4857
API,1min,1775378085,2026-04-05 14:19,2026-04-05,330.3,331,330.3,330.4,328
API,1min,1775378157,2026-04-05 14:20,2026-04-05,330.4,331,330.4,330.9,0
API,1min,1775378205,2026-04-05 14:21,2026-04-05,330.9,331,330.9,331,3976
API,1min,1775378271,2026-04-05 14:22,2026-04-05,331,331.5,331,331,1484
API,1min,1775378335,2026-04-05 14:23,2026-04-05,331,331.3,331,331.3,1052
API,1min,1775378379,2026-04-05 14:24,2026-04-05,331.3,332,331.1,332,4130
API,1min,1775378459,2026-04-05 14:25,2026-04-05,332,332,331.5,331.5,0
API,1min,1775378515,2026-04-05 14:26,2026-04-05,331.5,331.5,331.3,331.3,1220
API,1min,1775378563,2026-04-05 14:27,2026-04-05,331.3,331.3,330.9,330.9,1120
API,1min,1775378616,2026-04-05 14:28,2026-04-05,330.9,330.9,330.3,330.3,5682
API,1min,1775378699,2026-04-05 14:29,2026-04-05,330.3,331,330.3,330.7,1080
API,1min,1775378726,2026-04-05 14:30,2026-04-05,330.7,330.7,330.5,330.5,26
API,1min,1775378784,2026-04-05 14:31,2026-04-05,330.5,330.5,330.3,330.3,1465
API,1min,1775378862,2026-04-05 14:32,2026-04-05,330.3,330.4,330.3,330.4,150
API,1min,1775378910,2026-04-05 14:33,2026-04-05,330.4,330.7,330.3,330.4,2299
API,1min,1775378988,2026-04-05 14:34,2026-04-05,330.4,331,330.4,330.4,3080
API,1min,1775379059,2026-04-05 14:35,2026-04-05,330.4,330.4,330.3,330.3,2520
API,1min,1775379116,2026-04-05 14:36,2026-04-05,330.3,330.5,330.3,330.3,1100
API,1min,1775379156,2026-04-05 14:37,2026-04-05,330.3,330.5,330.1,330.1,7660
API,1min,1775379233,2026-04-05 14:38,2026-04-05,330.1,330.3,330.1,330.3,1028
API,1min,1775379283,2026-04-05 14:39,2026-04-05,330.3,330.3,330.1,330.1,3659
API,1min,1775379340,2026-04-05 14:40,2026-04-05,330.1,330.1,330.1,330.1,2320
API,1min,1775379410,2026-04-05 14:41,2026-04-05,330.1,330.1,330,330,8186
API,1min,1775379479,2026-04-05 14:42,2026-04-05,330,330,329,329,24085
API,1min,1775379538,2026-04-05 14:43,2026-04-05,329,330,329,329,1560
API,1min,1775379565,2026-04-05 14:44,2026-04-05,329,329,329,329,784
API,1min,1775379604,2026-04-05 14:45,2026-04-05,329,329.1,329,329.1,14
API,1min,1775379718,2026-04-05 14:46,2026-04-05,329.1,329.5,329,329,4303
API,1min,1775379770,2026-04-05 14:47,2026-04-05,329,329.1,329,329,4890
API,1min,1775379838,2026-04-05 14:48,2026-04-05,329,329,329,329,5279
API,1min,1775379890,2026-04-05 14:49,2026-04-05,329,329,328.5,329,3899
API,1min,1775379952,2026-04-05 14:50,2026-04-05,329,329,328.4,328.5,5971
API,1min,1775380014,2026-04-05 14:51,2026-04-05,328.5,328.5,328.4,328.5,3436
API,1min,1775380078,2026-04-05 14:52,2026-04-05,328.5,328.9,328,328,5827
API,1min,1775380139,2026-04-05 14:53,2026-04-05,328,328,327.5,327.5,1908
API,1min,1775380188,2026-04-05 14:54,2026-04-05,327.5,328,327.5,327.5,950
API,1min,1775380251,2026-04-05 14:55,2026-04-05,327.5,327.9,327.5,327.9,4273
API,1min,1775380314,2026-04-05 14:56,2026-04-05,327.9,327.9,327.1,327.1,6757
API,1min,1775380371,2026-04-05 14:57,2026-04-05,327.1,327.1,327,327,9742
API,1min,1775380436,2026-04-05 14:58,2026-04-05,327,327,326,326,7342
API,1min,1775380499,2026-04-05 14:59,2026-04-05,326,326,324.6,325,21794
API,1min,1775452550,2026-04-06 11:00,2026-04-06,325,327,325,327,381
API,1min,1775452605,2026-04-06 11:01,2026-04-06,327,330,327,330,3075
API,1min,1775452677,2026-04-06 11:02,2026-04-06,330,330,325,326,2675
API,1min,1775452722,2026-04-06 11:03,2026-04-06,326,326,326,326,3738
API,1min,1775452792,2026-04-06 11:04,2026-04-06,326,326,326,326,14050
API,1min,1775452858,2026-04-06 11:05,2026-04-06,326,326,325,326,1166
API,1min,1775452915,2026-04-06 11:06,2026-04-06,326,328,326,327,11590
API,1min,1775452976,2026-04-06 11:07,2026-04-06,327,330,327,330,19525
API,1min,1775453030,2026-04-06 11:08,2026-04-06,330,331,330,330.5,11448
API,1min,1775453092,2026-04-06 11:09,2026-04-06,330.5,333,330.5,333,9617
API,1min,1775453141,2026-04-06 11:10,2026-04-06,333,337,333,336,8189
API,1min,1775453212,2026-04-06 11:11,2026-04-06,336,336.1,334,335,6225
API,1min,1775453271,2026-04-06 11:12,2026-04-06,335,335,333,333,8354
API,1min,1775453339,2026-04-06 11:13,2026-04-06,333,333,333,333,4269
API,1min,1775453384,2026-04-06 11:14,2026-04-06,333,333.9,333,333.9,0
API,1min,1775453444,2026-04-06 11:15,2026-04-06,333.9,333.9,332,333.8,10120
API,1min,1775453489,2026-04-06 11:16,2026-04-06,333.8,333.8,332,332.1,13029
API,1min,1775453565,2026-04-06 11:17,2026-04-06,332.1,332.9,332.1,332.9,5100
API,1min,1775453636,2026-04-06 11:18,2026-04-06,332.9,332.9,330,330.1,28648
API,1min,1775453699,2026-04-06 11:19,2026-04-06,330.1,330.1,327.2,329.1,19731
API,1min,1775453753,2026-04-06 11:20,2026-04-06,329.1,329.1,325.2,326,27134
API,1min,1775453806,2026-04-06 11:21,2026-04-06,326,326,325,326,5925
API,1min,1775453861,2026-04-06 11:22,2026-04-06,326,327,326,327,7569
API,1min,1775453938,2026-04-06 11:23,2026-04-06,327,328,327,328,3323
API,1min,1775453995,2026-04-06 11:24,2026-04-06,328,328,327,327.9,3987
API,1min,1775454046,2026-04-06 11:25,2026-04-06,327.9,329.9,326.6,329.9,2974
API,1min,1775454107,2026-04-06 11:26,2026-04-06,329.9,330,329.9,330,6495
API,1min,1775454171,2026-04-06 11:27,2026-04-06,330,331,328,330,12335
API,1min,1775454230,2026-04-06 11:28,2026-04-06,330,330,330,330,475
API,1min,1775454298,2026-04-06 11:29,2026-04-06,330,331.4,330,331.4,2435
API,1min,1775454346,2026-04-06 11:30,2026-04-06,331.4,332,331,332,4405
API,1min,1775454399,2026-04-06 11:31,2026-04-06,332,334,332,334,14850
API,1min,1775454471,2026-04-06 11:32,2026-04-06,334,334.5,334,334,2614
API,1min,1775454538,2026-04-06 11:33,2026-04-06,334,334.5,334,334,2944
API,1min,1775454547,2026-04-06 11:34,2026-04-06,334,334,334,334,800
API,1min,1775454646,2026-04-06 11:35,2026-04-06,334,334.5,333,334,2489
API,1min,1775454700,2026-04-06 11:36,2026-04-06,334,334,334,334,722
API,1min,1775454763,2026-04-06 11:37,2026-04-06,334,334,333.9,333.9,2845
API,1min,1775454832,2026-04-06 11:38,2026-04-06,333.9,333.9,333.9,333.9,240
API,1min,1775454897,2026-04-06 11:39,2026-04-06,333.9,333.9,332.9,332.9,4452
API,1min,1775454959,2026-04-06 11:40,2026-04-06,332.9,333,332.9,333,9152
API,1min,1775455018,2026-04-06 11:41,2026-04-06,333,334.2,333,334.2,3420
API,1min,1775455078,2026-04-06 11:42,2026-04-06,334.2,334.2,334,334,695
API,1min,1775455130,2026-04-06 11:43,2026-04-06,334,334.2,334,334.2,4435
API,1min,1775455165,2026-04-06 11:44,2026-04-06,334.2,334.5,334,334.5,2542
API,1min,1775455254,2026-04-06 11:45,2026-04-06,334.5,335,334.5,335,12770
API,1min,1775455314,2026-04-06 11:46,2026-04-06,335,335,334.9,335,455
API,1min,1775455361,2026-04-06 11:47,2026-04-06,335,335,334.9,334.9,1816
API,1min,1775455434,2026-04-06 11:48,2026-04-06,334.9,335.9,334.9,335.1,11600
API,1min,1775455498,2026-04-06 11:49,2026-04-06,335.1,336,335.1,336,13127
API,1min,1775455545,2026-04-06 11:50,2026-04-06,336,336.7,336,336.7,8116
API,1min,1775455619,2026-04-06 11:51,2026-04-06,336.7,337,336.6,336.6,16458
API,1min,1775455679,2026-04-06 11:52,2026-04-06,336.6,338,336.6,338,9276
API,1min,1775455734,2026-04-06 11:53,2026-04-06,338,339,338,339,10311
API,1min,1775455797,2026-04-06 11:54,2026-04-06,339,339,338,338.8,4490
API,1min,1775455857,2026-04-06 11:55,2026-04-06,338.8,338.8,337.9,337.9,5329
API,1min,1775455918,2026-04-06 11:56,2026-04-06,337.9,338,337.9,338,1921
API,1min,1775455979,2026-04-06 11:57,2026-04-06,338,338.5,337.8,338,4710
API,1min,1775456039,2026-04-06 11:58,2026-04-06,338,338,337.9,338,1000
API,1min,1775456095,2026-04-06 11:59,2026-04-06,338,339,337.8,339,24850
API,1min,1775456134,2026-04-06 12:00,2026-04-06,339,339,337.9,337.9,856
API,1min,1775456213,2026-04-06 12:01,2026-04-06,337.9,337.9,336,337,3445
API,1min,1775456275,2026-04-06 12:02,2026-04-06,337,337,335,336,14195
API,1min,1775456334,2026-04-06 12:03,2026-04-06,336,336,335,335,897
API,1min,1775456396,2026-04-06 12:04,2026-04-06,335,335,334,334,5789
API,1min,1775456459,2026-04-06 12:05,2026-04-06,334,335,333.5,333.5,2293
API,1min,1775456511,2026-04-06 12:06,2026-04-06,333.5,333.5,333.1,333.1,7410
API,1min,1775456567,2026-04-06 12:07,2026-04-06,333.1,334.8,333.1,333.1,10810
API,1min,1775456639,2026-04-06 12:08,2026-04-06,333.1,334,333.1,334,1141
API,1min,1775456686,2026-04-06 12:09,2026-04-06,334,335,334,335,2679
API,1min,1775456756,2026-04-06 12:10,2026-04-06,335,335.9,335,335.7,1000
API,1min,1775456816,2026-04-06 12:11,2026-04-06,335.7,336,335.1,336,8265
API,1min,1775456877,2026-04-06 12:12,2026-04-06,336,336.7,336,336.7,3407
API,1min,1775456929,2026-04-06 12:13,2026-04-06,336.7,336.9,336.7,336.9,3779
API,1min,1775456992,2026-04-06 12:14,2026-04-06,336.9,337,336.9,337,4204
API,1min,1775457035,2026-04-06 12:15,2026-04-06,337,337.9,337,337.9,600
API,1min,1775457118,2026-04-06 12:16,2026-04-06,337.9,338,337.9,338,4206
API,1min,1775457127,2026-04-06 12:17,2026-04-06,338,338,338,338,129
API,1min,1775457223,2026-04-06 12:18,2026-04-06,338,338.1,338,338.1,536
API,1min,1775457295,2026-04-06 12:19,2026-04-06,338.1,338.1,338,338,1066
API,1min,1775457349,2026-04-06 12:20,2026-04-06,338,338,337.2,338,421
API,1min,1775457399,2026-04-06 12:21,2026-04-06,338,338,337.2,337.9,1010
API,1min,1775457479,2026-04-06 12:22,2026-04-06,337.9,338.1,337.9,338.1,3061
API,1min,1775457539,2026-04-06 12:23,2026-04-06,338.1,338.1,337.5,337.5,100
API,1min,1775457563,2026-04-06 12:24,2026-04-06,337.5,337.5,337.5,337.5,176
API,1min,1775457652,2026-04-06 12:25,2026-04-06,337.5,338,337.2,338,2891
API,1min,1775457669,2026-04-06 12:26,2026-04-06,338,338,338,338,950
API,1min,1775457828,2026-04-06 12:28,2026-04-06,338,338.1,338,338.1,1993
API,1min,1775457885,2026-04-06 12:29,2026-04-06,338.1,338.1,337.5,337.5,4857
API,1min,1775457920,2026-04-06 12:30,2026-04-06,337.5,338,337.5,338,100
API,1min,1775458005,2026-04-06 12:31,2026-04-06,338,339,338,339,10000
API,1min,1775458068,2026-04-06 12:32,2026-04-06,339,339,338,338,1440
API,1min,1775458127,2026-04-06 12:33,2026-04-06,338,339.3,337.5,339.3,6509
API,1min,1775458194,2026-04-06 12:34,2026-04-06,339.3,339.3,338,338,1000
API,1min,1775458224,2026-04-06 12:35,2026-04-06,338,338.9,338,338.9,128
API,1min,1775458284,2026-04-06 12:36,2026-04-06,338.9,339.4,338.9,339.4,5200
API,1min,1775458360,2026-04-06 12:37,2026-04-06,339.4,339.4,339.4,339.4,968
API,1min,1775458457,2026-04-06 12:39,2026-04-06,339.4,339.4,338.5,338.5,0
API,1min,1775458523,2026-04-06 12:40,2026-04-06,338.5,339.3,338.5,339.3,260
API,1min,1775458607,2026-04-06 12:41,2026-04-06,339.3,339.3,339.3,339.3,40
API,1min,1775458661,2026-04-06 12:42,2026-04-06,339.3,339.3,338,338,3225
API,1min,1775458720,2026-04-06 12:43,2026-04-06,338,338,338,338,10
API,1min,1775458784,2026-04-06 12:44,2026-04-06,338,338,338,338,3530
API,1min,1775458835,2026-04-06 12:45,2026-04-06,338,338,338,338,1445
API,1min,1775458892,2026-04-06 12:46,2026-04-06,338,338,338,338,555
API,1min,1775458969,2026-04-06 12:47,2026-04-06,338,338,338,338,1713
API,1min,1775459038,2026-04-06 12:48,2026-04-06,338,338,338,338,312
API,1min,1775459097,2026-04-06 12:49,2026-04-06,338,338.8,338,338,1079
API,1min,1775459151,2026-04-06 12:50,2026-04-06,338,338,338,338,553
API,1min,1775459189,2026-04-06 12:51,2026-04-06,338,338,338,338,584
API,1min,1775459268,2026-04-06 12:52,2026-04-06,338,338,337.8,337.8,63
API,1min,1775459332,2026-04-06 12:53,2026-04-06,337.8,338,337.8,338,1410
API,1min,1775459389,2026-04-06 12:54,2026-04-06,338,338.6,337.8,338.6,7219
API,1min,1775459454,2026-04-06 12:55,2026-04-06,338.6,338.6,337.6,337.6,3530
API,1min,1775459502,2026-04-06 12:56,2026-04-06,337.6,337.7,337.6,337.7,660
API,1min,1775459576,2026-04-06 12:57,2026-04-06,337.7,337.7,337.7,337.7,1260
API,1min,1775459590,2026-04-06 12:58,2026-04-06,337.7,338,337.7,338,150
API,1min,1775459698,2026-04-06 12:59,2026-04-06,338,338,337.4,337.4,3380
API,1min,1775459750,2026-04-06 13:00,2026-04-06,337.4,337.9,337.4,337.9,2125
API,1min,1775459805,2026-04-06 13:01,2026-04-06,337.9,337.9,337.2,337.2,70
API,1min,1775459860,2026-04-06 13:02,2026-04-06,337.2,337.2,336.8,336.8,4700
API,1min,1775459935,2026-04-06 13:03,2026-04-06,336.8,337.8,336.8,336.9,5120
API,1min,1775459983,2026-04-06 13:04,2026-04-06,336.9,337.8,336.8,336.8,3510
API,1min,1775460008,2026-04-06 13:05,2026-04-06,336.8,336.9,336.8,336.8,5600
API,1min,1775460099,2026-04-06 13:06,2026-04-06,336.8,336.9,336.8,336.8,1000
API,1min,1775460173,2026-04-06 13:07,2026-04-06,336.8,336.8,336,336,2835
API,1min,1775460228,2026-04-06 13:08,2026-04-06,336,336,336,336,1364
API,1min,1775460265,2026-04-06 13:09,2026-04-06,336,336,336,336,2936
API,1min,1775460356,2026-04-06 13:10,2026-04-06,336,336,335,335,5290
API,1min,1775460531,2026-04-06 13:13,2026-04-06,335,336.8,335,335,1007
API,1min,1775460547,2026-04-06 13:14,2026-04-06,335,335,335,335,5310
API,1min,1775460608,2026-04-06 13:15,2026-04-06,335,335,335,335,0
API,1min,1775460715,2026-04-06 13:16,2026-04-06,335,335,335,335,200
API,1min,1775460799,2026-04-06 13:18,2026-04-06,335,336.9,335,336.9,3252
API,1min,1775461016,2026-04-06 13:21,2026-04-06,336.9,336.9,335.5,336.9,4197
API,1min,1775461188,2026-04-06 13:24,2026-04-06,336.9,336.9,336,336,31
API,1min,1775461237,2026-04-06 13:25,2026-04-06,336,337.7,336,337.7,2234
API,1min,1775461319,2026-04-06 13:26,2026-04-06,337.7,337.7,337,337.6,2580
API,1min,1775461367,2026-04-06 13:27,2026-04-06,337.6,337.8,337,337.8,5574
API,1min,1775461390,2026-04-06 13:28,2026-04-06,337.8,337.8,337,337,2339
API,1min,1775461471,2026-04-06 13:29,2026-04-06,337,337.7,337,337.7,3000
API,1min,1775461555,2026-04-06 13:30,2026-04-06,337.7,337.7,337.1,337.7,46
API,1min,1775461617,2026-04-06 13:31,2026-04-06,337.7,337.7,337.5,337.5,22
API,1min,1775461635,2026-04-06 13:32,2026-04-06,337.5,337.5,337.5,337.5,200
API,1min,1775461734,2026-04-06 13:33,2026-04-06,337.5,337.5,337,337.5,648
API,1min,1775461789,2026-04-06 13:34,2026-04-06,337.5,338,337.5,338,1400
API,1min,1775461848,2026-04-06 13:35,2026-04-06,338,338,337,337,1455
API,1min,1775461917,2026-04-06 13:36,2026-04-06,337,337.5,337,337.5,100
API,1min,1775461929,2026-04-06 13:37,2026-04-06,337.5,337.5,337,337,5910
API,1min,1775462022,2026-04-06 13:38,2026-04-06,337,337.9,337,337.9,565
API,1min,1775462079,2026-04-06 13:39,2026-04-06,337.9,338,337.9,338,500
API,1min,1775462128,2026-04-06 13:40,2026-04-06,338,338,338,338,90
API,1min,1775462260,2026-04-06 13:42,2026-04-06,338,338,337.9,337.9,955
API,1min,1775462338,2026-04-06 13:43,2026-04-06,337.9,338,337.6,338,10813
API,1min,1775462375,2026-04-06 13:44,2026-04-06,338,338.5,338,338.5,2394
API,1min,1775462509,2026-04-06 13:46,2026-04-06,338.5,338.5,338,338,227
API,1min,1775462638,2026-04-06 13:48,2026-04-06,338,338.5,338,338.4,710
API,1min,1775462693,2026-04-06 13:49,2026-04-06,338.4,338.4,338.2,338.2,2120
API,1min,1775462754,2026-04-06 13:50,2026-04-06,338.2,338.5,338.2,338.5,2275
API,1min,1775462798,2026-04-06 13:51,2026-04-06,338.5,338.8,338.5,338.8,381
API,1min,1775462873,2026-04-06 13:52,2026-04-06,338.8,338.8,338.1,338.8,3592
API,1min,1775462937,2026-04-06 13:53,2026-04-06,338.8,338.8,338.8,338.8,1000
API,1min,1775462994,2026-04-06 13:54,2026-04-06,338.8,338.8,338.8,338.8,887
API,1min,1775463057,2026-04-06 13:55,2026-04-06,338.8,339,338.8,339,9005
API,1min,1775463112,2026-04-06 13:56,2026-04-06,339,339.6,339,339.6,10692
API,1min,1775463178,2026-04-06 13:57,2026-04-06,339.6,340,339.6,340,14308
API,1min,1775463235,2026-04-06 13:58,2026-04-06,340,340.6,340,340.6,1778
API,1min,1775463298,2026-04-06 13:59,2026-04-06,340.6,340.6,340.1,340.3,1018
API,1min,1775463339,2026-04-06 14:00,2026-04-06,340.3,342,340.3,342,5250
API,1min,1775463416,2026-04-06 14:01,2026-04-06,342,342,342,342,1600
API,1min,1775463458,2026-04-06 14:02,2026-04-06,342,342,342,342,1519
API,1min,1775463533,2026-04-06 14:03,2026-04-06,342,342,341.1,342,666
API,1min,1775463582,2026-04-06 14:04,2026-04-06,342,342,342,342,2310
API,1min,1775463656,2026-04-06 14:05,2026-04-06,342,342,341.9,341.9,1137
API,1min,1775463716,2026-04-06 14:06,2026-04-06,341.9,342,341.9,342,725
API,1min,1775463770,2026-04-06 14:07,2026-04-06,342,343,342,342.9,3700
API,1min,1775463816,2026-04-06 14:08,2026-04-06,342.9,342.9,342.9,342.9,1110
API,1min,1775463897,2026-04-06 14:09,2026-04-06,342.9,343,342.3,342.3,3420
API,1min,1775463959,2026-04-06 14:10,2026-04-06,342.3,343.4,342.3,343.4,2669
API,1min,1775464008,2026-04-06 14:11,2026-04-06,343.4,343.4,342.9,343.3,1776
API,1min,1775464073,2026-04-06 14:12,2026-04-06,343.3,343.3,342,343.3,6700
API,1min,1775464104,2026-04-06 14:13,2026-04-06,343.3,343.3,343.2,343.2,500
API,1min,1775464180,2026-04-06 14:14,2026-04-06,343.2,343.5,343.2,343.5,118
API,1min,1775464247,2026-04-06 14:15,2026-04-06,343.5,343.6,343.5,343.6,964
API,1min,1775464312,2026-04-06 14:16,2026-04-06,343.6,344,343.6,344,5254
API,1min,1775464375,2026-04-06 14:17,2026-04-06,344,344.7,344,344.7,5020
API,1min,1775464433,2026-04-06 14:18,2026-04-06,344.7,345,344.7,345,4400
API,1min,1775464498,2026-04-06 14:19,2026-04-06,345,346,345,346,13829
API,1min,1775464551,2026-04-06 14:20,2026-04-06,346,348,346,348,9120
API,1min,1775464617,2026-04-06 14:21,2026-04-06,348,348,346.1,346.1,731
API,1min,1775464653,2026-04-06 14:22,2026-04-06,346.1,347.8,346.1,347.8,95
API,1min,1775464711,2026-04-06 14:23,2026-04-06,347.8,347.8,347.7,347.7,1577
API,1min,1775464859,2026-04-06 14:25,2026-04-06,347.7,347.7,347.6,347.7,250
API,1min,1775464915,2026-04-06 14:26,2026-04-06,347.7,348,347,348,6944
API,1min,1775464973,2026-04-06 14:27,2026-04-06,348,348,347.7,347.7,2050
API,1min,1775465029,2026-04-06 14:28,2026-04-06,347.7,348,346.2,347.8,2040
API,1min,1775465077,2026-04-06 14:29,2026-04-06,347.8,348,347,347.8,5372
API,1min,1775465135,2026-04-06 14:30,2026-04-06,347.8,347.9,346,346,6660
API,1min,1775465185,2026-04-06 14:31,2026-04-06,346,346,345,345,4380
API,1min,1775465269,2026-04-06 14:32,2026-04-06,345,346,345,346,2630
API,1min,1775465309,2026-04-06 14:33,2026-04-06,346,346,345.2,345.2,1855
API,1min,1775465379,2026-04-06 14:34,2026-04-06,345.2,346.5,345.2,346.5,751
API,1min,1775465457,2026-04-06 14:35,2026-04-06,346.5,347,345.5,347,8230
API,1min,1775465513,2026-04-06 14:36,2026-04-06,347,347,345.2,345.2,5320
API,1min,1775465570,2026-04-06 14:37,2026-04-06,345.2,345.7,345,345.4,5090
API,1min,1775465638,2026-04-06 14:38,2026-04-06,345.4,345.4,345,345,7251
API,1min,1775465699,2026-04-06 14:39,2026-04-06,345,345,344.2,344.2,5572
API,1min,1775465739,2026-04-06 14:40,2026-04-06,344.2,344.2,342,342,7196
API,1min,1775465777,2026-04-06 14:41,2026-04-06,342,342,341,341,8496
API,1min,1775465871,2026-04-06 14:42,2026-04-06,341,341.1,341,341,800
API,1min,1775465909,2026-04-06 14:43,2026-04-06,341,341,341,341,300
API,1min,1775465995,2026-04-06 14:44,2026-04-06,341,342,340.1,342,7607
API,1min,1775466046,2026-04-06 14:45,2026-04-06,342,343,342,343,1924
API,1min,1775466102,2026-04-06 14:46,2026-04-06,343,344,342.9,344,1720
API,1min,1775466154,2026-04-06 14:47,2026-04-06,344,344,342.1,342.1,5774
API,1min,1775466232,2026-04-06 14:48,2026-04-06,342.1,344,342.1,344,1524
API,1min,1775466278,2026-04-06 14:49,2026-04-06,344,344.6,344,344.6,1511
API,1min,1775466347,2026-04-06 14:50,2026-04-06,344.6,345,344.6,345,2345
API,1min,1775466370,2026-04-06 14:51,2026-04-06,345,345,345,345,104
API,1min,1775466470,2026-04-06 14:52,2026-04-06,345,345,344.7,344.7,1416
API,1min,1775466521,2026-04-06 14:53,2026-04-06,344.7,345,344.7,344.7,4730
API,1min,1775466564,2026-04-06 14:54,2026-04-06,344.7,345,344.6,344.6,2228
API,1min,1775466658,2026-04-06 14:55,2026-04-06,344.6,345,344.6,344.6,2735
API,1min,1775466716,2026-04-06 14:56,2026-04-06,344.6,344.9,344.6,344.7,3153
API,1min,1775466775,2026-04-06 14:57,2026-04-06,344.7,344.9,344.7,344.8,2835
API,1min,1775466833,2026-04-06 14:58,2026-04-06,344.8,345,344.8,345,14733
API,1min,1775466899,2026-04-06 14:59,2026-04-06,345,346,345,346,4886
API,1min,1775538957,2026-04-07 11:00,2026-04-07,350,350,345,345,150
API,1min,1775539014,2026-04-07 11:01,2026-04-07,345,350,345,350,1600
API,1min,1775539077,2026-04-07 11:02,2026-04-07,350,350,347.1,349,670
API,1min,1775539127,2026-04-07 11:03,2026-04-07,349,350,349,350,3068
API,1min,1775539198,2026-04-07 11:04,2026-04-07,350,350.8,350,350.8,6050
API,1min,1775539243,2026-04-07 11:05,2026-04-07,350.8,350.8,349.9,349.9,3350
API,1min,1775539308,2026-04-07 11:06,2026-04-07,349.9,349.9,349.8,349.8,1100
API,1min,1775539356,2026-04-07 11:07,2026-04-07,349.8,349.8,348.6,348.6,4794
API,1min,1775539433,2026-04-07 11:08,2026-04-07,348.6,349,348.6,349,1250
API,1min,1775539486,2026-04-07 11:09,2026-04-07,349,349.9,349,349.9,8190
API,1min,1775539557,2026-04-07 11:10,2026-04-07,349.9,349.9,347,348,6540
API,1min,1775539673,2026-04-07 11:12,2026-04-07,348,348,346,347,7420
API,1min,1775539729,2026-04-07 11:13,2026-04-07,347,347.9,346,346,2441
API,1min,1775539778,2026-04-07 11:14,2026-04-07,346,346,345,345,16894
API,1min,1775539851,2026-04-07 11:15,2026-04-07,345,345,343.1,343.3,360
API,1min,1775539887,2026-04-07 11:16,2026-04-07,343.3,345,343.3,343.6,1500
API,1min,1775539941,2026-04-07 11:17,2026-04-07,343.6,343.7,343.6,343.7,113
API,1min,1775540030,2026-04-07 11:18,2026-04-07,343.7,345,343.7,345,1000
API,1min,1775540081,2026-04-07 11:19,2026-04-07,345,346,345,346,1407
API,1min,1775540156,2026-04-07 11:20,2026-04-07,346,347,346,347,2084
API,1min,1775540210,2026-04-07 11:21,2026-04-07,347,347.1,347,347.1,445
API,1min,1775540266,2026-04-07 11:22,2026-04-07,347.1,348.9,347.1,348.9,1001
API,1min,1775540282,2026-04-07 11:23,2026-04-07,348.9,348.9,348.9,348.9,600
API,1min,1775540393,2026-04-07 11:24,2026-04-07,348.9,349.3,348.9,349.3,4000
API,1min,1775540449,2026-04-07 11:25,2026-04-07,349.3,349.4,349,349.4,17
API,1min,1775540508,2026-04-07 11:26,2026-04-07,349.4,349.4,348.3,349,7052
API,1min,1775540575,2026-04-07 11:27,2026-04-07,349,349.2,349,349,744
API,1min,1775540627,2026-04-07 11:28,2026-04-07,349,349,348.6,348.6,5090
API,1min,1775540738,2026-04-07 11:30,2026-04-07,348.6,348.6,348,348,12705
API,1min,1775540809,2026-04-07 11:31,2026-04-07,348,348,348,348,723
API,1min,1775540849,2026-04-07 11:32,2026-04-07,348,348,347.1,347.1,200
API,1min,1775540938,2026-04-07 11:33,2026-04-07,347.1,348,347,347,514
API,1min,1775540958,2026-04-07 11:34,2026-04-07,347,348,347,348,183
API,1min,1775541058,2026-04-07 11:35,2026-04-07,348,348,348,348,1440
API,1min,1775541095,2026-04-07 11:36,2026-04-07,348,349,348,349,1596
API,1min,1775541163,2026-04-07 11:37,2026-04-07,349,349,349,349,500
API,1min,1775541220,2026-04-07 11:38,2026-04-07,349,349,348.5,348.5,156
API,1min,1775541295,2026-04-07 11:39,2026-04-07,348.5,349,348.5,349,1964
API,1min,1775541312,2026-04-07 11:40,2026-04-07,349,349,349,349,0
API,1min,1775541391,2026-04-07 11:41,2026-04-07,349,349,348,348,1831
API,1min,1775541441,2026-04-07 11:42,2026-04-07,348,348,347.1,347.1,0
API,1min,1775541534,2026-04-07 11:43,2026-04-07,347.1,348,347.1,347.9,1834
API,1min,1775541556,2026-04-07 11:44,2026-04-07,347.9,347.9,347.1,347.1,150
API,1min,1775541653,2026-04-07 11:45,2026-04-07,347.1,347.9,347.1,347.9,666
API,1min,1775541718,2026-04-07 11:46,2026-04-07,347.9,347.9,347.1,347.8,813
API,1min,1775541755,2026-04-07 11:47,2026-04-07,347.8,347.8,347,347,765
API,1min,1775541894,2026-04-07 11:49,2026-04-07,347,347,347,347,1599
API,1min,1775541954,2026-04-07 11:50,2026-04-07,347,347,347,347,700
API,1min,1775542012,2026-04-07 11:51,2026-04-07,347,347.8,347,347,250
API,1min,1775542033,2026-04-07 11:52,2026-04-07,347,347,347,347,15
API,1min,1775542132,2026-04-07 11:53,2026-04-07,347,347.9,347,347.5,1524
API,1min,1775542189,2026-04-07 11:54,2026-04-07,347.5,347.5,345,345,20096
API,1min,1775542231,2026-04-07 11:55,2026-04-07,345,347,345,345,3210
API,1min,1775542300,2026-04-07 11:56,2026-04-07,345,346.9,345,345,6175
API,1min,1775542378,2026-04-07 11:57,2026-04-07,345,345.1,345,345,34
API,1min,1775542493,2026-04-07 11:59,2026-04-07,345,346,345,346,3665
API,1min,1775542584,2026-04-07 12:01,2026-04-07,346,346,345,345,1150
API,1min,1775542629,2026-04-07 12:02,2026-04-07,345,345.9,345,345.9,400
API,1min,1775542685,2026-04-07 12:03,2026-04-07,345.9,345.9,345,345,0
API,1min,1775542766,2026-04-07 12:04,2026-04-07,345,345.1,345,345.1,1058
API,1min,1775542848,2026-04-07 12:05,2026-04-07,345.1,346.9,345.1,346.9,2640
API,1min,1775542919,2026-04-07 12:06,2026-04-07,346.9,347,346.9,347,1391
API,1min,1775542976,2026-04-07 12:07,2026-04-07,347,347,347,347,1550
API,1min,1775543020,2026-04-07 12:08,2026-04-07,347,347,347,347,0
API,1min,1775543092,2026-04-07 12:09,2026-04-07,347,347,345.1,345.1,1236
API,1min,1775543149,2026-04-07 12:10,2026-04-07,345.1,345.1,345,345,1000
API,1min,1775543213,2026-04-07 12:11,2026-04-07,345,345.1,345,345,7530
API,1min,1775543222,2026-04-07 12:12,2026-04-07,345,345.1,345,345.1,120
API,1min,1775543331,2026-04-07 12:13,2026-04-07,345.1,345.1,345,345,1701
API,1min,1775543398,2026-04-07 12:14,2026-04-07,345,346,345,345.1,490
API,1min,1775543403,2026-04-07 12:15,2026-04-07,345.1,346,345.1,346,924
API,1min,1775543518,2026-04-07 12:16,2026-04-07,346,346,345.1,345.5,470
API,1min,1775543559,2026-04-07 12:17,2026-04-07,345.5,345.5,345,345,300
API,1min,1775543615,2026-04-07 12:18,2026-04-07,345,345,344.7,344.7,6227
API,1min,1775543647,2026-04-07 12:19,2026-04-07,344.7,345,344.7,345,199
API,1min,1775543750,2026-04-07 12:20,2026-04-07,345,345.1,344.7,344.7,900
API,1min,1775543860,2026-04-07 12:22,2026-04-07,344.7,345,344.7,345,1886
API,1min,1775543934,2026-04-07 12:23,2026-04-07,345,345,344.8,344.8,169
API,1min,1775543988,2026-04-07 12:24,2026-04-07,344.8,344.8,344.7,344.7,765
API,1min,1775544057,2026-04-07 12:25,2026-04-07,344.7,344.7,344.1,344.1,5133
API,1min,1775544113,2026-04-07 12:26,2026-04-07,344.1,344.1,343,343,9808
API,1min,1775544157,2026-04-07 12:27,2026-04-07,343,343,342,342,10283
API,1min,1775544236,2026-04-07 12:28,2026-04-07,342,342,341.7,341.7,5246
API,1min,1775544299,2026-04-07 12:29,2026-04-07,341.7,341.7,341,341,638
API,1min,1775544358,2026-04-07 12:30,2026-04-07,341,341,340.1,340.1,9111
API,1min,1775544419,2026-04-07 12:31,2026-04-07,340.1,340.1,340,340,5075
API,1min,1775544454,2026-04-07 12:32,2026-04-07,340,340.5,340,340,600
API,1min,1775544512,2026-04-07 12:33,2026-04-07,340,341,340,341,3700
API,1min,1775544585,2026-04-07 12:34,2026-04-07,341,342,341,342,1000
API,1min,1775544634,2026-04-07 12:35,2026-04-07,342,343.3,342,343.3,1000
API,1min,1775544687,2026-04-07 12:36,2026-04-07,343.3,343.3,340.5,340.5,0
API,1min,1775544751,2026-04-07 12:37,2026-04-07,340.5,341,340.5,340.5,566
API,1min,1775544797,2026-04-07 12:38,2026-04-07,340.5,340.5,340.5,340.5,0
API,1min,1775544889,2026-04-07 12:39,2026-04-07,340.5,341,340.4,340.5,2275
API,1min,1775544956,2026-04-07 12:40,2026-04-07,340.5,341,340.5,341,750
API,1min,1775545017,2026-04-07 12:41,2026-04-07,341,341,340.6,340.6,1786
API,1min,1775545086,2026-04-07 12:43,2026-04-07,340.6,341,340.6,341,38
API,1min,1775545163,2026-04-07 12:44,2026-04-07,341,343,341,343,1250
API,1min,1775545225,2026-04-07 12:45,2026-04-07,343,344,343,344,492
API,1min,1775545299,2026-04-07 12:46,2026-04-07,344,344.9,344,344.9,654
API,1min,1775545361,2026-04-07 12:47,2026-04-07,344.9,344.9,344.9,344.9,3404
API,1min,1775545409,2026-04-07 12:48,2026-04-07,344.9,345,344.9,345,4375
API,1min,1775545498,2026-04-07 12:49,2026-04-07,345,345,344.1,344.1,200
API,1min,1775545512,2026-04-07 12:50,2026-04-07,344.1,344.1,344,344,800
API,1min,1775545580,2026-04-07 12:51,2026-04-07,344,344.9,344,344.9,130
API,1min,1775545714,2026-04-07 12:53,2026-04-07,344.9,345,344.9,345,1250
API,1min,1775545742,2026-04-07 12:54,2026-04-07,345,345,344,344,1000
API,1min,1775545834,2026-04-07 12:55,2026-04-07,344,344,344,344,1200
API,1min,1775545909,2026-04-07 12:56,2026-04-07,344,344,342.1,342.1,20
API,1min,1775545955,2026-04-07 12:57,2026-04-07,342.1,342.1,342,342,8232
API,1min,1775546001,2026-04-07 12:58,2026-04-07,342,342,341,341,2053
API,1min,1775546099,2026-04-07 12:59,2026-04-07,341,341.5,341,341.5,235
API,1min,1775546203,2026-04-07 13:01,2026-04-07,341.5,343.6,341.5,341.5,793
API,1min,1775546264,2026-04-07 13:02,2026-04-07,341.5,341.5,341,341.5,1010
API,1min,1775546366,2026-04-07 13:04,2026-04-07,341.5,341.5,341,341,600
API,1min,1775546437,2026-04-07 13:05,2026-04-07,341,341.5,341,341.5,400
API,1min,1775546712,2026-04-07 13:10,2026-04-07,341.5,342,341.5,342,10
API,1min,1775546789,2026-04-07 13:11,2026-04-07,342,342,342,342,0
API,1min,1775546865,2026-04-07 13:12,2026-04-07,342,342.9,342,342,10
API,1min,1775547044,2026-04-07 13:15,2026-04-07,342,342.1,342,342,1868
API,1min,1775547088,2026-04-07 13:16,2026-04-07,342,343,342,343,800
API,1min,1775547213,2026-04-07 13:18,2026-04-07,343,343,342,342,40
API,1min,1775547344,2026-04-07 13:20,2026-04-07,342,343,342,343,0
API,1min,1775547500,2026-04-07 13:23,2026-04-07,343,343,342,342,154
API,1min,1775547590,2026-04-07 13:24,2026-04-07,342,342.8,342,342,255
API,1min,1775547693,2026-04-07 13:26,2026-04-07,342,342,342,342,40
API,1min,1775547757,2026-04-07 13:27,2026-04-07,342,342,342,342,510
API,1min,1775547810,2026-04-07 13:28,2026-04-07,342,342.1,342,342.1,0
API,1min,1775547898,2026-04-07 13:29,2026-04-07,342.1,342.9,342,342.9,160
API,1min,1775547955,2026-04-07 13:30,2026-04-07,342.9,342.9,342,342,971
API,1min,1775547996,2026-04-07 13:31,2026-04-07,342,342,342,342,120
API,1min,1775548032,2026-04-07 13:32,2026-04-07,342,342,342,342,80
API,1min,1775548137,2026-04-07 13:33,2026-04-07,342,343,342,342.1,100
API,1min,1775548183,2026-04-07 13:34,2026-04-07,342.1,343,342,342,1134
API,1min,1775548242,2026-04-07 13:35,2026-04-07,342,343,342,343,50
API,1min,1775548318,2026-04-07 13:36,2026-04-07,343,343.9,343,343.9,287
API,1min,1775548375,2026-04-07 13:37,2026-04-07,343.9,343.9,343.5,343.5,1600
API,1min,1775548428,2026-04-07 13:38,2026-04-07,343.5,343.5,343.5,343.5,200
API,1min,1775548498,2026-04-07 13:39,2026-04-07,343.5,343.9,343.1,343.9,237
API,1min,1775548527,2026-04-07 13:40,2026-04-07,343.9,344,343.9,344,240
API,1min,1775548607,2026-04-07 13:41,2026-04-07,344,345,344,345,258
API,1min,1775548676,2026-04-07 13:42,2026-04-07,345,347,345,345.1,12500
API,1min,1775548735,2026-04-07 13:43,2026-04-07,345.1,345.1,341,341,13421
API,1min,1775549030,2026-04-07 13:48,2026-04-07,341,346,341,346,1000
API,1min,1775549070,2026-04-07 13:49,2026-04-07,346,346,345,345,77
API,1min,1775549320,2026-04-07 13:53,2026-04-07,345,345.1,345,345.1,100
API,1min,1775549346,2026-04-07 13:54,2026-04-07,345.1,345.1,345,345,302
API,1min,1775549553,2026-04-07 13:57,2026-04-07,345,345.1,345,345.1,2000
API,1min,1775549593,2026-04-07 13:58,2026-04-07,345.1,346.8,345.1,346.8,0
API,1min,1775549691,2026-04-07 13:59,2026-04-07,346.8,346.8,345,345,1815
API,1min,1775549757,2026-04-07 14:00,2026-04-07,345,345,344,344,0
API,1min,1775549815,2026-04-07 14:01,2026-04-07,344,344,343.1,343.1,260
API,1min,1775549831,2026-04-07 14:02,2026-04-07,343.1,343.1,343,343,2000
API,1min,1775549924,2026-04-07 14:03,2026-04-07,343,343,342.5,342.5,1060
API,1min,1775550056,2026-04-07 14:05,2026-04-07,342.5,343,342.5,343,3200
API,1min,1775550100,2026-04-07 14:06,2026-04-07,343,343,342.1,342.1,1250
API,1min,1775550149,2026-04-07 14:07,2026-04-07,342.1,342.1,342.1,342.1,1376
API,1min,1775550198,2026-04-07 14:08,2026-04-07,342.1,342.1,342,342,1090
API,1min,1775550297,2026-04-07 14:09,2026-04-07,342,342,342,342,900
API,1min,1775550352,2026-04-07 14:10,2026-04-07,342,342.1,342,342.1,380
API,1min,1775550510,2026-04-07 14:13,2026-04-07,342.1,342.1,341.1,341.1,130
API,1min,1775550549,2026-04-07 14:14,2026-04-07,341.1,343.9,341,343.9,7627
API,1min,1775550772,2026-04-07 14:17,2026-04-07,343.9,343.9,341,343,1000
API,1min,1775550894,2026-04-07 14:19,2026-04-07,343,343,341.2,341.2,150
API,1min,1775550990,2026-04-07 14:21,2026-04-07,341.2,341.2,341.2,341.2,110
API,1min,1775551036,2026-04-07 14:22,2026-04-07,341.2,341.2,341.2,341.2,40
API,1min,1775551125,2026-04-07 14:23,2026-04-07,341.2,341.2,341,341,229
API,1min,1775551165,2026-04-07 14:24,2026-04-07,341,341,341,341,30
API,1min,1775551239,2026-04-07 14:25,2026-04-07,341,341,340.7,340.7,1690
API,1min,1775551305,2026-04-07 14:26,2026-04-07,340.7,341,340.6,340.6,928
API,1min,1775551373,2026-04-07 14:27,2026-04-07,340.6,340.8,340.6,340.8,1341
API,1min,1775551437,2026-04-07 14:28,2026-04-07,340.8,340.8,340.7,340.7,452
API,1min,1775551480,2026-04-07 14:29,2026-04-07,340.7,340.7,340.7,340.7,80
API,1min,1775551554,2026-04-07 14:30,2026-04-07,340.7,342,340.7,340.8,20
API,1min,1775551648,2026-04-07 14:32,2026-04-07,340.8,341.5,340.8,341.5,40
API,1min,1775551733,2026-04-07 14:33,2026-04-07,341.5,341.5,341.1,341.1,622
API,1min,1775551746,2026-04-07 14:34,2026-04-07,341.1,341.1,341,341,2093
API,1min,1775551818,2026-04-07 14:35,2026-04-07,341,341,340.8,340.8,2490
API,1min,1775551896,2026-04-07 14:36,2026-04-07,340.8,341.1,340.8,341.1,11955
API,1min,1775551920,2026-04-07 14:37,2026-04-07,341.1,341.5,341.1,341.5,200
API,1min,1775551997,2026-04-07 14:38,2026-04-07,341.5,341.5,340.8,340.8,0
API,1min,1775552065,2026-04-07 14:39,2026-04-07,340.8,340.8,340.4,340.4,2175
API,1min,1775552107,2026-04-07 14:40,2026-04-07,340.4,340.5,340.4,340.5,0
API,1min,1775552226,2026-04-07 14:42,2026-04-07,340.5,340.7,340.5,340.7,159
API,1min,1775552334,2026-04-07 14:43,2026-04-07,340.7,340.7,340.7,340.7,481
API,1min,1775552393,2026-04-07 14:44,2026-04-07,340.7,340.7,340,340,0
API,1min,1775552443,2026-04-07 14:45,2026-04-07,340,340.7,340,340,22300
API,1min,1775552577,2026-04-07 14:47,2026-04-07,340,340.7,340,340,3265
API,1min,1775552616,2026-04-07 14:48,2026-04-07,340,340,340,340,7841
API,1min,1775552642,2026-04-07 14:49,2026-04-07,340,340,339.5,339.5,10
API,1min,1775552752,2026-04-07 14:50,2026-04-07,339.5,341,339.5,341,3187
API,1min,1775552810,2026-04-07 14:51,2026-04-07,341,341,341,341,1590
API,1min,1775552879,2026-04-07 14:52,2026-04-07,341,341.5,341,341.5,2904
API,1min,1775552937,2026-04-07 14:53,2026-04-07,341.5,341.5,341.5,341.5,235
API,1min,1775552993,2026-04-07 14:54,2026-04-07,341.5,341.9,341,341,4536
API,1min,1775553039,2026-04-07 14:55,2026-04-07,341,341,340,340,4516
API,1min,1775553118,2026-04-07 14:56,2026-04-07,340,341,339.2,340,10855
API,1min,1775553171,2026-04-07 14:57,2026-04-07,340,341,340,341,1588
API,1min,1775553236,2026-04-07 14:58,2026-04-07,341,341.9,341,341,854
API,1min,1775553299,2026-04-07 14:59,2026-04-07,341,341.5,340,341.5,9838
API,1min,1775625356,2026-04-08 11:00,2026-04-08,345,345,344,344.1,150
API,1min,1775625391,2026-04-08 11:01,2026-04-08,344.1,345,344.1,344.9,6950
API,1min,1775625441,2026-04-08 11:02,2026-04-08,344.9,345,342,342,1495
API,1min,1775625539,2026-04-08 11:03,2026-04-08,342,344.9,342,344.5,60
API,1min,1775625579,2026-04-08 11:04,2026-04-08,344.5,344.5,344,344,182
API,1min,1775625649,2026-04-08 11:05,2026-04-08,344,346,344,344.5,3100
API,1min,1775625758,2026-04-08 11:07,2026-04-08,344.5,345.5,344.5,345.5,650
API,1min,1775625833,2026-04-08 11:08,2026-04-08,345.5,346.7,345.5,345.9,1050
API,1min,1775625863,2026-04-08 11:09,2026-04-08,345.9,345.9,345.9,345.9,31
API,1min,1775625955,2026-04-08 11:10,2026-04-08,345.9,345.9,345,345,1490
API,1min,1775625993,2026-04-08 11:11,2026-04-08,345,345,345,345,2960
API,1min,1775626057,2026-04-08 11:12,2026-04-08,345,345,344,344,1921
API,1min,1775626099,2026-04-08 11:13,2026-04-08,344,344,344,344,208
API,1min,1775626178,2026-04-08 11:14,2026-04-08,344,344,343.5,343.5,3170
API,1min,1775626233,2026-04-08 11:15,2026-04-08,343.5,343.5,343.5,343.5,1513
API,1min,1775626278,2026-04-08 11:16,2026-04-08,343.5,343.5,343.5,343.5,396
API,1min,1775626367,2026-04-08 11:17,2026-04-08,343.5,344,343.5,344,0
API,1min,1775626439,2026-04-08 11:18,2026-04-08,344,345,344,345,4590
API,1min,1775626468,2026-04-08 11:19,2026-04-08,345,345.9,345,345.9,600
API,1min,1775626592,2026-04-08 11:21,2026-04-08,345.9,345.9,345,345,300
API,1min,1775626633,2026-04-08 11:22,2026-04-08,345,345.1,345,345.1,2750
API,1min,1775626731,2026-04-08 11:23,2026-04-08,345.1,346,345,345,2252
API,1min,1775626794,2026-04-08 11:24,2026-04-08,345,346,345,346,2420
API,1min,1775626858,2026-04-08 11:25,2026-04-08,346,346,344.3,345,450
API,1min,1775626901,2026-04-08 11:26,2026-04-08,345,346,345,346,1050
API,1min,1775626933,2026-04-08 11:27,2026-04-08,346,346,345,345,500
API,1min,1775627036,2026-04-08 11:28,2026-04-08,345,345.1,345,345.1,100
API,1min,1775627092,2026-04-08 11:29,2026-04-08,345.1,346,345.1,346,2700
API,1min,1775627149,2026-04-08 11:30,2026-04-08,346,346.8,345.3,345.3,2303
API,1min,1775627207,2026-04-08 11:31,2026-04-08,345.3,346.8,345.3,345.9,210
API,1min,1775627223,2026-04-08 11:32,2026-04-08,345.9,345.9,345.9,345.9,0
API,1min,1775627329,2026-04-08 11:33,2026-04-08,345.9,345.9,345.5,345.5,250
API,1min,1775627383,2026-04-08 11:34,2026-04-08,345.5,345.5,345.3,345.5,1347
API,1min,1775627509,2026-04-08 11:36,2026-04-08,345.5,345.5,345.5,345.5,100
API,1min,1775627577,2026-04-08 11:37,2026-04-08,345.5,346,344,344,3937
API,1min,1775627699,2026-04-08 11:39,2026-04-08,344,345,344,345,310
API,1min,1775627753,2026-04-08 11:40,2026-04-08,345,346,345,345,4732
API,1min,1775627791,2026-04-08 11:41,2026-04-08,345,346,345,346,166
API,1min,1775627833,2026-04-08 11:42,2026-04-08,346,346,343.7,343.7,1010
API,1min,1775627901,2026-04-08 11:43,2026-04-08,343.7,343.8,343.7,343.8,921
API,1min,1775627968,2026-04-08 11:44,2026-04-08,343.8,345,343.8,344.9,650
API,1min,1775628028,2026-04-08 11:45,2026-04-08,344.9,345.7,344.9,344.9,570
API,1min,1775628066,2026-04-08 11:46,2026-04-08,344.9,345.6,344.9,345.6,100
API,1min,1775628159,2026-04-08 11:47,2026-04-08,345.6,345.6,345,345,495
API,1min,1775628226,2026-04-08 11:48,2026-04-08,345,345.9,345,345.9,4370
API,1min,1775628295,2026-04-08 11:49,2026-04-08,345.9,345.9,345.2,345.9,355
API,1min,1775628331,2026-04-08 11:50,2026-04-08,345.9,345.9,345,345,1000
API,1min,1775628475,2026-04-08 11:52,2026-04-08,345,345.7,345,345,0
API,1min,1775628537,2026-04-08 11:53,2026-04-08,345,345,344.1,344.1,221
API,1min,1775628591,2026-04-08 11:54,2026-04-08,344.1,344.1,344,344,5551
API,1min,1775628715,2026-04-08 11:56,2026-04-08,344,344,343,344,2896
API,1min,1775628863,2026-04-08 11:59,2026-04-08,344,344,343,343,60
API,1min,1775628977,2026-04-08 12:01,2026-04-08,343,344,343,344,130
API,1min,1775629062,2026-04-08 12:02,2026-04-08,344,344,344,344,263
API,1min,1775629115,2026-04-08 12:03,2026-04-08,344,344.8,344,344.8,14
API,1min,1775629185,2026-04-08 12:04,2026-04-08,344.8,344.8,344.8,344.8,135
API,1min,1775629225,2026-04-08 12:05,2026-04-08,344.8,344.8,343,343,3500
API,1min,1775629392,2026-04-08 12:08,2026-04-08,343,343.2,343,343.2,0
API,1min,1775629482,2026-04-08 12:09,2026-04-08,343.2,345,343.2,345,12044
API,1min,1775629544,2026-04-08 12:10,2026-04-08,345,345.8,344.8,345.7,1865
API,1min,1775629571,2026-04-08 12:11,2026-04-08,345.7,345.8,345.7,345.8,10
API,1min,1775629663,2026-04-08 12:12,2026-04-08,345.8,345.8,345,345,10
API,1min,1775629683,2026-04-08 12:13,2026-04-08,345,345,345,345,10
API,1min,1775629857,2026-04-08 12:15,2026-04-08,345,345,344.1,344.1,6875
API,1min,1775629914,2026-04-08 12:16,2026-04-08,344.1,345.8,344.1,345,280
API,1min,1775629962,2026-04-08 12:17,2026-04-08,345,346.9,345,346.9,10595
API,1min,1775630027,2026-04-08 12:18,2026-04-08,346.9,346.9,345.1,345.1,542
API,1min,1775630050,2026-04-08 12:19,2026-04-08,345.1,345.7,345.1,345.7,200
API,1min,1775630213,2026-04-08 12:21,2026-04-08,345.7,346,345,346,1900
API,1min,1775630315,2026-04-08 12:23,2026-04-08,346,346,345.1,345.1,110
API,1min,1775630391,2026-04-08 12:24,2026-04-08,345.1,346,345.1,346,0
API,1min,1775630452,2026-04-08 12:25,2026-04-08,346,346,345.9,345.9,480
API,1min,1775630498,2026-04-08 12:26,2026-04-08,345.9,346,345.9,346,1615
API,1min,1775630636,2026-04-08 12:28,2026-04-08,346,346.4,346,346,1020
API,1min,1775630817,2026-04-08 12:31,2026-04-08,346,346,346,346,2056
API,1min,1775630860,2026-04-08 12:32,2026-04-08,346,346.4,346,346,390
API,1min,1775630931,2026-04-08 12:33,2026-04-08,346,346.4,346,346.4,50
API,1min,1775631051,2026-04-08 12:35,2026-04-08,346.4,346.4,346,346.4,617
API,1min,1775631111,2026-04-08 12:36,2026-04-08,346.4,346.5,346.4,346.5,33
API,1min,1775631177,2026-04-08 12:37,2026-04-08,346.5,349.8,346.5,349.8,14756
API,1min,1775631284,2026-04-08 12:39,2026-04-08,349.8,349.8,347.1,347.9,530
API,1min,1775631300,2026-04-08 12:40,2026-04-08,347.9,347.9,347,347,428
API,1min,1775631415,2026-04-08 12:41,2026-04-08,347,348,347,348,150
API,1min,1775631503,2026-04-08 12:43,2026-04-08,348,349,348,349,2104
API,1min,1775631581,2026-04-08 12:44,2026-04-08,349,349,348.9,349,519
API,1min,1775631608,2026-04-08 12:45,2026-04-08,349,349.5,349,349.5,10
API,1min,1775631718,2026-04-08 12:46,2026-04-08,349.5,349.7,348.5,348.5,3191
API,1min,1775631741,2026-04-08 12:47,2026-04-08,348.5,348.5,348.5,348.5,80
API,1min,1775631810,2026-04-08 12:48,2026-04-08,348.5,349,348.5,349,100
API,1min,1775631888,2026-04-08 12:49,2026-04-08,349,349.4,349,349.4,450
API,1min,1775631954,2026-04-08 12:50,2026-04-08,349.4,349.5,349,349,1740
API,1min,1775631981,2026-04-08 12:51,2026-04-08,349,349.6,349,349.6,950
API,1min,1775632054,2026-04-08 12:52,2026-04-08,349.6,349.6,349.5,349.5,350
API,1min,1775632177,2026-04-08 12:54,2026-04-08,349.5,349.8,348.1,348.1,7515
API,1min,1775632253,2026-04-08 12:55,2026-04-08,348.1,348.8,348.1,348.8,0
API,1min,1775632311,2026-04-08 12:56,2026-04-08,348.8,349.9,348.8,349.9,5600
API,1min,1775632347,2026-04-08 12:57,2026-04-08,349.9,349.9,349,349.8,510
API,1min,1775632433,2026-04-08 12:58,2026-04-08,349.8,350,349,350,18850
API,1min,1775632482,2026-04-08 12:59,2026-04-08,350,350,349.5,349.5,20
API,1min,1775632547,2026-04-08 13:00,2026-04-08,349.5,350,349.5,350,600
API,1min,1775632582,2026-04-08 13:01,2026-04-08,350,350,349.1,349.1,890
API,1min,1775632669,2026-04-08 13:02,2026-04-08,349.1,349.1,348.9,348.9,221
API,1min,1775632799,2026-04-08 13:04,2026-04-08,348.9,349.9,348.9,349.9,700
API,1min,1775632852,2026-04-08 13:05,2026-04-08,349.9,349.9,349,349,240
API,1min,1775632904,2026-04-08 13:06,2026-04-08,349,349,349,349,540
API,1min,1775632963,2026-04-08 13:07,2026-04-08,349,349,348.4,348.4,12600
API,1min,1775633011,2026-04-08 13:08,2026-04-08,348.4,348.4,348,348,8768
API,1min,1775633082,2026-04-08 13:09,2026-04-08,348,348,347,347,22934
API,1min,1775633123,2026-04-08 13:10,2026-04-08,347,347,345.1,347,4900
API,1min,1775633211,2026-04-08 13:11,2026-04-08,347,347,345,345,20000
API,1min,1775633328,2026-04-08 13:13,2026-04-08,345,345.5,345,345.5,650
API,1min,1775633379,2026-04-08 13:14,2026-04-08,345.5,345.5,345.1,345.5,4055
API,1min,1775633407,2026-04-08 13:15,2026-04-08,345.5,345.5,345.5,345.5,28
API,1min,1775633512,2026-04-08 13:16,2026-04-08,345.5,345.5,345.2,345.5,0
API,1min,1775633635,2026-04-08 13:18,2026-04-08,345.5,346,345.5,346,2457
API,1min,1775633731,2026-04-08 13:20,2026-04-08,346,346.5,346,346.5,700
API,1min,1775633813,2026-04-08 13:21,2026-04-08,346.5,346.9,346.5,346.9,0
API,1min,1775633837,2026-04-08 13:22,2026-04-08,346.9,346.9,346.9,346.9,0
API,1min,1775633906,2026-04-08 13:23,2026-04-08,346.9,346.9,346.6,346.6,3905
API,1min,1775633954,2026-04-08 13:24,2026-04-08,346.6,346.6,346.6,346.6,10
API,1min,1775634028,2026-04-08 13:25,2026-04-08,346.6,346.9,346.6,346.9,95
API,1min,1775634105,2026-04-08 13:26,2026-04-08,346.9,347,346.9,347,355
API,1min,1775634129,2026-04-08 13:27,2026-04-08,347,347.5,347,347.5,200
API,1min,1775634228,2026-04-08 13:28,2026-04-08,347.5,347.5,346.1,346.1,3000
API,1min,1775634283,2026-04-08 13:29,2026-04-08,346.1,346.3,346.1,346.3,86
API,1min,1775634337,2026-04-08 13:30,2026-04-08,346.3,346.3,346.3,346.3,48
API,1min,1775634386,2026-04-08 13:31,2026-04-08,346.3,346.4,346.3,346.4,12
API,1min,1775634441,2026-04-08 13:32,2026-04-08,346.4,347.5,346.4,347.5,30
API,1min,1775634565,2026-04-08 13:34,2026-04-08,347.5,347.5,347.4,347.4,27
API,1min,1775634719,2026-04-08 13:36,2026-04-08,347.4,348,347.4,348,2030
API,1min,1775634894,2026-04-08 13:39,2026-04-08,348,348,347,348,521
API,1min,1775634939,2026-04-08 13:40,2026-04-08,348,348,347,347,44
API,1min,1775635137,2026-04-08 13:43,2026-04-08,347,347,346.7,346.7,965
API,1min,1775635192,2026-04-08 13:44,2026-04-08,346.7,346.7,346.6,346.6,2075
API,1min,1775635256,2026-04-08 13:45,2026-04-08,346.6,346.7,346.4,346.4,3434
API,1min,1775635316,2026-04-08 13:46,2026-04-08,346.4,346.4,346.1,346.1,2654
API,1min,1775635371,2026-04-08 13:47,2026-04-08,346.1,346.1,346.1,346.1,4338
API,1min,1775635418,2026-04-08 13:48,2026-04-08,346.1,346.1,345.6,345.6,0
API,1min,1775635489,2026-04-08 13:49,2026-04-08,345.6,345.6,345.6,345.6,8371
API,1min,1775635550,2026-04-08 13:50,2026-04-08,345.6,346.1,345.1,345.1,11535
API,1min,1775635601,2026-04-08 13:51,2026-04-08,345.1,345.1,345.1,345.1,720
API,1min,1775635660,2026-04-08 13:52,2026-04-08,345.1,345.1,345.1,345.1,950
API,1min,1775635707,2026-04-08 13:53,2026-04-08,345.1,345.1,345.1,345.1,4000
API,1min,1775635775,2026-04-08 13:54,2026-04-08,345.1,345.1,345.1,345.1,1400
API,1min,1775635910,2026-04-08 13:56,2026-04-08,345.1,345.1,345,345.1,4041
API,1min,1775635961,2026-04-08 13:57,2026-04-08,345.1,345.9,345.1,345.9,2000
API,1min,1775635998,2026-04-08 13:58,2026-04-08,345.9,346,345.9,346,2000
API,1min,1775636211,2026-04-08 14:01,2026-04-08,346,346,345.6,346,30
API,1min,1775636245,2026-04-08 14:02,2026-04-08,346,346,346,346,230
API,1min,1775636335,2026-04-08 14:03,2026-04-08,346,346,346,346,893
API,1min,1775636504,2026-04-08 14:06,2026-04-08,346,347,346,347,1000
API,1min,1775636653,2026-04-08 14:09,2026-04-08,347,347,346,346,0
API,1min,1775636817,2026-04-08 14:11,2026-04-08,346,346,345.2,345.2,1100
API,1min,1775636869,2026-04-08 14:12,2026-04-08,345.2,346,345.2,346,3065
API,1min,1775636980,2026-04-08 14:14,2026-04-08,346,346.7,346,346.7,300
API,1min,1775637012,2026-04-08 14:15,2026-04-08,346.7,346.7,345,345,10000
API,1min,1775637117,2026-04-08 14:16,2026-04-08,345,346,345,345.1,2200
API,1min,1775637156,2026-04-08 14:17,2026-04-08,345.1,345.1,345,345,13742
API,1min,1775637204,2026-04-08 14:18,2026-04-08,345,345,345,345,258
API,1min,1775637284,2026-04-08 14:19,2026-04-08,345,346.1,345,345,3296
API,1min,1775637344,2026-04-08 14:20,2026-04-08,345,345,345,345,0
API,1min,1775637394,2026-04-08 14:21,2026-04-08,345,345,345,345,174
API,1min,1775637477,2026-04-08 14:22,2026-04-08,345,345,344.8,345,4876
API,1min,1775637592,2026-04-08 14:24,2026-04-08,345,345,344.8,344.8,524
API,1min,1775637659,2026-04-08 14:25,2026-04-08,344.8,344.8,344.6,344.6,717
API,1min,1775637704,2026-04-08 14:26,2026-04-08,344.6,344.8,343,343,14692
API,1min,1775637759,2026-04-08 14:27,2026-04-08,343,343,343,343,1138
API,1min,1775637828,2026-04-08 14:28,2026-04-08,343,343.1,343,343,71
API,1min,1775637865,2026-04-08 14:29,2026-04-08,343,343.1,343,343.1,103
API,1min,1775638049,2026-04-08 14:32,2026-04-08,343.1,344.9,343.1,344.9,304
API,1min,1775638249,2026-04-08 14:35,2026-04-08,344.9,344.9,344,344,100
API,1min,1775638315,2026-04-08 14:36,2026-04-08,344,344,343.6,344,0
API,1min,1775638374,2026-04-08 14:37,2026-04-08,344,344.9,344,344.9,3001
API,1min,1775638422,2026-04-08 14:38,2026-04-08,344.9,344.9,344.9,344.9,0
API,1min,1775638487,2026-04-08 14:39,2026-04-08,344.9,345,344,345,5902
API,1min,1775638552,2026-04-08 14:40,2026-04-08,345,345,344.1,344.1,25
API,1min,1775638590,2026-04-08 14:41,2026-04-08,344.1,345,344.1,345,2041
API,1min,1775638654,2026-04-08 14:42,2026-04-08,345,346,345,345,5620
API,1min,1775638720,2026-04-08 14:43,2026-04-08,345,345,345,345,1969
API,1min,1775638781,2026-04-08 14:44,2026-04-08,345,346,345,346,100
API,1min,1775638819,2026-04-08 14:45,2026-04-08,346,346.6,345.2,346.6,1034
API,1min,1775638902,2026-04-08 14:46,2026-04-08,346.6,346.6,345.4,346,280
API,1min,1775638954,2026-04-08 14:47,2026-04-08,346,346,346,346,700
API,1min,1775639002,2026-04-08 14:48,2026-04-08,346,346,346,346,250
API,1min,1775639056,2026-04-08 14:49,2026-04-08,346,346.5,346,346,1452
API,1min,1775639151,2026-04-08 14:50,2026-04-08,346,346.9,346,346.9,235
API,1min,1775639213,2026-04-08 14:51,2026-04-08,346.9,346.9,346,346.1,2903
API,1min,1775639278,2026-04-08 14:52,2026-04-08,346.1,347,346.1,347,0
API,1min,1775639337,2026-04-08 14:53,2026-04-08,347,347.5,347,347,8910
API,1min,1775639349,2026-04-08 14:54,2026-04-08,347,347,347,347,2000
API,1min,1775639450,2026-04-08 14:55,2026-04-08,347,347.9,347,347.7,2631
API,1min,1775639513,2026-04-08 14:56,2026-04-08,347.7,348,347.2,347.2,10969
API,1min,1775639573,2026-04-08 14:57,2026-04-08,347.2,348,347,347.2,9162
API,1min,1775639633,2026-04-08 14:58,2026-04-08,347.2,348,347,347,4337
API,1min,1775639699,2026-04-08 14:59,2026-04-08,347,350,347,349,34205
API,1min,1775711914,2026-04-09 11:03,2026-04-09,347,347,347,347,605
API,1min,1775711975,2026-04-09 11:04,2026-04-09,347,347,345.1,345.1,395
API,1min,1775712041,2026-04-09 11:05,2026-04-09,345.1,349,345.1,346,3671
API,1min,1775712106,2026-04-09 11:06,2026-04-09,346,348.9,346,348.9,0
API,1min,1775712151,2026-04-09 11:07,2026-04-09,348.9,349,347.1,347.1,780
API,1min,1775712231,2026-04-09 11:08,2026-04-09,347.1,347.1,346,347,6390
API,1min,1775712294,2026-04-09 11:09,2026-04-09,347,348,347,348,794
API,1min,1775712358,2026-04-09 11:10,2026-04-09,348,348,345,346,5067
API,1min,1775712412,2026-04-09 11:11,2026-04-09,346,346,344,345,1680
API,1min,1775712446,2026-04-09 11:12,2026-04-09,345,345,345,345,365
API,1min,1775712519,2026-04-09 11:13,2026-04-09,345,345,345,345,289
API,1min,1775712591,2026-04-09 11:14,2026-04-09,345,347,345,347,2193
API,1min,1775712716,2026-04-09 11:16,2026-04-09,347,347,347,347,235
API,1min,1775712758,2026-04-09 11:17,2026-04-09,347,348,347,348,1000
API,1min,1775712899,2026-04-09 11:19,2026-04-09,348,349,348,349,1175
API,1min,1775712937,2026-04-09 11:20,2026-04-09,349,349,348.5,349,680
API,1min,1775713007,2026-04-09 11:21,2026-04-09,349,349,348.5,348.5,200
API,1min,1775713070,2026-04-09 11:22,2026-04-09,348.5,349,348.5,349,400
API,1min,1775713097,2026-04-09 11:23,2026-04-09,349,349.7,349,349,1015
API,1min,1775713173,2026-04-09 11:24,2026-04-09,349,349.8,349,349.8,100
API,1min,1775713243,2026-04-09 11:25,2026-04-09,349.8,349.8,349,349,1050
API,1min,1775713308,2026-04-09 11:26,2026-04-09,349,349.9,349,349.9,145
API,1min,1775713434,2026-04-09 11:28,2026-04-09,349.9,350,349.9,350,10431
API,1min,1775713466,2026-04-09 11:29,2026-04-09,350,350.7,350,350.7,20
API,1min,1775713553,2026-04-09 11:30,2026-04-09,350.7,352,350.7,352,90
API,1min,1775713617,2026-04-09 11:31,2026-04-09,352,352,352,352,6106
API,1min,1775713657,2026-04-09 11:32,2026-04-09,352,352,352,352,600
API,1min,1775713773,2026-04-09 11:34,2026-04-09,352,352,351.1,351.1,1000
API,1min,1775713853,2026-04-09 11:35,2026-04-09,351.1,352,351.1,352,167
API,1min,1775713913,2026-04-09 11:36,2026-04-09,352,352.4,352,352.1,870
API,1min,1775713978,2026-04-09 11:37,2026-04-09,352.1,352.1,352,352,2155
API,1min,1775714031,2026-04-09 11:38,2026-04-09,352,352.2,352,352.1,1820
API,1min,1775714069,2026-04-09 11:39,2026-04-09,352.1,352.3,352,352.3,1370
API,1min,1775714145,2026-04-09 11:40,2026-04-09,352.3,352.3,352.2,352.3,90
API,1min,1775714174,2026-04-09 11:41,2026-04-09,352.3,352.3,351,351,0
API,1min,1775714262,2026-04-09 11:42,2026-04-09,351,352,351,352,2347
API,1min,1775714334,2026-04-09 11:43,2026-04-09,352,352,352,352,1480
API,1min,1775714377,2026-04-09 11:44,2026-04-09,352,352,352,352,730
API,1min,1775714449,2026-04-09 11:45,2026-04-09,352,352,352,352,1060
API,1min,1775714518,2026-04-09 11:46,2026-04-09,352,354,352,353,13226
API,1min,1775714577,2026-04-09 11:47,2026-04-09,353,354.5,350,354,11970
API,1min,1775714585,2026-04-09 11:48,2026-04-09,354,354.9,354,354.9,9000
API,1min,1775714666,2026-04-09 11:49,2026-04-09,354.9,354.9,354.6,354.7,825
API,1min,1775714758,2026-04-09 11:50,2026-04-09,354.7,354.7,352.3,354,0
API,1min,1775714799,2026-04-09 11:51,2026-04-09,354,354,354,354,361
API,1min,1775714838,2026-04-09 11:52,2026-04-09,354,354,354,354,790
API,1min,1775714919,2026-04-09 11:53,2026-04-09,354,354,354,354,2100
API,1min,1775714980,2026-04-09 11:54,2026-04-09,354,354,353,353,1500
API,1min,1775715044,2026-04-09 11:55,2026-04-09,353,353.1,352,352,10145
API,1min,1775715113,2026-04-09 11:56,2026-04-09,352,352,351.2,351.5,2625
API,1min,1775715179,2026-04-09 11:57,2026-04-09,351.5,352,351.2,352,2750
API,1min,1775715225,2026-04-09 11:58,2026-04-09,352,352,352,352,1000
API,1min,1775715270,2026-04-09 11:59,2026-04-09,352,352,350.2,350.2,2216
API,1min,1775715355,2026-04-09 12:00,2026-04-09,350.2,351,350.2,350.3,511
API,1min,1775715362,2026-04-09 12:01,2026-04-09,350.3,350.3,350.2,350.2,1000
API,1min,1775715475,2026-04-09 12:02,2026-04-09,350.2,352.3,350.2,352.3,1138
API,1min,1775715539,2026-04-09 12:03,2026-04-09,352.3,352.5,352,352,540
API,1min,1775715574,2026-04-09 12:04,2026-04-09,352,352.9,352,352,2250
API,1min,1775715618,2026-04-09 12:05,2026-04-09,352,352,352,352,75
API,1min,1775715760,2026-04-09 12:07,2026-04-09,352,352,351.2,352,3960
API,1min,1775715804,2026-04-09 12:08,2026-04-09,352,352.7,352,352.7,150
API,1min,1775715889,2026-04-09 12:09,2026-04-09,352.7,352.7,352,352.7,287
API,1min,1775715944,2026-04-09 12:10,2026-04-09,352.7,352.7,352,352,1100
API,1min,1775716013,2026-04-09 12:11,2026-04-09,352,353,352,353,6850
API,1min,1775716038,2026-04-09 12:12,2026-04-09,353,353,352.1,352.1,1244
API,1min,1775716080,2026-04-09 12:13,2026-04-09,352.1,352.9,352.1,352.9,1500
API,1min,1775716193,2026-04-09 12:14,2026-04-09,352.9,352.9,352.2,352.2,45
API,1min,1775716219,2026-04-09 12:15,2026-04-09,352.2,352.2,352.2,352.2,0
API,1min,1775716289,2026-04-09 12:16,2026-04-09,352.2,352.2,352,352,1605
API,1min,1775716370,2026-04-09 12:17,2026-04-09,352,352,352,352,537
API,1min,1775716399,2026-04-09 12:18,2026-04-09,352,352,352,352,400
API,1min,1775716467,2026-04-09 12:19,2026-04-09,352,352,352,352,151
API,1min,1775716548,2026-04-09 12:20,2026-04-09,352,352.6,352,352.6,2500
API,1min,1775716607,2026-04-09 12:21,2026-04-09,352.6,352.6,351.6,352.4,1950
API,1min,1775716652,2026-04-09 12:22,2026-04-09,352.4,352.4,352,352,420
API,1min,1775716723,2026-04-09 12:23,2026-04-09,352,352,351.6,352,1400
API,1min,1775716797,2026-04-09 12:24,2026-04-09,352,352.9,351.8,352,500
API,1min,1775716846,2026-04-09 12:25,2026-04-09,352,352,352,352,13340
API,1min,1775716868,2026-04-09 12:26,2026-04-09,352,352,351.7,351.7,3000
API,1min,1775716957,2026-04-09 12:27,2026-04-09,351.7,352,351.7,352,1250
API,1min,1775716985,2026-04-09 12:28,2026-04-09,352,352.8,352,352.8,200
API,1min,1775717093,2026-04-09 12:29,2026-04-09,352.8,352.8,352.8,352.8,1200
API,1min,1775717158,2026-04-09 12:30,2026-04-09,352.8,352.8,352,352,524
API,1min,1775717188,2026-04-09 12:31,2026-04-09,352,352,351.8,351.8,0
API,1min,1775717251,2026-04-09 12:32,2026-04-09,351.8,352,351.8,352,3276
API,1min,1775717330,2026-04-09 12:33,2026-04-09,352,352,352,352,410
API,1min,1775717399,2026-04-09 12:34,2026-04-09,352,352,351.8,352,1115
API,1min,1775717452,2026-04-09 12:35,2026-04-09,352,352,352,352,2911
API,1min,1775717496,2026-04-09 12:36,2026-04-09,352,352,350.5,350.5,16300
API,1min,1775717598,2026-04-09 12:38,2026-04-09,350.5,350.5,350.5,350.5,71
API,1min,1775717694,2026-04-09 12:39,2026-04-09,350.5,350.6,350,350,14838
API,1min,1775717747,2026-04-09 12:40,2026-04-09,350,350,350,350,1550
API,1min,1775717879,2026-04-09 12:42,2026-04-09,350,351.8,350,351.8,2122
API,1min,1775717939,2026-04-09 12:43,2026-04-09,351.8,352,351.8,352,3430
API,1min,1775717996,2026-04-09 12:44,2026-04-09,352,352,352,352,0
API,1min,1775718058,2026-04-09 12:45,2026-04-09,352,352.4,352,352.4,4834
API,1min,1775718117,2026-04-09 12:46,2026-04-09,352.4,352.5,352,352,11200
API,1min,1775718146,2026-04-09 12:47,2026-04-09,352,352,352,352,2044
API,1min,1775718215,2026-04-09 12:48,2026-04-09,352,352,351.3,351.3,46
API,1min,1775718288,2026-04-09 12:49,2026-04-09,351.3,352,351.3,352,870
API,1min,1775718335,2026-04-09 12:50,2026-04-09,352,352,352,352,604
API,1min,1775718407,2026-04-09 12:51,2026-04-09,352,352.5,352,352.5,1100
API,1min,1775718471,2026-04-09 12:52,2026-04-09,352.5,353.7,352.1,353.7,3014
API,1min,1775718497,2026-04-09 12:53,2026-04-09,353.7,354,353.7,354,3863
API,1min,1775718599,2026-04-09 12:54,2026-04-09,354,354,353,353,15348
API,1min,1775718652,2026-04-09 12:55,2026-04-09,353,353.7,353,353.7,32
API,1min,1775718688,2026-04-09 12:56,2026-04-09,353.7,354,353.7,354,729
API,1min,1775718773,2026-04-09 12:57,2026-04-09,354,354,353.8,353.8,2518
API,1min,1775718818,2026-04-09 12:58,2026-04-09,353.8,353.9,353.8,353.9,950
API,1min,1775718883,2026-04-09 12:59,2026-04-09,353.9,354.1,353.8,354,2300
API,1min,1775718935,2026-04-09 13:00,2026-04-09,354,354,354,354,520
API,1min,1775718999,2026-04-09 13:01,2026-04-09,354,354,353.9,353.9,80
API,1min,1775719073,2026-04-09 13:02,2026-04-09,353.9,353.9,353.8,353.8,120
API,1min,1775719137,2026-04-09 13:03,2026-04-09,353.8,353.8,353.3,353.5,909
API,1min,1775719189,2026-04-09 13:04,2026-04-09,353.5,353.8,353.5,353.5,1071
API,1min,1775719242,2026-04-09 13:05,2026-04-09,353.5,353.5,353.4,353.4,1138
API,1min,1775719302,2026-04-09 13:06,2026-04-09,353.4,353.9,353.4,353.4,1161
API,1min,1775719375,2026-04-09 13:07,2026-04-09,353.4,353.6,353.4,353.6,799
API,1min,1775719430,2026-04-09 13:08,2026-04-09,353.6,353.6,353.5,353.5,700
API,1min,1775719495,2026-04-09 13:09,2026-04-09,353.5,353.6,353.4,353.5,1340
API,1min,1775719549,2026-04-09 13:10,2026-04-09,353.5,353.7,353.5,353.7,379
API,1min,1775719575,2026-04-09 13:11,2026-04-09,353.7,353.9,353.7,353.9,786
API,1min,1775719670,2026-04-09 13:12,2026-04-09,353.9,354,353.9,354,8374
API,1min,1775719718,2026-04-09 13:13,2026-04-09,354,354,353.2,353.2,2350
API,1min,1775719793,2026-04-09 13:14,2026-04-09,353.2,354,353.2,353.2,1400
API,1min,1775719857,2026-04-09 13:15,2026-04-09,353.2,353.5,353,353,2014
API,1min,1775719911,2026-04-09 13:16,2026-04-09,353,353,353,353,8000
API,1min,1775719972,2026-04-09 13:17,2026-04-09,353,353,353,353,422
API,1min,1775719986,2026-04-09 13:18,2026-04-09,353,353.8,353,353.8,1000
API,1min,1775720093,2026-04-09 13:19,2026-04-09,353.8,354,353.8,354,4595
API,1min,1775720154,2026-04-09 13:20,2026-04-09,354,354.5,354,354.1,10733
API,1min,1775720199,2026-04-09 13:21,2026-04-09,354.1,354.1,353,353,659
API,1min,1775720255,2026-04-09 13:22,2026-04-09,353,353.7,353,353.7,2687
API,1min,1775720334,2026-04-09 13:23,2026-04-09,353.7,353.7,353,353.7,7491
API,1min,1775720397,2026-04-09 13:24,2026-04-09,353.7,353.9,353.2,353.2,2914
API,1min,1775720452,2026-04-09 13:25,2026-04-09,353.2,354,353.1,354,12169
API,1min,1775720509,2026-04-09 13:26,2026-04-09,354,354,354,354,7400
API,1min,1775720562,2026-04-09 13:27,2026-04-09,354,354,353.2,353.7,1020
API,1min,1775720639,2026-04-09 13:28,2026-04-09,353.7,353.7,353.2,353.7,1040
API,1min,1775720659,2026-04-09 13:29,2026-04-09,353.7,353.7,353.2,353.2,2037
API,1min,1775720744,2026-04-09 13:30,2026-04-09,353.2,353.5,353.2,353.2,1615
API,1min,1775720814,2026-04-09 13:31,2026-04-09,353.2,353.2,353.1,353.1,3018
API,1min,1775720867,2026-04-09 13:32,2026-04-09,353.1,353.2,353.1,353.2,0
API,1min,1775720938,2026-04-09 13:33,2026-04-09,353.2,353.7,353.1,353.6,9679
API,1min,1775720963,2026-04-09 13:34,2026-04-09,353.6,353.6,353.1,353.1,10000
API,1min,1775721029,2026-04-09 13:35,2026-04-09,353.1,353.2,353.1,353.2,18
API,1min,1775721095,2026-04-09 13:36,2026-04-09,353.2,353.8,353.2,353.2,1436
API,1min,1775721350,2026-04-09 13:40,2026-04-09,353.2,353.5,353.2,353.5,1090
API,1min,1775721408,2026-04-09 13:41,2026-04-09,353.5,354,353.1,353.1,11820
API,1min,1775721465,2026-04-09 13:42,2026-04-09,353.1,353.1,353,353,9062
API,1min,1775721538,2026-04-09 13:43,2026-04-09,353,353,353,353,920
API,1min,1775721590,2026-04-09 13:44,2026-04-09,353,353,352.5,352.5,50
API,1min,1775721631,2026-04-09 13:45,2026-04-09,352.5,352.9,352.4,352.4,466
API,1min,1775721679,2026-04-09 13:46,2026-04-09,352.4,353,352.4,352.5,600
API,1min,1775721772,2026-04-09 13:47,2026-04-09,352.5,354,352.5,353,3371
API,1min,1775721808,2026-04-09 13:48,2026-04-09,353,354,353,354,1010
API,1min,1775721854,2026-04-09 13:49,2026-04-09,354,354,354,354,0
API,1min,1775721935,2026-04-09 13:50,2026-04-09,354,354,353,353.8,1728
API,1min,1775722015,2026-04-09 13:51,2026-04-09,353.8,354,353.8,354,865
API,1min,1775722076,2026-04-09 13:52,2026-04-09,354,354,353,353,1198
API,1min,1775722083,2026-04-09 13:53,2026-04-09,353,354,353,354,2400
API,1min,1775722150,2026-04-09 13:54,2026-04-09,354,354,353.3,353.3,0
API,1min,1775722243,2026-04-09 13:55,2026-04-09,353.3,353.3,353,353,4050
API,1min,1775722301,2026-04-09 13:56,2026-04-09,353,354.9,353,354.9,8914
API,1min,1775722325,2026-04-09 13:57,2026-04-09,354.9,354.9,354,354,1086
API,1min,1775722428,2026-04-09 13:58,2026-04-09,354,354,354,354,1800
API,1min,1775722468,2026-04-09 13:59,2026-04-09,354,354,353,353,160
API,1min,1775722542,2026-04-09 14:00,2026-04-09,353,353.9,353,353.9,92
API,1min,1775722615,2026-04-09 14:01,2026-04-09,353.9,354,353.9,354,80
API,1min,1775722677,2026-04-09 14:02,2026-04-09,354,354,353,353,10281
API,1min,1775722796,2026-04-09 14:04,2026-04-09,353,353,353,353,12000
API,1min,1775722842,2026-04-09 14:05,2026-04-09,353,353,352.9,353,5466
API,1min,1775722905,2026-04-09 14:06,2026-04-09,353,353,352.2,353,7960
API,1min,1775722955,2026-04-09 14:07,2026-04-09,353,353,352,352,7500
API,1min,1775723092,2026-04-09 14:09,2026-04-09,352,352.9,351,351,6904
API,1min,1775723155,2026-04-09 14:10,2026-04-09,351,352,351,352,4191
API,1min,1775723189,2026-04-09 14:11,2026-04-09,352,352,351.1,351.1,1000
API,1min,1775723243,2026-04-09 14:12,2026-04-09,351.1,351.1,350.2,351.1,1523
API,1min,1775723398,2026-04-09 14:14,2026-04-09,351.1,351.1,350,350.2,20315
API,1min,1775723446,2026-04-09 14:15,2026-04-09,350.2,351.1,350.2,350.4,380
API,1min,1775723489,2026-04-09 14:16,2026-04-09,350.4,351,350.4,350.6,1671
API,1min,1775723579,2026-04-09 14:17,2026-04-09,350.6,351.1,350.6,351.1,343
API,1min,1775723620,2026-04-09 14:18,2026-04-09,351.1,351.8,351.1,351.1,540
API,1min,1775723699,2026-04-09 14:19,2026-04-09,351.1,351.4,351.1,351.4,1233
API,1min,1775723742,2026-04-09 14:20,2026-04-09,351.4,351.8,351.1,351.1,160
API,1min,1775723814,2026-04-09 14:21,2026-04-09,351.1,351.8,351.1,351.8,3185
API,1min,1775723875,2026-04-09 14:22,2026-04-09,351.8,351.9,351.2,351.2,20628
API,1min,1775723894,2026-04-09 14:23,2026-04-09,351.2,351.9,351.2,351.9,50
API,1min,1775723982,2026-04-09 14:24,2026-04-09,351.9,351.9,351.2,351.2,12649
API,1min,1775724050,2026-04-09 14:25,2026-04-09,351.2,352,351.2,351.9,1750
API,1min,1775724094,2026-04-09 14:26,2026-04-09,351.9,351.9,351.2,351.9,6010
API,1min,1775724178,2026-04-09 14:27,2026-04-09,351.9,351.9,351.5,351.5,744
API,1min,1775724229,2026-04-09 14:28,2026-04-09,351.5,352,351.5,352,135
API,1min,1775724297,2026-04-09 14:29,2026-04-09,352,352,352,352,2770
API,1min,1775724321,2026-04-09 14:30,2026-04-09,352,352.9,352,352.9,700
API,1min,1775724411,2026-04-09 14:31,2026-04-09,352.9,352.9,352,352,1941
API,1min,1775724479,2026-04-09 14:32,2026-04-09,352,353,352,353,3409
API,1min,1775724531,2026-04-09 14:33,2026-04-09,353,353,353,353,1100
API,1min,1775724581,2026-04-09 14:34,2026-04-09,353,353,353,353,9377
API,1min,1775724639,2026-04-09 14:35,2026-04-09,353,353,352.2,352.2,27000
API,1min,1775724703,2026-04-09 14:36,2026-04-09,352.2,353,352.2,353,1075
API,1min,1775724734,2026-04-09 14:37,2026-04-09,353,353,353,353,0
API,1min,1775724815,2026-04-09 14:38,2026-04-09,353,353.7,353,353,13660
API,1min,1775724888,2026-04-09 14:39,2026-04-09,353,353.7,353,353.7,623
API,1min,1775724939,2026-04-09 14:40,2026-04-09,353.7,354.9,353,353,27212
API,1min,1775725009,2026-04-09 14:41,2026-04-09,353,354.8,353,354.8,4098
API,1min,1775725077,2026-04-09 14:42,2026-04-09,354.8,354.8,353.9,354,150
API,1min,1775725112,2026-04-09 14:43,2026-04-09,354,354,353.3,354,1323
API,1min,1775725192,2026-04-09 14:44,2026-04-09,354,354.5,354,354.5,2013
API,1min,1775725251,2026-04-09 14:45,2026-04-09,354.5,354.7,354,354,5123
API,1min,1775725313,2026-04-09 14:46,2026-04-09,354,354,353.6,353.6,2113
API,1min,1775725338,2026-04-09 14:47,2026-04-09,353.6,354,353.6,353.6,1550
API,1min,1775725425,2026-04-09 14:48,2026-04-09,353.6,354,353.5,353.5,4197
API,1min,1775725488,2026-04-09 14:49,2026-04-09,353.5,353.5,353.2,353.2,5316
API,1min,1775725557,2026-04-09 14:50,2026-04-09,353.2,353.2,353,353,4272
API,1min,1775725593,2026-04-09 14:51,2026-04-09,353,353,352.5,352.5,1773
API,1min,1775725676,2026-04-09 14:52,2026-04-09,352.5,353,352.5,353,1264
API,1min,1775725724,2026-04-09 14:53,2026-04-09,353,353.1,353,353.1,5039
API,1min,1775725797,2026-04-09 14:54,2026-04-09,353.1,353.2,353,353.2,2814
API,1min,1775725851,2026-04-09 14:55,2026-04-09,353.2,353.2,353,353,7139
API,1min,1775725910,2026-04-09 14:56,2026-04-09,353,353.2,353,353.1,3971
API,1min,1775725972,2026-04-09 14:57,2026-04-09,353.1,353.1,353,353,16974
API,1min,1775726020,2026-04-09 14:58,2026-04-09,353,353,352.6,352.6,10081
API,1min,1775726099,2026-04-09 14:59,2026-04-09,352.6,352.9,352,352.2,21582
API,1min,1775798273,2026-04-10 11:02,2026-04-10,354,354,353,353,8050
API,1min,1775798316,2026-04-10 11:03,2026-04-10,353,353,353,353,550
API,1min,1775798379,2026-04-10 11:04,2026-04-10,353,353,353,353,1460
API,1min,1775798420,2026-04-10 11:05,2026-04-10,353,353,350,350,976
API,1min,1775798515,2026-04-10 11:06,2026-04-10,350,351,350,350,5200
API,1min,1775798579,2026-04-10 11:07,2026-04-10,350,352,350,352,100
API,1min,1775798615,2026-04-10 11:08,2026-04-10,352,353,352,353,92
API,1min,1775798697,2026-04-10 11:09,2026-04-10,353,353,352,352,608
API,1min,1775798741,2026-04-10 11:10,2026-04-10,352,352,351.5,351.5,3152
API,1min,1775798775,2026-04-10 11:11,2026-04-10,351.5,352,351.5,351.9,570
API,1min,1775798878,2026-04-10 11:12,2026-04-10,351.9,351.9,351.9,351.9,277
API,1min,1775798884,2026-04-10 11:13,2026-04-10,351.9,352,351.9,352,75
API,1min,1775798985,2026-04-10 11:14,2026-04-10,352,352,351,351,651
API,1min,1775799045,2026-04-10 11:15,2026-04-10,351,351,350.1,350.1,14448
API,1min,1775799132,2026-04-10 11:17,2026-04-10,350.1,352,350.1,352,60
API,1min,1775799225,2026-04-10 11:18,2026-04-10,352,352,351,351,1292
API,1min,1775799257,2026-04-10 11:19,2026-04-10,351,351,351,351,30
API,1min,1775799330,2026-04-10 11:20,2026-04-10,351,351,351,351,1198
API,1min,1775799394,2026-04-10 11:21,2026-04-10,351,351,350.2,350.2,8617
API,1min,1775799467,2026-04-10 11:22,2026-04-10,350.2,350.2,350,350,2520
API,1min,1775799526,2026-04-10 11:23,2026-04-10,350,350.1,350,350.1,1580
API,1min,1775799571,2026-04-10 11:24,2026-04-10,350.1,350.7,350.1,350.7,475
API,1min,1775799647,2026-04-10 11:25,2026-04-10,350.7,350.7,350.7,350.7,160
API,1min,1775799710,2026-04-10 11:26,2026-04-10,350.7,350.9,350,350,3929
API,1min,1775799775,2026-04-10 11:27,2026-04-10,350,350,349,350,1820
API,1min,1775799826,2026-04-10 11:28,2026-04-10,350,351,349,351,9705
API,1min,1775799882,2026-04-10 11:29,2026-04-10,351,352,351,352,2241
API,1min,1775799919,2026-04-10 11:30,2026-04-10,352,352,352,352,759
API,1min,1775800067,2026-04-10 11:32,2026-04-10,352,352,352,352,0
API,1min,1775800111,2026-04-10 11:33,2026-04-10,352,352,351,351,750
API,1min,1775800154,2026-04-10 11:34,2026-04-10,351,351,351,351,500
API,1min,1775800223,2026-04-10 11:35,2026-04-10,351,352,351,352,700
API,1min,1775800319,2026-04-10 11:36,2026-04-10,352,352,350,350,2100
API,1min,1775800366,2026-04-10 11:37,2026-04-10,350,350,350,350,13565
API,1min,1775800480,2026-04-10 11:39,2026-04-10,350,352,350,352,4455
API,1min,1775800510,2026-04-10 11:40,2026-04-10,352,352,350,350,1020
API,1min,1775800604,2026-04-10 11:41,2026-04-10,350,350,350,350,2270
API,1min,1775800628,2026-04-10 11:42,2026-04-10,350,351,350,351,50
API,1min,1775800737,2026-04-10 11:43,2026-04-10,351,351,350.1,351,1460
API,1min,1775800794,2026-04-10 11:44,2026-04-10,351,351,350.5,350.5,500
API,1min,1775800859,2026-04-10 11:45,2026-04-10,350.5,350.5,350.1,350.1,1000
API,1min,1775800910,2026-04-10 11:46,2026-04-10,350.1,350.2,350.1,350.2,500
API,1min,1775800949,2026-04-10 11:47,2026-04-10,350.2,351,350.2,351,2033
API,1min,1775801032,2026-04-10 11:48,2026-04-10,351,352.8,350.2,352.8,1936
API,1min,1775801081,2026-04-10 11:49,2026-04-10,352.8,352.8,350,350,1300
API,1min,1775801135,2026-04-10 11:50,2026-04-10,350,350,350,350,7973
API,1min,1775801391,2026-04-10 11:54,2026-04-10,350,350.2,349.6,350.2,7560
API,1min,1775801425,2026-04-10 11:55,2026-04-10,350.2,350.2,350,350.2,293
API,1min,1775801636,2026-04-10 11:58,2026-04-10,350.2,351,350.2,351,1000
API,1min,1775801756,2026-04-10 12:00,2026-04-10,351,351,351,351,20
API,1min,1775801812,2026-04-10 12:01,2026-04-10,351,351,350.3,351,670
API,1min,1775801863,2026-04-10 12:02,2026-04-10,351,351,350,350.2,3210
API,1min,1775801886,2026-04-10 12:03,2026-04-10,350.2,350.2,350.2,350.2,1000
API,1min,1775802053,2026-04-10 12:05,2026-04-10,350.2,350.2,350,350,0
API,1min,1775802108,2026-04-10 12:06,2026-04-10,350,350,349.7,350,877
API,1min,1775802152,2026-04-10 12:07,2026-04-10,350,350,349.6,349.6,1700
API,1min,1775802213,2026-04-10 12:08,2026-04-10,349.6,350,349.6,350,1257
API,1min,1775802345,2026-04-10 12:10,2026-04-10,350,350,349.6,349.6,1500
API,1min,1775802418,2026-04-10 12:11,2026-04-10,349.6,349.8,349.3,349.3,5733
API,1min,1775802476,2026-04-10 12:12,2026-04-10,349.3,349.3,349.2,349.2,1310
API,1min,1775802539,2026-04-10 12:13,2026-04-10,349.2,349.2,349,349.1,6940
API,1min,1775802575,2026-04-10 12:14,2026-04-10,349.1,349.3,349.1,349.1,8150
API,1min,1775802658,2026-04-10 12:15,2026-04-10,349.1,349.1,349,349,3897
API,1min,1775802699,2026-04-10 12:16,2026-04-10,349,349,348.5,348.5,796
API,1min,1775802758,2026-04-10 12:17,2026-04-10,348.5,348.6,348.5,348.6,200
API,1min,1775802832,2026-04-10 12:18,2026-04-10,348.6,348.6,348.5,348.6,12535
API,1min,1775802896,2026-04-10 12:19,2026-04-10,348.6,348.6,348.1,348.1,4802
API,1min,1775802943,2026-04-10 12:20,2026-04-10,348.1,348.1,347.8,347.8,16299
API,1min,1775803017,2026-04-10 12:21,2026-04-10,347.8,347.8,347,347.1,11650
API,1min,1775803026,2026-04-10 12:22,2026-04-10,347.1,347.1,347,347,0
API,1min,1775803123,2026-04-10 12:23,2026-04-10,347,347,346,346.1,18405
API,1min,1775803192,2026-04-10 12:24,2026-04-10,346.1,346.6,346,346.6,6634
API,1min,1775803247,2026-04-10 12:25,2026-04-10,346.6,347,346.6,347,899
API,1min,1775803308,2026-04-10 12:26,2026-04-10,347,347,347,347,2828
API,1min,1775803375,2026-04-10 12:27,2026-04-10,347,348,347,348,3379
API,1min,1775803424,2026-04-10 12:28,2026-04-10,348,348.9,348,348.9,0
API,1min,1775803497,2026-04-10 12:29,2026-04-10,348.9,349,348.9,349,2950
API,1min,1775803547,2026-04-10 12:30,2026-04-10,349,349,349,349,1103
API,1min,1775803618,2026-04-10 12:31,2026-04-10,349,349,349,349,760
API,1min,1775803667,2026-04-10 12:32,2026-04-10,349,349.9,348,348,5735
API,1min,1775803719,2026-04-10 12:33,2026-04-10,348,348,348,348,6000
API,1min,1775803792,2026-04-10 12:34,2026-04-10,348,349.8,348,349.8,521
API,1min,1775803852,2026-04-10 12:35,2026-04-10,349.8,349.8,348.9,348.9,2010
API,1min,1775803914,2026-04-10 12:36,2026-04-10,348.9,348.9,348,348,4922
API,1min,1775803930,2026-04-10 12:37,2026-04-10,348,348,348,348,1250
API,1min,1775804021,2026-04-10 12:38,2026-04-10,348,348,347.1,347.1,8250
API,1min,1775804095,2026-04-10 12:39,2026-04-10,347.1,347.1,347,347,302
API,1min,1775804150,2026-04-10 12:40,2026-04-10,347,347.1,347,347,134
API,1min,1775804202,2026-04-10 12:41,2026-04-10,347,347,346.5,346.5,1887
API,1min,1775804258,2026-04-10 12:42,2026-04-10,346.5,347,346.5,347,360
API,1min,1775804283,2026-04-10 12:43,2026-04-10,347,347,347,347,40
API,1min,1775804388,2026-04-10 12:44,2026-04-10,347,347,346.8,346.8,0
API,1min,1775804428,2026-04-10 12:45,2026-04-10,346.8,347.1,346.8,347.1,1447
API,1min,1775804592,2026-04-10 12:48,2026-04-10,347.1,347.1,346.8,346.8,467
API,1min,1775804649,2026-04-10 12:49,2026-04-10,346.8,346.8,346.8,346.8,33
API,1min,1775804802,2026-04-10 12:51,2026-04-10,346.8,347,346.8,346.8,2100
API,1min,1775804841,2026-04-10 12:52,2026-04-10,346.8,346.8,346.8,346.8,530
API,1min,1775804905,2026-04-10 12:53,2026-04-10,346.8,347.5,346.8,347,53
API,1min,1775805002,2026-04-10 12:55,2026-04-10,347,347,347,347,52
API,1min,1775805118,2026-04-10 12:56,2026-04-10,347,347.1,347,347.1,460
API,1min,1775805177,2026-04-10 12:57,2026-04-10,347.1,347.5,347.1,347.5,70
API,1min,1775805236,2026-04-10 12:58,2026-04-10,347.5,347.9,347.5,347.9,2627
API,1min,1775805290,2026-04-10 12:59,2026-04-10,347.9,348,347.9,348,1549
API,1min,1775805357,2026-04-10 13:00,2026-04-10,348,348.5,348,348.5,1663
API,1min,1775805395,2026-04-10 13:01,2026-04-10,348.5,348.9,348.5,348.9,325
API,1min,1775805443,2026-04-10 13:02,2026-04-10,348.9,348.9,348,348,1254
API,1min,1775805512,2026-04-10 13:03,2026-04-10,348,348,348,348,0
API,1min,1775805591,2026-04-10 13:04,2026-04-10,348,349.9,348,349.9,2516
API,1min,1775805700,2026-04-10 13:06,2026-04-10,349.9,349.9,348,348,300
API,1min,1775805839,2026-04-10 13:08,2026-04-10,348,348.1,348,348.1,1000
API,1min,1775805889,2026-04-10 13:09,2026-04-10,348.1,349.8,348.1,349.8,200
API,1min,1775806013,2026-04-10 13:11,2026-04-10,349.8,349.8,349,349.8,35
API,1min,1775806031,2026-04-10 13:12,2026-04-10,349.8,349.8,349,349,30
API,1min,1775806134,2026-04-10 13:13,2026-04-10,349,349,348.4,349,151
API,1min,1775806162,2026-04-10 13:14,2026-04-10,349,349,349,349,100
API,1min,1775806221,2026-04-10 13:15,2026-04-10,349,349,348.4,348.4,119
API,1min,1775806425,2026-04-10 13:18,2026-04-10,348.4,348.5,348.3,348.3,621
API,1min,1775806492,2026-04-10 13:19,2026-04-10,348.3,348.5,348.1,348.5,5172
API,1min,1775806542,2026-04-10 13:20,2026-04-10,348.5,348.5,348.2,348.5,1420
API,1min,1775806611,2026-04-10 13:21,2026-04-10,348.5,349,348.5,349,5337
API,1min,1775806667,2026-04-10 13:22,2026-04-10,349,350,348.3,350,21840
API,1min,1775806724,2026-04-10 13:23,2026-04-10,350,350,350,350,0
API,1min,1775806769,2026-04-10 13:24,2026-04-10,350,350,349.9,349.9,245
API,1min,1775806855,2026-04-10 13:25,2026-04-10,349.9,350,349.9,350,2500
API,1min,1775806906,2026-04-10 13:26,2026-04-10,350,350,350,350,3000
API,1min,1775806976,2026-04-10 13:27,2026-04-10,350,350,350,350,2000
API,1min,1775807005,2026-04-10 13:28,2026-04-10,350,350,350,350,1400
API,1min,1775807089,2026-04-10 13:29,2026-04-10,350,350.2,350,350.2,505
API,1min,1775807191,2026-04-10 13:31,2026-04-10,350.2,351,350.2,351,950
API,1min,1775807262,2026-04-10 13:32,2026-04-10,351,351,350.3,350.3,1800
API,1min,1775807306,2026-04-10 13:33,2026-04-10,350.3,350.3,350.3,350.3,100
API,1min,1775807353,2026-04-10 13:34,2026-04-10,350.3,350.9,350.3,350.9,1000
API,1min,1775807458,2026-04-10 13:35,2026-04-10,350.9,351,350.9,351,20610
API,1min,1775807519,2026-04-10 13:36,2026-04-10,351,351,351,351,1010
API,1min,1775807557,2026-04-10 13:37,2026-04-10,351,351,351,351,103
API,1min,1775807589,2026-04-10 13:38,2026-04-10,351,351,351,351,286
API,1min,1775807694,2026-04-10 13:39,2026-04-10,351,352,351,352,26023
API,1min,1775807708,2026-04-10 13:40,2026-04-10,352,352.8,352,352.8,500
API,1min,1775807794,2026-04-10 13:41,2026-04-10,352.8,352.8,352.8,352.8,10
API,1min,1775807874,2026-04-10 13:42,2026-04-10,352.8,352.9,352.8,352.9,700
API,1min,1775807934,2026-04-10 13:43,2026-04-10,352.9,353,352.9,353,1925
API,1min,1775807990,2026-04-10 13:44,2026-04-10,353,353,353,353,670
API,1min,1775808023,2026-04-10 13:45,2026-04-10,353,353,353,353,910
API,1min,1775808110,2026-04-10 13:46,2026-04-10,353,353.5,353,353.5,450
API,1min,1775808170,2026-04-10 13:47,2026-04-10,353.5,353.5,353,353.5,668
API,1min,1775808226,2026-04-10 13:48,2026-04-10,353.5,353.5,353.1,353.1,1000
API,1min,1775808292,2026-04-10 13:49,2026-04-10,353.1,353.1,353,353,5730
API,1min,1775808354,2026-04-10 13:50,2026-04-10,353,353,353,353,2500
API,1min,1775808395,2026-04-10 13:51,2026-04-10,353,353,352,352,3010
API,1min,1775808440,2026-04-10 13:52,2026-04-10,352,353,352,353,0
API,1min,1775808535,2026-04-10 13:53,2026-04-10,353,353.4,353,353.4,3125
API,1min,1775808592,2026-04-10 13:54,2026-04-10,353.4,353.4,352,352,7450
API,1min,1775808657,2026-04-10 13:55,2026-04-10,352,352,351,351,6145
API,1min,1775808714,2026-04-10 13:56,2026-04-10,351,351,350.5,350.5,4943
API,1min,1775808773,2026-04-10 13:57,2026-04-10,350.5,350.6,350.4,350.4,4411
API,1min,1775808794,2026-04-10 13:58,2026-04-10,350.4,350.4,350.3,350.3,200
API,1min,1775808890,2026-04-10 13:59,2026-04-10,350.3,350.3,350.3,350.3,1770
API,1min,1775808908,2026-04-10 14:00,2026-04-10,350.3,350.3,350.3,350.3,148
API,1min,1775809016,2026-04-10 14:01,2026-04-10,350.3,350.3,350.1,350.1,2080
API,1min,1775809021,2026-04-10 14:02,2026-04-10,350.1,350.1,350.1,350.1,125
API,1min,1775809080,2026-04-10 14:03,2026-04-10,350.1,350.3,350.1,350.3,263
API,1min,1775809191,2026-04-10 14:04,2026-04-10,350.3,352,350.3,352,2297
API,1min,1775809251,2026-04-10 14:05,2026-04-10,352,352,351,351,3073
API,1min,1775809313,2026-04-10 14:06,2026-04-10,351,351,350.6,350.6,4238
API,1min,1775809423,2026-04-10 14:08,2026-04-10,350.6,352,350.6,352,518
API,1min,1775809466,2026-04-10 14:09,2026-04-10,352,352,350.9,350.9,400
API,1min,1775809545,2026-04-10 14:10,2026-04-10,350.9,352,350.9,351,20
API,1min,1775809700,2026-04-10 14:13,2026-04-10,351,352,351,352,500
API,1min,1775809818,2026-04-10 14:15,2026-04-10,352,352,351.3,351.3,323
API,1min,1775809870,2026-04-10 14:16,2026-04-10,351.3,351.3,351.1,351.1,250
API,1min,1775809925,2026-04-10 14:17,2026-04-10,351.1,352.1,351.1,352.1,1113
API,1min,1775810013,2026-04-10 14:18,2026-04-10,352.1,352.1,351.2,351.2,54
API,1min,1775810096,2026-04-10 14:19,2026-04-10,351.2,352.1,351.2,352.1,294
API,1min,1775810115,2026-04-10 14:20,2026-04-10,352.1,352.3,352.1,352.3,690
API,1min,1775810194,2026-04-10 14:21,2026-04-10,352.3,352.6,352.3,352.3,239
API,1min,1775810275,2026-04-10 14:22,2026-04-10,352.3,353,351.2,351.2,9887
API,1min,1775810326,2026-04-10 14:23,2026-04-10,351.2,352.2,351.2,352.2,28
API,1min,1775810373,2026-04-10 14:24,2026-04-10,352.2,352.2,351.3,352,226
API,1min,1775810441,2026-04-10 14:25,2026-04-10,352,352,351.3,351.3,769
API,1min,1775810482,2026-04-10 14:26,2026-04-10,351.3,351.3,351.2,351.2,620
API,1min,1775810569,2026-04-10 14:27,2026-04-10,351.2,352,351,351,2219
API,1min,1775810622,2026-04-10 14:28,2026-04-10,351,351,351,351,2291
API,1min,1775810687,2026-04-10 14:29,2026-04-10,351,351,350.6,350.6,1850
API,1min,1775810729,2026-04-10 14:30,2026-04-10,350.6,351.6,350.5,351.6,86
API,1min,1775810769,2026-04-10 14:31,2026-04-10,351.6,351.6,350.5,350.5,26
API,1min,1775810868,2026-04-10 14:32,2026-04-10,350.5,351.7,350.5,350.5,10122
API,1min,1775810931,2026-04-10 14:33,2026-04-10,350.5,351,350.1,351,2390
API,1min,1775810961,2026-04-10 14:34,2026-04-10,351,351.7,350,350,11191
API,1min,1775811019,2026-04-10 14:35,2026-04-10,350,351.7,350,351.7,10
API,1min,1775811090,2026-04-10 14:36,2026-04-10,351.7,351.7,350.7,351.7,164
API,1min,1775811282,2026-04-10 14:39,2026-04-10,351.7,351.7,351.7,351.7,0
API,1min,1775811410,2026-04-10 14:41,2026-04-10,351.7,351.7,351,351.7,2115
API,1min,1775811468,2026-04-10 14:42,2026-04-10,351.7,351.7,351,351,0
API,1min,1775811523,2026-04-10 14:43,2026-04-10,351,351,351,351,5351
API,1min,1775811598,2026-04-10 14:44,2026-04-10,351,351.6,351,351.1,2650
API,1min,1775811644,2026-04-10 14:45,2026-04-10,351.1,351.1,351,351,1349
API,1min,1775811715,2026-04-10 14:46,2026-04-10,351,351,350.7,350.7,346
API,1min,1775811767,2026-04-10 14:47,2026-04-10,350.7,350.7,350.6,350.6,0
API,1min,1775811827,2026-04-10 14:48,2026-04-10,350.6,350.7,350,350,9651
API,1min,1775811898,2026-04-10 14:49,2026-04-10,350,350.1,350,350.1,729
API,1min,1775811957,2026-04-10 14:50,2026-04-10,350.1,350.1,350,350,12000
API,1min,1775812016,2026-04-10 14:51,2026-04-10,350,351,350,350,5016
API,1min,1775812075,2026-04-10 14:52,2026-04-10,350,350.8,350,350.8,3052
API,1min,1775812135,2026-04-10 14:53,2026-04-10,350.8,350.8,350,350,8058
API,1min,1775812181,2026-04-10 14:54,2026-04-10,350,350.1,350,350.1,1082
API,1min,1775812243,2026-04-10 14:55,2026-04-10,350.1,350.1,350,350.1,4263
API,1min,1775812290,2026-04-10 14:56,2026-04-10,350.1,350.9,350.1,350.1,1030
API,1min,1775812371,2026-04-10 14:57,2026-04-10,350.1,352,350.1,351,7372
API,1min,1775812439,2026-04-10 14:58,2026-04-10,351,352,350.2,351.9,10802
API,1min,1775812499,2026-04-10 14:59,2026-04-10,351.9,351.9,350.3,351,6618
API,1min,1776057350,2026-04-13 11:00,2026-04-13,351,351,351,351,100
API,1min,1776057417,2026-04-13 11:01,2026-04-13,351,351,349,349,1150
API,1min,1776057470,2026-04-13 11:02,2026-04-13,349,349,349,349,790
API,1min,1776057515,2026-04-13 11:03,2026-04-13,349,350,348.4,350,2180
API,1min,1776057591,2026-04-13 11:04,2026-04-13,350,351,348.5,348.5,1600
API,1min,1776057649,2026-04-13 11:05,2026-04-13,348.5,350.8,348.5,349,550
API,1min,1776057711,2026-04-13 11:06,2026-04-13,349,350.8,349,350.7,853
API,1min,1776057740,2026-04-13 11:07,2026-04-13,350.7,350.8,350.7,350.8,250
API,1min,1776057822,2026-04-13 11:08,2026-04-13,350.8,353,350.7,353,3069
API,1min,1776057880,2026-04-13 11:09,2026-04-13,353,353,352.9,352.9,5108
API,1min,1776057923,2026-04-13 11:10,2026-04-13,352.9,352.9,352.1,352.1,300
API,1min,1776057995,2026-04-13 11:11,2026-04-13,352.1,353,352,352,1770
API,1min,1776058065,2026-04-13 11:12,2026-04-13,352,353,352,353,900
API,1min,1776058093,2026-04-13 11:13,2026-04-13,353,353,351,351,10
API,1min,1776058171,2026-04-13 11:14,2026-04-13,351,351,351,351,225
API,1min,1776058253,2026-04-13 11:15,2026-04-13,351,352,351,352,800
API,1min,1776058309,2026-04-13 11:16,2026-04-13,352,352.5,352,352.5,312
API,1min,1776058367,2026-04-13 11:17,2026-04-13,352.5,352.5,352,352,500
API,1min,1776058388,2026-04-13 11:18,2026-04-13,352,352,352,352,0
API,1min,1776058470,2026-04-13 11:19,2026-04-13,352,352,352,352,2850
API,1min,1776058531,2026-04-13 11:20,2026-04-13,352,352,352,352,66
API,1min,1776058612,2026-04-13 11:21,2026-04-13,352,352,351.7,351.9,46
API,1min,1776058669,2026-04-13 11:22,2026-04-13,351.9,352,351.6,352,4050
API,1min,1776058734,2026-04-13 11:23,2026-04-13,352,352,352,352,1010
API,1min,1776058771,2026-04-13 11:24,2026-04-13,352,352,351.1,351.1,28
API,1min,1776058894,2026-04-13 11:26,2026-04-13,351.1,351.1,351.1,351.1,2489
API,1min,1776058958,2026-04-13 11:27,2026-04-13,351.1,351.1,350.2,350.2,350
API,1min,1776058992,2026-04-13 11:28,2026-04-13,350.2,350.2,350.2,350.2,600
API,1min,1776059151,2026-04-13 11:30,2026-04-13,350.2,350.2,350.1,350.1,1148
API,1min,1776059278,2026-04-13 11:32,2026-04-13,350.1,351,350.1,351,647
API,1min,1776059330,2026-04-13 11:33,2026-04-13,351,351,351,351,1449
API,1min,1776059452,2026-04-13 11:35,2026-04-13,351,351,350,350,5066
API,1min,1776059514,2026-04-13 11:36,2026-04-13,350,350,350,350,0
API,1min,1776059577,2026-04-13 11:37,2026-04-13,350,351,350,351,2300
API,1min,1776059638,2026-04-13 11:38,2026-04-13,351,351,350,350,4397
API,1min,1776059647,2026-04-13 11:39,2026-04-13,350,350,350,350,1403
API,1min,1776059706,2026-04-13 11:40,2026-04-13,350,351,350,351,100
API,1min,1776059805,2026-04-13 11:41,2026-04-13,351,351,350,350,0
API,1min,1776059994,2026-04-13 11:44,2026-04-13,350,350.7,350,350.7,3400
API,1min,1776060013,2026-04-13 11:45,2026-04-13,350.7,351,350.7,351,0
API,1min,1776060073,2026-04-13 11:46,2026-04-13,351,351,351,351,1532
API,1min,1776060232,2026-04-13 11:48,2026-04-13,351,351.1,351,351.1,414
API,1min,1776060295,2026-04-13 11:49,2026-04-13,351.1,352,351.1,352,6665
API,1min,1776060306,2026-04-13 11:50,2026-04-13,352,352,352,352,100
API,1min,1776060381,2026-04-13 11:51,2026-04-13,352,352.1,352,352.1,180
API,1min,1776060516,2026-04-13 11:53,2026-04-13,352.1,352.1,352.1,352.1,1000
API,1min,1776060599,2026-04-13 11:54,2026-04-13,352.1,353,352.1,353,8530
API,1min,1776060647,2026-04-13 11:55,2026-04-13,353,353,352,352,3918
API,1min,1776060744,2026-04-13 11:57,2026-04-13,352,352,352,352,630
API,1min,1776060818,2026-04-13 11:58,2026-04-13,352,352,351.7,351.7,1500
API,1min,1776060857,2026-04-13 11:59,2026-04-13,351.7,351.7,351.3,351.3,825
API,1min,1776060952,2026-04-13 12:00,2026-04-13,351.3,351.3,351.3,351.3,40
API,1min,1776061008,2026-04-13 12:01,2026-04-13,351.3,351.3,351.1,351.1,100
API,1min,1776061026,2026-04-13 12:02,2026-04-13,351.1,351.1,351.1,351.1,100
API,1min,1776061128,2026-04-13 12:03,2026-04-13,351.1,353,351.1,353,2918
API,1min,1776061298,2026-04-13 12:06,2026-04-13,353,353.5,351.2,351.2,50
API,1min,1776061369,2026-04-13 12:07,2026-04-13,351.2,351.2,351.1,351.1,5166
API,1min,1776061424,2026-04-13 12:08,2026-04-13,351.1,352.5,351.1,352.5,490
API,1min,1776061490,2026-04-13 12:09,2026-04-13,352.5,352.6,352.5,352.6,535
API,1min,1776061594,2026-04-13 12:11,2026-04-13,352.6,353,352.6,353,666
API,1min,1776061669,2026-04-13 12:12,2026-04-13,353,353,352.6,352.6,27
API,1min,1776061734,2026-04-13 12:13,2026-04-13,352.6,352.6,352.5,352.5,500
API,1min,1776061795,2026-04-13 12:14,2026-04-13,352.5,352.6,352.5,352.6,2478
API,1min,1776061837,2026-04-13 12:15,2026-04-13,352.6,352.6,350.7,350.7,5385
API,1min,1776061964,2026-04-13 12:17,2026-04-13,350.7,352,350.7,352,1301
API,1min,1776062001,2026-04-13 12:18,2026-04-13,352,352,352,352,233
API,1min,1776062139,2026-04-13 12:20,2026-04-13,352,352,350.9,350.9,355
API,1min,1776062282,2026-04-13 12:23,2026-04-13,350.9,351,350.9,351,950
API,1min,1776062386,2026-04-13 12:24,2026-04-13,351,352,351,351,1170
API,1min,1776062409,2026-04-13 12:25,2026-04-13,351,351,351,351,30
API,1min,1776062507,2026-04-13 12:26,2026-04-13,351,351,351,351,300
API,1min,1776062575,2026-04-13 12:27,2026-04-13,351,352,351,352,550
API,1min,1776062639,2026-04-13 12:28,2026-04-13,352,352,352,352,11
API,1min,1776062742,2026-04-13 12:30,2026-04-13,352,352,351.9,352,5500
API,1min,1776062773,2026-04-13 12:31,2026-04-13,352,352,351.2,351.2,500
API,1min,1776062828,2026-04-13 12:32,2026-04-13,351.2,351.2,351.2,351.2,50
API,1min,1776063138,2026-04-13 12:37,2026-04-13,351.2,351.8,351.2,351.8,64
API,1min,1776063233,2026-04-13 12:38,2026-04-13,351.8,351.8,351.8,351.8,50
API,1min,1776063276,2026-04-13 12:39,2026-04-13,351.8,351.8,350.9,350.9,8999
API,1min,1776063338,2026-04-13 12:40,2026-04-13,350.9,350.9,350.9,350.9,0
API,1min,1776063386,2026-04-13 12:41,2026-04-13,350.9,350.9,350.7,350.7,834
API,1min,1776063479,2026-04-13 12:42,2026-04-13,350.7,350.9,350.4,350.9,1200
API,1min,1776063496,2026-04-13 12:43,2026-04-13,350.9,350.9,350,350,0
API,1min,1776063556,2026-04-13 12:44,2026-04-13,350,350,350,350,19320
API,1min,1776063677,2026-04-13 12:46,2026-04-13,350,350,350,350,20
API,1min,1776063768,2026-04-13 12:47,2026-04-13,350,350,350,350,937
API,1min,1776063822,2026-04-13 12:48,2026-04-13,350,350,350,350,3116
API,1min,1776064007,2026-04-13 12:51,2026-04-13,350,350,349.6,349.6,580
API,1min,1776064121,2026-04-13 12:53,2026-04-13,349.6,350,349.6,349.6,739
API,1min,1776064151,2026-04-13 12:54,2026-04-13,349.6,350,349.6,349.6,1322
API,1min,1776064234,2026-04-13 12:55,2026-04-13,349.6,349.6,349.6,349.6,2500
API,1min,1776064317,2026-04-13 12:56,2026-04-13,349.6,349.6,349.2,349.6,0
API,1min,1776064362,2026-04-13 12:57,2026-04-13,349.6,349.6,349.2,349.2,4074
API,1min,1776064420,2026-04-13 12:58,2026-04-13,349.2,349.2,349.2,349.2,20
API,1min,1776064450,2026-04-13 12:59,2026-04-13,349.2,349.2,348.8,348.8,5750
API,1min,1776064585,2026-04-13 13:01,2026-04-13,348.8,348.9,348.8,348.9,121
API,1min,1776064651,2026-04-13 13:02,2026-04-13,348.9,348.9,348.9,348.9,20
API,1min,1776064791,2026-04-13 13:04,2026-04-13,348.9,348.9,348.9,348.9,480
API,1min,1776064855,2026-04-13 13:05,2026-04-13,348.9,348.9,348.9,348.9,50
API,1min,1776064904,2026-04-13 13:06,2026-04-13,348.9,348.9,348.9,348.9,326
API,1min,1776064959,2026-04-13 13:07,2026-04-13,348.9,348.9,348.9,348.9,503
API,1min,1776065027,2026-04-13 13:08,2026-04-13,348.9,348.9,348.9,348.9,630
API,1min,1776065099,2026-04-13 13:09,2026-04-13,348.9,349,348.8,348.9,750
API,1min,1776065142,2026-04-13 13:10,2026-04-13,348.9,348.9,348.8,348.8,2079
API,1min,1776065210,2026-04-13 13:11,2026-04-13,348.8,348.8,348,348.8,5300
API,1min,1776065237,2026-04-13 13:12,2026-04-13,348.8,348.8,348,348,3150
API,1min,1776065331,2026-04-13 13:13,2026-04-13,348,348.8,348,348.8,800
API,1min,1776065384,2026-04-13 13:14,2026-04-13,348.8,349,348.1,348.1,300
API,1min,1776065514,2026-04-13 13:16,2026-04-13,348.1,349,348,348,2200
API,1min,1776065547,2026-04-13 13:17,2026-04-13,348,348,348,348,2769
API,1min,1776065624,2026-04-13 13:18,2026-04-13,348,348,348,348,1000
API,1min,1776065687,2026-04-13 13:19,2026-04-13,348,349,348,349,870
API,1min,1776065747,2026-04-13 13:20,2026-04-13,349,349.6,349,349.6,1050
API,1min,1776065802,2026-04-13 13:21,2026-04-13,349.6,350,349.6,350,1050
API,1min,1776065864,2026-04-13 13:22,2026-04-13,350,350,350,350,360
API,1min,1776065920,2026-04-13 13:23,2026-04-13,350,350,350,350,1639
API,1min,1776066026,2026-04-13 13:25,2026-04-13,350,351,350,351,5050
API,1min,1776066115,2026-04-13 13:26,2026-04-13,351,351,351,351,30
API,1min,1776066171,2026-04-13 13:27,2026-04-13,351,351,349,349,1104
API,1min,1776066403,2026-04-13 13:31,2026-04-13,349,349,349,349,201
API,1min,1776066435,2026-04-13 13:32,2026-04-13,349,349,349,349,5952
API,1min,1776066590,2026-04-13 13:34,2026-04-13,349,349.9,348.2,349.9,15000
API,1min,1776066620,2026-04-13 13:35,2026-04-13,349.9,349.9,349.9,349.9,0
API,1min,1776066711,2026-04-13 13:36,2026-04-13,349.9,349.9,348.5,348.5,3222
API,1min,1776066809,2026-04-13 13:38,2026-04-13,348.5,348.5,348,348,20000
API,1min,1776067003,2026-04-13 13:41,2026-04-13,348,348,348,348,23
API,1min,1776067068,2026-04-13 13:42,2026-04-13,348,349,348,349,120
API,1min,1776067093,2026-04-13 13:43,2026-04-13,349,349,349,349,0
API,1min,1776067224,2026-04-13 13:45,2026-04-13,349,349,349,349,440
API,1min,1776067283,2026-04-13 13:46,2026-04-13,349,349,348.9,348.9,1400
API,1min,1776067494,2026-04-13 13:49,2026-04-13,348.9,348.9,348.8,348.8,200
API,1min,1776067540,2026-04-13 13:50,2026-04-13,348.8,348.8,348.1,348.1,2503
API,1min,1776067582,2026-04-13 13:51,2026-04-13,348.1,348.1,348.1,348.1,112
API,1min,1776067656,2026-04-13 13:52,2026-04-13,348.1,348.9,348.1,348.9,900
API,1min,1776067715,2026-04-13 13:53,2026-04-13,348.9,348.9,348.9,348.9,510
API,1min,1776067792,2026-04-13 13:54,2026-04-13,348.9,349,348.9,349,1020
API,1min,1776067887,2026-04-13 13:56,2026-04-13,349,349,348,348,6960
API,1min,1776067926,2026-04-13 13:57,2026-04-13,348,348.1,348,348.1,400
API,1min,1776067994,2026-04-13 13:58,2026-04-13,348.1,348.1,347.8,347.8,0
API,1min,1776068131,2026-04-13 14:00,2026-04-13,347.8,348,347.6,347.6,9927
API,1min,1776068255,2026-04-13 14:02,2026-04-13,347.6,348,347.6,348,10
API,1min,1776068336,2026-04-13 14:03,2026-04-13,348,348,347.7,347.7,0
API,1min,1776068354,2026-04-13 14:04,2026-04-13,347.7,347.7,347.6,347.6,1000
API,1min,1776068418,2026-04-13 14:05,2026-04-13,347.6,348,347.6,348,1770
API,1min,1776068576,2026-04-13 14:07,2026-04-13,348,348,348,348,6000
API,1min,1776068592,2026-04-13 14:08,2026-04-13,348,348.9,348,348.9,0
API,1min,1776068691,2026-04-13 14:09,2026-04-13,348.9,348.9,347.5,348.9,17100
API,1min,1776068757,2026-04-13 14:10,2026-04-13,348.9,348.9,347.5,347.5,23574
API,1min,1776068802,2026-04-13 14:11,2026-04-13,347.5,347.5,345.1,347.5,950
API,1min,1776068919,2026-04-13 14:13,2026-04-13,347.5,347.5,347.5,347.5,510
API,1min,1776068941,2026-04-13 14:14,2026-04-13,347.5,347.5,347.5,347.5,200
API,1min,1776069020,2026-04-13 14:15,2026-04-13,347.5,347.5,347.5,347.5,680
API,1min,1776069125,2026-04-13 14:17,2026-04-13,347.5,347.5,347.5,347.5,306
API,1min,1776069230,2026-04-13 14:18,2026-04-13,347.5,348.8,347.5,348.8,510
API,1min,1776069297,2026-04-13 14:19,2026-04-13,348.8,349,348.8,349,2263
API,1min,1776069338,2026-04-13 14:20,2026-04-13,349,349,348.9,348.9,11
API,1min,1776069404,2026-04-13 14:21,2026-04-13,348.9,349,348.9,348.9,1528
API,1min,1776069508,2026-04-13 14:23,2026-04-13,348.9,349,348.8,348.8,135
API,1min,1776069574,2026-04-13 14:24,2026-04-13,348.8,349,348.8,349,165
API,1min,1776069647,2026-04-13 14:25,2026-04-13,349,349.3,348.9,349.3,367
API,1min,1776069716,2026-04-13 14:26,2026-04-13,349.3,349.4,349.3,349.3,5106
API,1min,1776069745,2026-04-13 14:27,2026-04-13,349.3,349.3,349,349.3,138
API,1min,1776069832,2026-04-13 14:28,2026-04-13,349.3,349.3,349.3,349.3,2020
API,1min,1776069852,2026-04-13 14:29,2026-04-13,349.3,349.3,349,349,210
API,1min,1776069947,2026-04-13 14:30,2026-04-13,349,349,347,347,8610
API,1min,1776070190,2026-04-13 14:34,2026-04-13,347,349,347,349,10010
API,1min,1776070286,2026-04-13 14:36,2026-04-13,349,349,348.9,348.9,70
API,1min,1776070383,2026-04-13 14:38,2026-04-13,348.9,348.9,347,347,1000
API,1min,1776070480,2026-04-13 14:39,2026-04-13,347,347,346.3,347,2047
API,1min,1776070554,2026-04-13 14:40,2026-04-13,347,348,347,348,0
API,1min,1776070580,2026-04-13 14:41,2026-04-13,348,348,348,348,800
API,1min,1776070672,2026-04-13 14:42,2026-04-13,348,348.9,348,348.9,1206
API,1min,1776070728,2026-04-13 14:43,2026-04-13,348.9,348.9,348,348,1437
API,1min,1776070795,2026-04-13 14:44,2026-04-13,348,348.8,348,348.5,2815
API,1min,1776070846,2026-04-13 14:45,2026-04-13,348.5,348.9,348.5,348.9,850
API,1min,1776070915,2026-04-13 14:46,2026-04-13,348.9,348.9,348.1,348.1,500
API,1min,1776070959,2026-04-13 14:47,2026-04-13,348.1,348.1,348,348.1,2180
API,1min,1776071023,2026-04-13 14:48,2026-04-13,348.1,348.1,348,348,2190
API,1min,1776071048,2026-04-13 14:49,2026-04-13,348,348,348,348,500
API,1min,1776071141,2026-04-13 14:50,2026-04-13,348,349,348,349,1850
API,1min,1776071172,2026-04-13 14:51,2026-04-13,349,349,348,348,400
API,1min,1776071273,2026-04-13 14:52,2026-04-13,348,349,348,348.1,1200
API,1min,1776071331,2026-04-13 14:53,2026-04-13,348.1,349,348,349,3169
API,1min,1776071390,2026-04-13 14:54,2026-04-13,349,349,348,348,2574
API,1min,1776071455,2026-04-13 14:55,2026-04-13,348,348.8,348,348.8,120
API,1min,1776071515,2026-04-13 14:56,2026-04-13,348.8,348.8,348,348,1249
API,1min,1776071561,2026-04-13 14:57,2026-04-13,348,348.5,348,348.5,4400
API,1min,1776071633,2026-04-13 14:58,2026-04-13,348.5,348.5,348,348.3,5363
API,1min,1776071699,2026-04-13 14:59,2026-04-13,348.3,348.9,348,348.2,7136
API,1min,1776230100,2026-04-15 11:00,2026-04-15,345,345,345,345,1000
API,1min,1776230193,2026-04-15 11:01,2026-04-15,345,351,345,351,125
API,1min,1776230265,2026-04-15 11:02,2026-04-15,351,351,351,351,50
API,1min,1776230311,2026-04-15 11:03,2026-04-15,351,351,350,350,2300
API,1min,1776230392,2026-04-15 11:04,2026-04-15,350,351.5,350,351.5,838
API,1min,1776230505,2026-04-15 11:06,2026-04-15,351.5,352,350,350,2075
API,1min,1776230535,2026-04-15 11:07,2026-04-15,350,351,350,351,990
API,1min,1776230615,2026-04-15 11:08,2026-04-15,351,351,351,351,547
API,1min,1776230661,2026-04-15 11:09,2026-04-15,351,352,351,352,1736
API,1min,1776230748,2026-04-15 11:10,2026-04-15,352,352,351,351,540
API,1min,1776230765,2026-04-15 11:11,2026-04-15,351,351.9,351,351.9,100
API,1min,1776230932,2026-04-15 11:13,2026-04-15,351.9,351.9,351,351.7,44
API,1min,1776230958,2026-04-15 11:14,2026-04-15,351.7,351.7,351,351.5,202
API,1min,1776231087,2026-04-15 11:16,2026-04-15,351.5,351.5,350.6,350.6,76
API,1min,1776231166,2026-04-15 11:17,2026-04-15,350.6,352,350.1,352,2800
API,1min,1776231201,2026-04-15 11:18,2026-04-15,352,352,350.2,351.9,320
API,1min,1776231277,2026-04-15 11:19,2026-04-15,351.9,351.9,350.2,350.2,10
API,1min,1776231332,2026-04-15 11:20,2026-04-15,350.2,350.2,350.1,350.1,1225
API,1min,1776231406,2026-04-15 11:21,2026-04-15,350.1,350.1,350.1,350.1,1153
API,1min,1776231469,2026-04-15 11:22,2026-04-15,350.1,350.1,350,350,1049
API,1min,1776231522,2026-04-15 11:23,2026-04-15,350,350.2,350,350.2,60
API,1min,1776231651,2026-04-15 11:25,2026-04-15,350.2,350.2,350.2,350.2,20
API,1min,1776231674,2026-04-15 11:26,2026-04-15,350.2,351,350.2,351,150
API,1min,1776231737,2026-04-15 11:27,2026-04-15,351,351,351,351,200
API,1min,1776231791,2026-04-15 11:28,2026-04-15,351,351,350.2,351,1856
API,1min,1776231875,2026-04-15 11:29,2026-04-15,351,351.9,351,351.9,514
API,1min,1776231950,2026-04-15 11:30,2026-04-15,351.9,352.2,351.9,352,500
API,1min,1776231982,2026-04-15 11:31,2026-04-15,352,353.8,352,353.8,6430
API,1min,1776232073,2026-04-15 11:32,2026-04-15,353.8,353.8,352,352,758
API,1min,1776232359,2026-04-15 11:37,2026-04-15,352,353,352,353,631
API,1min,1776232479,2026-04-15 11:39,2026-04-15,353,353,352.5,352.5,100
API,1min,1776232558,2026-04-15 11:40,2026-04-15,352.5,352.5,352,352.5,2915
API,1min,1776232591,2026-04-15 11:41,2026-04-15,352.5,352.5,351.1,351.1,9000
API,1min,1776232668,2026-04-15 11:42,2026-04-15,351.1,351.4,351.1,351.4,139
API,1min,1776232690,2026-04-15 11:43,2026-04-15,351.4,351.4,351.2,351.2,1010
API,1min,1776232845,2026-04-15 11:45,2026-04-15,351.2,351.3,351.2,351.3,1000
API,1min,1776232877,2026-04-15 11:46,2026-04-15,351.3,351.9,351.3,351.3,2251
API,1min,1776232947,2026-04-15 11:47,2026-04-15,351.3,352,351.3,352,535
API,1min,1776233030,2026-04-15 11:48,2026-04-15,352,352,352,352,200
API,1min,1776233058,2026-04-15 11:49,2026-04-15,352,352,352,352,1100
API,1min,1776233101,2026-04-15 11:50,2026-04-15,352,352,352,352,194
API,1min,1776233175,2026-04-15 11:51,2026-04-15,352,352,352,352,179
API,1min,1776233251,2026-04-15 11:52,2026-04-15,352,352,352,352,289
API,1min,1776233321,2026-04-15 11:53,2026-04-15,352,352,352,352,2078
API,1min,1776233378,2026-04-15 11:54,2026-04-15,352,352.9,352,352.9,1000
API,1min,1776233436,2026-04-15 11:55,2026-04-15,352.9,353,351.9,352.5,5500
API,1min,1776233503,2026-04-15 11:56,2026-04-15,352.5,352.5,352.5,352.5,300
API,1min,1776233553,2026-04-15 11:57,2026-04-15,352.5,352.5,352.5,352.5,1680
API,1min,1776233610,2026-04-15 11:58,2026-04-15,352.5,352.5,352.3,352.3,625
API,1min,1776233670,2026-04-15 11:59,2026-04-15,352.3,353.7,352.3,353.7,2075
API,1min,1776233716,2026-04-15 12:00,2026-04-15,353.7,353.7,352.2,352.2,50
API,1min,1776233819,2026-04-15 12:01,2026-04-15,352.2,353.5,352.2,353,120
API,1min,1776233875,2026-04-15 12:02,2026-04-15,353,353,353,353,400
API,1min,1776233937,2026-04-15 12:03,2026-04-15,353,353.3,353,353.3,2560
API,1min,1776233982,2026-04-15 12:04,2026-04-15,353.3,353.3,353.1,353.1,3000
API,1min,1776234048,2026-04-15 12:05,2026-04-15,353.1,353.2,353,353.2,805
API,1min,1776234170,2026-04-15 12:07,2026-04-15,353.2,354,353,353,12220
API,1min,1776234194,2026-04-15 12:08,2026-04-15,353,354,353,354,6620
API,1min,1776234284,2026-04-15 12:09,2026-04-15,354,354,353,353,1727
API,1min,1776234341,2026-04-15 12:10,2026-04-15,353,353.1,353,353.1,500
API,1min,1776234417,2026-04-15 12:11,2026-04-15,353.1,354,353.1,353.4,1485
API,1min,1776234464,2026-04-15 12:12,2026-04-15,353.4,354,353.4,354,500
API,1min,1776234521,2026-04-15 12:13,2026-04-15,354,354,354,354,400
API,1min,1776234577,2026-04-15 12:14,2026-04-15,354,354,353.5,353.9,500
API,1min,1776234629,2026-04-15 12:15,2026-04-15,353.9,355,353.9,355,25040
API,1min,1776234702,2026-04-15 12:16,2026-04-15,355,355,353.7,354.9,300
API,1min,1776234769,2026-04-15 12:17,2026-04-15,354.9,355,353.4,355,11700
API,1min,1776234819,2026-04-15 12:18,2026-04-15,355,355,355,355,3030
API,1min,1776234843,2026-04-15 12:19,2026-04-15,355,355.9,355,355.9,233
API,1min,1776234946,2026-04-15 12:20,2026-04-15,355.9,355.9,355,355.9,2900
API,1min,1776235011,2026-04-15 12:21,2026-04-15,355.9,355.9,355.5,355.5,110
API,1min,1776235071,2026-04-15 12:22,2026-04-15,355.5,355.5,355,355.5,6953
API,1min,1776235119,2026-04-15 12:23,2026-04-15,355.5,355.5,355,355,176
API,1min,1776235178,2026-04-15 12:24,2026-04-15,355,355.5,355,355.5,2700
API,1min,1776235252,2026-04-15 12:25,2026-04-15,355.5,356,355.5,356,9158
API,1min,1776235300,2026-04-15 12:26,2026-04-15,356,356,356,356,7752
API,1min,1776235379,2026-04-15 12:27,2026-04-15,356,356,355.2,355.2,2340
API,1min,1776235399,2026-04-15 12:28,2026-04-15,355.2,356,355.2,356,0
API,1min,1776235498,2026-04-15 12:29,2026-04-15,356,356,355.3,355.9,1261
API,1min,1776235512,2026-04-15 12:30,2026-04-15,355.9,356,355.9,356,695
API,1min,1776235614,2026-04-15 12:31,2026-04-15,356,356.2,355.9,355.9,11663
API,1min,1776235679,2026-04-15 12:32,2026-04-15,355.9,355.9,355.4,355.4,1295
API,1min,1776235722,2026-04-15 12:33,2026-04-15,355.4,357,355.4,357,11335
API,1min,1776235774,2026-04-15 12:34,2026-04-15,357,357.2,357,357,3181
API,1min,1776235848,2026-04-15 12:35,2026-04-15,357,357,357,357,1630
API,1min,1776235918,2026-04-15 12:36,2026-04-15,357,357,356,356.1,4220
API,1min,1776235948,2026-04-15 12:37,2026-04-15,356.1,356.1,356.1,356.1,105
API,1min,1776235996,2026-04-15 12:38,2026-04-15,356.1,356.9,356.1,356.9,339
API,1min,1776236085,2026-04-15 12:39,2026-04-15,356.9,356.9,356,356,1000
API,1min,1776236116,2026-04-15 12:40,2026-04-15,356,356,356,356,30
API,1min,1776236195,2026-04-15 12:41,2026-04-15,356,356.4,355.6,355.6,530
API,1min,1776236248,2026-04-15 12:42,2026-04-15,355.6,356,355.6,356,1500
API,1min,1776236326,2026-04-15 12:43,2026-04-15,356,356.4,355.6,355.7,1690
API,1min,1776236384,2026-04-15 12:44,2026-04-15,355.7,356,355.7,356,570
API,1min,1776236458,2026-04-15 12:45,2026-04-15,356,356,355.6,356,1172
API,1min,1776236471,2026-04-15 12:46,2026-04-15,356,356,355.5,355.5,500
API,1min,1776236565,2026-04-15 12:47,2026-04-15,355.5,356,355.5,356,1380
API,1min,1776236587,2026-04-15 12:48,2026-04-15,356,356,355.5,355.5,86
API,1min,1776236695,2026-04-15 12:49,2026-04-15,355.5,355.9,355.3,355.3,3102
API,1min,1776236756,2026-04-15 12:50,2026-04-15,355.3,355.3,355.3,355.3,3361
API,1min,1776236796,2026-04-15 12:51,2026-04-15,355.3,355.3,355.2,355.3,1541
API,1min,1776236863,2026-04-15 12:52,2026-04-15,355.3,355.3,355.3,355.3,1683
API,1min,1776236914,2026-04-15 12:53,2026-04-15,355.3,355.5,355.3,355.5,825
API,1min,1776236982,2026-04-15 12:54,2026-04-15,355.5,355.5,355,355.5,0
API,1min,1776237041,2026-04-15 12:55,2026-04-15,355.5,355.9,355,355,14008
API,1min,1776237113,2026-04-15 12:56,2026-04-15,355,356,355,356,5535
API,1min,1776237156,2026-04-15 12:57,2026-04-15,356,356,355,355,164
API,1min,1776237227,2026-04-15 12:58,2026-04-15,355,356,355,356,230
API,1min,1776237292,2026-04-15 12:59,2026-04-15,356,356,355.9,355.9,6010
API,1min,1776237344,2026-04-15 13:00,2026-04-15,355.9,356,355.8,356,1980
API,1min,1776237395,2026-04-15 13:01,2026-04-15,356,356.9,356,356.9,1680
API,1min,1776237462,2026-04-15 13:02,2026-04-15,356.9,356.9,356,356,7120
API,1min,1776237525,2026-04-15 13:03,2026-04-15,356,356.7,356,356.7,11110
API,1min,1776237593,2026-04-15 13:04,2026-04-15,356.7,356.7,356,356.1,13226
API,1min,1776237641,2026-04-15 13:05,2026-04-15,356.1,356.5,356.1,356.1,808
API,1min,1776237696,2026-04-15 13:06,2026-04-15,356.1,356.1,356,356,3168
API,1min,1776237749,2026-04-15 13:07,2026-04-15,356,356.5,356,356.1,600
API,1min,1776237810,2026-04-15 13:08,2026-04-15,356.1,357,356.1,357,15050
API,1min,1776237852,2026-04-15 13:09,2026-04-15,357,357,357,357,0
API,1min,1776238014,2026-04-15 13:11,2026-04-15,357,357,356.3,356.3,1399
API,1min,1776238075,2026-04-15 13:12,2026-04-15,356.3,356.6,356.3,356.6,112
API,1min,1776238124,2026-04-15 13:13,2026-04-15,356.6,357,356.6,356.6,2181
API,1min,1776238149,2026-04-15 13:14,2026-04-15,356.6,356.7,356.5,356.5,5274
API,1min,1776238235,2026-04-15 13:15,2026-04-15,356.5,356.5,356.5,356.5,869
API,1min,1776238310,2026-04-15 13:16,2026-04-15,356.5,356.5,356.5,356.5,0
API,1min,1776238370,2026-04-15 13:17,2026-04-15,356.5,356.5,356.3,356.3,1749
API,1min,1776238403,2026-04-15 13:18,2026-04-15,356.3,356.3,356.3,356.3,810
API,1min,1776238499,2026-04-15 13:19,2026-04-15,356.3,356.3,356.1,356.2,2305
API,1min,1776238544,2026-04-15 13:20,2026-04-15,356.2,356.2,356,356,3977
API,1min,1776238591,2026-04-15 13:21,2026-04-15,356,356,356,356,955
API,1min,1776238662,2026-04-15 13:22,2026-04-15,356,356,356,356,1549
API,1min,1776238688,2026-04-15 13:23,2026-04-15,356,356,356,356,645
API,1min,1776238776,2026-04-15 13:24,2026-04-15,356,356,355.5,355.5,1000
API,1min,1776238838,2026-04-15 13:25,2026-04-15,355.5,355.5,355.5,355.5,500
API,1min,1776238915,2026-04-15 13:26,2026-04-15,355.5,355.5,355.1,355.1,1714
API,1min,1776238957,2026-04-15 13:27,2026-04-15,355.1,355.1,355.1,355.1,2076
API,1min,1776239015,2026-04-15 13:28,2026-04-15,355.1,355.1,355.1,355.1,4472
API,1min,1776239049,2026-04-15 13:29,2026-04-15,355.1,355.1,355.1,355.1,1100
API,1min,1776239146,2026-04-15 13:30,2026-04-15,355.1,355.1,355.1,355.1,8964
API,1min,1776239188,2026-04-15 13:31,2026-04-15,355.1,355.1,355.1,355.1,2000
API,1min,1776239279,2026-04-15 13:32,2026-04-15,355.1,355.1,355,355,0
API,1min,1776239336,2026-04-15 13:33,2026-04-15,355,355,355,355,11828
API,1min,1776239394,2026-04-15 13:34,2026-04-15,355,355.5,354.2,355,418
API,1min,1776239444,2026-04-15 13:35,2026-04-15,355,355,354.3,354.3,110
API,1min,1776239500,2026-04-15 13:36,2026-04-15,354.3,354.3,354.3,354.3,716
API,1min,1776239520,2026-04-15 13:37,2026-04-15,354.3,354.3,354.2,354.2,4000
API,1min,1776239609,2026-04-15 13:38,2026-04-15,354.2,354.2,354.1,354.1,4446
API,1min,1776239689,2026-04-15 13:39,2026-04-15,354.1,354.1,354.1,354.1,86
API,1min,1776239729,2026-04-15 13:40,2026-04-15,354.1,354.1,354,354,1184
API,1min,1776239801,2026-04-15 13:41,2026-04-15,354,354,354,354,1470
API,1min,1776239878,2026-04-15 13:42,2026-04-15,354,355,354,355,11219
API,1min,1776239923,2026-04-15 13:43,2026-04-15,355,355.6,355,355.6,210
API,1min,1776239983,2026-04-15 13:44,2026-04-15,355.6,355.6,355.5,355.5,104
API,1min,1776240044,2026-04-15 13:45,2026-04-15,355.5,355.6,355.5,355.6,732
API,1min,1776240114,2026-04-15 13:46,2026-04-15,355.6,355.9,355.6,355.6,205
API,1min,1776240159,2026-04-15 13:47,2026-04-15,355.6,355.6,355.6,355.6,17
API,1min,1776240199,2026-04-15 13:48,2026-04-15,355.6,355.6,355,355,1216
API,1min,1776240270,2026-04-15 13:49,2026-04-15,355,355,354.3,354.3,1836
API,1min,1776240312,2026-04-15 13:50,2026-04-15,354.3,355,354.3,355,240
API,1min,1776240390,2026-04-15 13:51,2026-04-15,355,355,355,355,145
API,1min,1776240530,2026-04-15 13:53,2026-04-15,355,356,355,356,3731
API,1min,1776240547,2026-04-15 13:54,2026-04-15,356,356,356,356,1291
API,1min,1776240658,2026-04-15 13:55,2026-04-15,356,356,355,355,1143
API,1min,1776240711,2026-04-15 13:56,2026-04-15,355,356,355,355,371
API,1min,1776240765,2026-04-15 13:57,2026-04-15,355,355.9,355,355.9,31
API,1min,1776240803,2026-04-15 13:58,2026-04-15,355.9,355.9,355.9,355.9,0
API,1min,1776241048,2026-04-15 14:02,2026-04-15,355.9,355.9,355.9,355.9,677
API,1min,1776241121,2026-04-15 14:03,2026-04-15,355.9,355.9,355.1,355.1,1017
API,1min,1776241166,2026-04-15 14:04,2026-04-15,355.1,355.1,355.1,355.1,136
API,1min,1776241235,2026-04-15 14:05,2026-04-15,355.1,355.1,355.1,355.1,303
API,1min,1776241287,2026-04-15 14:06,2026-04-15,355.1,355.1,355,355,4453
API,1min,1776241348,2026-04-15 14:07,2026-04-15,355,355,355,355,1121
API,1min,1776241431,2026-04-15 14:08,2026-04-15,355,355.7,355,355,0
API,1min,1776241560,2026-04-15 14:11,2026-04-15,355,355,355,355,770
API,1min,1776241675,2026-04-15 14:12,2026-04-15,355,355,354.8,355,12370
API,1min,1776241763,2026-04-15 14:14,2026-04-15,355,355,355,355,9471
API,1min,1776241905,2026-04-15 14:16,2026-04-15,355,355,355,355,983
API,1min,1776241966,2026-04-15 14:17,2026-04-15,355,355.5,355,355.5,1070
API,1min,1776242038,2026-04-15 14:18,2026-04-15,355.5,355.5,355.1,355.1,100
API,1min,1776242097,2026-04-15 14:19,2026-04-15,355.1,355.1,355,355,1220
API,1min,1776242144,2026-04-15 14:20,2026-04-15,355,355,354,354,7020
API,1min,1776242208,2026-04-15 14:21,2026-04-15,354,354,353.6,353.6,365
API,1min,1776242278,2026-04-15 14:22,2026-04-15,353.6,353.6,353.1,353.1,1830
API,1min,1776242325,2026-04-15 14:23,2026-04-15,353.1,353.1,353,353,10452
API,1min,1776242397,2026-04-15 14:24,2026-04-15,353,354,353,354,1369
API,1min,1776242510,2026-04-15 14:26,2026-04-15,354,354,352,353,5398
API,1min,1776242523,2026-04-15 14:27,2026-04-15,353,353,353,353,100
API,1min,1776242620,2026-04-15 14:28,2026-04-15,353,353,352,352,8360
API,1min,1776242641,2026-04-15 14:29,2026-04-15,352,352,351.3,351.3,3000
API,1min,1776242713,2026-04-15 14:30,2026-04-15,351.3,351.5,351.3,351.5,10
API,1min,1776242807,2026-04-15 14:31,2026-04-15,351.5,351.5,351.4,351.4,1351
API,1min,1776242859,2026-04-15 14:32,2026-04-15,351.4,352,351.3,352,3053
API,1min,1776242917,2026-04-15 14:33,2026-04-15,352,352,351.5,351.5,60
API,1min,1776242959,2026-04-15 14:34,2026-04-15,351.5,352,351.5,352,2154
API,1min,1776243036,2026-04-15 14:35,2026-04-15,352,352,351.5,351.5,3025
API,1min,1776243103,2026-04-15 14:36,2026-04-15,351.5,352.1,351.5,352.1,4775
API,1min,1776243143,2026-04-15 14:37,2026-04-15,352.1,352.1,352,352,500
API,1min,1776243238,2026-04-15 14:38,2026-04-15,352,352.1,352,352.1,376
API,1min,1776243252,2026-04-15 14:39,2026-04-15,352.1,352.1,352.1,352.1,100
API,1min,1776243350,2026-04-15 14:40,2026-04-15,352.1,352.9,352.1,352.9,1200
API,1min,1776243372,2026-04-15 14:41,2026-04-15,352.9,353,352.9,353,500
API,1min,1776243536,2026-04-15 14:43,2026-04-15,353,353.5,353,353.5,2752
API,1min,1776243657,2026-04-15 14:45,2026-04-15,353.5,354,353.4,354,9934
API,1min,1776243719,2026-04-15 14:46,2026-04-15,354,354.8,353.5,354.8,9729
API,1min,1776243768,2026-04-15 14:47,2026-04-15,354.8,354.8,354,354.7,568
API,1min,1776243799,2026-04-15 14:48,2026-04-15,354.7,355,354.7,355,2019
API,1min,1776243856,2026-04-15 14:49,2026-04-15,355,355,354.1,354.1,15010
API,1min,1776243958,2026-04-15 14:50,2026-04-15,354.1,354.2,354.1,354.2,2260
API,1min,1776244013,2026-04-15 14:51,2026-04-15,354.2,354.9,354.2,354.9,616
API,1min,1776244072,2026-04-15 14:52,2026-04-15,354.9,355,354.3,354.3,1133
API,1min,1776244138,2026-04-15 14:53,2026-04-15,354.3,355,354.3,354.9,7785
API,1min,1776244189,2026-04-15 14:54,2026-04-15,354.9,354.9,354.2,354.9,4817
API,1min,1776244247,2026-04-15 14:55,2026-04-15,354.9,354.9,354.2,354.2,5705
API,1min,1776244313,2026-04-15 14:56,2026-04-15,354.2,355,354,354,11387
API,1min,1776244369,2026-04-15 14:57,2026-04-15,354,354.5,354,354,4022
API,1min,1776244431,2026-04-15 14:58,2026-04-15,354,354.9,354,354,2701
API,1min,1776244499,2026-04-15 14:59,2026-04-15,354,354,353.7,353.7,9927
API,1min,1776316679,2026-04-16 11:02,2026-04-16,350,350,350,350,2010
API,1min,1776316749,2026-04-16 11:04,2026-04-16,350,350.2,350,350.2,54
API,1min,1776316858,2026-04-16 11:05,2026-04-16,350.2,350.2,350,350,2700
API,1min,1776316866,2026-04-16 11:06,2026-04-16,350,353.9,350,353.9,475
API,1min,1776316933,2026-04-16 11:07,2026-04-16,353.9,353.9,350,351,1062
API,1min,1776317036,2026-04-16 11:08,2026-04-16,351,355,351,355,10640
API,1min,1776317074,2026-04-16 11:09,2026-04-16,355,357,355,357,7300
API,1min,1776317209,2026-04-16 11:11,2026-04-16,357,357,352.2,353.9,2470
API,1min,1776317261,2026-04-16 11:12,2026-04-16,353.9,354,352,354,3112
API,1min,1776317322,2026-04-16 11:13,2026-04-16,354,354,353,353,5363
API,1min,1776317377,2026-04-16 11:14,2026-04-16,353,353,353,353,100
API,1min,1776317426,2026-04-16 11:15,2026-04-16,353,353,352.1,352.1,50
API,1min,1776317515,2026-04-16 11:16,2026-04-16,352.1,352.1,352.1,352.1,4110
API,1min,1776317564,2026-04-16 11:17,2026-04-16,352.1,354.9,352.1,354.9,5500
API,1min,1776317628,2026-04-16 11:18,2026-04-16,354.9,355,354,354,4002
API,1min,1776317688,2026-04-16 11:19,2026-04-16,354,354,353.5,353.5,11652
API,1min,1776317739,2026-04-16 11:20,2026-04-16,353.5,356,353.5,356,4540
API,1min,1776317809,2026-04-16 11:21,2026-04-16,356,357,356,357,8300
API,1min,1776317875,2026-04-16 11:22,2026-04-16,357,357,355.1,355.1,2000
API,1min,1776317939,2026-04-16 11:23,2026-04-16,355.1,355.9,355.1,355.1,21107
API,1min,1776317998,2026-04-16 11:24,2026-04-16,355.1,355.5,355,355,4355
API,1min,1776318031,2026-04-16 11:25,2026-04-16,355,355.2,355,355.2,11200
API,1min,1776318106,2026-04-16 11:26,2026-04-16,355.2,355.2,355,355,900
API,1min,1776318131,2026-04-16 11:27,2026-04-16,355,355,353.2,353.2,109
API,1min,1776318239,2026-04-16 11:28,2026-04-16,353.2,354.9,353.2,353.2,835
API,1min,1776318275,2026-04-16 11:29,2026-04-16,353.2,353.2,353,353,5485
API,1min,1776318317,2026-04-16 11:30,2026-04-16,353,353,352.1,353,1118
API,1min,1776318391,2026-04-16 11:31,2026-04-16,353,353,352,352,1220
API,1min,1776318446,2026-04-16 11:32,2026-04-16,352,352,351.1,351.1,3871
API,1min,1776318529,2026-04-16 11:33,2026-04-16,351.1,352,351.1,352,195
API,1min,1776318563,2026-04-16 11:34,2026-04-16,352,352,351.3,352,350
API,1min,1776318644,2026-04-16 11:35,2026-04-16,352,352,351.1,352,2652
API,1min,1776318718,2026-04-16 11:36,2026-04-16,352,352,351.3,352,1181
API,1min,1776318777,2026-04-16 11:37,2026-04-16,352,353,352,353,50
API,1min,1776318821,2026-04-16 11:38,2026-04-16,353,353,353,353,190
API,1min,1776318871,2026-04-16 11:39,2026-04-16,353,353,353,353,140
API,1min,1776318921,2026-04-16 11:40,2026-04-16,353,353,353,353,2829
API,1min,1776318964,2026-04-16 11:41,2026-04-16,353,353,353,353,127
API,1min,1776319104,2026-04-16 11:43,2026-04-16,353,353,352.9,352.9,75
API,1min,1776319190,2026-04-16 11:44,2026-04-16,352.9,353,352.9,353,1768
API,1min,1776319244,2026-04-16 11:45,2026-04-16,353,353.9,353,353.9,1150
API,1min,1776319306,2026-04-16 11:46,2026-04-16,353.9,354.4,353.2,353.2,4021
API,1min,1776319373,2026-04-16 11:47,2026-04-16,353.2,353.3,353,353.3,2365
API,1min,1776319459,2026-04-16 11:49,2026-04-16,353.3,353.3,353.1,353.1,1000
API,1min,1776319509,2026-04-16 11:50,2026-04-16,353.1,353.4,353.1,353.4,10
API,1min,1776319614,2026-04-16 11:51,2026-04-16,353.4,354.7,353.4,354.7,1552
API,1min,1776319657,2026-04-16 11:52,2026-04-16,354.7,354.7,354.7,354.7,0
API,1min,1776319727,2026-04-16 11:53,2026-04-16,354.7,354.8,354.7,354.8,2007
API,1min,1776319792,2026-04-16 11:54,2026-04-16,354.8,354.8,354.8,354.8,20
API,1min,1776319914,2026-04-16 11:56,2026-04-16,354.8,354.8,354.1,354.8,1380
API,1min,1776319963,2026-04-16 11:57,2026-04-16,354.8,354.8,354,354,2100
API,1min,1776320039,2026-04-16 11:58,2026-04-16,354,354.9,354,354.9,1287
API,1min,1776320075,2026-04-16 11:59,2026-04-16,354.9,354.9,354.5,354.5,500
API,1min,1776320152,2026-04-16 12:00,2026-04-16,354.5,354.5,354,354,20
API,1min,1776320211,2026-04-16 12:01,2026-04-16,354,355,354,355,9628
API,1min,1776320242,2026-04-16 12:02,2026-04-16,355,355.9,355,355.9,1672
API,1min,1776320303,2026-04-16 12:03,2026-04-16,355.9,355.9,355,355.9,0
API,1min,1776320396,2026-04-16 12:04,2026-04-16,355.9,355.9,355,355.7,7875
API,1min,1776320449,2026-04-16 12:05,2026-04-16,355.7,355.7,355,355,419
API,1min,1776320511,2026-04-16 12:06,2026-04-16,355,355,355,355,0
API,1min,1776320555,2026-04-16 12:07,2026-04-16,355,355.7,355,355,1321
API,1min,1776320618,2026-04-16 12:08,2026-04-16,355,355,354.1,354.1,100
API,1min,1776320689,2026-04-16 12:09,2026-04-16,354.1,354.2,354,354,1530
API,1min,1776320738,2026-04-16 12:10,2026-04-16,354,354,353.1,353.1,220
API,1min,1776320816,2026-04-16 12:11,2026-04-16,353.1,353.1,353,353,2689
API,1min,1776320851,2026-04-16 12:12,2026-04-16,353,354,353,354,350
API,1min,1776320926,2026-04-16 12:13,2026-04-16,354,354,354,354,15
API,1min,1776320943,2026-04-16 12:14,2026-04-16,354,354,354,354,3065
API,1min,1776321048,2026-04-16 12:15,2026-04-16,354,354,353.1,353.1,347
API,1min,1776321113,2026-04-16 12:16,2026-04-16,353.1,353.1,353.1,353.1,560
API,1min,1776321179,2026-04-16 12:17,2026-04-16,353.1,353.1,353,353,147
API,1min,1776321231,2026-04-16 12:18,2026-04-16,353,353,352.3,353,8226
API,1min,1776321292,2026-04-16 12:19,2026-04-16,353,353,352.2,352.3,1272
API,1min,1776321352,2026-04-16 12:20,2026-04-16,352.3,352.4,352.3,352.4,10
API,1min,1776321394,2026-04-16 12:21,2026-04-16,352.4,352.4,352.3,352.3,324
API,1min,1776321480,2026-04-16 12:23,2026-04-16,352.3,353.1,352.3,353.1,1000
API,1min,1776321594,2026-04-16 12:24,2026-04-16,353.1,353.8,353,353.1,1703
API,1min,1776321632,2026-04-16 12:25,2026-04-16,353.1,353.8,353.1,353.8,950
API,1min,1776321684,2026-04-16 12:26,2026-04-16,353.8,353.8,353.1,353.8,1020
API,1min,1776321758,2026-04-16 12:27,2026-04-16,353.8,354,353.8,354,1666
API,1min,1776321794,2026-04-16 12:28,2026-04-16,354,354,354,354,1134
API,1min,1776321950,2026-04-16 12:30,2026-04-16,354,354.1,354,354.1,828
API,1min,1776322003,2026-04-16 12:31,2026-04-16,354.1,354.1,353,353,115
API,1min,1776322075,2026-04-16 12:32,2026-04-16,353,354,353,353,330
API,1min,1776322113,2026-04-16 12:33,2026-04-16,353,354.8,353,354.8,3071
API,1min,1776322181,2026-04-16 12:34,2026-04-16,354.8,354.8,354.8,354.8,500
API,1min,1776322249,2026-04-16 12:35,2026-04-16,354.8,354.9,354.8,354.9,500
API,1min,1776322435,2026-04-16 12:38,2026-04-16,354.9,354.9,353,353,800
API,1min,1776322497,2026-04-16 12:39,2026-04-16,353,354,353,354,260
API,1min,1776322536,2026-04-16 12:40,2026-04-16,354,354,353,353,1052
API,1min,1776322703,2026-04-16 12:43,2026-04-16,353,354,353,353,585
API,1min,1776322798,2026-04-16 12:44,2026-04-16,353,353,353,353,0
API,1min,1776322830,2026-04-16 12:45,2026-04-16,353,353,352.6,352.6,1598
API,1min,1776323036,2026-04-16 12:48,2026-04-16,352.6,353,352.6,353,510
API,1min,1776323052,2026-04-16 12:49,2026-04-16,353,353,353,353,26
API,1min,1776323153,2026-04-16 12:50,2026-04-16,353,353,353,353,3500
API,1min,1776323198,2026-04-16 12:51,2026-04-16,353,354,353,354,500
API,1min,1776323222,2026-04-16 12:52,2026-04-16,354,354,353,353,81
API,1min,1776323316,2026-04-16 12:53,2026-04-16,353,353,353,353,311
API,1min,1776323463,2026-04-16 12:56,2026-04-16,353,354,353,354,17
API,1min,1776323575,2026-04-16 12:57,2026-04-16,354,355,354,355,12443
API,1min,1776323626,2026-04-16 12:58,2026-04-16,355,355,355,355,13013
API,1min,1776323691,2026-04-16 12:59,2026-04-16,355,355,354.1,354.1,1684
API,1min,1776323756,2026-04-16 13:00,2026-04-16,354.1,355.2,354.1,355.2,60
API,1min,1776323786,2026-04-16 13:01,2026-04-16,355.2,355.8,355.2,355.2,8495
API,1min,1776323863,2026-04-16 13:02,2026-04-16,355.2,355.2,355.1,355.1,816
API,1min,1776323926,2026-04-16 13:03,2026-04-16,355.1,355.6,355,355.6,3086
API,1min,1776323993,2026-04-16 13:04,2026-04-16,355.6,355.6,355.2,355.3,500
API,1min,1776324043,2026-04-16 13:05,2026-04-16,355.3,355.3,355.2,355.2,1325
API,1min,1776324096,2026-04-16 13:06,2026-04-16,355.2,355.2,354.1,354.1,7879
API,1min,1776324171,2026-04-16 13:07,2026-04-16,354.1,354.1,354,354,6250
API,1min,1776324186,2026-04-16 13:08,2026-04-16,354,355,354,355,2500
API,1min,1776324293,2026-04-16 13:09,2026-04-16,355,355,354,354,245
API,1min,1776324353,2026-04-16 13:10,2026-04-16,354,354,353.6,354,2455
API,1min,1776324360,2026-04-16 13:11,2026-04-16,354,354,354,354,210
API,1min,1776324469,2026-04-16 13:12,2026-04-16,354,354,353.7,353.7,1600
API,1min,1776324523,2026-04-16 13:13,2026-04-16,353.7,354,353.7,354,1100
API,1min,1776324593,2026-04-16 13:14,2026-04-16,354,354,353.5,353.5,15650
API,1min,1776324643,2026-04-16 13:15,2026-04-16,353.5,353.5,353.5,353.5,876
API,1min,1776324714,2026-04-16 13:16,2026-04-16,353.5,353.5,353,353,610
API,1min,1776324736,2026-04-16 13:17,2026-04-16,353,353.5,353,353.5,4863
API,1min,1776324830,2026-04-16 13:18,2026-04-16,353.5,353.9,353.5,353.6,1000
API,1min,1776324895,2026-04-16 13:19,2026-04-16,353.6,353.6,352.6,352.6,234
API,1min,1776324953,2026-04-16 13:20,2026-04-16,352.6,352.6,352.6,352.6,290
API,1min,1776325019,2026-04-16 13:21,2026-04-16,352.6,352.6,352.6,352.6,1000
API,1min,1776325067,2026-04-16 13:22,2026-04-16,352.6,352.6,352.4,352.4,3521
API,1min,1776325130,2026-04-16 13:23,2026-04-16,352.4,352.6,352,352,14748
API,1min,1776325174,2026-04-16 13:24,2026-04-16,352,352,352,352,3502
API,1min,1776325249,2026-04-16 13:25,2026-04-16,352,352.9,352,352,2324
API,1min,1776325303,2026-04-16 13:26,2026-04-16,352,352.5,352,352.5,3310
API,1min,1776325378,2026-04-16 13:27,2026-04-16,352.5,353,352.1,353,850
API,1min,1776325437,2026-04-16 13:28,2026-04-16,353,353,352.9,353,450
API,1min,1776325487,2026-04-16 13:29,2026-04-16,353,353,352.5,352.5,678
API,1min,1776325519,2026-04-16 13:30,2026-04-16,352.5,352.9,352.5,352.9,865
API,1min,1776325617,2026-04-16 13:31,2026-04-16,352.9,352.9,352.2,352.8,765
API,1min,1776325663,2026-04-16 13:32,2026-04-16,352.8,352.8,352,352,0
API,1min,1776325730,2026-04-16 13:33,2026-04-16,352,352,352,352,12715
API,1min,1776325789,2026-04-16 13:34,2026-04-16,352,352,351.8,351.8,2302
API,1min,1776325829,2026-04-16 13:35,2026-04-16,351.8,351.8,351.4,351.4,1800
API,1min,1776325903,2026-04-16 13:36,2026-04-16,351.4,351.9,351.4,351.4,0
API,1min,1776325972,2026-04-16 13:37,2026-04-16,351.4,351.9,351.2,351.2,5033
API,1min,1776326031,2026-04-16 13:38,2026-04-16,351.2,351.4,351,351,6442
API,1min,1776326096,2026-04-16 13:39,2026-04-16,351,351.4,350.3,350.3,8300
API,1min,1776326145,2026-04-16 13:40,2026-04-16,350.3,351,350.3,351,156
API,1min,1776326217,2026-04-16 13:41,2026-04-16,351,351,350.3,351,3004
API,1min,1776326234,2026-04-16 13:42,2026-04-16,351,351,350.5,350.5,720
API,1min,1776326327,2026-04-16 13:43,2026-04-16,350.5,351.4,350.5,350.9,1186
API,1min,1776326402,2026-04-16 13:45,2026-04-16,350.9,350.9,350.6,350.6,360
API,1min,1776326519,2026-04-16 13:46,2026-04-16,350.6,351,350.6,351,600
API,1min,1776326547,2026-04-16 13:47,2026-04-16,351,351,351,351,2000
API,1min,1776326621,2026-04-16 13:48,2026-04-16,351,351,351,351,2885
API,1min,1776326698,2026-04-16 13:49,2026-04-16,351,351.1,350.6,351.1,1330
API,1min,1776326712,2026-04-16 13:50,2026-04-16,351.1,351.1,351,351,20
API,1min,1776326815,2026-04-16 13:51,2026-04-16,351,351.5,351,351.5,741
API,1min,1776326845,2026-04-16 13:52,2026-04-16,351.5,351.5,351,351,0
API,1min,1776326916,2026-04-16 13:53,2026-04-16,351,351.5,351,351.5,932
API,1min,1776326976,2026-04-16 13:54,2026-04-16,351.5,351.5,351.5,351.5,100
API,1min,1776327058,2026-04-16 13:55,2026-04-16,351.5,351.5,351.5,351.5,250
API,1min,1776327099,2026-04-16 13:56,2026-04-16,351.5,351.9,350.7,350.7,3410
API,1min,1776327161,2026-04-16 13:57,2026-04-16,350.7,350.7,350.7,350.7,500
API,1min,1776327299,2026-04-16 13:59,2026-04-16,350.7,351,350.7,350.8,200
API,1min,1776327345,2026-04-16 14:00,2026-04-16,350.8,350.8,350.5,350.5,8132
API,1min,1776327381,2026-04-16 14:01,2026-04-16,350.5,350.5,350.2,350.2,5640
API,1min,1776327435,2026-04-16 14:02,2026-04-16,350.2,350.2,350.2,350.2,10
API,1min,1776327488,2026-04-16 14:03,2026-04-16,350.2,350.3,350.2,350.3,170
API,1min,1776327586,2026-04-16 14:04,2026-04-16,350.3,350.3,350.1,350.1,1712
API,1min,1776327644,2026-04-16 14:05,2026-04-16,350.1,350.1,350,350,4330
API,1min,1776327713,2026-04-16 14:06,2026-04-16,350,350,350,350,12920
API,1min,1776327816,2026-04-16 14:08,2026-04-16,350,350,350,350,216
API,1min,1776327897,2026-04-16 14:09,2026-04-16,350,350,349,350,4421
API,1min,1776327958,2026-04-16 14:10,2026-04-16,350,350,348.8,348.8,1400
API,1min,1776328013,2026-04-16 14:11,2026-04-16,348.8,350,348.8,348.8,10
API,1min,1776328066,2026-04-16 14:12,2026-04-16,348.8,349.2,348.8,349.2,559
API,1min,1776328114,2026-04-16 14:13,2026-04-16,349.2,349.2,349.2,349.2,220
API,1min,1776328185,2026-04-16 14:14,2026-04-16,349.2,349.9,349.2,349.9,2062
API,1min,1776328318,2026-04-16 14:16,2026-04-16,349.9,349.9,349.1,349.1,68
API,1min,1776328368,2026-04-16 14:17,2026-04-16,349.1,349.1,348.8,348.8,3180
API,1min,1776328556,2026-04-16 14:20,2026-04-16,348.8,349.5,348.8,349,730
API,1min,1776328616,2026-04-16 14:21,2026-04-16,349,349,348.8,348.8,250
API,1min,1776328674,2026-04-16 14:22,2026-04-16,348.8,348.9,348.8,348.9,0
API,1min,1776328734,2026-04-16 14:23,2026-04-16,348.9,350,348.9,349.9,4720
API,1min,1776328760,2026-04-16 14:24,2026-04-16,349.9,351,349.9,351,1323
API,1min,1776328956,2026-04-16 14:27,2026-04-16,351,351,350,350,6899
API,1min,1776329021,2026-04-16 14:28,2026-04-16,350,351,350,351,0
API,1min,1776329089,2026-04-16 14:29,2026-04-16,351,351.5,351,351.5,1154
API,1min,1776329144,2026-04-16 14:30,2026-04-16,351.5,351.5,351,351,24
API,1min,1776329201,2026-04-16 14:31,2026-04-16,351,351,351,351,351
API,1min,1776329303,2026-04-16 14:33,2026-04-16,351,351.8,351,351.8,100
API,1min,1776329450,2026-04-16 14:35,2026-04-16,351.8,351.8,351.8,351.8,2977
API,1min,1776329519,2026-04-16 14:36,2026-04-16,351.8,351.8,350.2,350.2,1500
API,1min,1776329573,2026-04-16 14:37,2026-04-16,350.2,351.2,350,351.2,800
API,1min,1776329590,2026-04-16 14:38,2026-04-16,351.2,351.2,350,351.2,560
API,1min,1776329693,2026-04-16 14:39,2026-04-16,351.2,351.2,350,350,5672
API,1min,1776329713,2026-04-16 14:40,2026-04-16,350,350,349.8,349.8,0
API,1min,1776329812,2026-04-16 14:41,2026-04-16,349.8,350.1,349,350.1,2455
API,1min,1776329854,2026-04-16 14:42,2026-04-16,350.1,350.1,349,349,291
API,1min,1776329932,2026-04-16 14:43,2026-04-16,349,350,349,349,629
API,1min,1776329985,2026-04-16 14:44,2026-04-16,349,351.7,349,351.7,300
API,1min,1776330039,2026-04-16 14:45,2026-04-16,351.7,351.7,350,351.7,420
API,1min,1776330085,2026-04-16 14:46,2026-04-16,351.7,351.7,349.1,351.6,30
API,1min,1776330172,2026-04-16 14:47,2026-04-16,351.6,351.6,349.2,349.2,316
API,1min,1776330231,2026-04-16 14:48,2026-04-16,349.2,350,349.1,350,2750
API,1min,1776330262,2026-04-16 14:49,2026-04-16,350,350,350,350,75
API,1min,1776330355,2026-04-16 14:50,2026-04-16,350,350,349.1,350,2900
API,1min,1776330416,2026-04-16 14:51,2026-04-16,350,350,350,350,19764
API,1min,1776330467,2026-04-16 14:52,2026-04-16,350,351,349,351,10100
API,1min,1776330521,2026-04-16 14:53,2026-04-16,351,351,350,350,323
API,1min,1776330592,2026-04-16 14:54,2026-04-16,350,350.7,350,350,1027
API,1min,1776330651,2026-04-16 14:55,2026-04-16,350,350.6,350,350,2665
API,1min,1776330713,2026-04-16 14:56,2026-04-16,350,350,349.9,350,0
API,1min,1776330747,2026-04-16 14:57,2026-04-16,350,350,350,350,1620
API,1min,1776330828,2026-04-16 14:58,2026-04-16,350,350,349.4,349.4,4035
API,1min,1776330899,2026-04-16 14:59,2026-04-16,349.4,349.5,349.3,349.5,813
API,1min,1776403249,2026-04-17 11:05,2026-04-17,349.8,350,349.8,350,1548
API,1min,1776403265,2026-04-17 11:06,2026-04-17,350,350,350,350,100
API,1min,1776403438,2026-04-17 11:08,2026-04-17,350,352,350,352,10
API,1min,1776403522,2026-04-17 11:10,2026-04-17,352,352,351.9,351.9,245
API,1min,1776403586,2026-04-17 11:11,2026-04-17,351.9,352,350.1,350.1,715
API,1min,1776403661,2026-04-17 11:12,2026-04-17,350.1,350.1,350,350,710
API,1min,1776403787,2026-04-17 11:14,2026-04-17,350,351,350,351,2362
API,1min,1776403884,2026-04-17 11:16,2026-04-17,351,351.6,351,351.6,50
API,1min,1776403978,2026-04-17 11:17,2026-04-17,351.6,351.6,350,351,2010
API,1min,1776404036,2026-04-17 11:18,2026-04-17,351,351,350,350,5400
API,1min,1776404076,2026-04-17 11:19,2026-04-17,350,350,348.1,348.1,3405
API,1min,1776404178,2026-04-17 11:21,2026-04-17,348.1,348.1,348.1,348.1,85
API,1min,1776404248,2026-04-17 11:22,2026-04-17,348.1,348.1,348.1,348.1,985
API,1min,1776404329,2026-04-17 11:23,2026-04-17,348.1,348.1,348,348,3274
API,1min,1776404376,2026-04-17 11:24,2026-04-17,348,348,348,348,980
API,1min,1776404454,2026-04-17 11:25,2026-04-17,348,348,348,348,3655
API,1min,1776404506,2026-04-17 11:26,2026-04-17,348,348,348,348,600
API,1min,1776404556,2026-04-17 11:27,2026-04-17,348,349,348,349,405
API,1min,1776404634,2026-04-17 11:28,2026-04-17,349,349,348,348,3152
API,1min,1776404685,2026-04-17 11:29,2026-04-17,348,350,348,348,1314
API,1min,1776404753,2026-04-17 11:30,2026-04-17,348,349,348,349,10
API,1min,1776404792,2026-04-17 11:31,2026-04-17,349,349,349,349,130
API,1min,1776404874,2026-04-17 11:32,2026-04-17,349,349,349,349,13
API,1min,1776404935,2026-04-17 11:33,2026-04-17,349,349,349,349,867
API,1min,1776404998,2026-04-17 11:34,2026-04-17,349,349,348.2,348.2,220
API,1min,1776405064,2026-04-17 11:36,2026-04-17,348.2,348.2,348.2,348.2,25
API,1min,1776405219,2026-04-17 11:38,2026-04-17,348.2,349.9,348.2,349.9,52
API,1min,1776405268,2026-04-17 11:39,2026-04-17,349.9,349.9,348.2,348.2,30
API,1min,1776405417,2026-04-17 11:41,2026-04-17,348.2,348.3,348,348,3460
API,1min,1776405508,2026-04-17 11:43,2026-04-17,348,348,348,348,10
API,1min,1776405593,2026-04-17 11:44,2026-04-17,348,350,348,350,0
API,1min,1776405646,2026-04-17 11:45,2026-04-17,350,350,350,350,3500
API,1min,1776405710,2026-04-17 11:46,2026-04-17,350,350,348.1,348.1,500
API,1min,1776405788,2026-04-17 11:48,2026-04-17,348.1,348.1,348,348,1900
API,1min,1776405883,2026-04-17 11:49,2026-04-17,348,348,347,347,2200
API,1min,1776405986,2026-04-17 11:51,2026-04-17,347,347.1,347,347.1,219
API,1min,1776406056,2026-04-17 11:52,2026-04-17,347.1,347.2,347.1,347.2,160
API,1min,1776406189,2026-04-17 11:54,2026-04-17,347.2,347.2,347,347,1333
API,1min,1776406220,2026-04-17 11:55,2026-04-17,347,347,346.8,346.8,208
API,1min,1776406307,2026-04-17 11:56,2026-04-17,346.8,346.8,346.6,346.8,263
API,1min,1776406348,2026-04-17 11:57,2026-04-17,346.8,346.8,346.6,346.6,47
API,1min,1776406434,2026-04-17 11:58,2026-04-17,346.6,346.6,346.5,346.5,1690
API,1min,1776406590,2026-04-17 12:01,2026-04-17,346.5,347,346.5,347,200
API,1min,1776406651,2026-04-17 12:02,2026-04-17,347,347.1,347,347,1010
API,1min,1776406780,2026-04-17 12:04,2026-04-17,347,347,346.5,346.5,0
API,1min,1776406842,2026-04-17 12:05,2026-04-17,346.5,346.5,346.3,346.3,449
API,1min,1776406917,2026-04-17 12:06,2026-04-17,346.3,346.4,346,346,1964
API,1min,1776406974,2026-04-17 12:07,2026-04-17,346,346.5,346,346,2462
API,1min,1776407035,2026-04-17 12:08,2026-04-17,346,346.4,346,346.4,200
API,1min,1776407092,2026-04-17 12:09,2026-04-17,346.4,346.4,346,346,163
API,1min,1776407158,2026-04-17 12:10,2026-04-17,346,346,346,346,1149
API,1min,1776407212,2026-04-17 12:11,2026-04-17,346,346,345.7,345.7,1050
API,1min,1776407278,2026-04-17 12:12,2026-04-17,345.7,345.7,345.1,345.1,0
API,1min,1776407301,2026-04-17 12:13,2026-04-17,345.1,345.2,345.1,345.2,0
API,1min,1776407382,2026-04-17 12:14,2026-04-17,345.2,346,345.2,346,3598
API,1min,1776407456,2026-04-17 12:15,2026-04-17,346,346.4,346,346.4,723
API,1min,1776407518,2026-04-17 12:16,2026-04-17,346.4,346.4,345.7,346,1002
API,1min,1776407577,2026-04-17 12:17,2026-04-17,346,346,346,346,250
API,1min,1776407636,2026-04-17 12:18,2026-04-17,346,347,345.7,347,1134
API,1min,1776407747,2026-04-17 12:20,2026-04-17,347,347,346,346,350
API,1min,1776407876,2026-04-17 12:22,2026-04-17,346,347,346,347,4810
API,1min,1776407932,2026-04-17 12:23,2026-04-17,347,347,347,347,508
API,1min,1776407988,2026-04-17 12:24,2026-04-17,347,347.5,347,347.5,0
API,1min,1776408031,2026-04-17 12:25,2026-04-17,347.5,347.5,347.5,347.5,788
API,1min,1776408061,2026-04-17 12:26,2026-04-17,347.5,347.5,346,346,211
API,1min,1776408141,2026-04-17 12:27,2026-04-17,346,346,346,346,500
API,1min,1776408199,2026-04-17 12:28,2026-04-17,346,346.5,346,346.5,33
API,1min,1776408283,2026-04-17 12:29,2026-04-17,346.5,346.5,346.4,346.4,180
API,1min,1776408353,2026-04-17 12:30,2026-04-17,346.4,346.4,346.4,346.4,750
API,1min,1776408411,2026-04-17 12:31,2026-04-17,346.4,346.4,346.4,346.4,1080
API,1min,1776408477,2026-04-17 12:32,2026-04-17,346.4,347.8,346.4,346.4,1628
API,1min,1776408528,2026-04-17 12:33,2026-04-17,346.4,349,346.4,349,725
API,1min,1776408598,2026-04-17 12:34,2026-04-17,349,349,347.8,347.8,1014
API,1min,1776408624,2026-04-17 12:35,2026-04-17,347.8,347.8,347,347,500
API,1min,1776408708,2026-04-17 12:36,2026-04-17,347,347.8,347,347.8,400
API,1min,1776408797,2026-04-17 12:38,2026-04-17,347.8,347.8,347.8,347.8,750
API,1min,1776408869,2026-04-17 12:39,2026-04-17,347.8,347.8,347.8,347.8,100
API,1min,1776408937,2026-04-17 12:40,2026-04-17,347.8,347.8,347.8,347.8,0
API,1min,1776409072,2026-04-17 12:42,2026-04-17,347.8,347.8,347.8,347.8,2515
API,1min,1776409125,2026-04-17 12:43,2026-04-17,347.8,348,347.2,348,314
API,1min,1776409188,2026-04-17 12:44,2026-04-17,348,348,347.2,347.2,0
API,1min,1776409200,2026-04-17 12:45,2026-04-17,347.2,347.2,347.2,347.2,0
API,1min,1776409333,2026-04-17 12:47,2026-04-17,347.2,348,347.2,348,420
API,1min,1776409497,2026-04-17 12:49,2026-04-17,348,348.9,348,348.9,1144
API,1min,1776409549,2026-04-17 12:50,2026-04-17,348.9,349,348,349,350
API,1min,1776409613,2026-04-17 12:51,2026-04-17,349,349,348,348,1446
API,1min,1776409663,2026-04-17 12:52,2026-04-17,348,348,348,348,500
API,1min,1776409715,2026-04-17 12:53,2026-04-17,348,348,347.6,347.6,2180
API,1min,1776409787,2026-04-17 12:54,2026-04-17,347.6,347.6,347.5,347.5,546
API,1min,1776409854,2026-04-17 12:55,2026-04-17,347.5,347.5,346.1,346.1,12000
API,1min,1776409871,2026-04-17 12:56,2026-04-17,346.1,347,346.1,347,520
API,1min,1776409962,2026-04-17 12:57,2026-04-17,347,347,347,347,500
API,1min,1776410028,2026-04-17 12:58,2026-04-17,347,347,346,346,521
API,1min,1776410084,2026-04-17 12:59,2026-04-17,346,348,346,348,50
API,1min,1776410111,2026-04-17 13:00,2026-04-17,348,348,346,346,3000
API,1min,1776410263,2026-04-17 13:02,2026-04-17,346,348,346,348,10
API,1min,1776410375,2026-04-17 13:04,2026-04-17,348,348,348,348,203
API,1min,1776410549,2026-04-17 13:07,2026-04-17,348,348,347.5,347.5,210
API,1min,1776410860,2026-04-17 13:12,2026-04-17,347.5,347.5,347,347,1058
API,1min,1776411168,2026-04-17 13:17,2026-04-17,347,347,346.2,346.2,175
API,1min,1776411228,2026-04-17 13:18,2026-04-17,346.2,347.4,346.2,346.3,591
API,1min,1776411258,2026-04-17 13:19,2026-04-17,346.3,347,346.3,347,127
API,1min,1776411337,2026-04-17 13:20,2026-04-17,347,347.2,347,347.2,0
API,1min,1776411388,2026-04-17 13:21,2026-04-17,347.2,347.5,347.2,347.5,1919
API,1min,1776411473,2026-04-17 13:22,2026-04-17,347.5,347.5,347.5,347.5,299
API,1min,1776411528,2026-04-17 13:23,2026-04-17,347.5,347.5,347.5,347.5,10
API,1min,1776411586,2026-04-17 13:24,2026-04-17,347.5,348,347.5,347.5,1224
API,1min,1776411648,2026-04-17 13:25,2026-04-17,347.5,347.8,347.5,347.8,659
API,1min,1776411707,2026-04-17 13:26,2026-04-17,347.8,347.9,347.8,347.9,50
API,1min,1776411749,2026-04-17 13:27,2026-04-17,347.9,347.9,347.9,347.9,200
API,1min,1776411843,2026-04-17 13:29,2026-04-17,347.9,347.9,347.7,347.7,80
API,1min,1776411931,2026-04-17 13:30,2026-04-17,347.7,347.7,347.7,347.7,10
API,1min,1776412017,2026-04-17 13:31,2026-04-17,347.7,348,347.6,348,9996
API,1min,1776412040,2026-04-17 13:32,2026-04-17,348,349,348,349,2010
API,1min,1776412196,2026-04-17 13:34,2026-04-17,349,349.8,349,349.8,1885
API,1min,1776412243,2026-04-17 13:35,2026-04-17,349.8,349.8,349.8,349.8,72
API,1min,1776412369,2026-04-17 13:37,2026-04-17,349.8,349.8,349.7,349.7,20
API,1min,1776412420,2026-04-17 13:38,2026-04-17,349.7,350,349.7,350,0
API,1min,1776412487,2026-04-17 13:39,2026-04-17,350,350,350,350,1602
API,1min,1776412536,2026-04-17 13:40,2026-04-17,350,350,350,350,100
API,1min,1776412617,2026-04-17 13:41,2026-04-17,350,350,349,349,500
API,1min,1776412711,2026-04-17 13:43,2026-04-17,349,349.2,349,349.2,400
API,1min,1776412794,2026-04-17 13:44,2026-04-17,349.2,349.2,349.1,349.1,279
API,1min,1776412963,2026-04-17 13:47,2026-04-17,349.1,349.7,349.1,349.7,20
API,1min,1776413035,2026-04-17 13:48,2026-04-17,349.7,349.7,349.7,349.7,0
API,1min,1776413083,2026-04-17 13:49,2026-04-17,349.7,349.7,349.5,349.5,836
API,1min,1776413117,2026-04-17 13:50,2026-04-17,349.5,349.5,349.5,349.5,900
API,1min,1776413273,2026-04-17 13:52,2026-04-17,349.5,349.5,349.1,349.5,0
API,1min,1776413322,2026-04-17 13:53,2026-04-17,349.5,349.5,348.8,348.8,2511
API,1min,1776413392,2026-04-17 13:54,2026-04-17,348.8,349,348.8,349,394
API,1min,1776413408,2026-04-17 13:55,2026-04-17,349,349,349,349,866
API,1min,1776413466,2026-04-17 13:56,2026-04-17,349,349,349,349,1000
API,1min,1776413622,2026-04-17 13:58,2026-04-17,349,349,349,349,24
API,1min,1776413663,2026-04-17 13:59,2026-04-17,349,349.5,349,349.5,0
API,1min,1776413729,2026-04-17 14:00,2026-04-17,349.5,349.5,349,349,115
API,1min,1776413813,2026-04-17 14:01,2026-04-17,349,349.5,349,349.5,832
API,1min,1776413856,2026-04-17 14:02,2026-04-17,349.5,350,349.5,350,1668
API,1min,1776413906,2026-04-17 14:03,2026-04-17,350,350,350,350,691
API,1min,1776414047,2026-04-17 14:05,2026-04-17,350,350,350,350,100
API,1min,1776414108,2026-04-17 14:06,2026-04-17,350,350,349.1,350,1430
API,1min,1776414133,2026-04-17 14:07,2026-04-17,350,350,350,350,150
API,1min,1776414225,2026-04-17 14:08,2026-04-17,350,350,350,350,0
API,1min,1776414319,2026-04-17 14:10,2026-04-17,350,351,350,351,14697
API,1min,1776414396,2026-04-17 14:11,2026-04-17,351,351,350,350,5000
API,1min,1776414474,2026-04-17 14:12,2026-04-17,350,351.5,350,351.5,1030
API,1min,1776414538,2026-04-17 14:13,2026-04-17,351.5,351.7,351.5,351.7,130
API,1min,1776414578,2026-04-17 14:14,2026-04-17,351.7,351.8,351.7,351.7,220
API,1min,1776414611,2026-04-17 14:15,2026-04-17,351.7,351.8,351.7,351.8,40
API,1min,1776414702,2026-04-17 14:16,2026-04-17,351.8,352,351.8,352,13500
API,1min,1776414786,2026-04-17 14:18,2026-04-17,352,352,350,350,1174
API,1min,1776414881,2026-04-17 14:19,2026-04-17,350,350,350,350,176
API,1min,1776414957,2026-04-17 14:20,2026-04-17,350,350,349.2,350,0
API,1min,1776415060,2026-04-17 14:22,2026-04-17,350,350,350,350,174
API,1min,1776415104,2026-04-17 14:23,2026-04-17,350,350,349.2,349.2,100
API,1min,1776415189,2026-04-17 14:24,2026-04-17,349.2,349.2,349.1,349.1,0
API,1min,1776415259,2026-04-17 14:25,2026-04-17,349.1,349.9,349,349,3835
API,1min,1776415312,2026-04-17 14:26,2026-04-17,349,349,348.6,348.6,1758
API,1min,1776415337,2026-04-17 14:27,2026-04-17,348.6,350,348.6,350,0
API,1min,1776415389,2026-04-17 14:28,2026-04-17,350,350,350,350,410
API,1min,1776415493,2026-04-17 14:29,2026-04-17,350,350,348.2,350,10110
API,1min,1776415514,2026-04-17 14:30,2026-04-17,350,350,350,350,2206
API,1min,1776415607,2026-04-17 14:31,2026-04-17,350,350,350,350,150
API,1min,1776415724,2026-04-17 14:33,2026-04-17,350,350,349,349,1510
API,1min,1776415857,2026-04-17 14:35,2026-04-17,349,350,349,350,6596
API,1min,1776415860,2026-04-17 14:36,2026-04-17,350,350,349,349,100
API,1min,1776415975,2026-04-17 14:37,2026-04-17,349,350,349,350,230
API,1min,1776416025,2026-04-17 14:38,2026-04-17,350,350,349.5,349.5,300
API,1min,1776416064,2026-04-17 14:39,2026-04-17,349.5,349.5,349.2,349.2,150
API,1min,1776416145,2026-04-17 14:40,2026-04-17,349.2,349.3,349,349.3,3280
API,1min,1776416180,2026-04-17 14:41,2026-04-17,349.3,350.5,349.3,350.5,215
API,1min,1776416268,2026-04-17 14:42,2026-04-17,350.5,350.5,350,350,30
API,1min,1776416336,2026-04-17 14:43,2026-04-17,350,350,350,350,1030
API,1min,1776416387,2026-04-17 14:44,2026-04-17,350,350,349.4,349.4,770
API,1min,1776416424,2026-04-17 14:45,2026-04-17,349.4,350,349.4,350,0
API,1min,1776416511,2026-04-17 14:46,2026-04-17,350,350,349.5,349.5,361
API,1min,1776416539,2026-04-17 14:47,2026-04-17,349.5,349.5,349.5,349.5,100
API,1min,1776416638,2026-04-17 14:48,2026-04-17,349.5,350,349.5,350,1512
API,1min,1776416727,2026-04-17 14:50,2026-04-17,350,350.4,349.6,350.4,1632
API,1min,1776416810,2026-04-17 14:51,2026-04-17,350.4,350.4,350,350.4,0
API,1min,1776416868,2026-04-17 14:52,2026-04-17,350.4,350.4,350,350.3,136
API,1min,1776416932,2026-04-17 14:53,2026-04-17,350.3,350.3,350,350,1112
API,1min,1776416997,2026-04-17 14:54,2026-04-17,350,350,350,350,893
API,1min,1776417037,2026-04-17 14:55,2026-04-17,350,350.3,350,350,1655
API,1min,1776417118,2026-04-17 14:56,2026-04-17,350,350,349.5,349.5,730
API,1min,1776417171,2026-04-17 14:57,2026-04-17,349.5,350,349.5,349.9,4960
API,1min,1776417213,2026-04-17 14:58,2026-04-17,349.9,349.9,347,347,78078
API,1min,1776417299,2026-04-17 14:59,2026-04-17,347,349.6,347,349,4203
API,1min,1776662140,2026-04-20 11:00,2026-04-20,350,350,349,349,115
API,1min,1776662211,2026-04-20 11:01,2026-04-20,349,349,346,346,1000
API,1min,1776662256,2026-04-20 11:02,2026-04-20,346,346,346,346,60
API,1min,1776662305,2026-04-20 11:03,2026-04-20,346,348,346,348,600
API,1min,1776662380,2026-04-20 11:04,2026-04-20,348,348,348,348,740
API,1min,1776662439,2026-04-20 11:05,2026-04-20,348,348,346.4,346.4,0
API,1min,1776662510,2026-04-20 11:06,2026-04-20,346.4,346.4,346,346,1500
API,1min,1776662536,2026-04-20 11:07,2026-04-20,346,346,346,346,2885
API,1min,1776662634,2026-04-20 11:08,2026-04-20,346,346,344,344,2030
API,1min,1776662805,2026-04-20 11:11,2026-04-20,344,345.2,344,345.2,10
API,1min,1776662992,2026-04-20 11:14,2026-04-20,345.2,347.7,345.2,347.7,39
API,1min,1776663105,2026-04-20 11:16,2026-04-20,347.7,347.7,346,346,567
API,1min,1776663174,2026-04-20 11:17,2026-04-20,346,346,346,346,0
API,1min,1776663219,2026-04-20 11:18,2026-04-20,346,346,346,346,570
API,1min,1776663287,2026-04-20 11:19,2026-04-20,346,346,345.5,345.5,300
API,1min,1776663324,2026-04-20 11:20,2026-04-20,345.5,345.5,345.4,345.4,1200
API,1min,1776663410,2026-04-20 11:21,2026-04-20,345.4,345.4,345.4,345.4,100
API,1min,1776663477,2026-04-20 11:22,2026-04-20,345.4,345.4,345.4,345.4,249
API,1min,1776663514,2026-04-20 11:23,2026-04-20,345.4,346,345.4,346,1382
API,1min,1776663549,2026-04-20 11:24,2026-04-20,346,346,345.3,345.3,20
API,1min,1776663648,2026-04-20 11:25,2026-04-20,345.3,347,345.3,347,4410
API,1min,1776663707,2026-04-20 11:26,2026-04-20,347,347.5,346,346,0
API,1min,1776663768,2026-04-20 11:27,2026-04-20,346,348.9,346,348.9,1765
API,1min,1776663916,2026-04-20 11:30,2026-04-20,348.9,348.9,347,347,1000
API,1min,1776664009,2026-04-20 11:31,2026-04-20,347,347,347,347,171
API,1min,1776664105,2026-04-20 11:33,2026-04-20,347,347,345.5,345.5,1000
API,1min,1776664148,2026-04-20 11:34,2026-04-20,345.5,348,345.5,348,50
API,1min,1776664250,2026-04-20 11:35,2026-04-20,348,348,345.6,347,491
API,1min,1776664277,2026-04-20 11:36,2026-04-20,347,347,345.5,347,110
API,1min,1776664337,2026-04-20 11:37,2026-04-20,347,347,345,345,4545
API,1min,1776664491,2026-04-20 11:39,2026-04-20,345,346.5,345,346.5,20
API,1min,1776664553,2026-04-20 11:40,2026-04-20,346.5,346.5,344.3,344.3,0
API,1min,1776664618,2026-04-20 11:41,2026-04-20,344.3,344.3,344.2,344.2,1771
API,1min,1776664676,2026-04-20 11:42,2026-04-20,344.2,344.2,344,344,7130
API,1min,1776664699,2026-04-20 11:43,2026-04-20,344,344,344,344,2721
API,1min,1776664797,2026-04-20 11:44,2026-04-20,344,344.3,343.4,343.4,790
API,1min,1776664835,2026-04-20 11:45,2026-04-20,343.4,344,343,344,2700
API,1min,1776664913,2026-04-20 11:46,2026-04-20,344,345,344,345,9400
API,1min,1776665015,2026-04-20 11:48,2026-04-20,345,345,345,345,3160
API,1min,1776665143,2026-04-20 11:50,2026-04-20,345,345,343,343,1962
API,1min,1776665199,2026-04-20 11:51,2026-04-20,343,343,342.9,342.9,350
API,1min,1776665253,2026-04-20 11:52,2026-04-20,342.9,342.9,342.2,342.2,2116
API,1min,1776665331,2026-04-20 11:53,2026-04-20,342.2,342.2,342,342,11392
API,1min,1776665380,2026-04-20 11:54,2026-04-20,342,342,342,342,1209
API,1min,1776665428,2026-04-20 11:55,2026-04-20,342,344,342,344,10
API,1min,1776665553,2026-04-20 11:57,2026-04-20,344,344,343,343,200
API,1min,1776665691,2026-04-20 11:59,2026-04-20,343,343,342.6,342.6,473
API,1min,1776665746,2026-04-20 12:00,2026-04-20,342.6,342.6,342.5,342.6,1300
API,1min,1776665812,2026-04-20 12:01,2026-04-20,342.6,342.6,342,342,2080
API,1min,1776665829,2026-04-20 12:02,2026-04-20,342,342,342,342,215
API,1min,1776665989,2026-04-20 12:04,2026-04-20,342,343,342,343,2015
API,1min,1776666100,2026-04-20 12:06,2026-04-20,343,344,342,344,1603
API,1min,1776666170,2026-04-20 12:07,2026-04-20,344,345,343,345,36
API,1min,1776666222,2026-04-20 12:08,2026-04-20,345,345,344,344,4980
API,1min,1776666276,2026-04-20 12:09,2026-04-20,344,344,344,344,600
API,1min,1776666357,2026-04-20 12:10,2026-04-20,344,344,344,344,1340
API,1min,1776666447,2026-04-20 12:12,2026-04-20,344,344,341.5,341.5,3510
API,1min,1776666538,2026-04-20 12:13,2026-04-20,341.5,342,341.5,341.6,700
API,1min,1776666626,2026-04-20 12:15,2026-04-20,341.6,342,341.6,342,106
API,1min,1776666713,2026-04-20 12:16,2026-04-20,342,348,342,348,5105
API,1min,1776667184,2026-04-20 12:24,2026-04-20,348,348,345,345,150
API,1min,1776667243,2026-04-20 12:25,2026-04-20,345,345,345,345,0
API,1min,1776667296,2026-04-20 12:26,2026-04-20,345,347.9,345,347.9,210
API,1min,1776667327,2026-04-20 12:27,2026-04-20,347.9,347.9,347.9,347.9,100
API,1min,1776667499,2026-04-20 12:29,2026-04-20,347.9,347.9,344.1,344.1,35
API,1min,1776667519,2026-04-20 12:30,2026-04-20,344.1,344.1,344.1,344.1,400
API,1min,1776667600,2026-04-20 12:31,2026-04-20,344.1,344.2,344.1,344.2,353
API,1min,1776667634,2026-04-20 12:32,2026-04-20,344.2,344.8,344.2,344.8,10
API,1min,1776667706,2026-04-20 12:33,2026-04-20,344.8,344.8,344,344,500
API,1min,1776667754,2026-04-20 12:34,2026-04-20,344,344.1,344,344.1,40
API,1min,1776667818,2026-04-20 12:35,2026-04-20,344.1,344.1,344,344,782
API,1min,1776667867,2026-04-20 12:36,2026-04-20,344,344,343,343,120
API,1min,1776667974,2026-04-20 12:37,2026-04-20,343,344,343,344,2300
API,1min,1776667989,2026-04-20 12:38,2026-04-20,344,345,344,345,1000
API,1min,1776668069,2026-04-20 12:39,2026-04-20,345,345,345,345,22
API,1min,1776668139,2026-04-20 12:40,2026-04-20,345,345,345,345,500
API,1min,1776668515,2026-04-20 12:46,2026-04-20,345,346,345,346,164
API,1min,1776668529,2026-04-20 12:47,2026-04-20,346,346,346,346,10
API,1min,1776668592,2026-04-20 12:48,2026-04-20,346,346,346,346,100
API,1min,1776668756,2026-04-20 12:50,2026-04-20,346,346,346,346,220
API,1min,1776668766,2026-04-20 12:51,2026-04-20,346,346,345.3,345.3,1000
API,1min,1776668946,2026-04-20 12:54,2026-04-20,345.3,345.3,345.1,345.1,185
API,1min,1776669039,2026-04-20 12:55,2026-04-20,345.1,345.5,345.1,345.5,10
API,1min,1776669074,2026-04-20 12:56,2026-04-20,345.5,346,345.1,346,88
API,1min,1776669149,2026-04-20 12:57,2026-04-20,346,346,345,345,0
API,1min,1776669270,2026-04-20 12:59,2026-04-20,345,345,345,345,1400
API,1min,1776669447,2026-04-20 13:02,2026-04-20,345,345,345,345,1384
API,1min,1776669539,2026-04-20 13:03,2026-04-20,345,345,345,345,36
API,1min,1776669711,2026-04-20 13:06,2026-04-20,345,345,345,345,193
API,1min,1776669782,2026-04-20 13:08,2026-04-20,345,345,345,345,444
API,1min,1776669880,2026-04-20 13:09,2026-04-20,345,345.1,345,345,55
API,1min,1776669951,2026-04-20 13:10,2026-04-20,345,346,345,346,5625
API,1min,1776669981,2026-04-20 13:11,2026-04-20,346,346,346,346,0
API,1min,1776670038,2026-04-20 13:12,2026-04-20,346,346,346,346,1525
API,1min,1776670131,2026-04-20 13:13,2026-04-20,346,346,346,346,94
API,1min,1776670167,2026-04-20 13:14,2026-04-20,346,346,346,346,2010
API,1min,1776670237,2026-04-20 13:15,2026-04-20,346,346.9,346,346.9,50
API,1min,1776670374,2026-04-20 13:17,2026-04-20,346.9,346.9,346,346,262
API,1min,1776670402,2026-04-20 13:18,2026-04-20,346,346,346,346,643
API,1min,1776670479,2026-04-20 13:19,2026-04-20,346,346,345.1,345.1,100
API,1min,1776670667,2026-04-20 13:22,2026-04-20,345.1,345.1,345,345,0
API,1min,1776670979,2026-04-20 13:27,2026-04-20,345,345,344.9,345,2175
API,1min,1776670990,2026-04-20 13:28,2026-04-20,345,345,345,345,362
API,1min,1776671082,2026-04-20 13:29,2026-04-20,345,345,345,345,1638
API,1min,1776671380,2026-04-20 13:34,2026-04-20,345,345,344.9,344.9,250
API,1min,1776671417,2026-04-20 13:35,2026-04-20,344.9,344.9,344,344,120
API,1min,1776671496,2026-04-20 13:36,2026-04-20,344,344.9,344,344.9,200
API,1min,1776671627,2026-04-20 13:38,2026-04-20,344.9,344.9,344,344,164
API,1min,1776671659,2026-04-20 13:39,2026-04-20,344,345,344,344,2600
API,1min,1776671744,2026-04-20 13:40,2026-04-20,344,344.9,344,344.9,0
API,1min,1776671929,2026-04-20 13:43,2026-04-20,344.9,344.9,344.9,344.9,170
API,1min,1776671996,2026-04-20 13:44,2026-04-20,344.9,344.9,344.9,344.9,136
API,1min,1776672019,2026-04-20 13:45,2026-04-20,344.9,345,344.9,345,2336
API,1min,1776672086,2026-04-20 13:46,2026-04-20,345,345.1,345,345.1,30
API,1min,1776672169,2026-04-20 13:47,2026-04-20,345.1,345.1,345,345,360
API,1min,1776672202,2026-04-20 13:48,2026-04-20,345,345.1,345,345.1,75
API,1min,1776672245,2026-04-20 13:49,2026-04-20,345.1,345.1,345.1,345.1,0
API,1min,1776672373,2026-04-20 13:51,2026-04-20,345.1,345.1,344.2,344.2,62
API,1min,1776672467,2026-04-20 13:52,2026-04-20,344.2,344.2,344.1,344.1,1218
API,1min,1776672522,2026-04-20 13:53,2026-04-20,344.1,344.1,344,344,2215
API,1min,1776672644,2026-04-20 13:55,2026-04-20,344,344.9,344,344.9,293
API,1min,1776672783,2026-04-20 13:58,2026-04-20,344.9,344.9,344.9,344.9,40
API,1min,1776672890,2026-04-20 13:59,2026-04-20,344.9,345.9,344.1,345.9,3000
API,1min,1776673079,2026-04-20 14:02,2026-04-20,345.9,345.9,344,344.1,200
API,1min,1776673159,2026-04-20 14:04,2026-04-20,344.1,345,344.1,345,597
API,1min,1776673222,2026-04-20 14:05,2026-04-20,345,345.5,345,345.5,10
API,1min,1776673306,2026-04-20 14:06,2026-04-20,345.5,346,345.5,346,2710
API,1min,1776673331,2026-04-20 14:07,2026-04-20,346,346,346,346,1000
API,1min,1776673420,2026-04-20 14:08,2026-04-20,346,347,346,347,5000
API,1min,1776673477,2026-04-20 14:09,2026-04-20,347,347,347,347,2140
API,1min,1776673523,2026-04-20 14:10,2026-04-20,347,347,347,347,600
API,1min,1776673616,2026-04-20 14:11,2026-04-20,347,348,347,348,6250
API,1min,1776673667,2026-04-20 14:12,2026-04-20,348,348.9,348,348.9,158
API,1min,1776673696,2026-04-20 14:13,2026-04-20,348.9,348.9,348.9,348.9,350
API,1min,1776673777,2026-04-20 14:14,2026-04-20,348.9,348.9,348.9,348.9,691
API,1min,1776673897,2026-04-20 14:16,2026-04-20,348.9,348.9,348,348,1390
API,1min,1776673933,2026-04-20 14:17,2026-04-20,348,348.9,348,348.9,1000
API,1min,1776674092,2026-04-20 14:19,2026-04-20,348.9,348.9,348,348,1020
API,1min,1776674138,2026-04-20 14:20,2026-04-20,348,348,348,348,2030
API,1min,1776674185,2026-04-20 14:21,2026-04-20,348,348,348,348,25
API,1min,1776674261,2026-04-20 14:22,2026-04-20,348,348.1,347,347,765
API,1min,1776674294,2026-04-20 14:23,2026-04-20,347,347,347,347,135
API,1min,1776674386,2026-04-20 14:24,2026-04-20,347,347,347,347,0
API,1min,1776674438,2026-04-20 14:25,2026-04-20,347,347,347,347,793
API,1min,1776674482,2026-04-20 14:26,2026-04-20,347,347,346.2,346.2,210
API,1min,1776674574,2026-04-20 14:27,2026-04-20,346.2,346.2,346,346,2507
API,1min,1776674634,2026-04-20 14:28,2026-04-20,346,346.2,346,346,2730
API,1min,1776674744,2026-04-20 14:30,2026-04-20,346,346.5,346,346,1108
API,1min,1776674785,2026-04-20 14:31,2026-04-20,346,346,346,346,1000
API,1min,1776674865,2026-04-20 14:32,2026-04-20,346,346.6,346,346,584
API,1min,1776674911,2026-04-20 14:33,2026-04-20,346,346,346,346,1326
API,1min,1776674976,2026-04-20 14:34,2026-04-20,346,346,345.3,345.3,20
API,1min,1776675118,2026-04-20 14:36,2026-04-20,345.3,346,345,346,1584
API,1min,1776675144,2026-04-20 14:37,2026-04-20,346,346,346,346,75
API,1min,1776675243,2026-04-20 14:39,2026-04-20,346,346,346,346,1000
API,1min,1776675335,2026-04-20 14:40,2026-04-20,346,346,346,346,2080
API,1min,1776675367,2026-04-20 14:41,2026-04-20,346,346,346,346,226
API,1min,1776675469,2026-04-20 14:42,2026-04-20,346,346,346,346,500
API,1min,1776675545,2026-04-20 14:44,2026-04-20,346,346,346,346,50
API,1min,1776675622,2026-04-20 14:45,2026-04-20,346,347,346,347,112
API,1min,1776675682,2026-04-20 14:46,2026-04-20,347,347,346,346,59
API,1min,1776675852,2026-04-20 14:49,2026-04-20,346,346,346,346,1063
API,1min,1776675952,2026-04-20 14:50,2026-04-20,346,346,346,346,9507
API,1min,1776675997,2026-04-20 14:51,2026-04-20,346,346,346,346,300
API,1min,1776676027,2026-04-20 14:52,2026-04-20,346,346,345.2,345.2,1000
API,1min,1776676135,2026-04-20 14:53,2026-04-20,345.2,346,345.2,345.3,2285
API,1min,1776676195,2026-04-20 14:54,2026-04-20,345.3,345.5,345.2,345.2,5234
API,1min,1776676250,2026-04-20 14:55,2026-04-20,345.2,345.2,345,345,8558
API,1min,1776676316,2026-04-20 14:56,2026-04-20,345,345.1,345,345,215
API,1min,1776676371,2026-04-20 14:57,2026-04-20,345,345,345,345,3116
API,1min,1776676426,2026-04-20 14:58,2026-04-20,345,345.6,344.5,345,3953
API,1min,1776676499,2026-04-20 14:59,2026-04-20,345,345.6,345,345,10496
API,1min,1776748793,2026-04-21 11:04,2026-04-21,346.1,346.1,346.1,346.1,10
API,1min,1776748854,2026-04-21 11:05,2026-04-21,346.1,348,346.1,348,10
API,1min,1776748882,2026-04-21 11:06,2026-04-21,348,348,348,348,30
API,1min,1776748977,2026-04-21 11:07,2026-04-21,348,348,346.1,347,2500
API,1min,1776749038,2026-04-21 11:08,2026-04-21,347,347,346,346,1215
API,1min,1776749063,2026-04-21 11:09,2026-04-21,346,346,345,345,1015
API,1min,1776749143,2026-04-21 11:10,2026-04-21,345,345,345,345,795
API,1min,1776749191,2026-04-21 11:11,2026-04-21,345,345,344,344,267
API,1min,1776749259,2026-04-21 11:12,2026-04-21,344,344,344,344,1000
API,1min,1776749399,2026-04-21 11:14,2026-04-21,344,344,343,343,925
API,1min,1776749518,2026-04-21 11:16,2026-04-21,343,343.1,343,343.1,687
API,1min,1776749551,2026-04-21 11:17,2026-04-21,343.1,344,343.1,344,30
API,1min,1776749653,2026-04-21 11:19,2026-04-21,344,344.8,344,344,29
API,1min,1776749743,2026-04-21 11:20,2026-04-21,344,345,344,344.5,700
API,1min,1776749760,2026-04-21 11:21,2026-04-21,344.5,344.5,344.1,344.1,500
API,1min,1776749847,2026-04-21 11:22,2026-04-21,344.1,344.2,344.1,344.2,140
API,1min,1776749921,2026-04-21 11:23,2026-04-21,344.2,345,344.2,345,334
API,1min,1776749988,2026-04-21 11:24,2026-04-21,345,346,345,346,204
API,1min,1776750010,2026-04-21 11:25,2026-04-21,346,346,345.1,345.1,110
API,1min,1776750179,2026-04-21 11:27,2026-04-21,345.1,345.1,344.2,344.2,500
API,1min,1776750334,2026-04-21 11:30,2026-04-21,344.2,345.9,344.2,345.9,90
API,1min,1776750406,2026-04-21 11:31,2026-04-21,345.9,345.9,344.3,344.3,107
API,1min,1776750438,2026-04-21 11:32,2026-04-21,344.3,344.3,344.3,344.3,287
API,1min,1776750512,2026-04-21 11:33,2026-04-21,344.3,345.5,344.3,345.5,920
API,1min,1776750583,2026-04-21 11:34,2026-04-21,345.5,345.5,345,345,10
API,1min,1776750636,2026-04-21 11:35,2026-04-21,345,345,345,345,49
API,1min,1776750702,2026-04-21 11:36,2026-04-21,345,345,344.3,345,0
API,1min,1776750756,2026-04-21 11:37,2026-04-21,345,345,345,345,1012
API,1min,1776750823,2026-04-21 11:38,2026-04-21,345,345,345,345,1099
API,1min,1776750853,2026-04-21 11:39,2026-04-21,345,345,344.3,344.3,350
API,1min,1776750987,2026-04-21 11:41,2026-04-21,344.3,344.3,344.2,344.2,2374
API,1min,1776751116,2026-04-21 11:43,2026-04-21,344.2,345,344.2,345,140
API,1min,1776751156,2026-04-21 11:44,2026-04-21,345,345,344.1,344.1,13
API,1min,1776751301,2026-04-21 11:46,2026-04-21,344.1,345,344.1,344.3,61
API,1min,1776751378,2026-04-21 11:47,2026-04-21,344.3,345,344.3,345,330
API,1min,1776751406,2026-04-21 11:48,2026-04-21,345,345,345,345,972
API,1min,1776751455,2026-04-21 11:49,2026-04-21,345,345,345,345,1050
API,1min,1776751579,2026-04-21 11:51,2026-04-21,345,345.3,345,345.1,1138
API,1min,1776751622,2026-04-21 11:52,2026-04-21,345.1,346,345.1,346,1407
API,1min,1776751725,2026-04-21 11:53,2026-04-21,346,346,346,346,410
API,1min,1776751762,2026-04-21 11:54,2026-04-21,346,346.8,346,346.8,2782
API,1min,1776751837,2026-04-21 11:55,2026-04-21,346.8,346.8,345.1,346.5,1220
API,1min,1776751908,2026-04-21 11:56,2026-04-21,346.5,346.5,345,345,3111
API,1min,1776751995,2026-04-21 11:58,2026-04-21,345,345.5,345,345.5,17
API,1min,1776752070,2026-04-21 11:59,2026-04-21,345.5,345.5,345,345,203
API,1min,1776752149,2026-04-21 12:00,2026-04-21,345,345,345,345,868
API,1min,1776752262,2026-04-21 12:02,2026-04-21,345,345,345,345,279
API,1min,1776752331,2026-04-21 12:03,2026-04-21,345,345,345,345,53
API,1min,1776752409,2026-04-21 12:05,2026-04-21,345,345.1,345,345.1,100
API,1min,1776752494,2026-04-21 12:06,2026-04-21,345.1,345.4,345.1,345.4,85
API,1min,1776752547,2026-04-21 12:07,2026-04-21,345.4,345.4,345.4,345.4,966
API,1min,1776752588,2026-04-21 12:08,2026-04-21,345.4,345.4,345.4,345.4,1962
API,1min,1776752658,2026-04-21 12:09,2026-04-21,345.4,345.4,345.4,345.4,0
API,1min,1776752787,2026-04-21 12:11,2026-04-21,345.4,345.9,345.4,345.4,128
API,1min,1776752898,2026-04-21 12:13,2026-04-21,345.4,345.4,345,345,330
API,1min,1776752981,2026-04-21 12:14,2026-04-21,345,345,345,345,43
API,1min,1776753091,2026-04-21 12:16,2026-04-21,345,345,344.5,344.5,150
API,1min,1776753176,2026-04-21 12:17,2026-04-21,344.5,345,344.3,344.3,6540
API,1min,1776753192,2026-04-21 12:18,2026-04-21,344.3,344.3,343.1,343.1,5000
API,1min,1776753242,2026-04-21 12:19,2026-04-21,343.1,345,343.1,345,20
API,1min,1776753310,2026-04-21 12:20,2026-04-21,345,345,344,344,47
API,1min,1776753371,2026-04-21 12:21,2026-04-21,344,344,343.1,343.1,2000
API,1min,1776753448,2026-04-21 12:22,2026-04-21,343.1,343.2,343.1,343.2,30
API,1min,1776753525,2026-04-21 12:23,2026-04-21,343.2,343.3,343.2,343.3,5303
API,1min,1776753815,2026-04-21 12:28,2026-04-21,343.3,343.4,343.3,343.3,512
API,1min,1776753849,2026-04-21 12:29,2026-04-21,343.3,344.5,343.3,344.5,110
API,1min,1776753935,2026-04-21 12:30,2026-04-21,344.5,344.5,344.5,344.5,800
API,1min,1776753989,2026-04-21 12:31,2026-04-21,344.5,344.5,344,344,130
API,1min,1776754043,2026-04-21 12:32,2026-04-21,344,344.5,344,344.5,70
API,1min,1776754120,2026-04-21 12:33,2026-04-21,344.5,344.5,343.6,344,35
API,1min,1776754263,2026-04-21 12:36,2026-04-21,344,344,344,344,275
API,1min,1776754344,2026-04-21 12:37,2026-04-21,344,344,344,344,161
API,1min,1776754417,2026-04-21 12:38,2026-04-21,344,345,344,345,55
API,1min,1776754484,2026-04-21 12:39,2026-04-21,345,345,344.9,344.9,160
API,1min,1776754540,2026-04-21 12:40,2026-04-21,344.9,344.9,343.5,343.5,1000
API,1min,1776754941,2026-04-21 12:47,2026-04-21,343.5,344.9,343.5,344.9,200
API,1min,1776755031,2026-04-21 12:48,2026-04-21,344.9,344.9,344,344,274
API,1min,1776755143,2026-04-21 12:50,2026-04-21,344,344.3,344,344.3,200
API,1min,1776755170,2026-04-21 12:51,2026-04-21,344.3,344.3,344.3,344.3,500
API,1min,1776755269,2026-04-21 12:52,2026-04-21,344.3,344.3,344,344,280
API,1min,1776755338,2026-04-21 12:53,2026-04-21,344,344,344,344,10
API,1min,1776755427,2026-04-21 12:55,2026-04-21,344,344,344,344,82
API,1min,1776755517,2026-04-21 12:56,2026-04-21,344,344,343.9,343.9,600
API,1min,1776755578,2026-04-21 12:57,2026-04-21,343.9,343.9,343.7,343.9,1586
API,1min,1776755598,2026-04-21 12:58,2026-04-21,343.9,343.9,343.8,343.8,211
API,1min,1776755750,2026-04-21 13:00,2026-04-21,343.8,343.8,343.8,343.8,0
API,1min,1776755929,2026-04-21 13:03,2026-04-21,343.8,343.8,343.8,343.8,590
API,1min,1776756048,2026-04-21 13:05,2026-04-21,343.8,343.9,343.8,343.9,281
API,1min,1776756098,2026-04-21 13:06,2026-04-21,343.9,343.9,343.7,343.7,308
API,1min,1776756173,2026-04-21 13:07,2026-04-21,343.7,343.9,343.5,343.5,1213
API,1min,1776756220,2026-04-21 13:08,2026-04-21,343.5,343.9,343.5,343.9,577
API,1min,1776756353,2026-04-21 13:10,2026-04-21,343.9,344,343.9,344,583
API,1min,1776756381,2026-04-21 13:11,2026-04-21,344,344,344,344,1600
API,1min,1776756445,2026-04-21 13:12,2026-04-21,344,344,344,344,117
API,1min,1776756521,2026-04-21 13:13,2026-04-21,344,344,344,344,405
API,1min,1776756657,2026-04-21 13:15,2026-04-21,344,344,344,344,500
API,1min,1776756717,2026-04-21 13:16,2026-04-21,344,344.1,344,344.1,200
API,1min,1776756755,2026-04-21 13:17,2026-04-21,344.1,344.1,344.1,344.1,420
API,1min,1776756816,2026-04-21 13:18,2026-04-21,344.1,344.2,344.1,344.2,100
API,1min,1776756884,2026-04-21 13:19,2026-04-21,344.2,344.2,343.9,344,2200
API,1min,1776756959,2026-04-21 13:20,2026-04-21,344,344,343.8,343.8,2000
API,1min,1776756970,2026-04-21 13:21,2026-04-21,343.8,343.8,343.8,343.8,230
API,1min,1776757020,2026-04-21 13:22,2026-04-21,343.8,344,343.8,344,0
API,1min,1776757114,2026-04-21 13:23,2026-04-21,344,344,344,344,362
API,1min,1776757182,2026-04-21 13:24,2026-04-21,344,344,343.9,344,116
API,1min,1776757235,2026-04-21 13:25,2026-04-21,344,344,343.8,343.8,1000
API,1min,1776757277,2026-04-21 13:26,2026-04-21,343.8,344,343.8,344,310
API,1min,1776757364,2026-04-21 13:27,2026-04-21,344,344,343.8,344,1121
API,1min,1776757401,2026-04-21 13:28,2026-04-21,344,344,343.8,343.8,779
API,1min,1776757451,2026-04-21 13:29,2026-04-21,343.8,343.8,343.8,343.8,2751
API,1min,1776757510,2026-04-21 13:30,2026-04-21,343.8,343.8,343.7,343.7,0
API,1min,1776757696,2026-04-21 13:33,2026-04-21,343.7,343.7,343.5,343.5,1019
API,1min,1776757794,2026-04-21 13:34,2026-04-21,343.5,344,343.5,343.5,225
API,1min,1776757894,2026-04-21 13:36,2026-04-21,343.5,343.6,343.5,343.6,0
API,1min,1776758032,2026-04-21 13:38,2026-04-21,343.6,343.6,343.5,343.5,87
API,1min,1776758088,2026-04-21 13:39,2026-04-21,343.5,343.5,343.5,343.5,1260
API,1min,1776758182,2026-04-21 13:41,2026-04-21,343.5,343.9,343.5,343.9,340
API,1min,1776758267,2026-04-21 13:42,2026-04-21,343.9,344,343.5,343.5,1945
API,1min,1776758324,2026-04-21 13:43,2026-04-21,343.5,344,343.5,344,510
API,1min,1776758378,2026-04-21 13:44,2026-04-21,344,344,344,344,85
API,1min,1776758516,2026-04-21 13:46,2026-04-21,344,344,343.6,343.6,3025
API,1min,1776758558,2026-04-21 13:47,2026-04-21,343.6,344,343.6,344,107
API,1min,1776758877,2026-04-21 13:52,2026-04-21,344,344,344,344,0
API,1min,1776758904,2026-04-21 13:53,2026-04-21,344,344,344,344,1223
API,1min,1776758963,2026-04-21 13:54,2026-04-21,344,344,344,344,113
API,1min,1776759041,2026-04-21 13:55,2026-04-21,344,344.1,343.9,344.1,150
API,1min,1776759169,2026-04-21 13:57,2026-04-21,344.1,344.5,344,344.1,1006
API,1min,1776759204,2026-04-21 13:58,2026-04-21,344.1,344.1,344,344,1144
API,1min,1776759286,2026-04-21 13:59,2026-04-21,344,344.5,344,344.5,1141
API,1min,1776759391,2026-04-21 14:01,2026-04-21,344.5,344.5,344,344,10
API,1min,1776759564,2026-04-21 14:04,2026-04-21,344,344,344,344,500
API,1min,1776759626,2026-04-21 14:05,2026-04-21,344,344.4,344,344.4,1350
API,1min,1776759934,2026-04-21 14:10,2026-04-21,344.4,344.4,343.9,343.9,1000
API,1min,1776760011,2026-04-21 14:11,2026-04-21,343.9,343.9,343.8,343.8,152
API,1min,1776760055,2026-04-21 14:12,2026-04-21,343.8,344,343.5,343.5,1230
API,1min,1776760104,2026-04-21 14:13,2026-04-21,343.5,343.5,343,343,11950
API,1min,1776760247,2026-04-21 14:15,2026-04-21,343,343.1,343,343.1,1000
API,1min,1776760368,2026-04-21 14:17,2026-04-21,343.1,343.1,343,343,2000
API,1min,1776760431,2026-04-21 14:18,2026-04-21,343,343.4,343,343.4,510
API,1min,1776760487,2026-04-21 14:19,2026-04-21,343.4,343.4,343,343,500
API,1min,1776760556,2026-04-21 14:20,2026-04-21,343,343,343,343,3465
API,1min,1776760579,2026-04-21 14:21,2026-04-21,343,343,343,343,555
API,1min,1776760623,2026-04-21 14:22,2026-04-21,343,343,343,343,250
API,1min,1776760722,2026-04-21 14:23,2026-04-21,343,343,343,343,329
API,1min,1776760791,2026-04-21 14:24,2026-04-21,343,343,342.8,342.8,0
API,1min,1776760844,2026-04-21 14:25,2026-04-21,342.8,342.8,342.5,342.5,9475
API,1min,1776760893,2026-04-21 14:26,2026-04-21,342.5,342.5,342,342,10627
API,1min,1776760966,2026-04-21 14:27,2026-04-21,342,342,342,342,2574
API,1min,1776761013,2026-04-21 14:28,2026-04-21,342,342,342,342,999
API,1min,1776761075,2026-04-21 14:29,2026-04-21,342,343,342,343,830
API,1min,1776761116,2026-04-21 14:30,2026-04-21,343,343,342,343,2612
API,1min,1776761171,2026-04-21 14:31,2026-04-21,343,343,342,342,120
API,1min,1776761269,2026-04-21 14:32,2026-04-21,342,342,341.7,341.7,210
API,1min,1776761325,2026-04-21 14:33,2026-04-21,341.7,341.7,341.5,341.5,85
API,1min,1776761374,2026-04-21 14:34,2026-04-21,341.5,341.6,341.4,341.4,1750
API,1min,1776761449,2026-04-21 14:35,2026-04-21,341.4,341.4,341.4,341.4,600
API,1min,1776761495,2026-04-21 14:36,2026-04-21,341.4,341.5,341.4,341.5,45
API,1min,1776761573,2026-04-21 14:37,2026-04-21,341.5,341.6,341.4,341.4,770
API,1min,1776761628,2026-04-21 14:38,2026-04-21,341.4,341.4,341.4,341.4,320
API,1min,1776761699,2026-04-21 14:39,2026-04-21,341.4,341.4,341.2,341.3,5607
API,1min,1776761756,2026-04-21 14:40,2026-04-21,341.3,341.3,341.2,341.3,3266
API,1min,1776761866,2026-04-21 14:42,2026-04-21,341.3,341.3,341,341,2500
API,1min,1776761917,2026-04-21 14:43,2026-04-21,341,341,341,341,4575
API,1min,1776761993,2026-04-21 14:44,2026-04-21,341,341,340.3,340.3,2346
API,1min,1776762030,2026-04-21 14:45,2026-04-21,340.3,340.3,340,340,1500
API,1min,1776762083,2026-04-21 14:46,2026-04-21,340,340.1,340,340.1,78
API,1min,1776762173,2026-04-21 14:47,2026-04-21,340.1,341,340.1,340.2,2600
API,1min,1776762203,2026-04-21 14:48,2026-04-21,340.2,340.2,340,340,1050
API,1min,1776762299,2026-04-21 14:49,2026-04-21,340,341,340,340.1,370
API,1min,1776762336,2026-04-21 14:50,2026-04-21,340.1,341,340,340,8915
API,1min,1776762401,2026-04-21 14:51,2026-04-21,340,341,340,340.8,1350
API,1min,1776762463,2026-04-21 14:52,2026-04-21,340.8,340.8,340,340,23470
API,1min,1776762528,2026-04-21 14:53,2026-04-21,340,340.8,340,340.8,7847
API,1min,1776762592,2026-04-21 14:54,2026-04-21,340.8,340.8,340,340,1590
API,1min,1776762649,2026-04-21 14:55,2026-04-21,340,340.8,340,340.8,1500
API,1min,1776762712,2026-04-21 14:56,2026-04-21,340.8,340.8,340,340,1100
API,1min,1776762774,2026-04-21 14:57,2026-04-21,340,340,340,340,6535
API,1min,1776762835,2026-04-21 14:58,2026-04-21,340,340,339,339,9980
API,1min,1776762899,2026-04-21 14:59,2026-04-21,339,340,339,339.1,6804
API,1min,1776834988,2026-04-22 11:01,2026-04-22,340,340,340,340,200
API,1min,1776835038,2026-04-22 11:02,2026-04-22,340,340,336,336,5000
API,1min,1776835105,2026-04-22 11:03,2026-04-22,336,336,336,336,2893
API,1min,1776835199,2026-04-22 11:04,2026-04-22,336,336.2,336,336,2110
API,1min,1776835211,2026-04-22 11:05,2026-04-22,336,336,333,333,195
API,1min,1776835318,2026-04-22 11:06,2026-04-22,333,336,332.1,335,2198
API,1min,1776835377,2026-04-22 11:07,2026-04-22,335,335,333,333,2120
API,1min,1776835425,2026-04-22 11:08,2026-04-22,333,335,332,335,1860
API,1min,1776835498,2026-04-22 11:09,2026-04-22,335,335,335,335,0
API,1min,1776835559,2026-04-22 11:10,2026-04-22,335,335,335,335,70
API,1min,1776835607,2026-04-22 11:11,2026-04-22,335,335,333.5,333.5,50
API,1min,1776835674,2026-04-22 11:12,2026-04-22,333.5,333.5,333.2,333.5,1370
API,1min,1776835732,2026-04-22 11:13,2026-04-22,333.5,336,333.5,334,16010
API,1min,1776835785,2026-04-22 11:14,2026-04-22,334,335.9,334,335.9,1000
API,1min,1776835838,2026-04-22 11:15,2026-04-22,335.9,337,335.9,337,5200
API,1min,1776835893,2026-04-22 11:16,2026-04-22,337,337,337,337,2045
API,1min,1776835978,2026-04-22 11:17,2026-04-22,337,337,336.1,336.1,230
API,1min,1776836027,2026-04-22 11:18,2026-04-22,336.1,336.9,335,335,5700
API,1min,1776836096,2026-04-22 11:19,2026-04-22,335,337,334.6,334.6,5081
API,1min,1776836144,2026-04-22 11:20,2026-04-22,334.6,335,334.6,335,2000
API,1min,1776836199,2026-04-22 11:21,2026-04-22,335,337,335,337,1350
API,1min,1776836300,2026-04-22 11:23,2026-04-22,337,337,335.2,335.2,100
API,1min,1776836369,2026-04-22 11:24,2026-04-22,335.2,335.2,335.2,335.2,0
API,1min,1776836425,2026-04-22 11:25,2026-04-22,335.2,336,335.2,336,50
API,1min,1776836579,2026-04-22 11:27,2026-04-22,336,336.1,336,336,1570
API,1min,1776836584,2026-04-22 11:28,2026-04-22,336,336,336,336,300
API,1min,1776836668,2026-04-22 11:29,2026-04-22,336,336.1,336,336.1,490
API,1min,1776836741,2026-04-22 11:30,2026-04-22,336.1,337.8,336.1,337.8,500
API,1min,1776836768,2026-04-22 11:31,2026-04-22,337.8,337.9,337.8,337.9,200
API,1min,1776836865,2026-04-22 11:32,2026-04-22,337.9,337.9,337,337,90
API,1min,1776836925,2026-04-22 11:33,2026-04-22,337,337,336.6,337,4200
API,1min,1776836983,2026-04-22 11:34,2026-04-22,337,337,336.6,336.9,410
API,1min,1776837036,2026-04-22 11:35,2026-04-22,336.9,337,336.6,337,1030
API,1min,1776837061,2026-04-22 11:36,2026-04-22,337,337,337,337,60
API,1min,1776837148,2026-04-22 11:37,2026-04-22,337,337,337,337,10
API,1min,1776837189,2026-04-22 11:38,2026-04-22,337,338.9,337,338.9,4000
API,1min,1776837287,2026-04-22 11:39,2026-04-22,338.9,338.9,336.7,338.9,211
API,1min,1776837340,2026-04-22 11:40,2026-04-22,338.9,339,336.7,339,6200
API,1min,1776837471,2026-04-22 11:42,2026-04-22,339,339,336.6,336.6,4050
API,1min,1776837571,2026-04-22 11:44,2026-04-22,336.6,337,336.5,336.5,1040
API,1min,1776837643,2026-04-22 11:45,2026-04-22,336.5,337.8,336.5,337.8,150
API,1min,1776837825,2026-04-22 11:48,2026-04-22,337.8,338,337.8,338,300
API,1min,1776837886,2026-04-22 11:49,2026-04-22,338,338,337.2,337.2,0
API,1min,1776837902,2026-04-22 11:50,2026-04-22,337.2,337.2,337.1,337.1,365
API,1min,1776838001,2026-04-22 11:51,2026-04-22,337.1,338,337.1,338,1935
API,1min,1776838075,2026-04-22 11:52,2026-04-22,338,338,338,338,810
API,1min,1776838135,2026-04-22 11:53,2026-04-22,338,338,338,338,0
API,1min,1776838189,2026-04-22 11:54,2026-04-22,338,338,337.1,337.1,1635
API,1min,1776838223,2026-04-22 11:55,2026-04-22,337.1,337.1,337,337,930
API,1min,1776838365,2026-04-22 11:57,2026-04-22,337,337.1,335.6,337.1,4363
API,1min,1776838478,2026-04-22 11:59,2026-04-22,337.1,337.1,335.6,335.6,1527
API,1min,1776838546,2026-04-22 12:00,2026-04-22,335.6,336,335,335,3187
API,1min,1776838606,2026-04-22 12:01,2026-04-22,335,335,335,335,3636
API,1min,1776838666,2026-04-22 12:02,2026-04-22,335,335,335,335,7006
API,1min,1776838707,2026-04-22 12:03,2026-04-22,335,335,334.8,334.8,1864
API,1min,1776838759,2026-04-22 12:04,2026-04-22,334.8,335.1,334.8,335.1,46
API,1min,1776838826,2026-04-22 12:05,2026-04-22,335.1,336,335.1,336,10
API,1min,1776838906,2026-04-22 12:06,2026-04-22,336,336,334.8,334.8,33
API,1min,1776838948,2026-04-22 12:07,2026-04-22,334.8,334.8,334.2,334.2,2635
API,1min,1776839050,2026-04-22 12:09,2026-04-22,334.2,334.2,334,334,2040
API,1min,1776839132,2026-04-22 12:10,2026-04-22,334,334,334,334,600
API,1min,1776839217,2026-04-22 12:11,2026-04-22,334,335,334,335,57
API,1min,1776839236,2026-04-22 12:12,2026-04-22,335,335,335,335,4000
API,1min,1776839315,2026-04-22 12:13,2026-04-22,335,335.9,335,335.9,0
API,1min,1776839390,2026-04-22 12:14,2026-04-22,335.9,335.9,335,335,1510
API,1min,1776839438,2026-04-22 12:15,2026-04-22,335,335.8,335,335,240
API,1min,1776839511,2026-04-22 12:16,2026-04-22,335,335,334.1,334.1,10
API,1min,1776839555,2026-04-22 12:17,2026-04-22,334.1,335,334,334,1972
API,1min,1776839635,2026-04-22 12:18,2026-04-22,334,336,334,336,166
API,1min,1776839742,2026-04-22 12:20,2026-04-22,336,336,335,335,4875
API,1min,1776839803,2026-04-22 12:21,2026-04-22,335,335,334,334,770
API,1min,1776839977,2026-04-22 12:24,2026-04-22,334,334,333.6,333.6,1210
API,1min,1776840020,2026-04-22 12:25,2026-04-22,333.6,333.6,333.6,333.6,148
API,1min,1776840146,2026-04-22 12:27,2026-04-22,333.6,335,333.6,335,2700
API,1min,1776840219,2026-04-22 12:28,2026-04-22,335,335,333.7,335,0
API,1min,1776840298,2026-04-22 12:29,2026-04-22,335,335,333.1,333.1,5341
API,1min,1776840338,2026-04-22 12:30,2026-04-22,333.1,335.7,333.1,335.7,100
API,1min,1776840418,2026-04-22 12:31,2026-04-22,335.7,335.7,334,334,657
API,1min,1776840477,2026-04-22 12:32,2026-04-22,334,335,334,335,706
API,1min,1776840505,2026-04-22 12:33,2026-04-22,335,337,335,337,5731
API,1min,1776840582,2026-04-22 12:34,2026-04-22,337,337.9,337,337.9,6000
API,1min,1776840652,2026-04-22 12:35,2026-04-22,337.9,337.9,335,335,650
API,1min,1776840681,2026-04-22 12:36,2026-04-22,335,337.9,335,337.9,22700
API,1min,1776840762,2026-04-22 12:37,2026-04-22,337.9,337.9,337.6,337.6,25
API,1min,1776840835,2026-04-22 12:38,2026-04-22,337.6,337.6,335,335,601
API,1min,1776840892,2026-04-22 12:39,2026-04-22,335,335,335,335,500
API,1min,1776840956,2026-04-22 12:40,2026-04-22,335,337,335,337,100
API,1min,1776840985,2026-04-22 12:41,2026-04-22,337,337,337,337,10
API,1min,1776841076,2026-04-22 12:42,2026-04-22,337,337,336.1,336.1,94
API,1min,1776841133,2026-04-22 12:43,2026-04-22,336.1,336.1,335,335,1705
API,1min,1776841188,2026-04-22 12:44,2026-04-22,335,335,335,335,5000
API,1min,1776841233,2026-04-22 12:45,2026-04-22,335,335,335,335,200
API,1min,1776841296,2026-04-22 12:46,2026-04-22,335,335,335,335,1113
API,1min,1776841370,2026-04-22 12:47,2026-04-22,335,335.5,335,335.5,2100
API,1min,1776841403,2026-04-22 12:48,2026-04-22,335.5,335.5,335,335,1279
API,1min,1776841479,2026-04-22 12:49,2026-04-22,335,335,335,335,15
API,1min,1776841516,2026-04-22 12:50,2026-04-22,335,336,335,336,25
API,1min,1776841599,2026-04-22 12:51,2026-04-22,336,336,335,335,0
API,1min,1776841644,2026-04-22 12:52,2026-04-22,335,335,334.4,334.4,3000
API,1min,1776841790,2026-04-22 12:54,2026-04-22,334.4,335.9,334.4,335.9,58
API,1min,1776841840,2026-04-22 12:55,2026-04-22,335.9,335.9,334.4,334.4,746
API,1min,1776841874,2026-04-22 12:56,2026-04-22,334.4,334.4,334.1,334.1,196
API,1min,1776841974,2026-04-22 12:57,2026-04-22,334.1,334.1,334,334,3000
API,1min,1776842124,2026-04-22 13:00,2026-04-22,334,336,334,336,330
API,1min,1776842208,2026-04-22 13:01,2026-04-22,336,336,334.6,334.6,513
API,1min,1776842335,2026-04-22 13:03,2026-04-22,334.6,334.7,334.6,334.7,385
API,1min,1776842373,2026-04-22 13:04,2026-04-22,334.7,335,334.7,334.7,456
API,1min,1776842408,2026-04-22 13:05,2026-04-22,334.7,335,334.7,335,20
API,1min,1776842461,2026-04-22 13:06,2026-04-22,335,336.1,335,336.1,303
API,1min,1776842563,2026-04-22 13:07,2026-04-22,336.1,336.1,335,335,1294
API,1min,1776842614,2026-04-22 13:08,2026-04-22,335,335,335,335,100
API,1min,1776842726,2026-04-22 13:10,2026-04-22,335,336,335,336,956
API,1min,1776842810,2026-04-22 13:11,2026-04-22,336,336,334.7,334.7,150
API,1min,1776842850,2026-04-22 13:12,2026-04-22,334.7,334.7,334.6,334.6,600
API,1min,1776842927,2026-04-22 13:13,2026-04-22,334.6,334.6,334.6,334.6,1095
API,1min,1776842992,2026-04-22 13:14,2026-04-22,334.6,336,334.6,336,3013
API,1min,1776843025,2026-04-22 13:15,2026-04-22,336,336,336,336,1005
API,1min,1776843178,2026-04-22 13:17,2026-04-22,336,336,335.1,335.1,230
API,1min,1776843321,2026-04-22 13:20,2026-04-22,335.1,336,335.1,336,0
API,1min,1776843409,2026-04-22 13:21,2026-04-22,336,336.1,336,336.1,960
API,1min,1776843508,2026-04-22 13:23,2026-04-22,336.1,336.1,336.1,336.1,1498
API,1min,1776843569,2026-04-22 13:24,2026-04-22,336.1,337,336.1,337,2580
API,1min,1776843624,2026-04-22 13:25,2026-04-22,337,338,337,338,3756
API,1min,1776843705,2026-04-22 13:26,2026-04-22,338,339,338,338,2044
API,1min,1776843812,2026-04-22 13:28,2026-04-22,338,339,338,339,370
API,1min,1776843996,2026-04-22 13:31,2026-04-22,339,339,338,338,50
API,1min,1776844020,2026-04-22 13:32,2026-04-22,338,339.9,338,339.9,3000
API,1min,1776844131,2026-04-22 13:33,2026-04-22,339.9,339.9,337.1,337.1,410
API,1min,1776844162,2026-04-22 13:34,2026-04-22,337.1,337.2,337.1,337.2,136
API,1min,1776844243,2026-04-22 13:35,2026-04-22,337.2,337.2,337,337,20790
API,1min,1776844360,2026-04-22 13:37,2026-04-22,337,337.2,337,337.2,245
API,1min,1776844513,2026-04-22 13:40,2026-04-22,337.2,337.2,337,337,100
API,1min,1776844604,2026-04-22 13:41,2026-04-22,337,338,337,338,30
API,1min,1776844622,2026-04-22 13:42,2026-04-22,338,338,338,338,0
API,1min,1776844714,2026-04-22 13:43,2026-04-22,338,338,338,338,355
API,1min,1776845103,2026-04-22 13:50,2026-04-22,338,338,337,337,38
API,1min,1776845223,2026-04-22 13:52,2026-04-22,337,337,337,337,397
API,1min,1776845516,2026-04-22 13:56,2026-04-22,337,338,337,338,794
API,1min,1776845550,2026-04-22 13:57,2026-04-22,338,338,337,337,650
API,1min,1776845603,2026-04-22 13:58,2026-04-22,337,337,337,337,357
API,1min,1776845655,2026-04-22 13:59,2026-04-22,337,337,337,337,310
API,1min,1776845743,2026-04-22 14:00,2026-04-22,337,337.5,337,337.5,690
API,1min,1776845815,2026-04-22 14:01,2026-04-22,337.5,337.5,337,337,106
API,1min,1776845909,2026-04-22 14:03,2026-04-22,337,337,337,337,75
API,1min,1776846056,2026-04-22 14:05,2026-04-22,337,337,337,337,100
API,1min,1776846122,2026-04-22 14:07,2026-04-22,337,337.1,337,337.1,0
API,1min,1776846190,2026-04-22 14:08,2026-04-22,337.1,337.1,337.1,337.1,640
API,1min,1776846277,2026-04-22 14:09,2026-04-22,337.1,337.5,337,337.5,5475
API,1min,1776846348,2026-04-22 14:10,2026-04-22,337.5,338,337,338,1865
API,1min,1776846504,2026-04-22 14:13,2026-04-22,338,338,337,337,30
API,1min,1776846577,2026-04-22 14:14,2026-04-22,337,337.1,337,337.1,500
API,1min,1776846611,2026-04-22 14:15,2026-04-22,337.1,339,337.1,339,3000
API,1min,1776846780,2026-04-22 14:18,2026-04-22,339,339,337.5,337.5,200
API,1min,1776846877,2026-04-22 14:19,2026-04-22,337.5,338,337.4,338,20
API,1min,1776846979,2026-04-22 14:21,2026-04-22,338,338.8,338,338.8,0
API,1min,1776847069,2026-04-22 14:22,2026-04-22,338.8,338.8,337.2,337.2,1057
API,1min,1776847128,2026-04-22 14:23,2026-04-22,337.2,337.2,337.2,337.2,2032
API,1min,1776847212,2026-04-22 14:25,2026-04-22,337.2,338.8,337.2,338.8,575
API,1min,1776847423,2026-04-22 14:28,2026-04-22,338.8,338.8,337,337,4000
API,1min,1776847462,2026-04-22 14:29,2026-04-22,337,337,337,337,1521
API,1min,1776847637,2026-04-22 14:32,2026-04-22,337,337,336,336,2000
API,1min,1776847709,2026-04-22 14:33,2026-04-22,336,336.2,336,336.2,91
API,1min,1776847773,2026-04-22 14:34,2026-04-22,336.2,337.1,336.2,337.1,280
API,1min,1776847852,2026-04-22 14:35,2026-04-22,337.1,338,337.1,338,764
API,1min,1776847917,2026-04-22 14:36,2026-04-22,338,339.7,338,339.7,4294
API,1min,1776847941,2026-04-22 14:37,2026-04-22,339.7,340,339.7,340,490
API,1min,1776848034,2026-04-22 14:38,2026-04-22,340,342,339.9,342,23025
API,1min,1776848089,2026-04-22 14:39,2026-04-22,342,342,342,342,2500
API,1min,1776848149,2026-04-22 14:40,2026-04-22,342,344,342,342.8,2900
API,1min,1776848205,2026-04-22 14:41,2026-04-22,342.8,345,342.8,345,1000
API,1min,1776848270,2026-04-22 14:42,2026-04-22,345,345,344,344.8,100
API,1min,1776848338,2026-04-22 14:43,2026-04-22,344.8,344.9,344.8,344.9,6035
API,1min,1776848379,2026-04-22 14:44,2026-04-22,344.9,346,344.9,346,12300
API,1min,1776848442,2026-04-22 14:45,2026-04-22,346,346.1,346,346.1,1536
API,1min,1776848501,2026-04-22 14:46,2026-04-22,346.1,346.1,345,346,2527
API,1min,1776848550,2026-04-22 14:47,2026-04-22,346,346,345,345,2057
API,1min,1776848604,2026-04-22 14:48,2026-04-22,345,345.9,345,345,430
API,1min,1776848696,2026-04-22 14:49,2026-04-22,345,345.9,345,345.9,1677
API,1min,1776848753,2026-04-22 14:50,2026-04-22,345.9,346.8,345,346.8,11760
API,1min,1776848791,2026-04-22 14:51,2026-04-22,346.8,346.9,346,346,1900
API,1min,1776848876,2026-04-22 14:52,2026-04-22,346,346.9,346,346.9,2360
API,1min,1776848937,2026-04-22 14:53,2026-04-22,346.9,346.9,346.9,346.9,7000
API,1min,1776848986,2026-04-22 14:54,2026-04-22,346.9,346.9,345,345,2380
API,1min,1776849050,2026-04-22 14:55,2026-04-22,345,345,344,344,14530
API,1min,1776849114,2026-04-22 14:56,2026-04-22,344,344,343.5,343.5,5432
API,1min,1776849169,2026-04-22 14:57,2026-04-22,343.5,344,342,342,3761
API,1min,1776849235,2026-04-22 14:58,2026-04-22,342,343,340.2,343,1726
API,1min,1776849299,2026-04-22 14:59,2026-04-22,343,343,341,341,4238
API,1min,1776921350,2026-04-23 11:00,2026-04-23,350,350,350,350,246
API,1min,1776921443,2026-04-23 11:02,2026-04-23,350,350,343,343,10
API,1min,1776921522,2026-04-23 11:03,2026-04-23,343,343.1,343,343.1,15
API,1min,1776921570,2026-04-23 11:04,2026-04-23,343.1,344,343,344,52
API,1min,1776921649,2026-04-23 11:05,2026-04-23,344,346,344,346,899
API,1min,1776921690,2026-04-23 11:06,2026-04-23,346,346,343,345,1379
API,1min,1776921779,2026-04-23 11:07,2026-04-23,345,345,342,342,1546
API,1min,1776921832,2026-04-23 11:08,2026-04-23,342,344,342,342,2660
API,1min,1776921894,2026-04-23 11:09,2026-04-23,342,342,341.2,341.2,1890
API,1min,1776921931,2026-04-23 11:10,2026-04-23,341.2,341.9,340,340,3878
API,1min,1776921977,2026-04-23 11:11,2026-04-23,340,342,340,342,99
API,1min,1776922063,2026-04-23 11:12,2026-04-23,342,342,342,342,586
API,1min,1776922108,2026-04-23 11:13,2026-04-23,342,342,342,342,90
API,1min,1776922149,2026-04-23 11:14,2026-04-23,342,342,340,340,1697
API,1min,1776922205,2026-04-23 11:15,2026-04-23,340,340,340,340,30
API,1min,1776922286,2026-04-23 11:16,2026-04-23,340,343,340,343,20
API,1min,1776922353,2026-04-23 11:17,2026-04-23,343,343,339,339,2000
API,1min,1776922417,2026-04-23 11:18,2026-04-23,339,339,339,339,100
API,1min,1776922492,2026-04-23 11:19,2026-04-23,339,339,339,339,12
API,1min,1776922550,2026-04-23 11:20,2026-04-23,339,340,339,339,338
API,1min,1776922689,2026-04-23 11:23,2026-04-23,339,339,339,339,94
API,1min,1776922773,2026-04-23 11:24,2026-04-23,339,339,338,338,500
API,1min,1776922813,2026-04-23 11:25,2026-04-23,338,338,337,337,7000
API,1min,1776922908,2026-04-23 11:26,2026-04-23,337,337,337,337,720
API,1min,1776922976,2026-04-23 11:27,2026-04-23,337,337,335.7,335.7,448
API,1min,1776923016,2026-04-23 11:28,2026-04-23,335.7,335.8,335.1,335.8,1395
API,1min,1776923077,2026-04-23 11:29,2026-04-23,335.8,336,335,336,2100
API,1min,1776923144,2026-04-23 11:30,2026-04-23,336,336,336,336,0
API,1min,1776923208,2026-04-23 11:31,2026-04-23,336,336,336,336,466
API,1min,1776923261,2026-04-23 11:32,2026-04-23,336,336.2,336,336.2,16
API,1min,1776923330,2026-04-23 11:33,2026-04-23,336.2,337,336.2,337,50
API,1min,1776923374,2026-04-23 11:34,2026-04-23,337,338.4,337,338.4,25
API,1min,1776923439,2026-04-23 11:35,2026-04-23,338.4,338.4,338.3,338.3,70
API,1min,1776923474,2026-04-23 11:36,2026-04-23,338.3,338.5,338.3,338.5,600
API,1min,1776923551,2026-04-23 11:37,2026-04-23,338.5,338.5,338,338,12
API,1min,1776923634,2026-04-23 11:38,2026-04-23,338,338.5,338,338.5,385
API,1min,1776923672,2026-04-23 11:39,2026-04-23,338.5,338.5,338.5,338.5,255
API,1min,1776923740,2026-04-23 11:40,2026-04-23,338.5,338.5,338,338,81
API,1min,1776923796,2026-04-23 11:41,2026-04-23,338,338.8,338,338.8,17
API,1min,1776923899,2026-04-23 11:43,2026-04-23,338.8,338.8,338,338,351
API,1min,1776924039,2026-04-23 11:45,2026-04-23,338,338,337,337,0
API,1min,1776924117,2026-04-23 11:46,2026-04-23,337,338,337,338,418
API,1min,1776924179,2026-04-23 11:47,2026-04-23,338,338,337.8,337.8,170
API,1min,1776924238,2026-04-23 11:48,2026-04-23,337.8,337.8,336.6,337,600
API,1min,1776924297,2026-04-23 11:49,2026-04-23,337,337,336,336,2492
API,1min,1776924367,2026-04-23 11:51,2026-04-23,336,336,336,336,1624
API,1min,1776924539,2026-04-23 11:53,2026-04-23,336,336,336,336,100
API,1min,1776924550,2026-04-23 11:54,2026-04-23,336,336,336,336,230
API,1min,1776924648,2026-04-23 11:55,2026-04-23,336,336,335,335.9,3600
API,1min,1776924715,2026-04-23 11:56,2026-04-23,335.9,335.9,335,335,2002
API,1min,1776924814,2026-04-23 11:58,2026-04-23,335,335,335,335,1000
API,1min,1776925018,2026-04-23 12:01,2026-04-23,335,335.9,335,335.9,920
API,1min,1776925046,2026-04-23 12:02,2026-04-23,335.9,335.9,335.9,335.9,100
API,1min,1776925115,2026-04-23 12:03,2026-04-23,335.9,335.9,335.5,335.9,216
API,1min,1776925177,2026-04-23 12:04,2026-04-23,335.9,335.9,335.2,335.9,195
API,1min,1776925312,2026-04-23 12:06,2026-04-23,335.9,336,335.9,336,1500
API,1min,1776925433,2026-04-23 12:08,2026-04-23,336,336,336,336,540
API,1min,1776925499,2026-04-23 12:09,2026-04-23,336,336.5,336,336.5,2000
API,1min,1776925525,2026-04-23 12:10,2026-04-23,336.5,336.5,336.5,336.5,245
API,1min,1776925591,2026-04-23 12:11,2026-04-23,336.5,336.5,336,336,15
API,1min,1776925971,2026-04-23 12:17,2026-04-23,336,337,336,336.5,167
API,1min,1776926137,2026-04-23 12:20,2026-04-23,336.5,336.5,336,336,311
API,1min,1776926202,2026-04-23 12:21,2026-04-23,336,336,336,336,700
API,1min,1776926276,2026-04-23 12:22,2026-04-23,336,336,336,336,2550
API,1min,1776926534,2026-04-23 12:27,2026-04-23,336,337.7,336,337.7,142
API,1min,1776926768,2026-04-23 12:31,2026-04-23,337.7,337.7,337.5,337.5,400
API,1min,1776926865,2026-04-23 12:32,2026-04-23,337.5,337.5,337.4,337.4,100
API,1min,1776927063,2026-04-23 12:36,2026-04-23,337.4,338.9,337.4,338.9,8500
API,1min,1776927280,2026-04-23 12:39,2026-04-23,338.9,338.9,338.8,338.8,20
API,1min,1776927589,2026-04-23 12:44,2026-04-23,338.8,338.8,338,338,15
API,1min,1776927765,2026-04-23 12:47,2026-04-23,338,338,338,338,21
API,1min,1776928005,2026-04-23 12:51,2026-04-23,338,338.6,338,338.6,0
API,1min,1776928057,2026-04-23 12:52,2026-04-23,338.6,338.7,337.5,337.5,2334
API,1min,1776928116,2026-04-23 12:53,2026-04-23,337.5,338.8,337.5,338.8,747
API,1min,1776928213,2026-04-23 12:55,2026-04-23,338.8,338.9,338.8,338.9,1000
API,1min,1776928317,2026-04-23 12:56,2026-04-23,338.9,338.9,338,338,1247
API,1min,1776928391,2026-04-23 12:58,2026-04-23,338,338,338,338,15
API,1min,1776928491,2026-04-23 12:59,2026-04-23,338,338.8,338,338.8,351
API,1min,1776928547,2026-04-23 13:00,2026-04-23,338.8,338.9,338.8,338.9,315
API,1min,1776928610,2026-04-23 13:01,2026-04-23,338.9,339,338.9,339,1077
API,1min,1776928633,2026-04-23 13:02,2026-04-23,339,339,339,339,1100
API,1min,1776928728,2026-04-23 13:03,2026-04-23,339,340,339,340,1170
API,1min,1776928750,2026-04-23 13:04,2026-04-23,340,340,340,340,0
API,1min,1776928835,2026-04-23 13:05,2026-04-23,340,340,340,340,633
API,1min,1776928909,2026-04-23 13:06,2026-04-23,340,340.6,340,340.6,2000
API,1min,1776928958,2026-04-23 13:07,2026-04-23,340.6,341,340,341,376
API,1min,1776929024,2026-04-23 13:08,2026-04-23,341,341,341,341,50
API,1min,1776929099,2026-04-23 13:09,2026-04-23,341,342,341,342,1010
API,1min,1776929129,2026-04-23 13:10,2026-04-23,342,342.7,342,342.7,500
API,1min,1776929178,2026-04-23 13:11,2026-04-23,342.7,343,342.7,343,905
API,1min,1776929248,2026-04-23 13:12,2026-04-23,343,343,343,343,100
API,1min,1776929437,2026-04-23 13:15,2026-04-23,343,343,342.1,342.1,0
API,1min,1776929564,2026-04-23 13:17,2026-04-23,342.1,342.1,342,342,610
API,1min,1776929593,2026-04-23 13:18,2026-04-23,342,342,341.8,341.8,1000
API,1min,1776929672,2026-04-23 13:19,2026-04-23,341.8,341.8,341,341,28
API,1min,1776930017,2026-04-23 13:25,2026-04-23,341,341,341,341,472
API,1min,1776930171,2026-04-23 13:27,2026-04-23,341,341,339,339,5405
API,1min,1776930200,2026-04-23 13:28,2026-04-23,339,339,339,339,377
API,1min,1776930285,2026-04-23 13:29,2026-04-23,339,339,339,339,660
API,1min,1776930356,2026-04-23 13:30,2026-04-23,339,340,339,340,1140
API,1min,1776930417,2026-04-23 13:31,2026-04-23,340,342,340,340,984
API,1min,1776930520,2026-04-23 13:33,2026-04-23,340,340,340,340,3551
API,1min,1776930643,2026-04-23 13:35,2026-04-23,340,340,339,339,150
API,1min,1776930730,2026-04-23 13:37,2026-04-23,339,339,338.9,338.9,49
API,1min,1776930802,2026-04-23 13:38,2026-04-23,338.9,339,338.9,339,300
API,1min,1776930873,2026-04-23 13:39,2026-04-23,339,339,338.9,338.9,56
API,1min,1776930981,2026-04-23 13:41,2026-04-23,338.9,338.9,338.9,338.9,0
API,1min,1776931223,2026-04-23 13:45,2026-04-23,338.9,339.5,338.9,339.5,230
API,1min,1776931307,2026-04-23 13:46,2026-04-23,339.5,340.4,339.5,340.4,289
API,1min,1776931367,2026-04-23 13:47,2026-04-23,340.4,340.5,340.4,340.5,1500
API,1min,1776931462,2026-04-23 13:49,2026-04-23,340.5,340.9,340.5,340.9,100
API,1min,1776931551,2026-04-23 13:50,2026-04-23,340.9,341.9,340.9,341.9,400
API,1min,1776931641,2026-04-23 13:52,2026-04-23,341.9,341.9,341.9,341.9,72
API,1min,1776931756,2026-04-23 13:54,2026-04-23,341.9,341.9,340,340,26
API,1min,1776931927,2026-04-23 13:57,2026-04-23,340,340.1,340,340.1,92
API,1min,1776932047,2026-04-23 13:59,2026-04-23,340.1,340.1,340.1,340.1,27
API,1min,1776932257,2026-04-23 14:02,2026-04-23,340.1,341.2,340.1,341.2,100
API,1min,1776932492,2026-04-23 14:06,2026-04-23,341.2,341.2,340,340,5740
API,1min,1776932737,2026-04-23 14:10,2026-04-23,340,340,339.1,340,1200
API,1min,1776932930,2026-04-23 14:13,2026-04-23,340,340,339,339,1009
API,1min,1776933026,2026-04-23 14:15,2026-04-23,339,339.8,339,339.8,12
API,1min,1776933174,2026-04-23 14:17,2026-04-23,339.8,340,339,340,10050
API,1min,1776933219,2026-04-23 14:18,2026-04-23,340,340,339,339,146
API,1min,1776933304,2026-04-23 14:20,2026-04-23,339,339,339,339,769
API,1min,1776933394,2026-04-23 14:21,2026-04-23,339,339,339,339,250
API,1min,1776933421,2026-04-23 14:22,2026-04-23,339,339.5,339,339.5,23
API,1min,1776933596,2026-04-23 14:24,2026-04-23,339.5,339.5,339,339,381
API,1min,1776933650,2026-04-23 14:25,2026-04-23,339,339,338.9,338.9,499
API,1min,1776933717,2026-04-23 14:26,2026-04-23,338.9,338.9,338,338,0
API,1min,1776933730,2026-04-23 14:27,2026-04-23,338,338,338,338,5050
API,1min,1776933828,2026-04-23 14:28,2026-04-23,338,338.1,338,338.1,235
API,1min,1776933878,2026-04-23 14:29,2026-04-23,338.1,338.1,338,338,1500
API,1min,1776933944,2026-04-23 14:30,2026-04-23,338,339,338,339,7904
API,1min,1776933993,2026-04-23 14:31,2026-04-23,339,339.9,339,339.9,120
API,1min,1776934074,2026-04-23 14:32,2026-04-23,339.9,339.9,339,339,110
API,1min,1776934127,2026-04-23 14:33,2026-04-23,339,339.9,339,339.9,10
API,1min,1776934173,2026-04-23 14:34,2026-04-23,339.9,340,339.9,340,6248
API,1min,1776934248,2026-04-23 14:35,2026-04-23,340,340.8,340,340.8,110
API,1min,1776934273,2026-04-23 14:36,2026-04-23,340.8,341,340.8,341,1100
API,1min,1776934365,2026-04-23 14:37,2026-04-23,341,341,340,340,2083
API,1min,1776934400,2026-04-23 14:38,2026-04-23,340,341,340,340,1011
API,1min,1776934477,2026-04-23 14:39,2026-04-23,340,342,340,342,2083
API,1min,1776934554,2026-04-23 14:40,2026-04-23,342,342,340,340,2000
API,1min,1776934577,2026-04-23 14:41,2026-04-23,340,342.7,340,340,4000
API,1min,1776934627,2026-04-23 14:42,2026-04-23,340,340,340,340,10
API,1min,1776934703,2026-04-23 14:43,2026-04-23,340,342,340,342,1627
API,1min,1776934778,2026-04-23 14:44,2026-04-23,342,342,339,339.1,10100
API,1min,1776934853,2026-04-23 14:45,2026-04-23,339.1,341,339.1,341,92
API,1min,1776934915,2026-04-23 14:46,2026-04-23,341,341,339,339,3010
API,1min,1776934956,2026-04-23 14:47,2026-04-23,339,339,339,339,0
API,1min,1776935006,2026-04-23 14:48,2026-04-23,339,340,338,338,4600
API,1min,1776935091,2026-04-23 14:49,2026-04-23,338,338,337.8,337.8,2000
API,1min,1776935149,2026-04-23 14:50,2026-04-23,337.8,338,337.8,338,620
API,1min,1776935175,2026-04-23 14:51,2026-04-23,338,338,338,338,300
API,1min,1776935275,2026-04-23 14:52,2026-04-23,338,338,338,338,160
API,1min,1776935336,2026-04-23 14:53,2026-04-23,338,339,337.9,337.9,330
API,1min,1776935374,2026-04-23 14:54,2026-04-23,337.9,338,337.9,338,750
API,1min,1776935459,2026-04-23 14:55,2026-04-23,338,340,338,340,1000
API,1min,1776935518,2026-04-23 14:56,2026-04-23,340,340,337.9,337.9,3589
API,1min,1776935549,2026-04-23 14:57,2026-04-23,337.9,338,337.9,338,340
API,1min,1776935629,2026-04-23 14:58,2026-04-23,338,338,337.8,337.9,8900
API,1min,1776935699,2026-04-23 14:59,2026-04-23,337.9,339.9,337.9,339.9,2903
API,1min,1777007939,2026-04-24 11:03,2026-04-24,338,338,338,338,14774
API,1min,1777007998,2026-04-24 11:04,2026-04-24,338,338,337,337,296
API,1min,1777008037,2026-04-24 11:05,2026-04-24,337,337,335,335,213
API,1min,1777008069,2026-04-24 11:06,2026-04-24,335,335,332,332,2185
API,1min,1777008143,2026-04-24 11:07,2026-04-24,332,335,332,335,200
API,1min,1777008225,2026-04-24 11:08,2026-04-24,335,335,335,335,1833
API,1min,1777008308,2026-04-24 11:10,2026-04-24,335,335,334,334,1000
API,1min,1777008400,2026-04-24 11:11,2026-04-24,334,334,334,334,100
API,1min,1777008449,2026-04-24 11:12,2026-04-24,334,334,332.3,332.3,2471
API,1min,1777008538,2026-04-24 11:13,2026-04-24,332.3,332.5,332.3,332.4,1500
API,1min,1777008582,2026-04-24 11:14,2026-04-24,332.4,332.4,332.1,332.1,1650
API,1min,1777008651,2026-04-24 11:15,2026-04-24,332.1,332.1,332,332,6130
API,1min,1777008707,2026-04-24 11:16,2026-04-24,332,332,331.1,332,0
API,1min,1777008775,2026-04-24 11:17,2026-04-24,332,334,331.3,331.4,7652
API,1min,1777008812,2026-04-24 11:18,2026-04-24,331.4,332,331.4,332,85
API,1min,1777008895,2026-04-24 11:19,2026-04-24,332,334,332,334,100
API,1min,1777008986,2026-04-24 11:21,2026-04-24,334,334,332.6,332.6,538
API,1min,1777009044,2026-04-24 11:22,2026-04-24,332.6,333,332.6,333,715
API,1min,1777009135,2026-04-24 11:23,2026-04-24,333,333,332.7,332.7,111
API,1min,1777009173,2026-04-24 11:24,2026-04-24,332.7,333,332.7,333,319
API,1min,1777009245,2026-04-24 11:25,2026-04-24,333,335,333,335,2661
API,1min,1777009288,2026-04-24 11:26,2026-04-24,335,335,335,335,2900
API,1min,1777009341,2026-04-24 11:27,2026-04-24,335,335,335,335,845
API,1min,1777009428,2026-04-24 11:28,2026-04-24,335,336,335,336,445
API,1min,1777009440,2026-04-24 11:29,2026-04-24,336,336,336,336,100
API,1min,1777009552,2026-04-24 11:30,2026-04-24,336,336,336,336,75
API,1min,1777009631,2026-04-24 11:32,2026-04-24,336,336,335,335,4000
API,1min,1777009709,2026-04-24 11:33,2026-04-24,335,335,335,335,10
API,1min,1777009760,2026-04-24 11:34,2026-04-24,335,336,335,336,230
API,1min,1777009828,2026-04-24 11:35,2026-04-24,336,336,335,335,1000
API,1min,1777010073,2026-04-24 11:39,2026-04-24,335,335,335,335,1000
API,1min,1777010388,2026-04-24 11:44,2026-04-24,335,336.7,335,336.7,20
API,1min,1777010459,2026-04-24 11:45,2026-04-24,336.7,336.7,335,335,2055
API,1min,1777010600,2026-04-24 11:48,2026-04-24,335,335,335,335,2320
API,1min,1777010668,2026-04-24 11:49,2026-04-24,335,336.9,335,336.9,279
API,1min,1777010849,2026-04-24 11:52,2026-04-24,336.9,336.9,335,335,1000
API,1min,1777010907,2026-04-24 11:53,2026-04-24,335,335,335,335,0
API,1min,1777010975,2026-04-24 11:54,2026-04-24,335,335,334.5,334.5,1732
API,1min,1777011195,2026-04-24 11:58,2026-04-24,334.5,335,334.5,335,500
API,1min,1777011357,2026-04-24 12:00,2026-04-24,335,335,335,335,100
API,1min,1777011402,2026-04-24 12:01,2026-04-24,335,335,335,335,18
API,1min,1777011444,2026-04-24 12:02,2026-04-24,335,335,335,335,349
API,1min,1777011523,2026-04-24 12:03,2026-04-24,335,335,335,335,35
API,1min,1777011547,2026-04-24 12:04,2026-04-24,335,336.9,335,336.9,100
API,1min,1777011683,2026-04-24 12:06,2026-04-24,336.9,336.9,335,335,100
API,1min,1777011747,2026-04-24 12:07,2026-04-24,335,335,335,335,793
API,1min,1777012044,2026-04-24 12:12,2026-04-24,335,335.1,335,335.1,60
API,1min,1777012194,2026-04-24 12:14,2026-04-24,335.1,335.1,335.1,335.1,940
API,1min,1777012218,2026-04-24 12:15,2026-04-24,335.1,335.1,335,335,400
API,1min,1777012287,2026-04-24 12:16,2026-04-24,335,335,335,335,10
API,1min,1777012373,2026-04-24 12:17,2026-04-24,335,335.2,335,335.2,7455
API,1min,1777012394,2026-04-24 12:18,2026-04-24,335.2,336,335.2,336,2010
API,1min,1777012702,2026-04-24 12:23,2026-04-24,336,336,335.7,335.7,617
API,1min,1777012908,2026-04-24 12:26,2026-04-24,335.7,336.9,335.7,336.9,0
API,1min,1777012977,2026-04-24 12:27,2026-04-24,336.9,336.9,336.9,336.9,384
API,1min,1777013059,2026-04-24 12:29,2026-04-24,336.9,337.4,336.9,337.4,1000
API,1min,1777013149,2026-04-24 12:30,2026-04-24,337.4,337.4,337.4,337.4,100
API,1min,1777013213,2026-04-24 12:31,2026-04-24,337.4,337.5,337.4,337.5,150
API,1min,1777013314,2026-04-24 12:33,2026-04-24,337.5,338,337.5,338,3692
API,1min,1777013398,2026-04-24 12:34,2026-04-24,338,338,338,338,3100
API,1min,1777013576,2026-04-24 12:37,2026-04-24,338,338,338,338,142
API,1min,1777013624,2026-04-24 12:38,2026-04-24,338,338.9,338,338,1705
API,1min,1777013685,2026-04-24 12:39,2026-04-24,338,339,338,339,3235
API,1min,1777013819,2026-04-24 12:41,2026-04-24,339,339,338.9,338.9,2400
API,1min,1777013933,2026-04-24 12:43,2026-04-24,338.9,339,338.1,338.1,1525
API,1min,1777013962,2026-04-24 12:44,2026-04-24,338.1,340,338.1,340,10200
API,1min,1777014149,2026-04-24 12:47,2026-04-24,340,340,340,340,14400
API,1min,1777014230,2026-04-24 12:48,2026-04-24,340,340,340,340,300
API,1min,1777014292,2026-04-24 12:49,2026-04-24,340,340,340,340,1250
API,1min,1777014325,2026-04-24 12:50,2026-04-24,340,340,339,339,0
API,1min,1777014413,2026-04-24 12:51,2026-04-24,339,339.4,339,339.1,2208
API,1min,1777014471,2026-04-24 12:52,2026-04-24,339.1,339.1,339.1,339.1,2050
API,1min,1777014537,2026-04-24 12:53,2026-04-24,339.1,339.1,338.3,338.3,468
API,1min,1777014582,2026-04-24 12:54,2026-04-24,338.3,339,338.3,339,0
API,1min,1777014759,2026-04-24 12:57,2026-04-24,339,339,338.3,338.3,10411
API,1min,1777014812,2026-04-24 12:58,2026-04-24,338.3,338.3,338.3,338.3,2650
API,1min,1777014856,2026-04-24 12:59,2026-04-24,338.3,338.3,338,338,2850
API,1min,1777014941,2026-04-24 13:00,2026-04-24,338,338,338,338,0
API,1min,1777014974,2026-04-24 13:01,2026-04-24,338,339,338,339,558
API,1min,1777015193,2026-04-24 13:04,2026-04-24,339,339,338,338,276
API,1min,1777015268,2026-04-24 13:06,2026-04-24,338,339,338,339,10
API,1min,1777015358,2026-04-24 13:07,2026-04-24,339,339,338,338,70
API,1min,1777015421,2026-04-24 13:08,2026-04-24,338,338,338,338,805
API,1min,1777015441,2026-04-24 13:09,2026-04-24,338,338,338,338,926
API,1min,1777015528,2026-04-24 13:10,2026-04-24,338,339,338,339,10
API,1min,1777015649,2026-04-24 13:12,2026-04-24,339,339,339,339,10
API,1min,1777015700,2026-04-24 13:13,2026-04-24,339,339,339,339,22
API,1min,1777015780,2026-04-24 13:14,2026-04-24,339,339,339,339,100
API,1min,1777016550,2026-04-24 13:27,2026-04-24,339,339,339,339,1025
API,1min,1777016625,2026-04-24 13:28,2026-04-24,339,339.1,339,339.1,50
API,1min,1777016797,2026-04-24 13:31,2026-04-24,339.1,340,339.1,340,3677
API,1min,1777016864,2026-04-24 13:32,2026-04-24,340,340.1,340,340.1,0
API,1min,1777016919,2026-04-24 13:33,2026-04-24,340.1,340.1,340.1,340.1,93
API,1min,1777016971,2026-04-24 13:34,2026-04-24,340.1,340.1,340,340,1000
API,1min,1777017033,2026-04-24 13:35,2026-04-24,340,340.2,340,340.2,207
API,1min,1777017280,2026-04-24 13:39,2026-04-24,340.2,340.9,340.2,340.9,500
API,1min,1777017412,2026-04-24 13:41,2026-04-24,340.9,341,340.9,341,1010
API,1min,1777017468,2026-04-24 13:42,2026-04-24,341,341,341,341,60
API,1min,1777017541,2026-04-24 13:44,2026-04-24,341,341,341,341,30
API,1min,1777017652,2026-04-24 13:45,2026-04-24,341,341,340.3,340.3,40
API,1min,1777017705,2026-04-24 13:46,2026-04-24,340.3,340.4,340.3,340.3,560
API,1min,1777017762,2026-04-24 13:47,2026-04-24,340.3,340.4,340.3,340.3,745
API,1min,1777017812,2026-04-24 13:48,2026-04-24,340.3,340.3,340.2,340.2,20
API,1min,1777017895,2026-04-24 13:49,2026-04-24,340.2,340.2,340.1,340.1,11730
API,1min,1777017941,2026-04-24 13:50,2026-04-24,340.1,340.1,340.1,340.1,1483
API,1min,1777017988,2026-04-24 13:51,2026-04-24,340.1,340.1,340.1,340.1,750
API,1min,1777018022,2026-04-24 13:52,2026-04-24,340.1,340.2,340.1,340.2,100
API,1min,1777018101,2026-04-24 13:53,2026-04-24,340.2,340.2,339,339,20010
API,1min,1777018156,2026-04-24 13:54,2026-04-24,339,339,339,339,2000
API,1min,1777018222,2026-04-24 13:55,2026-04-24,339,339,339,339,10
API,1min,1777018309,2026-04-24 13:56,2026-04-24,339,339,339,339,688
API,1min,1777018713,2026-04-24 14:03,2026-04-24,339,339,339,339,260
API,1min,1777018790,2026-04-24 14:04,2026-04-24,339,339,339,339,10
API,1min,1777018824,2026-04-24 14:05,2026-04-24,339,339,338.4,338.4,57
API,1min,1777019101,2026-04-24 14:10,2026-04-24,338.4,338.4,338.4,338.4,0
API,1min,1777019388,2026-04-24 14:14,2026-04-24,338.4,339,338.4,339,3070
API,1min,1777019521,2026-04-24 14:17,2026-04-24,339,339,338,338,1000
API,1min,1777019680,2026-04-24 14:19,2026-04-24,338,338.9,338,338.9,50
API,1min,1777019717,2026-04-24 14:20,2026-04-24,338.9,338.9,338,338,733
API,1min,1777019777,2026-04-24 14:21,2026-04-24,338,339,338,339,300
API,1min,1777019916,2026-04-24 14:23,2026-04-24,339,339,338,338,2000
API,1min,1777019957,2026-04-24 14:24,2026-04-24,338,338,338,338,0
API,1min,1777020114,2026-04-24 14:26,2026-04-24,338,338,338,338,981
API,1min,1777020133,2026-04-24 14:27,2026-04-24,338,338,338,338,93
API,1min,1777020284,2026-04-24 14:29,2026-04-24,338,338,338,338,1325
API,1min,1777020399,2026-04-24 14:31,2026-04-24,338,338,338,338,100
API,1min,1777020423,2026-04-24 14:32,2026-04-24,338,338,337.5,337.5,400
API,1min,1777020496,2026-04-24 14:33,2026-04-24,337.5,338.9,337.2,337.2,2080
API,1min,1777020598,2026-04-24 14:34,2026-04-24,337.2,337.2,337.1,337.1,2000
API,1min,1777020622,2026-04-24 14:35,2026-04-24,337.1,337.1,337.1,337.1,175
API,1min,1777020775,2026-04-24 14:37,2026-04-24,337.1,337.2,337.1,337.2,285
API,1min,1777020837,2026-04-24 14:38,2026-04-24,337.2,338,337.2,338,1185
API,1min,1777020860,2026-04-24 14:39,2026-04-24,338,338,338,338,50
API,1min,1777020928,2026-04-24 14:40,2026-04-24,338,338,338,338,0
API,1min,1777021000,2026-04-24 14:41,2026-04-24,338,338.5,338,338.5,269
API,1min,1777021059,2026-04-24 14:42,2026-04-24,338.5,338.5,338.2,338.2,1130
API,1min,1777021136,2026-04-24 14:43,2026-04-24,338.2,338.5,338.2,338.5,500
API,1min,1777021192,2026-04-24 14:44,2026-04-24,338.5,338.5,338.1,338.1,12223
API,1min,1777021248,2026-04-24 14:45,2026-04-24,338.1,338.1,338,338,3196
API,1min,1777021375,2026-04-24 14:47,2026-04-24,338,339.9,337.2,338,4023
API,1min,1777021385,2026-04-24 14:48,2026-04-24,338,338,337.2,337.2,236
API,1min,1777021547,2026-04-24 14:50,2026-04-24,337.2,339,337.2,339,2825
API,1min,1777021613,2026-04-24 14:51,2026-04-24,339,339.9,339,339.9,815
API,1min,1777021667,2026-04-24 14:52,2026-04-24,339.9,339.9,339,339,1862
API,1min,1777021727,2026-04-24 14:53,2026-04-24,339,340,339,340,4870
API,1min,1777021782,2026-04-24 14:54,2026-04-24,340,340.2,340,340.2,0
API,1min,1777021855,2026-04-24 14:55,2026-04-24,340.2,340.2,340,340,5500
API,1min,1777021918,2026-04-24 14:56,2026-04-24,340,340.2,340,340.2,1323
API,1min,1777021959,2026-04-24 14:57,2026-04-24,340.2,340.2,340,340.2,1120
API,1min,1777022034,2026-04-24 14:58,2026-04-24,340.2,340.2,339,339.5,4762
API,1min,1777022099,2026-04-24 14:59,2026-04-24,339.5,339.9,339,339.9,6295
API,1min,1777266961,2026-04-27 11:01,2026-04-27,345,345,345,345,30
API,1min,1777267043,2026-04-27 11:02,2026-04-27,345,345,340,340,60
API,1min,1777267120,2026-04-27 11:03,2026-04-27,340,344,340,344,20
API,1min,1777267186,2026-04-27 11:04,2026-04-27,344,344,344,344,130
API,1min,1777267250,2026-04-27 11:05,2026-04-27,344,344,340.2,340.2,31
API,1min,1777267441,2026-04-27 11:09,2026-04-27,340.2,343.8,340.2,343.8,100
API,1min,1777267504,2026-04-27 11:10,2026-04-27,343.8,343.8,343,343,160
API,1min,1777267580,2026-04-27 11:11,2026-04-27,343,343,342,342,20
API,1min,1777267715,2026-04-27 11:13,2026-04-27,342,342,342,342,0
API,1min,1777267948,2026-04-27 11:17,2026-04-27,342,342,342,342,1137
API,1min,1777267990,2026-04-27 11:18,2026-04-27,342,342.5,342,342.5,510
API,1min,1777268099,2026-04-27 11:19,2026-04-27,342.5,343,342,342,899
API,1min,1777268130,2026-04-27 11:20,2026-04-27,342,343,342,342,320
API,1min,1777268207,2026-04-27 11:21,2026-04-27,342,343,342,343,43
API,1min,1777268252,2026-04-27 11:22,2026-04-27,343,343,343,343,210
API,1min,1777268325,2026-04-27 11:23,2026-04-27,343,343,343,343,1265
API,1min,1777268345,2026-04-27 11:24,2026-04-27,343,343.6,343,343.6,150
API,1min,1777268421,2026-04-27 11:25,2026-04-27,343.6,343.6,343.3,343.3,0
API,1min,1777268489,2026-04-27 11:26,2026-04-27,343.3,343.3,343.1,343.1,30
API,1min,1777268566,2026-04-27 11:27,2026-04-27,343.1,343.1,343,343,16490
API,1min,1777268599,2026-04-27 11:28,2026-04-27,343,343,343,343,475
API,1min,1777268684,2026-04-27 11:29,2026-04-27,343,343,341,343,11177
API,1min,1777268806,2026-04-27 11:31,2026-04-27,343,343,341,341,640
API,1min,1777268891,2026-04-27 11:33,2026-04-27,341,341,341,341,102
API,1min,1777268985,2026-04-27 11:34,2026-04-27,341,341,341,341,6000
API,1min,1777269001,2026-04-27 11:35,2026-04-27,341,341,341,341,105
API,1min,1777269107,2026-04-27 11:36,2026-04-27,341,341,341,341,700
API,1min,1777269147,2026-04-27 11:37,2026-04-27,341,342.9,341,342.9,175
API,1min,1777269230,2026-04-27 11:38,2026-04-27,342.9,342.9,342.9,342.9,50
API,1min,1777269265,2026-04-27 11:39,2026-04-27,342.9,342.9,342.9,342.9,25
API,1min,1777269334,2026-04-27 11:40,2026-04-27,342.9,342.9,342.9,342.9,75
API,1min,1777269372,2026-04-27 11:41,2026-04-27,342.9,342.9,342,342,10
API,1min,1777269508,2026-04-27 11:43,2026-04-27,342,342,341,341,0
API,1min,1777269560,2026-04-27 11:44,2026-04-27,341,341,340.6,340.6,987
API,1min,1777269648,2026-04-27 11:45,2026-04-27,340.6,341,340.6,341,1872
API,1min,1777269712,2026-04-27 11:46,2026-04-27,341,341,340.7,341,310
API,1min,1777269726,2026-04-27 11:47,2026-04-27,341,341,340.7,340.7,500
API,1min,1777269794,2026-04-27 11:48,2026-04-27,340.7,340.7,340.7,340.7,0
API,1min,1777269873,2026-04-27 11:49,2026-04-27,340.7,340.7,340.7,340.7,3070
API,1min,1777269949,2026-04-27 11:50,2026-04-27,340.7,341,340.7,340.7,35
API,1min,1777269962,2026-04-27 11:51,2026-04-27,340.7,341,340.7,341,65
API,1min,1777270076,2026-04-27 11:52,2026-04-27,341,342,341,342,3235
API,1min,1777270108,2026-04-27 11:53,2026-04-27,342,342,342,342,871
API,1min,1777270230,2026-04-27 11:55,2026-04-27,342,343,342,343,3659
API,1min,1777270486,2026-04-27 11:59,2026-04-27,343,343,342,342,990
API,1min,1777270519,2026-04-27 12:00,2026-04-27,342,342.6,342,342,25
API,1min,1777270702,2026-04-27 12:03,2026-04-27,342,342,342,342,20
API,1min,1777270769,2026-04-27 12:04,2026-04-27,342,342,341.8,341.8,50
API,1min,1777270851,2026-04-27 12:05,2026-04-27,341.8,341.8,341.7,341.7,1045
API,1min,1777270915,2026-04-27 12:06,2026-04-27,341.7,341.8,341.6,341.6,37
API,1min,1777271124,2026-04-27 12:10,2026-04-27,341.6,341.6,341.6,341.6,1000
API,1min,1777271396,2026-04-27 12:14,2026-04-27,341.6,343.5,341.6,343.5,4020
API,1min,1777271411,2026-04-27 12:15,2026-04-27,343.5,343.9,343.5,343.9,3000
API,1min,1777271693,2026-04-27 12:19,2026-04-27,343.9,343.9,342,342,2088
API,1min,1777271767,2026-04-27 12:21,2026-04-27,342,342,342,342,10
API,1min,1777272165,2026-04-27 12:27,2026-04-27,342,342,341.6,341.6,356
API,1min,1777272414,2026-04-27 12:31,2026-04-27,341.6,342,341.6,342,10
API,1min,1777272562,2026-04-27 12:34,2026-04-27,342,342,342,342,20
API,1min,1777272633,2026-04-27 12:35,2026-04-27,342,342,342,342,0
API,1min,1777272720,2026-04-27 12:37,2026-04-27,342,342,341.1,341.1,1335
API,1min,1777272859,2026-04-27 12:39,2026-04-27,341.1,342,341.1,342,1097
API,1min,1777273132,2026-04-27 12:43,2026-04-27,342,342,341.2,341.2,22
API,1min,1777273180,2026-04-27 12:44,2026-04-27,341.2,341.2,341.2,341.2,10
API,1min,1777273240,2026-04-27 12:45,2026-04-27,341.2,341.5,341.2,341.5,10
API,1min,1777273419,2026-04-27 12:48,2026-04-27,341.5,341.5,341.5,341.5,0
API,1min,1777273475,2026-04-27 12:49,2026-04-27,341.5,342,341.5,342,82
API,1min,1777273523,2026-04-27 12:50,2026-04-27,342,342,341.6,341.6,470
API,1min,1777273581,2026-04-27 12:51,2026-04-27,341.6,342,341.6,342,60
API,1min,1777273697,2026-04-27 12:53,2026-04-27,342,342,341.9,341.9,120
API,1min,1777273786,2026-04-27 12:54,2026-04-27,341.9,341.9,341.7,341.7,100
API,1min,1777273842,2026-04-27 12:55,2026-04-27,341.7,341.7,341.6,341.6,90
API,1min,1777273900,2026-04-27 12:56,2026-04-27,341.6,342,341.1,342,0
API,1min,1777273975,2026-04-27 12:57,2026-04-27,342,342,342,342,4779
API,1min,1777273991,2026-04-27 12:58,2026-04-27,342,342.1,342,342.1,200
API,1min,1777274061,2026-04-27 12:59,2026-04-27,342.1,342.1,342.1,342.1,200
API,1min,1777274122,2026-04-27 13:00,2026-04-27,342.1,342.1,342,342,320
API,1min,1777274363,2026-04-27 13:04,2026-04-27,342,342,342,342,935
API,1min,1777274550,2026-04-27 13:07,2026-04-27,342,342.1,342,342.1,50
API,1min,1777274622,2026-04-27 13:08,2026-04-27,342.1,342.1,342.1,342.1,200
API,1min,1777274669,2026-04-27 13:09,2026-04-27,342.1,342.1,342.1,342.1,360
API,1min,1777274707,2026-04-27 13:10,2026-04-27,342.1,342.1,342,342,238
API,1min,1777274818,2026-04-27 13:11,2026-04-27,342,342,342,342,500
API,1min,1777274856,2026-04-27 13:12,2026-04-27,342,342.2,342,342.2,1000
API,1min,1777275093,2026-04-27 13:16,2026-04-27,342.2,342.2,342,342,520
API,1min,1777275235,2026-04-27 13:18,2026-04-27,342,342.5,342,342,20
API,1min,1777275281,2026-04-27 13:19,2026-04-27,342,342,342,342,25
API,1min,1777275332,2026-04-27 13:20,2026-04-27,342,343,342,343,0
API,1min,1777275401,2026-04-27 13:21,2026-04-27,343,343,343,343,8700
API,1min,1777275478,2026-04-27 13:22,2026-04-27,343,343,343,343,200
API,1min,1777275488,2026-04-27 13:23,2026-04-27,343,343,343,343,154
API,1min,1777275575,2026-04-27 13:24,2026-04-27,343,343.9,343,343,231
API,1min,1777275730,2026-04-27 13:27,2026-04-27,343,343,343,343,15
API,1min,1777275817,2026-04-27 13:28,2026-04-27,343,343.8,343,343.8,870
API,1min,1777275867,2026-04-27 13:29,2026-04-27,343.8,343.8,343.7,343.7,10
API,1min,1777275948,2026-04-27 13:30,2026-04-27,343.7,343.7,343.7,343.7,150
API,1min,1777276074,2026-04-27 13:32,2026-04-27,343.7,343.7,343.6,343.6,188
API,1min,1777276089,2026-04-27 13:33,2026-04-27,343.6,343.6,343.6,343.6,161
API,1min,1777276256,2026-04-27 13:35,2026-04-27,343.6,343.8,343,343.8,3379
API,1min,1777276419,2026-04-27 13:38,2026-04-27,343.8,344,343.8,344,8308
API,1min,1777276496,2026-04-27 13:39,2026-04-27,344,344.1,344,344.1,550
API,1min,1777276544,2026-04-27 13:40,2026-04-27,344.1,344.1,344.1,344.1,740
API,1min,1777276590,2026-04-27 13:41,2026-04-27,344.1,344.1,344,344,220
API,1min,1777276679,2026-04-27 13:42,2026-04-27,344,344,344,344,1450
API,1min,1777276699,2026-04-27 13:43,2026-04-27,344,344,344,344,112
API,1min,1777276778,2026-04-27 13:44,2026-04-27,344,344,344,344,40
API,1min,1777276817,2026-04-27 13:45,2026-04-27,344,344,343.4,343.4,120
API,1min,1777276918,2026-04-27 13:46,2026-04-27,343.4,344.9,343.4,344.9,3849
API,1min,1777277071,2026-04-27 13:49,2026-04-27,344.9,344.9,344.8,344.8,2990
API,1min,1777277153,2026-04-27 13:50,2026-04-27,344.8,344.8,344,344,200
API,1min,1777277160,2026-04-27 13:51,2026-04-27,344,344,344,344,871
API,1min,1777277278,2026-04-27 13:52,2026-04-27,344,344.1,344,344,1550
API,1min,1777277322,2026-04-27 13:53,2026-04-27,344,344,344,344,2020
API,1min,1777277390,2026-04-27 13:54,2026-04-27,344,344.6,344,344.6,400
API,1min,1777277467,2026-04-27 13:56,2026-04-27,344.6,344.6,344.6,344.6,230
API,1min,1777277572,2026-04-27 13:57,2026-04-27,344.6,344.6,344,344,1004
API,1min,1777277630,2026-04-27 13:58,2026-04-27,344,344,344,344,1130
API,1min,1777277645,2026-04-27 13:59,2026-04-27,344,344.5,344,344,3700
API,1min,1777277800,2026-04-27 14:01,2026-04-27,344,344,344,344,7457
API,1min,1777277862,2026-04-27 14:02,2026-04-27,344,344.5,344,344.5,50
API,1min,1777277881,2026-04-27 14:03,2026-04-27,344.5,344.5,344,344,362
API,1min,1777278026,2026-04-27 14:05,2026-04-27,344,344,343.4,344,1148
API,1min,1777278084,2026-04-27 14:06,2026-04-27,344,344,344,344,0
API,1min,1777278251,2026-04-27 14:09,2026-04-27,344,344,343.5,343.5,452
API,1min,1777278404,2026-04-27 14:11,2026-04-27,343.5,343.5,343.4,343.4,664
API,1min,1777278457,2026-04-27 14:12,2026-04-27,343.4,343.4,343.3,343.3,42
API,1min,1777278659,2026-04-27 14:15,2026-04-27,343.3,343.3,343,343,17148
API,1min,1777278670,2026-04-27 14:16,2026-04-27,343,343,342.1,342.1,8000
API,1min,1777278844,2026-04-27 14:19,2026-04-27,342.1,342.1,342.1,342.1,600
API,1min,1777278925,2026-04-27 14:20,2026-04-27,342.1,344,342.1,344,47
API,1min,1777279007,2026-04-27 14:21,2026-04-27,344,344,343,343,433
API,1min,1777279130,2026-04-27 14:23,2026-04-27,343,343.1,343,343.1,120
API,1min,1777279141,2026-04-27 14:24,2026-04-27,343.1,343.1,343.1,343.1,69
API,1min,1777279249,2026-04-27 14:25,2026-04-27,343.1,343.1,343,343,0
API,1min,1777279328,2026-04-27 14:27,2026-04-27,343,343,342.3,343,668
API,1min,1777279474,2026-04-27 14:29,2026-04-27,343,343,342.4,342.4,500
API,1min,1777279539,2026-04-27 14:30,2026-04-27,342.4,343,342.4,343,300
API,1min,1777279589,2026-04-27 14:31,2026-04-27,343,343.9,342.4,343.9,175
API,1min,1777279648,2026-04-27 14:32,2026-04-27,343.9,343.9,342.3,342.3,1000
API,1min,1777279689,2026-04-27 14:33,2026-04-27,342.3,342.3,342.3,342.3,1520
API,1min,1777279979,2026-04-27 14:37,2026-04-27,342.3,344,342.3,344,3795
API,1min,1777280208,2026-04-27 14:41,2026-04-27,344,344,342.3,342.3,4051
API,1min,1777280270,2026-04-27 14:42,2026-04-27,342.3,342.3,342.3,342.3,0
API,1min,1777280397,2026-04-27 14:44,2026-04-27,342.3,342.3,342.1,342.1,2115
API,1min,1777280425,2026-04-27 14:45,2026-04-27,342.1,342.1,342.1,342.1,711
API,1min,1777280513,2026-04-27 14:46,2026-04-27,342.1,342.1,342.1,342.1,900
API,1min,1777280575,2026-04-27 14:47,2026-04-27,342.1,342.1,342.1,342.1,50
API,1min,1777280659,2026-04-27 14:49,2026-04-27,342.1,342.1,342.1,342.1,1000
API,1min,1777280737,2026-04-27 14:50,2026-04-27,342.1,342.1,342,342,232
API,1min,1777280783,2026-04-27 14:51,2026-04-27,342,342,342,342,0
API,1min,1777280871,2026-04-27 14:52,2026-04-27,342,342.1,342,342.1,3940
API,1min,1777280899,2026-04-27 14:53,2026-04-27,342.1,342.1,342,342,1205
API,1min,1777280973,2026-04-27 14:54,2026-04-27,342,342,342,342,2500
API,1min,1777281047,2026-04-27 14:55,2026-04-27,342,342,342,342,3955
API,1min,1777281119,2026-04-27 14:56,2026-04-27,342,342,341,341,5909
API,1min,1777281169,2026-04-27 14:57,2026-04-27,341,342,340.9,340.9,909
API,1min,1777281239,2026-04-27 14:58,2026-04-27,340.9,340.9,340.7,340.7,3290
API,1min,1777281299,2026-04-27 14:59,2026-04-27,340.7,341,340.5,341,6953
API,1min,1777353445,2026-04-28 11:02,2026-04-28,342.2,342.2,342.2,342.2,39
API,1min,1777353515,2026-04-28 11:03,2026-04-28,342.2,342.2,342.2,342.2,400
API,1min,1777353573,2026-04-28 11:04,2026-04-28,342.2,345,342.2,345,20
API,1min,1777353638,2026-04-28 11:05,2026-04-28,345,345,342,342,840
API,1min,1777353699,2026-04-28 11:06,2026-04-28,342,345,342,345,33430
API,1min,1777353759,2026-04-28 11:07,2026-04-28,345,345,342.1,342.5,115
API,1min,1777353787,2026-04-28 11:08,2026-04-28,342.5,343,342.5,343,20
API,1min,1777353871,2026-04-28 11:09,2026-04-28,343,345,343,345,300
API,1min,1777353952,2026-04-28 11:10,2026-04-28,345,347,345,347,1000
API,1min,1777354008,2026-04-28 11:11,2026-04-28,347,347,343.5,346.9,1500
API,1min,1777354025,2026-04-28 11:12,2026-04-28,346.9,346.9,345,345,0
API,1min,1777354126,2026-04-28 11:13,2026-04-28,345,346,345,346,1270
API,1min,1777354175,2026-04-28 11:14,2026-04-28,346,346,344,344,1350
API,1min,1777354238,2026-04-28 11:15,2026-04-28,344,344,344,344,4811
API,1min,1777354369,2026-04-28 11:17,2026-04-28,344,344,343.4,344,1999
API,1min,1777354408,2026-04-28 11:18,2026-04-28,344,344,343.3,343.3,539
API,1min,1777354481,2026-04-28 11:19,2026-04-28,343.3,344,343,344,4206
API,1min,1777354552,2026-04-28 11:20,2026-04-28,344,344,343,344,218
API,1min,1777354585,2026-04-28 11:21,2026-04-28,344,344,344,344,1066
API,1min,1777354703,2026-04-28 11:23,2026-04-28,344,344,343,343,2030
API,1min,1777354780,2026-04-28 11:24,2026-04-28,343,344,343,344,180
API,1min,1777354842,2026-04-28 11:25,2026-04-28,344,345,344,344.9,5210
API,1min,1777355033,2026-04-28 11:28,2026-04-28,344.9,346,344.9,346,5000
API,1min,1777355069,2026-04-28 11:29,2026-04-28,346,346,345.9,345.9,2000
API,1min,1777355138,2026-04-28 11:30,2026-04-28,345.9,346,344.2,346,2450
API,1min,1777355201,2026-04-28 11:31,2026-04-28,346,346,346,346,330
API,1min,1777355274,2026-04-28 11:32,2026-04-28,346,346.8,346,346.8,2500
API,1min,1777355319,2026-04-28 11:33,2026-04-28,346.8,346.8,346,346,0
API,1min,1777355341,2026-04-28 11:34,2026-04-28,346,346,345,345,0
API,1min,1777355557,2026-04-28 11:37,2026-04-28,345,345,345,345,8487
API,1min,1777355624,2026-04-28 11:38,2026-04-28,345,345,344.5,345,6340
API,1min,1777355672,2026-04-28 11:39,2026-04-28,345,345,345,345,50
API,1min,1777355750,2026-04-28 11:40,2026-04-28,345,345,343.4,344,149
API,1min,1777355780,2026-04-28 11:41,2026-04-28,344,344,344,344,210
API,1min,1777355871,2026-04-28 11:42,2026-04-28,344,344.1,344,344.1,700
API,1min,1777355931,2026-04-28 11:43,2026-04-28,344.1,344.9,344,344,1171
API,1min,1777355974,2026-04-28 11:44,2026-04-28,344,344,344,344,180
API,1min,1777356015,2026-04-28 11:45,2026-04-28,344,345,344,345,2500
API,1min,1777356115,2026-04-28 11:46,2026-04-28,345,345,344,344,146
API,1min,1777356172,2026-04-28 11:47,2026-04-28,344,345,344,345,6370
API,1min,1777356184,2026-04-28 11:48,2026-04-28,345,345,343,343,5000
API,1min,1777356269,2026-04-28 11:49,2026-04-28,343,343.1,343,343.1,70
API,1min,1777356328,2026-04-28 11:50,2026-04-28,343.1,343.1,343.1,343.1,2950
API,1min,1777356412,2026-04-28 11:51,2026-04-28,343.1,343.1,342.5,342.5,3018
API,1min,1777356475,2026-04-28 11:52,2026-04-28,342.5,342.5,342.5,342.5,0
API,1min,1777356523,2026-04-28 11:53,2026-04-28,342.5,343,342.5,343,525
API,1min,1777356692,2026-04-28 11:56,2026-04-28,343,343,342,343,5000
API,1min,1777356747,2026-04-28 11:57,2026-04-28,343,343,342,342,111
API,1min,1777356783,2026-04-28 11:58,2026-04-28,342,344.9,342,344.9,500
API,1min,1777357015,2026-04-28 12:01,2026-04-28,344.9,344.9,342.4,342.4,134
API,1min,1777357192,2026-04-28 12:04,2026-04-28,342.4,343.5,342.4,343.5,33
API,1min,1777357223,2026-04-28 12:05,2026-04-28,343.5,344.5,343.5,344,241
API,1min,1777357299,2026-04-28 12:06,2026-04-28,344,344,343.5,343.5,67
API,1min,1777357353,2026-04-28 12:07,2026-04-28,343.5,344,343.5,344,2037
API,1min,1777357409,2026-04-28 12:08,2026-04-28,344,344,343.2,343.2,232
API,1min,1777357496,2026-04-28 12:09,2026-04-28,343.2,343.2,343.2,343.2,10
API,1min,1777357558,2026-04-28 12:10,2026-04-28,343.2,343.2,343.2,343.2,105
API,1min,1777357615,2026-04-28 12:11,2026-04-28,343.2,343.9,343.2,343.9,0
API,1min,1777357670,2026-04-28 12:12,2026-04-28,343.9,343.9,343.9,343.9,100
API,1min,1777357817,2026-04-28 12:15,2026-04-28,343.9,343.9,343.9,343.9,245
API,1min,1777358021,2026-04-28 12:18,2026-04-28,343.9,343.9,343.9,343.9,20
API,1min,1777358051,2026-04-28 12:19,2026-04-28,343.9,343.9,343.2,343.2,80
API,1min,1777358108,2026-04-28 12:20,2026-04-28,343.2,343.2,343,343,900
API,1min,1777358207,2026-04-28 12:21,2026-04-28,343,343,343,343,125
API,1min,1777358274,2026-04-28 12:22,2026-04-28,343,343.9,343,343.9,107
API,1min,1777358452,2026-04-28 12:25,2026-04-28,343.9,343.9,342.4,342.4,630
API,1min,1777358482,2026-04-28 12:26,2026-04-28,342.4,343.5,342.4,343.5,129
API,1min,1777358550,2026-04-28 12:27,2026-04-28,343.5,343.5,342.1,342.1,634
API,1min,1777358581,2026-04-28 12:28,2026-04-28,342.1,342.1,342.1,342.1,15
API,1min,1777358650,2026-04-28 12:29,2026-04-28,342.1,343.5,342.1,343.5,170
API,1min,1777358738,2026-04-28 12:30,2026-04-28,343.5,343.5,342.2,342.2,19
API,1min,1777358764,2026-04-28 12:31,2026-04-28,342.2,343.5,342.2,343.5,10
API,1min,1777358839,2026-04-28 12:32,2026-04-28,343.5,343.5,342.2,342.2,40
API,1min,1777358932,2026-04-28 12:33,2026-04-28,342.2,342.3,342.2,342.3,77
API,1min,1777359043,2026-04-28 12:35,2026-04-28,342.3,343.4,342.3,343.4,10
API,1min,1777359174,2026-04-28 12:37,2026-04-28,343.4,343.4,343.3,343.3,1500
API,1min,1777359204,2026-04-28 12:38,2026-04-28,343.3,343.9,343.3,343.9,0
API,1min,1777359279,2026-04-28 12:39,2026-04-28,343.9,343.9,343.9,343.9,10309
API,1min,1777359345,2026-04-28 12:40,2026-04-28,343.9,343.9,343,343,500
API,1min,1777359398,2026-04-28 12:41,2026-04-28,343,343.1,343,343.1,500
API,1min,1777359458,2026-04-28 12:42,2026-04-28,343.1,344,343.1,344,3000
API,1min,1777359506,2026-04-28 12:43,2026-04-28,344,344,344,344,238
API,1min,1777359599,2026-04-28 12:44,2026-04-28,344,344,344,344,115
API,1min,1777359617,2026-04-28 12:45,2026-04-28,344,344,344,344,85
API,1min,1777359766,2026-04-28 12:47,2026-04-28,344,344,344,344,313
API,1min,1777359787,2026-04-28 12:48,2026-04-28,344,344,344,344,8000
API,1min,1777359883,2026-04-28 12:49,2026-04-28,344,344,343.5,343.5,22
API,1min,1777359952,2026-04-28 12:50,2026-04-28,343.5,343.5,343.1,343.1,300
API,1min,1777360068,2026-04-28 12:52,2026-04-28,343.1,344,343.1,344,125
API,1min,1777360211,2026-04-28 12:55,2026-04-28,344,344,343.9,343.9,145
API,1min,1777360339,2026-04-28 12:57,2026-04-28,343.9,343.9,343.9,343.9,810
API,1min,1777360421,2026-04-28 12:58,2026-04-28,343.9,343.9,343,343,2133
API,1min,1777360523,2026-04-28 13:00,2026-04-28,343,343,343,343,500
API,1min,1777360577,2026-04-28 13:01,2026-04-28,343,343,343,343,0
API,1min,1777360633,2026-04-28 13:02,2026-04-28,343,343,343,343,1941
API,1min,1777361160,2026-04-28 13:11,2026-04-28,343,343,343,343,10167
API,1min,1777361242,2026-04-28 13:12,2026-04-28,343,343.9,343,343.9,5000
API,1min,1777362292,2026-04-28 13:29,2026-04-28,343.9,343.9,343.9,343.9,9554
API,1min,1777362475,2026-04-28 13:32,2026-04-28,343.9,343.9,343,343,1158
API,1min,1777362576,2026-04-28 13:34,2026-04-28,343,343,342.5,342.5,0
API,1min,1777362631,2026-04-28 13:35,2026-04-28,342.5,342.5,342.4,342.4,1751
API,1min,1777362663,2026-04-28 13:36,2026-04-28,342.4,342.4,342.4,342.4,200
API,1min,1777362890,2026-04-28 13:39,2026-04-28,342.4,342.4,342.4,342.4,700
API,1min,1777363010,2026-04-28 13:41,2026-04-28,342.4,342.4,342.4,342.4,500
API,1min,1777363062,2026-04-28 13:42,2026-04-28,342.4,342.6,342.4,342.6,350
API,1min,1777363198,2026-04-28 13:44,2026-04-28,342.6,342.6,342.4,342.4,215
API,1min,1777363239,2026-04-28 13:45,2026-04-28,342.4,342.4,342.4,342.4,974
API,1min,1777363297,2026-04-28 13:46,2026-04-28,342.4,342.4,342.4,342.4,98
API,1min,1777363366,2026-04-28 13:47,2026-04-28,342.4,342.4,342.4,342.4,140
API,1min,1777363390,2026-04-28 13:48,2026-04-28,342.4,342.4,342.4,342.4,10
API,1min,1777363453,2026-04-28 13:49,2026-04-28,342.4,342.8,342.4,342.8,152
API,1min,1777363602,2026-04-28 13:51,2026-04-28,342.8,342.8,342.5,342.5,1000
API,1min,1777363624,2026-04-28 13:52,2026-04-28,342.5,342.5,342.3,342.3,200
API,1min,1777363739,2026-04-28 13:53,2026-04-28,342.3,342.3,342.2,342.2,1862
API,1min,1777363823,2026-04-28 13:55,2026-04-28,342.2,343.8,342.2,343.8,5000
API,1min,1777363905,2026-04-28 13:56,2026-04-28,343.8,343.8,343.3,343.3,88
API,1min,1777363946,2026-04-28 13:57,2026-04-28,343.3,343.3,343,343,1550
API,1min,1777364131,2026-04-28 14:00,2026-04-28,343,343,342,342,2704
API,1min,1777364323,2026-04-28 14:03,2026-04-28,342,343.8,342,343.8,1503
API,1min,1777364423,2026-04-28 14:05,2026-04-28,343.8,343.8,342.3,342.3,20
API,1min,1777364517,2026-04-28 14:06,2026-04-28,342.3,342.3,342,342,1292
API,1min,1777364573,2026-04-28 14:07,2026-04-28,342,342,342,342,10
API,1min,1777364614,2026-04-28 14:08,2026-04-28,342,342,341.5,341.5,2661
API,1min,1777364698,2026-04-28 14:09,2026-04-28,341.5,341.5,341.4,341.5,1300
API,1min,1777364739,2026-04-28 14:10,2026-04-28,341.5,341.5,341.4,341.4,1670
API,1min,1777364804,2026-04-28 14:11,2026-04-28,341.4,341.4,341.3,341.3,122
API,1min,1777364859,2026-04-28 14:12,2026-04-28,341.3,342,341.3,342,769
API,1min,1777364917,2026-04-28 14:13,2026-04-28,342,342,341,341,7499
API,1min,1777364963,2026-04-28 14:14,2026-04-28,341,341,340.5,341,373
API,1min,1777365147,2026-04-28 14:17,2026-04-28,341,341.5,341,341,135
API,1min,1777365225,2026-04-28 14:18,2026-04-28,341,341,340.5,341,1825
API,1min,1777365256,2026-04-28 14:19,2026-04-28,341,341,341,341,3625
API,1min,1777365396,2026-04-28 14:21,2026-04-28,341,341,341,341,5000
API,1min,1777365478,2026-04-28 14:22,2026-04-28,341,341,341,341,1100
API,1min,1777365516,2026-04-28 14:23,2026-04-28,341,341,341,341,210
API,1min,1777365583,2026-04-28 14:24,2026-04-28,341,341,341,341,145
API,1min,1777365764,2026-04-28 14:27,2026-04-28,341,341,340.6,340.6,907
API,1min,1777365837,2026-04-28 14:28,2026-04-28,340.6,341,340.6,340.6,74
API,1min,1777365954,2026-04-28 14:30,2026-04-28,340.6,341,340.6,341,50
API,1min,1777365962,2026-04-28 14:31,2026-04-28,341,341,341,341,0
API,1min,1777366034,2026-04-28 14:32,2026-04-28,341,341,341,341,133
API,1min,1777366120,2026-04-28 14:33,2026-04-28,341,341,340.7,340.7,250
API,1min,1777366183,2026-04-28 14:34,2026-04-28,340.7,340.7,340.5,340.6,560
API,1min,1777366255,2026-04-28 14:35,2026-04-28,340.6,340.6,340.6,340.6,830
API,1min,1777366311,2026-04-28 14:36,2026-04-28,340.6,340.6,340.3,340.3,4441
API,1min,1777366326,2026-04-28 14:37,2026-04-28,340.3,340.3,340.3,340.3,0
API,1min,1777366403,2026-04-28 14:38,2026-04-28,340.3,340.5,340.3,340.5,480
API,1min,1777366492,2026-04-28 14:39,2026-04-28,340.5,341,340.1,340.1,650
API,1min,1777366604,2026-04-28 14:41,2026-04-28,340.1,340.1,340,340,22000
API,1min,1777366630,2026-04-28 14:42,2026-04-28,340,340.5,340,340.5,120
API,1min,1777366726,2026-04-28 14:43,2026-04-28,340.5,340.9,340.5,340.9,124
API,1min,1777366758,2026-04-28 14:44,2026-04-28,340.9,340.9,340.5,340.5,1016
API,1min,1777366831,2026-04-28 14:45,2026-04-28,340.5,340.7,340.5,340.7,170
API,1min,1777366891,2026-04-28 14:46,2026-04-28,340.7,340.7,340.5,340.5,4000
API,1min,1777366975,2026-04-28 14:47,2026-04-28,340.5,340.5,340.2,340.3,530
API,1min,1777367010,2026-04-28 14:48,2026-04-28,340.3,340.3,340.2,340.2,1993
API,1min,1777367062,2026-04-28 14:49,2026-04-28,340.2,340.2,340.2,340.2,290
API,1min,1777367154,2026-04-28 14:50,2026-04-28,340.2,340.2,340,340,18600
API,1min,1777367198,2026-04-28 14:51,2026-04-28,340,340,340,340,420
API,1min,1777367276,2026-04-28 14:52,2026-04-28,340,340.5,339.2,339.2,4060
API,1min,1777367333,2026-04-28 14:53,2026-04-28,339.2,340.2,339,339,2660
API,1min,1777367396,2026-04-28 14:54,2026-04-28,339,340.5,339,339,780
API,1min,1777367416,2026-04-28 14:55,2026-04-28,339,339,339,339,930
API,1min,1777367500,2026-04-28 14:56,2026-04-28,339,340,339,339,490
API,1min,1777367565,2026-04-28 14:57,2026-04-28,339,339,339,339,500
API,1min,1777367638,2026-04-28 14:58,2026-04-28,339,340,339,339,3735
API,1min,1777367699,2026-04-28 14:59,2026-04-28,339,343,339,339.1,11660
API,1min,1777439859,2026-04-29 11:02,2026-04-29,336.1,336.1,336.1,336.1,554
API,1min,1777439954,2026-04-29 11:04,2026-04-29,336.1,336.1,336,336,1000
API,1min,1777440051,2026-04-29 11:05,2026-04-29,336,336.1,336,336.1,750
API,1min,1777440213,2026-04-29 11:08,2026-04-29,336.1,339,336.1,339,55
API,1min,1777440402,2026-04-29 11:11,2026-04-29,339,340,339,340,1605
API,1min,1777440469,2026-04-29 11:12,2026-04-29,340,340,340,340,8395
API,1min,1777440598,2026-04-29 11:14,2026-04-29,340,340,339.8,339.8,10
API,1min,1777440639,2026-04-29 11:15,2026-04-29,339.8,339.8,338.9,338.9,76
API,1min,1777440703,2026-04-29 11:16,2026-04-29,338.9,338.9,338.2,338.2,364
API,1min,1777440827,2026-04-29 11:18,2026-04-29,338.2,340,338.2,340,1300
API,1min,1777440871,2026-04-29 11:19,2026-04-29,340,340,340,340,979
API,1min,1777440920,2026-04-29 11:20,2026-04-29,340,340.5,340,340.5,21
API,1min,1777440971,2026-04-29 11:21,2026-04-29,340.5,340.5,339,339,350
API,1min,1777441068,2026-04-29 11:22,2026-04-29,339,339,339,339,274
API,1min,1777441139,2026-04-29 11:23,2026-04-29,339,340,339,340,200
API,1min,1777441359,2026-04-29 11:27,2026-04-29,340,340,339,339,715
API,1min,1777441477,2026-04-29 11:29,2026-04-29,339,340,339,340,386
API,1min,1777441524,2026-04-29 11:30,2026-04-29,340,340,340,340,280
API,1min,1777441564,2026-04-29 11:31,2026-04-29,340,340,339,339,1000
API,1min,1777441829,2026-04-29 11:35,2026-04-29,339,339.1,339,339.1,30
API,1min,1777441868,2026-04-29 11:36,2026-04-29,339.1,339.1,339,339,50
API,1min,1777442039,2026-04-29 11:38,2026-04-29,339,339,338.9,338.9,827
API,1min,1777442088,2026-04-29 11:39,2026-04-29,338.9,340,338.9,340,30
API,1min,1777442279,2026-04-29 11:42,2026-04-29,340,340,339,339,1900
API,1min,1777442389,2026-04-29 11:44,2026-04-29,339,339,338.3,338.3,1398
API,1min,1777442451,2026-04-29 11:45,2026-04-29,338.3,339,338.3,339,1840
API,1min,1777442571,2026-04-29 11:47,2026-04-29,339,339,338,338,4000
API,1min,1777442630,2026-04-29 11:48,2026-04-29,338,338.8,338,338.8,710
API,1min,1777442649,2026-04-29 11:49,2026-04-29,338.8,338.8,338,338,15
API,1min,1777442754,2026-04-29 11:50,2026-04-29,338,338,336.5,336.5,3276
API,1min,1777443146,2026-04-29 11:57,2026-04-29,336.5,337,336.5,337,1226
API,1min,1777443215,2026-04-29 11:58,2026-04-29,337,337,336.5,336.5,2000
API,1min,1777443283,2026-04-29 11:59,2026-04-29,336.5,337,336.5,337,567
API,1min,1777443325,2026-04-29 12:00,2026-04-29,337,338,337,337,1024
API,1min,1777443363,2026-04-29 12:01,2026-04-29,337,338,337,338,120
API,1min,1777443595,2026-04-29 12:04,2026-04-29,338,338,337.1,337.1,315
API,1min,1777443643,2026-04-29 12:05,2026-04-29,337.1,337.1,337.1,337.1,100
API,1min,1777443664,2026-04-29 12:06,2026-04-29,337.1,337.1,337,337,350
API,1min,1777443744,2026-04-29 12:07,2026-04-29,337,337,336.4,336.4,1000
API,1min,1777443817,2026-04-29 12:08,2026-04-29,336.4,337,336.4,337,10
API,1min,1777443906,2026-04-29 12:10,2026-04-29,337,337,337,337,530
API,1min,1777443995,2026-04-29 12:11,2026-04-29,337,337,337,337,370
API,1min,1777444039,2026-04-29 12:12,2026-04-29,337,337,336.4,336.4,14
API,1min,1777444184,2026-04-29 12:14,2026-04-29,336.4,337,336.4,337,250
API,1min,1777444240,2026-04-29 12:15,2026-04-29,337,337,336.5,336.5,310
API,1min,1777444297,2026-04-29 12:16,2026-04-29,336.5,336.5,336.5,336.5,300
API,1min,1777444401,2026-04-29 12:18,2026-04-29,336.5,336.5,336.5,336.5,100
API,1min,1777444472,2026-04-29 12:19,2026-04-29,336.5,337,336.5,337,100
API,1min,1777444550,2026-04-29 12:20,2026-04-29,337,337,337,337,2240
API,1min,1777444615,2026-04-29 12:21,2026-04-29,337,337.1,337,337.1,589
API,1min,1777444675,2026-04-29 12:22,2026-04-29,337.1,337.1,337,337,1600
API,1min,1777444842,2026-04-29 12:25,2026-04-29,337,337.8,337,337.8,225
API,1min,1777444914,2026-04-29 12:26,2026-04-29,337.8,338,337.5,338,510
API,1min,1777444972,2026-04-29 12:27,2026-04-29,338,338.5,338,338.5,537
API,1min,1777445080,2026-04-29 12:29,2026-04-29,338.5,338.5,338.5,338.5,30
API,1min,1777445140,2026-04-29 12:30,2026-04-29,338.5,338.5,338.5,338.5,14
API,1min,1777445272,2026-04-29 12:32,2026-04-29,338.5,338.5,338,338,900
API,1min,1777445305,2026-04-29 12:33,2026-04-29,338,338.5,338,338.5,35
API,1min,1777445349,2026-04-29 12:34,2026-04-29,338.5,338.5,338.5,338.5,10
API,1min,1777445451,2026-04-29 12:35,2026-04-29,338.5,339,338.5,339,5039
API,1min,1777445495,2026-04-29 12:36,2026-04-29,339,340,339,340,10000
API,1min,1777445635,2026-04-29 12:38,2026-04-29,340,340,338.1,339,3010
API,1min,1777445733,2026-04-29 12:40,2026-04-29,339,339,337.6,337.6,2775
API,1min,1777445902,2026-04-29 12:43,2026-04-29,337.6,337.8,337.6,337.8,1487
API,1min,1777445952,2026-04-29 12:44,2026-04-29,337.8,338,337.8,338,513
API,1min,1777446117,2026-04-29 12:46,2026-04-29,338,338,338,338,100
API,1min,1777446166,2026-04-29 12:47,2026-04-29,338,338,338,338,30
API,1min,1777446617,2026-04-29 12:55,2026-04-29,338,338,337.5,337.5,100
API,1min,1777446702,2026-04-29 12:56,2026-04-29,337.5,337.5,337.4,337.4,68
API,1min,1777446918,2026-04-29 13:00,2026-04-29,337.4,337.5,337.4,337.5,0
API,1min,1777446995,2026-04-29 13:01,2026-04-29,337.5,337.5,337.5,337.5,21
API,1min,1777447099,2026-04-29 13:03,2026-04-29,337.5,337.5,337.5,337.5,32
API,1min,1777447148,2026-04-29 13:04,2026-04-29,337.5,337.5,337.3,337.3,5000
API,1min,1777447209,2026-04-29 13:05,2026-04-29,337.3,337.5,337.3,337.5,0
API,1min,1777447285,2026-04-29 13:06,2026-04-29,337.5,337.5,337.3,337.3,3010
API,1min,1777447351,2026-04-29 13:07,2026-04-29,337.3,337.5,337.3,337.5,150
API,1min,1777447487,2026-04-29 13:09,2026-04-29,337.5,337.5,337.3,337.3,10
API,1min,1777447544,2026-04-29 13:10,2026-04-29,337.3,337.9,337.3,337.9,100
API,1min,1777447622,2026-04-29 13:12,2026-04-29,337.9,337.9,337.2,337.2,0
API,1min,1777447739,2026-04-29 13:13,2026-04-29,337.2,337.3,337.1,337.1,2800
API,1min,1777447808,2026-04-29 13:15,2026-04-29,337.1,337.2,337.1,337.2,161
API,1min,1777447919,2026-04-29 13:16,2026-04-29,337.2,337.2,337,337.2,5500
API,1min,1777448055,2026-04-29 13:19,2026-04-29,337.2,337.9,337.2,337.9,15
API,1min,1777448120,2026-04-29 13:20,2026-04-29,337.9,337.9,337.2,337.2,156
API,1min,1777448217,2026-04-29 13:21,2026-04-29,337.2,337.2,337.2,337.2,300
API,1min,1777448359,2026-04-29 13:24,2026-04-29,337.2,337.2,337,337,3000
API,1min,1777448497,2026-04-29 13:26,2026-04-29,337,337.9,337,337,305
API,1min,1777448631,2026-04-29 13:28,2026-04-29,337,337,337,337,500
API,1min,1777448683,2026-04-29 13:29,2026-04-29,337,337,337,337,210
API,1min,1777448776,2026-04-29 13:31,2026-04-29,337,337,337,337,300
API,1min,1777448822,2026-04-29 13:32,2026-04-29,337,337,337,337,124
API,1min,1777448989,2026-04-29 13:34,2026-04-29,337,337.5,337,337.5,130
API,1min,1777449393,2026-04-29 13:41,2026-04-29,337.5,337.5,337.1,337.1,65
API,1min,1777449465,2026-04-29 13:42,2026-04-29,337.1,337.5,337.1,337.5,650
API,1min,1777449547,2026-04-29 13:44,2026-04-29,337.5,338,337.5,338,230
API,1min,1777449835,2026-04-29 13:48,2026-04-29,338,338,337.5,337.5,0
API,1min,1777449889,2026-04-29 13:49,2026-04-29,337.5,337.9,337.5,337.9,310
API,1min,1777449948,2026-04-29 13:50,2026-04-29,337.9,337.9,336.9,336.9,380
API,1min,1777449993,2026-04-29 13:51,2026-04-29,336.9,337,336.9,336.9,300
API,1min,1777450280,2026-04-29 13:56,2026-04-29,336.9,337,336.7,337,220
API,1min,1777450342,2026-04-29 13:57,2026-04-29,337,337,336.8,336.8,200
API,1min,1777450456,2026-04-29 13:59,2026-04-29,336.8,336.8,336.7,336.7,427
API,1min,1777450580,2026-04-29 14:01,2026-04-29,336.7,337.8,336.7,337.8,10
API,1min,1777450697,2026-04-29 14:03,2026-04-29,337.8,337.8,336.5,336.5,0
API,1min,1777450885,2026-04-29 14:06,2026-04-29,336.5,337,336.5,337,1072
API,1min,1777450996,2026-04-29 14:08,2026-04-29,337,337,337,337,1370
API,1min,1777451045,2026-04-29 14:09,2026-04-29,337,337.3,337,337.3,173
API,1min,1777451107,2026-04-29 14:10,2026-04-29,337.3,337.3,337.3,337.3,800
API,1min,1777451292,2026-04-29 14:13,2026-04-29,337.3,337.4,337.3,337.4,67
API,1min,1777451364,2026-04-29 14:14,2026-04-29,337.4,337.4,337,337,480
API,1min,1777451444,2026-04-29 14:15,2026-04-29,337,337,336.5,337,2440
API,1min,1777451460,2026-04-29 14:16,2026-04-29,337,337,336.5,336.5,1805
API,1min,1777451557,2026-04-29 14:17,2026-04-29,336.5,336.9,336.4,336.4,3378
API,1min,1777451756,2026-04-29 14:20,2026-04-29,336.4,336.4,336.3,336.3,0
API,1min,1777451788,2026-04-29 14:21,2026-04-29,336.3,336.3,336,336,15400
API,1min,1777451859,2026-04-29 14:22,2026-04-29,336,336.5,336,336.5,582
API,1min,1777451937,2026-04-29 14:23,2026-04-29,336.5,336.8,336,336.8,1295
API,1min,1777451974,2026-04-29 14:24,2026-04-29,336.8,336.8,336,336,1244
API,1min,1777452022,2026-04-29 14:25,2026-04-29,336,336,335.5,335.5,577
API,1min,1777452066,2026-04-29 14:26,2026-04-29,335.5,336,335.5,336,100
API,1min,1777452175,2026-04-29 14:27,2026-04-29,336,336,335.6,335.6,10
API,1min,1777452233,2026-04-29 14:28,2026-04-29,335.6,335.6,335.1,335.1,30
API,1min,1777452254,2026-04-29 14:29,2026-04-29,335.1,335.1,335.1,335.1,5500
API,1min,1777452394,2026-04-29 14:31,2026-04-29,335.1,335.1,335.1,335.1,0
API,1min,1777452471,2026-04-29 14:32,2026-04-29,335.1,335.1,335,335,2180
API,1min,1777452657,2026-04-29 14:35,2026-04-29,335,335.4,335,335.4,10
API,1min,1777452709,2026-04-29 14:36,2026-04-29,335.4,335.4,335,335,0
API,1min,1777452750,2026-04-29 14:37,2026-04-29,335,335,335,335,11612
API,1min,1777452803,2026-04-29 14:38,2026-04-29,335,335.4,334.5,335.4,2010
API,1min,1777452941,2026-04-29 14:40,2026-04-29,335.4,335.4,335,335,0
API,1min,1777453009,2026-04-29 14:41,2026-04-29,335,335,335,335,1645
API,1min,1777453058,2026-04-29 14:42,2026-04-29,335,335.1,335,335.1,20
API,1min,1777453126,2026-04-29 14:43,2026-04-29,335.1,335.1,335,335,1138
API,1min,1777453153,2026-04-29 14:44,2026-04-29,335,335,334.1,334.1,5000
API,1min,1777453257,2026-04-29 14:45,2026-04-29,334.1,334.7,334,334.7,3510
API,1min,1777453290,2026-04-29 14:46,2026-04-29,334.7,334.7,334.1,334.1,7161
API,1min,1777453362,2026-04-29 14:47,2026-04-29,334.1,334.1,334,334,8946
API,1min,1777453421,2026-04-29 14:48,2026-04-29,334,334,334,334,1544
API,1min,1777453469,2026-04-29 14:49,2026-04-29,334,334,334,334,1181
API,1min,1777453517,2026-04-29 14:50,2026-04-29,334,334,334,334,1523
API,1min,1777453677,2026-04-29 14:52,2026-04-29,334,334.9,334,334.9,500
API,1min,1777453716,2026-04-29 14:53,2026-04-29,334.9,334.9,334.9,334.9,330
API,1min,1777453790,2026-04-29 14:54,2026-04-29,334.9,334.9,334.2,334.2,500
API,1min,1777453846,2026-04-29 14:55,2026-04-29,334.2,334.2,334.1,334.1,360
API,1min,1777453910,2026-04-29 14:56,2026-04-29,334.1,334.2,334.1,334.2,1120
API,1min,1777453969,2026-04-29 14:57,2026-04-29,334.2,334.8,334.2,334.2,860
API,1min,1777454029,2026-04-29 14:58,2026-04-29,334.2,335,334.2,335,8762
API,1min,1777454099,2026-04-29 14:59,2026-04-29,335,335.9,334.3,335.9,5588
