[RUN] RHPL 2023-01-01
{
  "symbol": "RHPL",
  "run_date": "2023-01-01",
  "raw_path": "C:\\Users\\ishwor\\Music\\own-organize\\own-market\\market-gist\\broker_flow_ledger\\raw_merolagani\\RHPL\\2023-01-01.json",
  "ledger_path": "C:\\Users\\ishwor\\Music\\own-organize\\own-market\\market-gist\\broker_flow_ledger\\RHPL\\2023-01-01.json",
  "market_day_context": {
    "run_date": "2023-01-01",
    "weekday_name": "Sunday",
    "is_nepal_trading_weekday": true,
    "holiday_validation_status": "weekday_only_unverified",
    "is_official_holiday": null,
    "holiday_title": null,
    "holiday_source": "https://www.nepalstock.com/api/nots/holiday/list?year=2023",
    "official_holiday_fetch_error": "http_401",
    "override_status": "missing",
    "expected_market_session": true
  },
  "total_pages": 1,
  "total_records": 326,
  "row_count_collected": 326,
  "ledger_written": true,
  "ledger_skipped_reason": null
}
[RUN] RHPL 2023-01-02
{
  "symbol": "RHPL",
  "run_date": "2023-01-02",
  "raw_path": "C:\\Users\\ishwor\\Music\\own-organize\\own-market\\market-gist\\broker_flow_ledger\\raw_merolagani\\RHPL\\2023-01-02.json",
  "ledger_path": "C:\\Users\\ishwor\\Music\\own-organize\\own-market\\market-gist\\broker_flow_ledger\\RHPL\\2023-01-02.json",
  "market_day_context": {
    "run_date": "2023-01-02",
    "weekday_name": "Monday",
    "is_nepal_trading_weekday": true,
    "holiday_validation_status": "weekday_only_unverified",
    "is_official_holiday": null,
    "holiday_title": null,
    "holiday_source": "https://www.nepalstock.com/api/nots/holiday/list?year=2023",
    "official_holiday_fetch_error": "http_401",
    "override_status": "missing",
    "expected_market_session": true
  },
  "total_pages": 1,
  "total_records": 173,
  "row_count_collected": 173,
  "ledger_written": true,
  "ledger_skipped_reason": null
}
[RUN] RHPL 2023-01-03
{
  "symbol": "RHPL",
  "run_date": "2023-01-03",
  "raw_path": "C:\\Users\\ishwor\\Music\\own-organize\\own-market\\market-gist\\broker_flow_ledger\\raw_merolagani\\RHPL\\2023-01-03.json",
  "ledger_path": "C:\\Users\\ishwor\\Music\\own-organize\\own-market\\market-gist\\broker_flow_ledger\\RHPL\\2023-01-03.json",
  "market_day_context": {
    "run_date": "2023-01-03",
    "weekday_name": "Tuesday",
    "is_nepal_trading_weekday": true,
    "holiday_validation_status": "weekday_only_unverified",
    "is_official_holiday": null,
    "holiday_title": null,
    "holiday_source": "https://www.nepalstock.com/api/nots/holiday/list?year=2023",
    "official_holiday_fetch_error": "http_401",
    "override_status": "missing",
    "expected_market_session": true
  },
  "total_pages": 1,
  "total_records": 206,
  "row_count_collected": 206,
  "ledger_written": true,
  "ledger_skipped_reason": null
}
[RUN] RHPL 2023-01-04
{
  "symbol": "RHPL",
  "run_date": "2023-01-04",
  "raw_path": "C:\\Users\\ishwor\\Music\\own-organize\\own-market\\market-gist\\broker_flow_ledger\\raw_merolagani\\RHPL\\2023-01-04.json",
  "ledger_path": "C:\\Users\\ishwor\\Music\\own-organize\\own-market\\market-gist\\broker_flow_ledger\\RHPL\\2023-01-04.json",
  "market_day_context": {
    "run_date": "2023-01-04",
    "weekday_name": "Wednesday",
    "is_nepal_trading_weekday": true,
    "holiday_validation_status": "weekday_only_unverified",
    "is_official_holiday": null,
    "holiday_title": null,
    "holiday_source": "https://www.nepalstock.com/api/nots/holiday/list?year=2023",
    "official_holiday_fetch_error": "http_401",
    "override_status": "missing",
    "expected_market_session": true
  },
  "total_pages": 1,
  "total_records": 225,
  "row_count_collected": 225,
  "ledger_written": true,
  "ledger_skipped_reason": null
}
[RUN] RHPL 2023-01-05
{
  "symbol": "RHPL",
  "run_date": "2023-01-05",
  "raw_path": "C:\\Users\\ishwor\\Music\\own-organize\\own-market\\market-gist\\broker_flow_ledger\\raw_merolagani\\RHPL\\2023-01-05.json",
  "ledger_path": "C:\\Users\\ishwor\\Music\\own-organize\\own-market\\market-gist\\broker_flow_ledger\\RHPL\\2023-01-05.json",
  "market_day_context": {
    "run_date": "2023-01-05",
    "weekday_name": "Thursday",
    "is_nepal_trading_weekday": true,
    "holiday_validation_status": "weekday_only_unverified",
    "is_official_holiday": null,
    "holiday_title": null,
    "holiday_source": "https://www.nepalstock.com/api/nots/holiday/list?year=2023",
    "official_holiday_fetch_error": "http_401",
    "override_status": "missing",
    "expected_market_session": true
  },
  "total_pages": 1,
  "total_records": 224,
  "row_count_collected": 224,
  "ledger_written": true,
  "ledger_skipped_reason": null
}
[RUN] RHPL 2023-01-08
{
  "symbol": "RHPL",
  "run_date": "2023-01-08",
  "raw_path": "C:\\Users\\ishwor\\Music\\own-organize\\own-market\\market-gist\\broker_flow_ledger\\raw_merolagani\\RHPL\\2023-01-08.json",
  "ledger_path": "C:\\Users\\ishwor\\Music\\own-organize\\own-market\\market-gist\\broker_flow_ledger\\RHPL\\2023-01-08.json",
  "market_day_context": {
    "run_date": "2023-01-08",
    "weekday_name": "Sunday",
    "is_nepal_trading_weekday": true,
    "holiday_validation_status": "weekday_only_unverified",
    "is_official_holiday": null,
    "holiday_title": null,
    "holiday_source": "https://www.nepalstock.com/api/nots/holiday/list?year=2023",
    "official_holiday_fetch_error": "http_401",
    "override_status": "missing",
    "expected_market_session": true
  },
  "total_pages": 1,
  "total_records": 321,
  "row_count_collected": 321,
  "ledger_written": true,
  "ledger_skipped_reason": null
}
[RUN] RHPL 2023-01-09
{
  "symbol": "RHPL",
  "run_date": "2023-01-09",
  "raw_path": "C:\\Users\\ishwor\\Music\\own-organize\\own-market\\market-gist\\broker_flow_ledger\\raw_merolagani\\RHPL\\2023-01-09.json",
  "ledger_path": "C:\\Users\\ishwor\\Music\\own-organize\\own-market\\market-gist\\broker_flow_ledger\\RHPL\\2023-01-09.json",
  "market_day_context": {
    "run_date": "2023-01-09",
    "weekday_name": "Monday",
    "is_nepal_trading_weekday": true,
    "holiday_validation_status": "weekday_only_unverified",
    "is_official_holiday": null,
    "holiday_title": null,
    "holiday_source": "https://www.nepalstock.com/api/nots/holiday/list?year=2023",
    "official_holiday_fetch_error": "http_401",
    "override_status": "missing",
    "expected_market_session": true
  },
  "total_pages": 1,
  "total_records": 430,
  "row_count_collected": 430,
  "ledger_written": true,
  "ledger_skipped_reason": null
}
[RUN] RHPL 2023-01-10
{
  "symbol": "RHPL",
  "run_date": "2023-01-10",
  "raw_path": "C:\\Users\\ishwor\\Music\\own-organize\\own-market\\market-gist\\broker_flow_ledger\\raw_merolagani\\RHPL\\2023-01-10.json",
  "ledger_path": "C:\\Users\\ishwor\\Music\\own-organize\\own-market\\market-gist\\broker_flow_ledger\\RHPL\\2023-01-10.json",
  "market_day_context": {
    "run_date": "2023-01-10",
    "weekday_name": "Tuesday",
    "is_nepal_trading_weekday": true,
    "holiday_validation_status": "weekday_only_unverified",
    "is_official_holiday": null,
    "holiday_title": null,
    "holiday_source": "https://www.nepalstock.com/api/nots/holiday/list?year=2023",
    "official_holiday_fetch_error": "http_401",
    "override_status": "missing",
    "expected_market_session": true
  },
  "total_pages": 1,
  "total_records": 455,
  "row_count_collected": 455,
  "ledger_written": true,
  "ledger_skipped_reason": null
}
[RUN] RHPL 2023-01-11
{
  "symbol": "RHPL",
  "run_date": "2023-01-11",
  "raw_path": "C:\\Users\\ishwor\\Music\\own-organize\\own-market\\market-gist\\broker_flow_ledger\\raw_merolagani\\RHPL\\2023-01-11.json",
  "ledger_path": "C:\\Users\\ishwor\\Music\\own-organize\\own-market\\market-gist\\broker_flow_ledger\\RHPL\\2023-01-11.json",
  "market_day_context": {
    "run_date": "2023-01-11",
    "weekday_name": "Wednesday",
    "is_nepal_trading_weekday": true,
    "holiday_validation_status": "weekday_only_unverified",
    "is_official_holiday": null,
    "holiday_title": null,
    "holiday_source": "https://www.nepalstock.com/api/nots/holiday/list?year=2023",
    "official_holiday_fetch_error": "http_401",
    "override_status": "missing",
    "expected_market_session": true
  },
  "total_pages": 0,
  "total_records": null,
  "row_count_collected": 0,
  "ledger_written": false,
  "ledger_skipped_reason": "empty_weekday_unverified"
}
[RUN] RHPL 2023-01-12
{
  "symbol": "RHPL",
  "run_date": "2023-01-12",
  "raw_path": "C:\\Users\\ishwor\\Music\\own-organize\\own-market\\market-gist\\broker_flow_ledger\\raw_merolagani\\RHPL\\2023-01-12.json",
  "ledger_path": "C:\\Users\\ishwor\\Music\\own-organize\\own-market\\market-gist\\broker_flow_ledger\\RHPL\\2023-01-12.json",
  "market_day_context": {
    "run_date": "2023-01-12",
    "weekday_name": "Thursday",
    "is_nepal_trading_weekday": true,
    "holiday_validation_status": "weekday_only_unverified",
    "is_official_holiday": null,
    "holiday_title": null,
    "holiday_source": "https://www.nepalstock.com/api/nots/holiday/list?year=2023",
    "official_holiday_fetch_error": "http_401",
    "override_status": "missing",
    "expected_market_session": true
  },
  "total_pages": 1,
  "total_records": 339,
  "row_count_collected": 339,
  "ledger_written": true,
  "ledger_skipped_reason": null
}
[RUN] RHPL 2023-01-15
{
  "symbol": "RHPL",
  "run_date": "2023-01-15",
  "raw_path": "C:\\Users\\ishwor\\Music\\own-organize\\own-market\\market-gist\\broker_flow_ledger\\raw_merolagani\\RHPL\\2023-01-15.json",
  "ledger_path": "C:\\Users\\ishwor\\Music\\own-organize\\own-market\\market-gist\\broker_flow_ledger\\RHPL\\2023-01-15.json",
  "market_day_context": {
    "run_date": "2023-01-15",
    "weekday_name": "Sunday",
    "is_nepal_trading_weekday": true,
    "holiday_validation_status": "weekday_only_unverified",
    "is_official_holiday": null,
    "holiday_title": null,
    "holiday_source": "https://www.nepalstock.com/api/nots/holiday/list?year=2023",
    "official_holiday_fetch_error": "http_401",
    "override_status": "missing",
    "expected_market_session": true
  },
  "total_pages": 0,
  "total_records": null,
  "row_count_collected": 0,
  "ledger_written": false,
  "ledger_skipped_reason": "empty_weekday_unverified"
}
[RUN] RHPL 2023-01-16
{
  "symbol": "RHPL",
  "run_date": "2023-01-16",
  "raw_path": "C:\\Users\\ishwor\\Music\\own-organize\\own-market\\market-gist\\broker_flow_ledger\\raw_merolagani\\RHPL\\2023-01-16.json",
  "ledger_path": "C:\\Users\\ishwor\\Music\\own-organize\\own-market\\market-gist\\broker_flow_ledger\\RHPL\\2023-01-16.json",
  "market_day_context": {
    "run_date": "2023-01-16",
    "weekday_name": "Monday",
    "is_nepal_trading_weekday": true,
    "holiday_validation_status": "weekday_only_unverified",
    "is_official_holiday": null,
    "holiday_title": null,
    "holiday_source": "https://www.nepalstock.com/api/nots/holiday/list?year=2023",
    "official_holiday_fetch_error": "http_401",
    "override_status": "missing",
    "expected_market_session": true
  },
  "total_pages": 0,
  "total_records": null,
  "row_count_collected": 0,
  "ledger_written": false,
  "ledger_skipped_reason": "empty_weekday_unverified"
}
[RUN] RHPL 2023-01-17
{
  "symbol": "RHPL",
  "run_date": "2023-01-17",
  "raw_path": "C:\\Users\\ishwor\\Music\\own-organize\\own-market\\market-gist\\broker_flow_ledger\\raw_merolagani\\RHPL\\2023-01-17.json",
  "ledger_path": "C:\\Users\\ishwor\\Music\\own-organize\\own-market\\market-gist\\broker_flow_ledger\\RHPL\\2023-01-17.json",
  "market_day_context": {
    "run_date": "2023-01-17",
    "weekday_name": "Tuesday",
    "is_nepal_trading_weekday": true,
    "holiday_validation_status": "weekday_only_unverified",
    "is_official_holiday": null,
    "holiday_title": null,
    "holiday_source": "https://www.nepalstock.com/api/nots/holiday/list?year=2023",
    "official_holiday_fetch_error": "http_401",
    "override_status": "missing",
    "expected_market_session": true
  },
  "total_pages": 1,
  "total_records": 478,
  "row_count_collected": 478,
  "ledger_written": true,
  "ledger_skipped_reason": null
}
[RUN] RHPL 2023-01-18
{
  "symbol": "RHPL",
  "run_date": "2023-01-18",
  "raw_path": "C:\\Users\\ishwor\\Music\\own-organize\\own-market\\market-gist\\broker_flow_ledger\\raw_merolagani\\RHPL\\2023-01-18.json",
  "ledger_path": "C:\\Users\\ishwor\\Music\\own-organize\\own-market\\market-gist\\broker_flow_ledger\\RHPL\\2023-01-18.json",
  "market_day_context": {
    "run_date": "2023-01-18",
    "weekday_name": "Wednesday",
    "is_nepal_trading_weekday": true,
    "holiday_validation_status": "weekday_only_unverified",
    "is_official_holiday": null,
    "holiday_title": null,
    "holiday_source": "https://www.nepalstock.com/api/nots/holiday/list?year=2023",
    "official_holiday_fetch_error": "http_401",
    "override_status": "missing",
    "expected_market_session": true
  },
  "total_pages": 1,
  "total_records": 494,
  "row_count_collected": 494,
  "ledger_written": true,
  "ledger_skipped_reason": null
}
[RUN] RHPL 2023-01-19
{
  "symbol": "RHPL",
  "run_date": "2023-01-19",
  "raw_path": "C:\\Users\\ishwor\\Music\\own-organize\\own-market\\market-gist\\broker_flow_ledger\\raw_merolagani\\RHPL\\2023-01-19.json",
  "ledger_path": "C:\\Users\\ishwor\\Music\\own-organize\\own-market\\market-gist\\broker_flow_ledger\\RHPL\\2023-01-19.json",
  "market_day_context": {
    "run_date": "2023-01-19",
    "weekday_name": "Thursday",
    "is_nepal_trading_weekday": true,
    "holiday_validation_status": "weekday_only_unverified",
    "is_official_holiday": null,
    "holiday_title": null,
    "holiday_source": "https://www.nepalstock.com/api/nots/holiday/list?year=2023",
    "official_holiday_fetch_error": "http_401",
    "override_status": "missing",
    "expected_market_session": true
  },
  "total_pages": 1,
  "total_records": 313,
  "row_count_collected": 313,
  "ledger_written": true,
  "ledger_skipped_reason": null
}
[RUN] RHPL 2023-01-22
{
  "symbol": "RHPL",
  "run_date": "2023-01-22",
  "raw_path": "C:\\Users\\ishwor\\Music\\own-organize\\own-market\\market-gist\\broker_flow_ledger\\raw_merolagani\\RHPL\\2023-01-22.json",
  "ledger_path": "C:\\Users\\ishwor\\Music\\own-organize\\own-market\\market-gist\\broker_flow_ledger\\RHPL\\2023-01-22.json",
  "market_day_context": {
    "run_date": "2023-01-22",
    "weekday_name": "Sunday",
    "is_nepal_trading_weekday": true,
    "holiday_validation_status": "weekday_only_unverified",
    "is_official_holiday": null,
    "holiday_title": null,
    "holiday_source": "https://www.nepalstock.com/api/nots/holiday/list?year=2023",
    "official_holiday_fetch_error": "http_401",
    "override_status": "missing",
    "expected_market_session": true
  },
  "total_pages": 0,
  "total_records": null,
  "row_count_collected": 0,
  "ledger_written": false,
  "ledger_skipped_reason": "empty_weekday_unverified"
}
[RUN] RHPL 2023-01-23
{
  "symbol": "RHPL",
  "run_date": "2023-01-23",
  "raw_path": "C:\\Users\\ishwor\\Music\\own-organize\\own-market\\market-gist\\broker_flow_ledger\\raw_merolagani\\RHPL\\2023-01-23.json",
  "ledger_path": "C:\\Users\\ishwor\\Music\\own-organize\\own-market\\market-gist\\broker_flow_ledger\\RHPL\\2023-01-23.json",
  "market_day_context": {
    "run_date": "2023-01-23",
    "weekday_name": "Monday",
    "is_nepal_trading_weekday": true,
    "holiday_validation_status": "weekday_only_unverified",
    "is_official_holiday": null,
    "holiday_title": null,
    "holiday_source": "https://www.nepalstock.com/api/nots/holiday/list?year=2023",
    "official_holiday_fetch_error": "http_401",
    "override_status": "missing",
    "expected_market_session": true
  },
  "total_pages": 1,
  "total_records": 329,
  "row_count_collected": 329,
  "ledger_written": true,
  "ledger_skipped_reason": null
}
[RUN] RHPL 2023-01-24
{
  "symbol": "RHPL",
  "run_date": "2023-01-24",
  "raw_path": "C:\\Users\\ishwor\\Music\\own-organize\\own-market\\market-gist\\broker_flow_ledger\\raw_merolagani\\RHPL\\2023-01-24.json",
  "ledger_path": "C:\\Users\\ishwor\\Music\\own-organize\\own-market\\market-gist\\broker_flow_ledger\\RHPL\\2023-01-24.json",
  "market_day_context": {
    "run_date": "2023-01-24",
    "weekday_name": "Tuesday",
    "is_nepal_trading_weekday": true,
    "holiday_validation_status": "weekday_only_unverified",
    "is_official_holiday": null,
    "holiday_title": null,
    "holiday_source": "https://www.nepalstock.com/api/nots/holiday/list?year=2023",
    "official_holiday_fetch_error": "http_401",
    "override_status": "missing",
    "expected_market_session": true
  },
  "total_pages": 1,
  "total_records": 237,
  "row_count_collected": 237,
  "ledger_written": true,
  "ledger_skipped_reason": null
}
[RUN] RHPL 2023-01-25
{
  "symbol": "RHPL",
  "run_date": "2023-01-25",
  "raw_path": "C:\\Users\\ishwor\\Music\\own-organize\\own-market\\market-gist\\broker_flow_ledger\\raw_merolagani\\RHPL\\2023-01-25.json",
  "ledger_path": "C:\\Users\\ishwor\\Music\\own-organize\\own-market\\market-gist\\broker_flow_ledger\\RHPL\\2023-01-25.json",
  "market_day_context": {
    "run_date": "2023-01-25",
    "weekday_name": "Wednesday",
    "is_nepal_trading_weekday": true,
    "holiday_validation_status": "weekday_only_unverified",
    "is_official_holiday": null,
    "holiday_title": null,
    "holiday_source": "https://www.nepalstock.com/api/nots/holiday/list?year=2023",
    "official_holiday_fetch_error": "http_401",
    "override_status": "missing",
    "expected_market_session": true
  },
  "total_pages": 1,
  "total_records": 266,
  "row_count_collected": 266,
  "ledger_written": true,
  "ledger_skipped_reason": null
}
[RUN] RHPL 2023-01-26
{
  "symbol": "RHPL",
  "run_date": "2023-01-26",
  "raw_path": "C:\\Users\\ishwor\\Music\\own-organize\\own-market\\market-gist\\broker_flow_ledger\\raw_merolagani\\RHPL\\2023-01-26.json",
  "ledger_path": "C:\\Users\\ishwor\\Music\\own-organize\\own-market\\market-gist\\broker_flow_ledger\\RHPL\\2023-01-26.json",
  "market_day_context": {
    "run_date": "2023-01-26",
    "weekday_name": "Thursday",
    "is_nepal_trading_weekday": true,
    "holiday_validation_status": "weekday_only_unverified",
    "is_official_holiday": null,
    "holiday_title": null,
    "holiday_source": "https://www.nepalstock.com/api/nots/holiday/list?year=2023",
    "official_holiday_fetch_error": "http_401",
    "override_status": "missing",
    "expected_market_session": true
  },
  "total_pages": 1,
  "total_records": 473,
  "row_count_collected": 473,
  "ledger_written": true,
  "ledger_skipped_reason": null
}
[RUN] RHPL 2023-01-29
{
  "symbol": "RHPL",
  "run_date": "2023-01-29",
  "raw_path": "C:\\Users\\ishwor\\Music\\own-organize\\own-market\\market-gist\\broker_flow_ledger\\raw_merolagani\\RHPL\\2023-01-29.json",
  "ledger_path": "C:\\Users\\ishwor\\Music\\own-organize\\own-market\\market-gist\\broker_flow_ledger\\RHPL\\2023-01-29.json",
  "market_day_context": {
    "run_date": "2023-01-29",
    "weekday_name": "Sunday",
    "is_nepal_trading_weekday": true,
    "holiday_validation_status": "weekday_only_unverified",
    "is_official_holiday": null,
    "holiday_title": null,
    "holiday_source": "https://www.nepalstock.com/api/nots/holiday/list?year=2023",
    "official_holiday_fetch_error": "http_401",
    "override_status": "missing",
    "expected_market_session": true
  },
  "total_pages": 1,
  "total_records": 368,
  "row_count_collected": 368,
  "ledger_written": true,
  "ledger_skipped_reason": null
}
[RUN] RHPL 2023-01-30
{
  "symbol": "RHPL",
  "run_date": "2023-01-30",
  "raw_path": "C:\\Users\\ishwor\\Music\\own-organize\\own-market\\market-gist\\broker_flow_ledger\\raw_merolagani\\RHPL\\2023-01-30.json",
  "ledger_path": "C:\\Users\\ishwor\\Music\\own-organize\\own-market\\market-gist\\broker_flow_ledger\\RHPL\\2023-01-30.json",
  "market_day_context": {
    "run_date": "2023-01-30",
    "weekday_name": "Monday",
    "is_nepal_trading_weekday": true,
    "holiday_validation_status": "weekday_only_unverified",
    "is_official_holiday": null,
    "holiday_title": null,
    "holiday_source": "https://www.nepalstock.com/api/nots/holiday/list?year=2023",
    "official_holiday_fetch_error": "http_401",
    "override_status": "missing",
    "expected_market_session": true
  },
  "total_pages": 1,
  "total_records": 264,
  "row_count_collected": 264,
  "ledger_written": true,
  "ledger_skipped_reason": null
}
[RUN] RHPL 2023-01-31
{
  "symbol": "RHPL",
  "run_date": "2023-01-31",
  "raw_path": "C:\\Users\\ishwor\\Music\\own-organize\\own-market\\market-gist\\broker_flow_ledger\\raw_merolagani\\RHPL\\2023-01-31.json",
  "ledger_path": "C:\\Users\\ishwor\\Music\\own-organize\\own-market\\market-gist\\broker_flow_ledger\\RHPL\\2023-01-31.json",
  "market_day_context": {
    "run_date": "2023-01-31",
    "weekday_name": "Tuesday",
    "is_nepal_trading_weekday": true,
    "holiday_validation_status": "weekday_only_unverified",
    "is_official_holiday": null,
    "holiday_title": null,
    "holiday_source": "https://www.nepalstock.com/api/nots/holiday/list?year=2023",
    "official_holiday_fetch_error": "http_401",
    "override_status": "missing",
    "expected_market_session": true
  },
  "total_pages": 1,
  "total_records": 279,
  "row_count_collected": 279,
  "ledger_written": true,
  "ledger_skipped_reason": null
}
[RUN] RHPL 2023-02-01
{
  "symbol": "RHPL",
  "run_date": "2023-02-01",
  "raw_path": "C:\\Users\\ishwor\\Music\\own-organize\\own-market\\market-gist\\broker_flow_ledger\\raw_merolagani\\RHPL\\2023-02-01.json",
  "ledger_path": "C:\\Users\\ishwor\\Music\\own-organize\\own-market\\market-gist\\broker_flow_ledger\\RHPL\\2023-02-01.json",
  "market_day_context": {
    "run_date": "2023-02-01",
    "weekday_name": "Wednesday",
    "is_nepal_trading_weekday": true,
    "holiday_validation_status": "weekday_only_unverified",
    "is_official_holiday": null,
    "holiday_title": null,
    "holiday_source": "https://www.nepalstock.com/api/nots/holiday/list?year=2023",
    "official_holiday_fetch_error": "http_401",
    "override_status": "missing",
    "expected_market_session": true
  },
  "total_pages": 1,
  "total_records": 138,
  "row_count_collected": 138,
  "ledger_written": true,
  "ledger_skipped_reason": null
}
[RUN] RHPL 2023-02-02
{
  "symbol": "RHPL",
  "run_date": "2023-02-02",
  "raw_path": "C:\\Users\\ishwor\\Music\\own-organize\\own-market\\market-gist\\broker_flow_ledger\\raw_merolagani\\RHPL\\2023-02-02.json",
  "ledger_path": "C:\\Users\\ishwor\\Music\\own-organize\\own-market\\market-gist\\broker_flow_ledger\\RHPL\\2023-02-02.json",
  "market_day_context": {
    "run_date": "2023-02-02",
    "weekday_name": "Thursday",
    "is_nepal_trading_weekday": true,
    "holiday_validation_status": "weekday_only_unverified",
    "is_official_holiday": null,
    "holiday_title": null,
    "holiday_source": "https://www.nepalstock.com/api/nots/holiday/list?year=2023",
    "official_holiday_fetch_error": "http_401",
    "override_status": "missing",
    "expected_market_session": true
  },
  "total_pages": 1,
  "total_records": 171,
  "row_count_collected": 171,
  "ledger_written": true,
  "ledger_skipped_reason": null
}
[RUN] RHPL 2023-02-05
{
  "symbol": "RHPL",
  "run_date": "2023-02-05",
  "raw_path": "C:\\Users\\ishwor\\Music\\own-organize\\own-market\\market-gist\\broker_flow_ledger\\raw_merolagani\\RHPL\\2023-02-05.json",
  "ledger_path": "C:\\Users\\ishwor\\Music\\own-organize\\own-market\\market-gist\\broker_flow_ledger\\RHPL\\2023-02-05.json",
  "market_day_context": {
    "run_date": "2023-02-05",
    "weekday_name": "Sunday",
    "is_nepal_trading_weekday": true,
    "holiday_validation_status": "weekday_only_unverified",
    "is_official_holiday": null,
    "holiday_title": null,
    "holiday_source": "https://www.nepalstock.com/api/nots/holiday/list?year=2023",
    "official_holiday_fetch_error": "http_401",
    "override_status": "missing",
    "expected_market_session": true
  },
  "total_pages": 1,
  "total_records": 174,
  "row_count_collected": 174,
  "ledger_written": true,
  "ledger_skipped_reason": null
}
[RUN] RHPL 2023-02-06
{
  "symbol": "RHPL",
  "run_date": "2023-02-06",
  "raw_path": "C:\\Users\\ishwor\\Music\\own-organize\\own-market\\market-gist\\broker_flow_ledger\\raw_merolagani\\RHPL\\2023-02-06.json",
  "ledger_path": "C:\\Users\\ishwor\\Music\\own-organize\\own-market\\market-gist\\broker_flow_ledger\\RHPL\\2023-02-06.json",
  "market_day_context": {
    "run_date": "2023-02-06",
    "weekday_name": "Monday",
    "is_nepal_trading_weekday": true,
    "holiday_validation_status": "weekday_only_unverified",
    "is_official_holiday": null,
    "holiday_title": null,
    "holiday_source": "https://www.nepalstock.com/api/nots/holiday/list?year=2023",
    "official_holiday_fetch_error": "http_401",
    "override_status": "missing",
    "expected_market_session": true
  },
  "total_pages": 1,
  "total_records": 157,
  "row_count_collected": 157,
  "ledger_written": true,
  "ledger_skipped_reason": null
}
[RUN] RHPL 2023-02-07
{
  "symbol": "RHPL",
  "run_date": "2023-02-07",
  "raw_path": "C:\\Users\\ishwor\\Music\\own-organize\\own-market\\market-gist\\broker_flow_ledger\\raw_merolagani\\RHPL\\2023-02-07.json",
  "ledger_path": "C:\\Users\\ishwor\\Music\\own-organize\\own-market\\market-gist\\broker_flow_ledger\\RHPL\\2023-02-07.json",
  "market_day_context": {
    "run_date": "2023-02-07",
    "weekday_name": "Tuesday",
    "is_nepal_trading_weekday": true,
    "holiday_validation_status": "weekday_only_unverified",
    "is_official_holiday": null,
    "holiday_title": null,
    "holiday_source": "https://www.nepalstock.com/api/nots/holiday/list?year=2023",
    "official_holiday_fetch_error": "http_401",
    "override_status": "missing",
    "expected_market_session": true
  },
  "total_pages": 1,
  "total_records": 323,
  "row_count_collected": 323,
  "ledger_written": true,
  "ledger_skipped_reason": null
}
[RUN] RHPL 2023-02-08
{
  "symbol": "RHPL",
  "run_date": "2023-02-08",
  "raw_path": "C:\\Users\\ishwor\\Music\\own-organize\\own-market\\market-gist\\broker_flow_ledger\\raw_merolagani\\RHPL\\2023-02-08.json",
  "ledger_path": "C:\\Users\\ishwor\\Music\\own-organize\\own-market\\market-gist\\broker_flow_ledger\\RHPL\\2023-02-08.json",
  "market_day_context": {
    "run_date": "2023-02-08",
    "weekday_name": "Wednesday",
    "is_nepal_trading_weekday": true,
    "holiday_validation_status": "weekday_only_unverified",
    "is_official_holiday": null,
    "holiday_title": null,
    "holiday_source": "https://www.nepalstock.com/api/nots/holiday/list?year=2023",
    "official_holiday_fetch_error": "http_401",
    "override_status": "missing",
    "expected_market_session": true
  },
  "total_pages": 1,
  "total_records": 317,
  "row_count_collected": 317,
  "ledger_written": true,
  "ledger_skipped_reason": null
}
[RUN] RHPL 2023-02-09
{
  "symbol": "RHPL",
  "run_date": "2023-02-09",
  "raw_path": "C:\\Users\\ishwor\\Music\\own-organize\\own-market\\market-gist\\broker_flow_ledger\\raw_merolagani\\RHPL\\2023-02-09.json",
  "ledger_path": "C:\\Users\\ishwor\\Music\\own-organize\\own-market\\market-gist\\broker_flow_ledger\\RHPL\\2023-02-09.json",
  "market_day_context": {
    "run_date": "2023-02-09",
    "weekday_name": "Thursday",
    "is_nepal_trading_weekday": true,
    "holiday_validation_status": "weekday_only_unverified",
    "is_official_holiday": null,
    "holiday_title": null,
    "holiday_source": "https://www.nepalstock.com/api/nots/holiday/list?year=2023",
    "official_holiday_fetch_error": "http_401",
    "override_status": "missing",
    "expected_market_session": true
  },
  "total_pages": 1,
  "total_records": 152,
  "row_count_collected": 152,
  "ledger_written": true,
  "ledger_skipped_reason": null
}
[RUN] RHPL 2023-02-12
{
  "symbol": "RHPL",
  "run_date": "2023-02-12",
  "raw_path": "C:\\Users\\ishwor\\Music\\own-organize\\own-market\\market-gist\\broker_flow_ledger\\raw_merolagani\\RHPL\\2023-02-12.json",
  "ledger_path": "C:\\Users\\ishwor\\Music\\own-organize\\own-market\\market-gist\\broker_flow_ledger\\RHPL\\2023-02-12.json",
  "market_day_context": {
    "run_date": "2023-02-12",
    "weekday_name": "Sunday",
    "is_nepal_trading_weekday": true,
    "holiday_validation_status": "weekday_only_unverified",
    "is_official_holiday": null,
    "holiday_title": null,
    "holiday_source": "https://www.nepalstock.com/api/nots/holiday/list?year=2023",
    "official_holiday_fetch_error": "http_401",
    "override_status": "missing",
    "expected_market_session": true
  },
  "total_pages": 1,
  "total_records": 220,
  "row_count_collected": 220,
  "ledger_written": true,
  "ledger_skipped_reason": null
}
[RUN] RHPL 2023-02-13
{
  "symbol": "RHPL",
  "run_date": "2023-02-13",
  "raw_path": "C:\\Users\\ishwor\\Music\\own-organize\\own-market\\market-gist\\broker_flow_ledger\\raw_merolagani\\RHPL\\2023-02-13.json",
  "ledger_path": "C:\\Users\\ishwor\\Music\\own-organize\\own-market\\market-gist\\broker_flow_ledger\\RHPL\\2023-02-13.json",
  "market_day_context": {
    "run_date": "2023-02-13",
    "weekday_name": "Monday",
    "is_nepal_trading_weekday": true,
    "holiday_validation_status": "weekday_only_unverified",
    "is_official_holiday": null,
    "holiday_title": null,
    "holiday_source": "https://www.nepalstock.com/api/nots/holiday/list?year=2023",
    "official_holiday_fetch_error": "http_401",
    "override_status": "missing",
    "expected_market_session": true
  },
  "total_pages": 0,
  "total_records": null,
  "row_count_collected": 0,
  "ledger_written": false,
  "ledger_skipped_reason": "empty_weekday_unverified"
}
[RUN] RHPL 2023-02-14
{
  "symbol": "RHPL",
  "run_date": "2023-02-14",
  "raw_path": "C:\\Users\\ishwor\\Music\\own-organize\\own-market\\market-gist\\broker_flow_ledger\\raw_merolagani\\RHPL\\2023-02-14.json",
  "ledger_path": "C:\\Users\\ishwor\\Music\\own-organize\\own-market\\market-gist\\broker_flow_ledger\\RHPL\\2023-02-14.json",
  "market_day_context": {
    "run_date": "2023-02-14",
    "weekday_name": "Tuesday",
    "is_nepal_trading_weekday": true,
    "holiday_validation_status": "weekday_only_unverified",
    "is_official_holiday": null,
    "holiday_title": null,
    "holiday_source": "https://www.nepalstock.com/api/nots/holiday/list?year=2023",
    "official_holiday_fetch_error": "http_401",
    "override_status": "missing",
    "expected_market_session": true
  },
  "total_pages": 1,
  "total_records": 193,
  "row_count_collected": 193,
  "ledger_written": true,
  "ledger_skipped_reason": null
}
[RUN] RHPL 2023-02-15
{
  "symbol": "RHPL",
  "run_date": "2023-02-15",
  "raw_path": "C:\\Users\\ishwor\\Music\\own-organize\\own-market\\market-gist\\broker_flow_ledger\\raw_merolagani\\RHPL\\2023-02-15.json",
  "ledger_path": "C:\\Users\\ishwor\\Music\\own-organize\\own-market\\market-gist\\broker_flow_ledger\\RHPL\\2023-02-15.json",
  "market_day_context": {
    "run_date": "2023-02-15",
    "weekday_name": "Wednesday",
    "is_nepal_trading_weekday": true,
    "holiday_validation_status": "weekday_only_unverified",
    "is_official_holiday": null,
    "holiday_title": null,
    "holiday_source": "https://www.nepalstock.com/api/nots/holiday/list?year=2023",
    "official_holiday_fetch_error": "http_401",
    "override_status": "missing",
    "expected_market_session": true
  },
  "total_pages": 1,
  "total_records": 222,
  "row_count_collected": 222,
  "ledger_written": true,
  "ledger_skipped_reason": null
}
[RUN] RHPL 2023-02-16
{
  "symbol": "RHPL",
  "run_date": "2023-02-16",
  "raw_path": "C:\\Users\\ishwor\\Music\\own-organize\\own-market\\market-gist\\broker_flow_ledger\\raw_merolagani\\RHPL\\2023-02-16.json",
  "ledger_path": "C:\\Users\\ishwor\\Music\\own-organize\\own-market\\market-gist\\broker_flow_ledger\\RHPL\\2023-02-16.json",
  "market_day_context": {
    "run_date": "2023-02-16",
    "weekday_name": "Thursday",
    "is_nepal_trading_weekday": true,
    "holiday_validation_status": "weekday_only_unverified",
    "is_official_holiday": null,
    "holiday_title": null,
    "holiday_source": "https://www.nepalstock.com/api/nots/holiday/list?year=2023",
    "official_holiday_fetch_error": "http_401",
    "override_status": "missing",
    "expected_market_session": true
  },
  "total_pages": 1,
  "total_records": 179,
  "row_count_collected": 179,
  "ledger_written": true,
  "ledger_skipped_reason": null
}
[RUN] RHPL 2023-02-19
{
  "symbol": "RHPL",
  "run_date": "2023-02-19",
  "raw_path": "C:\\Users\\ishwor\\Music\\own-organize\\own-market\\market-gist\\broker_flow_ledger\\raw_merolagani\\RHPL\\2023-02-19.json",
  "ledger_path": "C:\\Users\\ishwor\\Music\\own-organize\\own-market\\market-gist\\broker_flow_ledger\\RHPL\\2023-02-19.json",
  "market_day_context": {
    "run_date": "2023-02-19",
    "weekday_name": "Sunday",
    "is_nepal_trading_weekday": true,
    "holiday_validation_status": "weekday_only_unverified",
    "is_official_holiday": null,
    "holiday_title": null,
    "holiday_source": "https://www.nepalstock.com/api/nots/holiday/list?year=2023",
    "official_holiday_fetch_error": "http_401",
    "override_status": "missing",
    "expected_market_session": true
  },
  "total_pages": 0,
  "total_records": null,
  "row_count_collected": 0,
  "ledger_written": false,
  "ledger_skipped_reason": "empty_weekday_unverified"
}
[RUN] RHPL 2023-02-20
{
  "symbol": "RHPL",
  "run_date": "2023-02-20",
  "raw_path": "C:\\Users\\ishwor\\Music\\own-organize\\own-market\\market-gist\\broker_flow_ledger\\raw_merolagani\\RHPL\\2023-02-20.json",
  "ledger_path": "C:\\Users\\ishwor\\Music\\own-organize\\own-market\\market-gist\\broker_flow_ledger\\RHPL\\2023-02-20.json",
  "market_day_context": {
    "run_date": "2023-02-20",
    "weekday_name": "Monday",
    "is_nepal_trading_weekday": true,
    "holiday_validation_status": "weekday_only_unverified",
    "is_official_holiday": null,
    "holiday_title": null,
    "holiday_source": "https://www.nepalstock.com/api/nots/holiday/list?year=2023",
    "official_holiday_fetch_error": "http_401",
    "override_status": "missing",
    "expected_market_session": true
  },
  "total_pages": 1,
  "total_records": 206,
  "row_count_collected": 206,
  "ledger_written": true,
  "ledger_skipped_reason": null
}
[RUN] RHPL 2023-02-21
{
  "symbol": "RHPL",
  "run_date": "2023-02-21",
  "raw_path": "C:\\Users\\ishwor\\Music\\own-organize\\own-market\\market-gist\\broker_flow_ledger\\raw_merolagani\\RHPL\\2023-02-21.json",
  "ledger_path": "C:\\Users\\ishwor\\Music\\own-organize\\own-market\\market-gist\\broker_flow_ledger\\RHPL\\2023-02-21.json",
  "market_day_context": {
    "run_date": "2023-02-21",
    "weekday_name": "Tuesday",
    "is_nepal_trading_weekday": true,
    "holiday_validation_status": "weekday_only_unverified",
    "is_official_holiday": null,
    "holiday_title": null,
    "holiday_source": "https://www.nepalstock.com/api/nots/holiday/list?year=2023",
    "official_holiday_fetch_error": "http_401",
    "override_status": "missing",
    "expected_market_session": true
  },
  "total_pages": 0,
  "total_records": null,
  "row_count_collected": 0,
  "ledger_written": false,
  "ledger_skipped_reason": "empty_weekday_unverified"
}
[RUN] RHPL 2023-02-22
{
  "symbol": "RHPL",
  "run_date": "2023-02-22",
  "raw_path": "C:\\Users\\ishwor\\Music\\own-organize\\own-market\\market-gist\\broker_flow_ledger\\raw_merolagani\\RHPL\\2023-02-22.json",
  "ledger_path": "C:\\Users\\ishwor\\Music\\own-organize\\own-market\\market-gist\\broker_flow_ledger\\RHPL\\2023-02-22.json",
  "market_day_context": {
    "run_date": "2023-02-22",
    "weekday_name": "Wednesday",
    "is_nepal_trading_weekday": true,
    "holiday_validation_status": "weekday_only_unverified",
    "is_official_holiday": null,
    "holiday_title": null,
    "holiday_source": "https://www.nepalstock.com/api/nots/holiday/list?year=2023",
    "official_holiday_fetch_error": "http_401",
    "override_status": "missing",
    "expected_market_session": true
  },
  "total_pages": 1,
  "total_records": 181,
  "row_count_collected": 181,
  "ledger_written": true,
  "ledger_skipped_reason": null
}
[RUN] RHPL 2023-02-23
{
  "symbol": "RHPL",
  "run_date": "2023-02-23",
  "raw_path": "C:\\Users\\ishwor\\Music\\own-organize\\own-market\\market-gist\\broker_flow_ledger\\raw_merolagani\\RHPL\\2023-02-23.json",
  "ledger_path": "C:\\Users\\ishwor\\Music\\own-organize\\own-market\\market-gist\\broker_flow_ledger\\RHPL\\2023-02-23.json",
  "market_day_context": {
    "run_date": "2023-02-23",
    "weekday_name": "Thursday",
    "is_nepal_trading_weekday": true,
    "holiday_validation_status": "weekday_only_unverified",
    "is_official_holiday": null,
    "holiday_title": null,
    "holiday_source": "https://www.nepalstock.com/api/nots/holiday/list?year=2023",
    "official_holiday_fetch_error": "http_401",
    "override_status": "missing",
    "expected_market_session": true
  },
  "total_pages": 1,
  "total_records": 153,
  "row_count_collected": 153,
  "ledger_written": true,
  "ledger_skipped_reason": null
}
[RUN] RHPL 2023-02-26
{
  "symbol": "RHPL",
  "run_date": "2023-02-26",
  "raw_path": "C:\\Users\\ishwor\\Music\\own-organize\\own-market\\market-gist\\broker_flow_ledger\\raw_merolagani\\RHPL\\2023-02-26.json",
  "ledger_path": "C:\\Users\\ishwor\\Music\\own-organize\\own-market\\market-gist\\broker_flow_ledger\\RHPL\\2023-02-26.json",
  "market_day_context": {
    "run_date": "2023-02-26",
    "weekday_name": "Sunday",
    "is_nepal_trading_weekday": true,
    "holiday_validation_status": "weekday_only_unverified",
    "is_official_holiday": null,
    "holiday_title": null,
    "holiday_source": "https://www.nepalstock.com/api/nots/holiday/list?year=2023",
    "official_holiday_fetch_error": "http_401",
    "override_status": "missing",
    "expected_market_session": true
  },
  "total_pages": 1,
  "total_records": 221,
  "row_count_collected": 221,
  "ledger_written": true,
  "ledger_skipped_reason": null
}
[RUN] RHPL 2023-02-27
{
  "symbol": "RHPL",
  "run_date": "2023-02-27",
  "raw_path": "C:\\Users\\ishwor\\Music\\own-organize\\own-market\\market-gist\\broker_flow_ledger\\raw_merolagani\\RHPL\\2023-02-27.json",
  "ledger_path": "C:\\Users\\ishwor\\Music\\own-organize\\own-market\\market-gist\\broker_flow_ledger\\RHPL\\2023-02-27.json",
  "market_day_context": {
    "run_date": "2023-02-27",
    "weekday_name": "Monday",
    "is_nepal_trading_weekday": true,
    "holiday_validation_status": "weekday_only_unverified",
    "is_official_holiday": null,
    "holiday_title": null,
    "holiday_source": "https://www.nepalstock.com/api/nots/holiday/list?year=2023",
    "official_holiday_fetch_error": "http_401",
    "override_status": "missing",
    "expected_market_session": true
  },
  "total_pages": 1,
  "total_records": 176,
  "row_count_collected": 176,
  "ledger_written": true,
  "ledger_skipped_reason": null
}
[RUN] RHPL 2023-02-28
{
  "symbol": "RHPL",
  "run_date": "2023-02-28",
  "raw_path": "C:\\Users\\ishwor\\Music\\own-organize\\own-market\\market-gist\\broker_flow_ledger\\raw_merolagani\\RHPL\\2023-02-28.json",
  "ledger_path": "C:\\Users\\ishwor\\Music\\own-organize\\own-market\\market-gist\\broker_flow_ledger\\RHPL\\2023-02-28.json",
  "market_day_context": {
    "run_date": "2023-02-28",
    "weekday_name": "Tuesday",
    "is_nepal_trading_weekday": true,
    "holiday_validation_status": "weekday_only_unverified",
    "is_official_holiday": null,
    "holiday_title": null,
    "holiday_source": "https://www.nepalstock.com/api/nots/holiday/list?year=2023",
    "official_holiday_fetch_error": "http_401",
    "override_status": "missing",
    "expected_market_session": true
  },
  "total_pages": 1,
  "total_records": 193,
  "row_count_collected": 193,
  "ledger_written": true,
  "ledger_skipped_reason": null
}
[RUN] RHPL 2023-03-01
{
  "symbol": "RHPL",
  "run_date": "2023-03-01",
  "raw_path": "C:\\Users\\ishwor\\Music\\own-organize\\own-market\\market-gist\\broker_flow_ledger\\raw_merolagani\\RHPL\\2023-03-01.json",
  "ledger_path": "C:\\Users\\ishwor\\Music\\own-organize\\own-market\\market-gist\\broker_flow_ledger\\RHPL\\2023-03-01.json",
  "market_day_context": {
    "run_date": "2023-03-01",
    "weekday_name": "Wednesday",
    "is_nepal_trading_weekday": true,
    "holiday_validation_status": "weekday_only_unverified",
    "is_official_holiday": null,
    "holiday_title": null,
    "holiday_source": "https://www.nepalstock.com/api/nots/holiday/list?year=2023",
    "official_holiday_fetch_error": "http_401",
    "override_status": "missing",
    "expected_market_session": true
  },
  "total_pages": 1,
  "total_records": 109,
  "row_count_collected": 109,
  "ledger_written": true,
  "ledger_skipped_reason": null
}
[RUN] RHPL 2023-03-02
{
  "symbol": "RHPL",
  "run_date": "2023-03-02",
  "raw_path": "C:\\Users\\ishwor\\Music\\own-organize\\own-market\\market-gist\\broker_flow_ledger\\raw_merolagani\\RHPL\\2023-03-02.json",
  "ledger_path": "C:\\Users\\ishwor\\Music\\own-organize\\own-market\\market-gist\\broker_flow_ledger\\RHPL\\2023-03-02.json",
  "market_day_context": {
    "run_date": "2023-03-02",
    "weekday_name": "Thursday",
    "is_nepal_trading_weekday": true,
    "holiday_validation_status": "weekday_only_unverified",
    "is_official_holiday": null,
    "holiday_title": null,
    "holiday_source": "https://www.nepalstock.com/api/nots/holiday/list?year=2023",
    "official_holiday_fetch_error": "http_401",
    "override_status": "missing",
    "expected_market_session": true
  },
  "total_pages": 1,
  "total_records": 105,
  "row_count_collected": 105,
  "ledger_written": true,
  "ledger_skipped_reason": null
}
[RUN] RHPL 2023-03-05
{
  "symbol": "RHPL",
  "run_date": "2023-03-05",
  "raw_path": "C:\\Users\\ishwor\\Music\\own-organize\\own-market\\market-gist\\broker_flow_ledger\\raw_merolagani\\RHPL\\2023-03-05.json",
  "ledger_path": "C:\\Users\\ishwor\\Music\\own-organize\\own-market\\market-gist\\broker_flow_ledger\\RHPL\\2023-03-05.json",
  "market_day_context": {
    "run_date": "2023-03-05",
    "weekday_name": "Sunday",
    "is_nepal_trading_weekday": true,
    "holiday_validation_status": "weekday_only_unverified",
    "is_official_holiday": null,
    "holiday_title": null,
    "holiday_source": "https://www.nepalstock.com/api/nots/holiday/list?year=2023",
    "official_holiday_fetch_error": "http_401",
    "override_status": "missing",
    "expected_market_session": true
  },
  "total_pages": 1,
  "total_records": 143,
  "row_count_collected": 143,
  "ledger_written": true,
  "ledger_skipped_reason": null
}
[RUN] RHPL 2023-03-06
{
  "symbol": "RHPL",
  "run_date": "2023-03-06",
  "raw_path": "C:\\Users\\ishwor\\Music\\own-organize\\own-market\\market-gist\\broker_flow_ledger\\raw_merolagani\\RHPL\\2023-03-06.json",
  "ledger_path": "C:\\Users\\ishwor\\Music\\own-organize\\own-market\\market-gist\\broker_flow_ledger\\RHPL\\2023-03-06.json",
  "market_day_context": {
    "run_date": "2023-03-06",
    "weekday_name": "Monday",
    "is_nepal_trading_weekday": true,
    "holiday_validation_status": "weekday_only_unverified",
    "is_official_holiday": null,
    "holiday_title": null,
    "holiday_source": "https://www.nepalstock.com/api/nots/holiday/list?year=2023",
    "official_holiday_fetch_error": "http_401",
    "override_status": "missing",
    "expected_market_session": true
  },
  "total_pages": 0,
  "total_records": null,
  "row_count_collected": 0,
  "ledger_written": false,
  "ledger_skipped_reason": "empty_weekday_unverified"
}
[RUN] RHPL 2023-03-07
{
  "symbol": "RHPL",
  "run_date": "2023-03-07",
  "raw_path": "C:\\Users\\ishwor\\Music\\own-organize\\own-market\\market-gist\\broker_flow_ledger\\raw_merolagani\\RHPL\\2023-03-07.json",
  "ledger_path": "C:\\Users\\ishwor\\Music\\own-organize\\own-market\\market-gist\\broker_flow_ledger\\RHPL\\2023-03-07.json",
  "market_day_context": {
    "run_date": "2023-03-07",
    "weekday_name": "Tuesday",
    "is_nepal_trading_weekday": true,
    "holiday_validation_status": "weekday_only_unverified",
    "is_official_holiday": null,
    "holiday_title": null,
    "holiday_source": "https://www.nepalstock.com/api/nots/holiday/list?year=2023",
    "official_holiday_fetch_error": "http_401",
    "override_status": "missing",
    "expected_market_session": true
  },
  "total_pages": 1,
  "total_records": 109,
  "row_count_collected": 109,
  "ledger_written": true,
  "ledger_skipped_reason": null
}
[RUN] RHPL 2023-03-08
{
  "symbol": "RHPL",
  "run_date": "2023-03-08",
  "raw_path": "C:\\Users\\ishwor\\Music\\own-organize\\own-market\\market-gist\\broker_flow_ledger\\raw_merolagani\\RHPL\\2023-03-08.json",
  "ledger_path": "C:\\Users\\ishwor\\Music\\own-organize\\own-market\\market-gist\\broker_flow_ledger\\RHPL\\2023-03-08.json",
  "market_day_context": {
    "run_date": "2023-03-08",
    "weekday_name": "Wednesday",
    "is_nepal_trading_weekday": true,
    "holiday_validation_status": "weekday_only_unverified",
    "is_official_holiday": null,
    "holiday_title": null,
    "holiday_source": "https://www.nepalstock.com/api/nots/holiday/list?year=2023",
    "official_holiday_fetch_error": "http_401",
    "override_status": "missing",
    "expected_market_session": true
  },
  "total_pages": 0,
  "total_records": null,
  "row_count_collected": 0,
  "ledger_written": false,
  "ledger_skipped_reason": "empty_weekday_unverified"
}
[RUN] RHPL 2023-03-09
{
  "symbol": "RHPL",
  "run_date": "2023-03-09",
  "raw_path": "C:\\Users\\ishwor\\Music\\own-organize\\own-market\\market-gist\\broker_flow_ledger\\raw_merolagani\\RHPL\\2023-03-09.json",
  "ledger_path": "C:\\Users\\ishwor\\Music\\own-organize\\own-market\\market-gist\\broker_flow_ledger\\RHPL\\2023-03-09.json",
  "market_day_context": {
    "run_date": "2023-03-09",
    "weekday_name": "Thursday",
    "is_nepal_trading_weekday": true,
    "holiday_validation_status": "weekday_only_unverified",
    "is_official_holiday": null,
    "holiday_title": null,
    "holiday_source": "https://www.nepalstock.com/api/nots/holiday/list?year=2023",
    "official_holiday_fetch_error": "http_401",
    "override_status": "missing",
    "expected_market_session": true
  },
  "total_pages": 1,
  "total_records": 219,
  "row_count_collected": 219,
  "ledger_written": true,
  "ledger_skipped_reason": null
}
[RUN] RHPL 2023-03-12
{
  "symbol": "RHPL",
  "run_date": "2023-03-12",
  "raw_path": "C:\\Users\\ishwor\\Music\\own-organize\\own-market\\market-gist\\broker_flow_ledger\\raw_merolagani\\RHPL\\2023-03-12.json",
  "ledger_path": "C:\\Users\\ishwor\\Music\\own-organize\\own-market\\market-gist\\broker_flow_ledger\\RHPL\\2023-03-12.json",
  "market_day_context": {
    "run_date": "2023-03-12",
    "weekday_name": "Sunday",
    "is_nepal_trading_weekday": true,
    "holiday_validation_status": "weekday_only_unverified",
    "is_official_holiday": null,
    "holiday_title": null,
    "holiday_source": "https://www.nepalstock.com/api/nots/holiday/list?year=2023",
    "official_holiday_fetch_error": "http_401",
    "override_status": "missing",
    "expected_market_session": true
  },
  "total_pages": 1,
  "total_records": 163,
  "row_count_collected": 163,
  "ledger_written": true,
  "ledger_skipped_reason": null
}
[RUN] RHPL 2023-03-13
{
  "symbol": "RHPL",
  "run_date": "2023-03-13",
  "raw_path": "C:\\Users\\ishwor\\Music\\own-organize\\own-market\\market-gist\\broker_flow_ledger\\raw_merolagani\\RHPL\\2023-03-13.json",
  "ledger_path": "C:\\Users\\ishwor\\Music\\own-organize\\own-market\\market-gist\\broker_flow_ledger\\RHPL\\2023-03-13.json",
  "market_day_context": {
    "run_date": "2023-03-13",
    "weekday_name": "Monday",
    "is_nepal_trading_weekday": true,
    "holiday_validation_status": "weekday_only_unverified",
    "is_official_holiday": null,
    "holiday_title": null,
    "holiday_source": "https://www.nepalstock.com/api/nots/holiday/list?year=2023",
    "official_holiday_fetch_error": "http_401",
    "override_status": "missing",
    "expected_market_session": true
  },
  "total_pages": 1,
  "total_records": 106,
  "row_count_collected": 106,
  "ledger_written": true,
  "ledger_skipped_reason": null
}
[RUN] RHPL 2023-03-14
{
  "symbol": "RHPL",
  "run_date": "2023-03-14",
  "raw_path": "C:\\Users\\ishwor\\Music\\own-organize\\own-market\\market-gist\\broker_flow_ledger\\raw_merolagani\\RHPL\\2023-03-14.json",
  "ledger_path": "C:\\Users\\ishwor\\Music\\own-organize\\own-market\\market-gist\\broker_flow_ledger\\RHPL\\2023-03-14.json",
  "market_day_context": {
    "run_date": "2023-03-14",
    "weekday_name": "Tuesday",
    "is_nepal_trading_weekday": true,
    "holiday_validation_status": "weekday_only_unverified",
    "is_official_holiday": null,
    "holiday_title": null,
    "holiday_source": "https://www.nepalstock.com/api/nots/holiday/list?year=2023",
    "official_holiday_fetch_error": "http_401",
    "override_status": "missing",
    "expected_market_session": true
  },
  "total_pages": 1,
  "total_records": 155,
  "row_count_collected": 155,
  "ledger_written": true,
  "ledger_skipped_reason": null
}
[RUN] RHPL 2023-03-15
{
  "symbol": "RHPL",
  "run_date": "2023-03-15",
  "raw_path": "C:\\Users\\ishwor\\Music\\own-organize\\own-market\\market-gist\\broker_flow_ledger\\raw_merolagani\\RHPL\\2023-03-15.json",
  "ledger_path": "C:\\Users\\ishwor\\Music\\own-organize\\own-market\\market-gist\\broker_flow_ledger\\RHPL\\2023-03-15.json",
  "market_day_context": {
    "run_date": "2023-03-15",
    "weekday_name": "Wednesday",
    "is_nepal_trading_weekday": true,
    "holiday_validation_status": "weekday_only_unverified",
    "is_official_holiday": null,
    "holiday_title": null,
    "holiday_source": "https://www.nepalstock.com/api/nots/holiday/list?year=2023",
    "official_holiday_fetch_error": "http_401",
    "override_status": "missing",
    "expected_market_session": true
  },
  "total_pages": 1,
  "total_records": 103,
  "row_count_collected": 103,
  "ledger_written": true,
  "ledger_skipped_reason": null
}
[RUN] RHPL 2023-03-16
{
  "symbol": "RHPL",
  "run_date": "2023-03-16",
  "raw_path": "C:\\Users\\ishwor\\Music\\own-organize\\own-market\\market-gist\\broker_flow_ledger\\raw_merolagani\\RHPL\\2023-03-16.json",
  "ledger_path": "C:\\Users\\ishwor\\Music\\own-organize\\own-market\\market-gist\\broker_flow_ledger\\RHPL\\2023-03-16.json",
  "market_day_context": {
    "run_date": "2023-03-16",
    "weekday_name": "Thursday",
    "is_nepal_trading_weekday": true,
    "holiday_validation_status": "weekday_only_unverified",
    "is_official_holiday": null,
    "holiday_title": null,
    "holiday_source": "https://www.nepalstock.com/api/nots/holiday/list?year=2023",
    "official_holiday_fetch_error": "http_401",
    "override_status": "missing",
    "expected_market_session": true
  },
  "total_pages": 1,
  "total_records": 155,
  "row_count_collected": 155,
  "ledger_written": true,
  "ledger_skipped_reason": null
}
[RUN] RHPL 2023-03-19
{
  "symbol": "RHPL",
  "run_date": "2023-03-19",
  "raw_path": "C:\\Users\\ishwor\\Music\\own-organize\\own-market\\market-gist\\broker_flow_ledger\\raw_merolagani\\RHPL\\2023-03-19.json",
  "ledger_path": "C:\\Users\\ishwor\\Music\\own-organize\\own-market\\market-gist\\broker_flow_ledger\\RHPL\\2023-03-19.json",
  "market_day_context": {
    "run_date": "2023-03-19",
    "weekday_name": "Sunday",
    "is_nepal_trading_weekday": true,
    "holiday_validation_status": "weekday_only_unverified",
    "is_official_holiday": null,
    "holiday_title": null,
    "holiday_source": "https://www.nepalstock.com/api/nots/holiday/list?year=2023",
    "official_holiday_fetch_error": "http_401",
    "override_status": "missing",
    "expected_market_session": true
  },
  "total_pages": 1,
  "total_records": 143,
  "row_count_collected": 143,
  "ledger_written": true,
  "ledger_skipped_reason": null
}
[RUN] RHPL 2023-03-20
{
  "symbol": "RHPL",
  "run_date": "2023-03-20",
  "raw_path": "C:\\Users\\ishwor\\Music\\own-organize\\own-market\\market-gist\\broker_flow_ledger\\raw_merolagani\\RHPL\\2023-03-20.json",
  "ledger_path": "C:\\Users\\ishwor\\Music\\own-organize\\own-market\\market-gist\\broker_flow_ledger\\RHPL\\2023-03-20.json",
  "market_day_context": {
    "run_date": "2023-03-20",
    "weekday_name": "Monday",
    "is_nepal_trading_weekday": true,
    "holiday_validation_status": "weekday_only_unverified",
    "is_official_holiday": null,
    "holiday_title": null,
    "holiday_source": "https://www.nepalstock.com/api/nots/holiday/list?year=2023",
    "official_holiday_fetch_error": "http_401",
    "override_status": "missing",
    "expected_market_session": true
  },
  "total_pages": 1,
  "total_records": 157,
  "row_count_collected": 157,
  "ledger_written": true,
  "ledger_skipped_reason": null
}
[RUN] RHPL 2023-03-21
{
  "symbol": "RHPL",
  "run_date": "2023-03-21",
  "raw_path": "C:\\Users\\ishwor\\Music\\own-organize\\own-market\\market-gist\\broker_flow_ledger\\raw_merolagani\\RHPL\\2023-03-21.json",
  "ledger_path": "C:\\Users\\ishwor\\Music\\own-organize\\own-market\\market-gist\\broker_flow_ledger\\RHPL\\2023-03-21.json",
  "market_day_context": {
    "run_date": "2023-03-21",
    "weekday_name": "Tuesday",
    "is_nepal_trading_weekday": true,
    "holiday_validation_status": "weekday_only_unverified",
    "is_official_holiday": null,
    "holiday_title": null,
    "holiday_source": "https://www.nepalstock.com/api/nots/holiday/list?year=2023",
    "official_holiday_fetch_error": "http_401",
    "override_status": "missing",
    "expected_market_session": true
  },
  "total_pages": 0,
  "total_records": null,
  "row_count_collected": 0,
  "ledger_written": false,
  "ledger_skipped_reason": "empty_weekday_unverified"
}
[RUN] RHPL 2023-03-22
{
  "symbol": "RHPL",
  "run_date": "2023-03-22",
  "raw_path": "C:\\Users\\ishwor\\Music\\own-organize\\own-market\\market-gist\\broker_flow_ledger\\raw_merolagani\\RHPL\\2023-03-22.json",
  "ledger_path": "C:\\Users\\ishwor\\Music\\own-organize\\own-market\\market-gist\\broker_flow_ledger\\RHPL\\2023-03-22.json",
  "market_day_context": {
    "run_date": "2023-03-22",
    "weekday_name": "Wednesday",
    "is_nepal_trading_weekday": true,
    "holiday_validation_status": "weekday_only_unverified",
    "is_official_holiday": null,
    "holiday_title": null,
    "holiday_source": "https://www.nepalstock.com/api/nots/holiday/list?year=2023",
    "official_holiday_fetch_error": "http_401",
    "override_status": "missing",
    "expected_market_session": true
  },
  "total_pages": 1,
  "total_records": 258,
  "row_count_collected": 258,
  "ledger_written": true,
  "ledger_skipped_reason": null
}
[RUN] RHPL 2023-03-23
{
  "symbol": "RHPL",
  "run_date": "2023-03-23",
  "raw_path": "C:\\Users\\ishwor\\Music\\own-organize\\own-market\\market-gist\\broker_flow_ledger\\raw_merolagani\\RHPL\\2023-03-23.json",
  "ledger_path": "C:\\Users\\ishwor\\Music\\own-organize\\own-market\\market-gist\\broker_flow_ledger\\RHPL\\2023-03-23.json",
  "market_day_context": {
    "run_date": "2023-03-23",
    "weekday_name": "Thursday",
    "is_nepal_trading_weekday": true,
    "holiday_validation_status": "weekday_only_unverified",
    "is_official_holiday": null,
    "holiday_title": null,
    "holiday_source": "https://www.nepalstock.com/api/nots/holiday/list?year=2023",
    "official_holiday_fetch_error": "http_401",
    "override_status": "missing",
    "expected_market_session": true
  },
  "total_pages": 1,
  "total_records": 154,
  "row_count_collected": 154,
  "ledger_written": true,
  "ledger_skipped_reason": null
}
[RUN] RHPL 2023-03-26
{
  "symbol": "RHPL",
  "run_date": "2023-03-26",
  "raw_path": "C:\\Users\\ishwor\\Music\\own-organize\\own-market\\market-gist\\broker_flow_ledger\\raw_merolagani\\RHPL\\2023-03-26.json",
  "ledger_path": "C:\\Users\\ishwor\\Music\\own-organize\\own-market\\market-gist\\broker_flow_ledger\\RHPL\\2023-03-26.json",
  "market_day_context": {
    "run_date": "2023-03-26",
    "weekday_name": "Sunday",
    "is_nepal_trading_weekday": true,
    "holiday_validation_status": "weekday_only_unverified",
    "is_official_holiday": null,
    "holiday_title": null,
    "holiday_source": "https://www.nepalstock.com/api/nots/holiday/list?year=2023",
    "official_holiday_fetch_error": "http_401",
    "override_status": "missing",
    "expected_market_session": true
  },
  "total_pages": 1,
  "total_records": 174,
  "row_count_collected": 174,
  "ledger_written": true,
  "ledger_skipped_reason": null
}
[RUN] RHPL 2023-03-27
{
  "symbol": "RHPL",
  "run_date": "2023-03-27",
  "raw_path": "C:\\Users\\ishwor\\Music\\own-organize\\own-market\\market-gist\\broker_flow_ledger\\raw_merolagani\\RHPL\\2023-03-27.json",
  "ledger_path": "C:\\Users\\ishwor\\Music\\own-organize\\own-market\\market-gist\\broker_flow_ledger\\RHPL\\2023-03-27.json",
  "market_day_context": {
    "run_date": "2023-03-27",
    "weekday_name": "Monday",
    "is_nepal_trading_weekday": true,
    "holiday_validation_status": "weekday_only_unverified",
    "is_official_holiday": null,
    "holiday_title": null,
    "holiday_source": "https://www.nepalstock.com/api/nots/holiday/list?year=2023",
    "official_holiday_fetch_error": "http_401",
    "override_status": "missing",
    "expected_market_session": true
  },
  "total_pages": 1,
  "total_records": 159,
  "row_count_collected": 159,
  "ledger_written": true,
  "ledger_skipped_reason": null
}
[RUN] RHPL 2023-03-28
{
  "symbol": "RHPL",
  "run_date": "2023-03-28",
  "raw_path": "C:\\Users\\ishwor\\Music\\own-organize\\own-market\\market-gist\\broker_flow_ledger\\raw_merolagani\\RHPL\\2023-03-28.json",
  "ledger_path": "C:\\Users\\ishwor\\Music\\own-organize\\own-market\\market-gist\\broker_flow_ledger\\RHPL\\2023-03-28.json",
  "market_day_context": {
    "run_date": "2023-03-28",
    "weekday_name": "Tuesday",
    "is_nepal_trading_weekday": true,
    "holiday_validation_status": "weekday_only_unverified",
    "is_official_holiday": null,
    "holiday_title": null,
    "holiday_source": "https://www.nepalstock.com/api/nots/holiday/list?year=2023",
    "official_holiday_fetch_error": "http_401",
    "override_status": "missing",
    "expected_market_session": true
  },
  "total_pages": 1,
  "total_records": 228,
  "row_count_collected": 228,
  "ledger_written": true,
  "ledger_skipped_reason": null
}
[RUN] RHPL 2023-03-29
{
  "symbol": "RHPL",
  "run_date": "2023-03-29",
  "raw_path": "C:\\Users\\ishwor\\Music\\own-organize\\own-market\\market-gist\\broker_flow_ledger\\raw_merolagani\\RHPL\\2023-03-29.json",
  "ledger_path": "C:\\Users\\ishwor\\Music\\own-organize\\own-market\\market-gist\\broker_flow_ledger\\RHPL\\2023-03-29.json",
  "market_day_context": {
    "run_date": "2023-03-29",
    "weekday_name": "Wednesday",
    "is_nepal_trading_weekday": true,
    "holiday_validation_status": "weekday_only_unverified",
    "is_official_holiday": null,
    "holiday_title": null,
    "holiday_source": "https://www.nepalstock.com/api/nots/holiday/list?year=2023",
    "official_holiday_fetch_error": "http_401",
    "override_status": "missing",
    "expected_market_session": true
  },
  "total_pages": 1,
  "total_records": 84,
  "row_count_collected": 84,
  "ledger_written": true,
  "ledger_skipped_reason": null
}
[RUN] RHPL 2023-03-30
{
  "symbol": "RHPL",
  "run_date": "2023-03-30",
  "raw_path": "C:\\Users\\ishwor\\Music\\own-organize\\own-market\\market-gist\\broker_flow_ledger\\raw_merolagani\\RHPL\\2023-03-30.json",
  "ledger_path": "C:\\Users\\ishwor\\Music\\own-organize\\own-market\\market-gist\\broker_flow_ledger\\RHPL\\2023-03-30.json",
  "market_day_context": {
    "run_date": "2023-03-30",
    "weekday_name": "Thursday",
    "is_nepal_trading_weekday": true,
    "holiday_validation_status": "weekday_only_unverified",
    "is_official_holiday": null,
    "holiday_title": null,
    "holiday_source": "https://www.nepalstock.com/api/nots/holiday/list?year=2023",
    "official_holiday_fetch_error": "http_401",
    "override_status": "missing",
    "expected_market_session": true
  },
  "total_pages": 1,
  "total_records": 161,
  "row_count_collected": 161,
  "ledger_written": true,
  "ledger_skipped_reason": null
}
[RUN] RHPL 2023-04-02
{
  "symbol": "RHPL",
  "run_date": "2023-04-02",
  "raw_path": "C:\\Users\\ishwor\\Music\\own-organize\\own-market\\market-gist\\broker_flow_ledger\\raw_merolagani\\RHPL\\2023-04-02.json",
  "ledger_path": "C:\\Users\\ishwor\\Music\\own-organize\\own-market\\market-gist\\broker_flow_ledger\\RHPL\\2023-04-02.json",
  "market_day_context": {
    "run_date": "2023-04-02",
    "weekday_name": "Sunday",
    "is_nepal_trading_weekday": true,
    "holiday_validation_status": "weekday_only_unverified",
    "is_official_holiday": null,
    "holiday_title": null,
    "holiday_source": "https://www.nepalstock.com/api/nots/holiday/list?year=2023",
    "official_holiday_fetch_error": "http_401",
    "override_status": "missing",
    "expected_market_session": true
  },
  "total_pages": 1,
  "total_records": 124,
  "row_count_collected": 124,
  "ledger_written": true,
  "ledger_skipped_reason": null
}
[RUN] RHPL 2023-04-03
{
  "symbol": "RHPL",
  "run_date": "2023-04-03",
  "raw_path": "C:\\Users\\ishwor\\Music\\own-organize\\own-market\\market-gist\\broker_flow_ledger\\raw_merolagani\\RHPL\\2023-04-03.json",
  "ledger_path": "C:\\Users\\ishwor\\Music\\own-organize\\own-market\\market-gist\\broker_flow_ledger\\RHPL\\2023-04-03.json",
  "market_day_context": {
    "run_date": "2023-04-03",
    "weekday_name": "Monday",
    "is_nepal_trading_weekday": true,
    "holiday_validation_status": "weekday_only_unverified",
    "is_official_holiday": null,
    "holiday_title": null,
    "holiday_source": "https://www.nepalstock.com/api/nots/holiday/list?year=2023",
    "official_holiday_fetch_error": "http_401",
    "override_status": "missing",
    "expected_market_session": true
  },
  "total_pages": 1,
  "total_records": 96,
  "row_count_collected": 96,
  "ledger_written": true,
  "ledger_skipped_reason": null
}
[RUN] RHPL 2023-04-04
{
  "symbol": "RHPL",
  "run_date": "2023-04-04",
  "raw_path": "C:\\Users\\ishwor\\Music\\own-organize\\own-market\\market-gist\\broker_flow_ledger\\raw_merolagani\\RHPL\\2023-04-04.json",
  "ledger_path": "C:\\Users\\ishwor\\Music\\own-organize\\own-market\\market-gist\\broker_flow_ledger\\RHPL\\2023-04-04.json",
  "market_day_context": {
    "run_date": "2023-04-04",
    "weekday_name": "Tuesday",
    "is_nepal_trading_weekday": true,
    "holiday_validation_status": "weekday_only_unverified",
    "is_official_holiday": null,
    "holiday_title": null,
    "holiday_source": "https://www.nepalstock.com/api/nots/holiday/list?year=2023",
    "official_holiday_fetch_error": "http_401",
    "override_status": "missing",
    "expected_market_session": true
  },
  "total_pages": 1,
  "total_records": 108,
  "row_count_collected": 108,
  "ledger_written": true,
  "ledger_skipped_reason": null
}
[RUN] RHPL 2023-04-05
{
  "symbol": "RHPL",
  "run_date": "2023-04-05",
  "raw_path": "C:\\Users\\ishwor\\Music\\own-organize\\own-market\\market-gist\\broker_flow_ledger\\raw_merolagani\\RHPL\\2023-04-05.json",
  "ledger_path": "C:\\Users\\ishwor\\Music\\own-organize\\own-market\\market-gist\\broker_flow_ledger\\RHPL\\2023-04-05.json",
  "market_day_context": {
    "run_date": "2023-04-05",
    "weekday_name": "Wednesday",
    "is_nepal_trading_weekday": true,
    "holiday_validation_status": "weekday_only_unverified",
    "is_official_holiday": null,
    "holiday_title": null,
    "holiday_source": "https://www.nepalstock.com/api/nots/holiday/list?year=2023",
    "official_holiday_fetch_error": "http_401",
    "override_status": "missing",
    "expected_market_session": true
  },
  "total_pages": 1,
  "total_records": 114,
  "row_count_collected": 114,
  "ledger_written": true,
  "ledger_skipped_reason": null
}
[RUN] RHPL 2023-04-06
{
  "symbol": "RHPL",
  "run_date": "2023-04-06",
  "raw_path": "C:\\Users\\ishwor\\Music\\own-organize\\own-market\\market-gist\\broker_flow_ledger\\raw_merolagani\\RHPL\\2023-04-06.json",
  "ledger_path": "C:\\Users\\ishwor\\Music\\own-organize\\own-market\\market-gist\\broker_flow_ledger\\RHPL\\2023-04-06.json",
  "market_day_context": {
    "run_date": "2023-04-06",
    "weekday_name": "Thursday",
    "is_nepal_trading_weekday": true,
    "holiday_validation_status": "weekday_only_unverified",
    "is_official_holiday": null,
    "holiday_title": null,
    "holiday_source": "https://www.nepalstock.com/api/nots/holiday/list?year=2023",
    "official_holiday_fetch_error": "http_401",
    "override_status": "missing",
    "expected_market_session": true
  },
  "total_pages": 1,
  "total_records": 121,
  "row_count_collected": 121,
  "ledger_written": true,
  "ledger_skipped_reason": null
}
[RUN] RHPL 2023-04-09
{
  "symbol": "RHPL",
  "run_date": "2023-04-09",
  "raw_path": "C:\\Users\\ishwor\\Music\\own-organize\\own-market\\market-gist\\broker_flow_ledger\\raw_merolagani\\RHPL\\2023-04-09.json",
  "ledger_path": "C:\\Users\\ishwor\\Music\\own-organize\\own-market\\market-gist\\broker_flow_ledger\\RHPL\\2023-04-09.json",
  "market_day_context": {
    "run_date": "2023-04-09",
    "weekday_name": "Sunday",
    "is_nepal_trading_weekday": true,
    "holiday_validation_status": "weekday_only_unverified",
    "is_official_holiday": null,
    "holiday_title": null,
    "holiday_source": "https://www.nepalstock.com/api/nots/holiday/list?year=2023",
    "official_holiday_fetch_error": "http_401",
    "override_status": "missing",
    "expected_market_session": true
  },
  "total_pages": 1,
  "total_records": 141,
  "row_count_collected": 141,
  "ledger_written": true,
  "ledger_skipped_reason": null
}
[RUN] RHPL 2023-04-10
{
  "symbol": "RHPL",
  "run_date": "2023-04-10",
  "raw_path": "C:\\Users\\ishwor\\Music\\own-organize\\own-market\\market-gist\\broker_flow_ledger\\raw_merolagani\\RHPL\\2023-04-10.json",
  "ledger_path": "C:\\Users\\ishwor\\Music\\own-organize\\own-market\\market-gist\\broker_flow_ledger\\RHPL\\2023-04-10.json",
  "market_day_context": {
    "run_date": "2023-04-10",
    "weekday_name": "Monday",
    "is_nepal_trading_weekday": true,
    "holiday_validation_status": "weekday_only_unverified",
    "is_official_holiday": null,
    "holiday_title": null,
    "holiday_source": "https://www.nepalstock.com/api/nots/holiday/list?year=2023",
    "official_holiday_fetch_error": "http_401",
    "override_status": "missing",
    "expected_market_session": true
  },
  "total_pages": 1,
  "total_records": 124,
  "row_count_collected": 124,
  "ledger_written": true,
  "ledger_skipped_reason": null
}
[RUN] RHPL 2023-04-11
{
  "symbol": "RHPL",
  "run_date": "2023-04-11",
  "raw_path": "C:\\Users\\ishwor\\Music\\own-organize\\own-market\\market-gist\\broker_flow_ledger\\raw_merolagani\\RHPL\\2023-04-11.json",
  "ledger_path": "C:\\Users\\ishwor\\Music\\own-organize\\own-market\\market-gist\\broker_flow_ledger\\RHPL\\2023-04-11.json",
  "market_day_context": {
    "run_date": "2023-04-11",
    "weekday_name": "Tuesday",
    "is_nepal_trading_weekday": true,
    "holiday_validation_status": "weekday_only_unverified",
    "is_official_holiday": null,
    "holiday_title": null,
    "holiday_source": "https://www.nepalstock.com/api/nots/holiday/list?year=2023",
    "official_holiday_fetch_error": "http_401",
    "override_status": "missing",
    "expected_market_session": true
  },
  "total_pages": 1,
  "total_records": 95,
  "row_count_collected": 95,
  "ledger_written": true,
  "ledger_skipped_reason": null
}
[RUN] RHPL 2023-04-12
{
  "symbol": "RHPL",
  "run_date": "2023-04-12",
  "raw_path": "C:\\Users\\ishwor\\Music\\own-organize\\own-market\\market-gist\\broker_flow_ledger\\raw_merolagani\\RHPL\\2023-04-12.json",
  "ledger_path": "C:\\Users\\ishwor\\Music\\own-organize\\own-market\\market-gist\\broker_flow_ledger\\RHPL\\2023-04-12.json",
  "market_day_context": {
    "run_date": "2023-04-12",
    "weekday_name": "Wednesday",
    "is_nepal_trading_weekday": true,
    "holiday_validation_status": "weekday_only_unverified",
    "is_official_holiday": null,
    "holiday_title": null,
    "holiday_source": "https://www.nepalstock.com/api/nots/holiday/list?year=2023",
    "official_holiday_fetch_error": "http_401",
    "override_status": "missing",
    "expected_market_session": true
  },
  "total_pages": 1,
  "total_records": 157,
  "row_count_collected": 157,
  "ledger_written": true,
  "ledger_skipped_reason": null
}
[RUN] RHPL 2023-04-13
{
  "symbol": "RHPL",
  "run_date": "2023-04-13",
  "raw_path": "C:\\Users\\ishwor\\Music\\own-organize\\own-market\\market-gist\\broker_flow_ledger\\raw_merolagani\\RHPL\\2023-04-13.json",
  "ledger_path": "C:\\Users\\ishwor\\Music\\own-organize\\own-market\\market-gist\\broker_flow_ledger\\RHPL\\2023-04-13.json",
  "market_day_context": {
    "run_date": "2023-04-13",
    "weekday_name": "Thursday",
    "is_nepal_trading_weekday": true,
    "holiday_validation_status": "weekday_only_unverified",
    "is_official_holiday": null,
    "holiday_title": null,
    "holiday_source": "https://www.nepalstock.com/api/nots/holiday/list?year=2023",
    "official_holiday_fetch_error": "http_401",
    "override_status": "missing",
    "expected_market_session": true
  },
  "total_pages": 1,
  "total_records": 127,
  "row_count_collected": 127,
  "ledger_written": true,
  "ledger_skipped_reason": null
}
[RUN] RHPL 2023-04-16
{
  "symbol": "RHPL",
  "run_date": "2023-04-16",
  "raw_path": "C:\\Users\\ishwor\\Music\\own-organize\\own-market\\market-gist\\broker_flow_ledger\\raw_merolagani\\RHPL\\2023-04-16.json",
  "ledger_path": "C:\\Users\\ishwor\\Music\\own-organize\\own-market\\market-gist\\broker_flow_ledger\\RHPL\\2023-04-16.json",
  "market_day_context": {
    "run_date": "2023-04-16",
    "weekday_name": "Sunday",
    "is_nepal_trading_weekday": true,
    "holiday_validation_status": "weekday_only_unverified",
    "is_official_holiday": null,
    "holiday_title": null,
    "holiday_source": "https://www.nepalstock.com/api/nots/holiday/list?year=2023",
    "official_holiday_fetch_error": "http_401",
    "override_status": "missing",
    "expected_market_session": true
  },
  "total_pages": 1,
  "total_records": 91,
  "row_count_collected": 91,
  "ledger_written": true,
  "ledger_skipped_reason": null
}
[RUN] RHPL 2023-04-17
{
  "symbol": "RHPL",
  "run_date": "2023-04-17",
  "raw_path": "C:\\Users\\ishwor\\Music\\own-organize\\own-market\\market-gist\\broker_flow_ledger\\raw_merolagani\\RHPL\\2023-04-17.json",
  "ledger_path": "C:\\Users\\ishwor\\Music\\own-organize\\own-market\\market-gist\\broker_flow_ledger\\RHPL\\2023-04-17.json",
  "market_day_context": {
    "run_date": "2023-04-17",
    "weekday_name": "Monday",
    "is_nepal_trading_weekday": true,
    "holiday_validation_status": "weekday_only_unverified",
    "is_official_holiday": null,
    "holiday_title": null,
    "holiday_source": "https://www.nepalstock.com/api/nots/holiday/list?year=2023",
    "official_holiday_fetch_error": "http_401",
    "override_status": "missing",
    "expected_market_session": true
  },
  "total_pages": 1,
  "total_records": 89,
  "row_count_collected": 89,
  "ledger_written": true,
  "ledger_skipped_reason": null
}
[RUN] RHPL 2023-04-18
{
  "symbol": "RHPL",
  "run_date": "2023-04-18",
  "raw_path": "C:\\Users\\ishwor\\Music\\own-organize\\own-market\\market-gist\\broker_flow_ledger\\raw_merolagani\\RHPL\\2023-04-18.json",
  "ledger_path": "C:\\Users\\ishwor\\Music\\own-organize\\own-market\\market-gist\\broker_flow_ledger\\RHPL\\2023-04-18.json",
  "market_day_context": {
    "run_date": "2023-04-18",
    "weekday_name": "Tuesday",
    "is_nepal_trading_weekday": true,
    "holiday_validation_status": "weekday_only_unverified",
    "is_official_holiday": null,
    "holiday_title": null,
    "holiday_source": "https://www.nepalstock.com/api/nots/holiday/list?year=2023",
    "official_holiday_fetch_error": "http_401",
    "override_status": "missing",
    "expected_market_session": true
  },
  "total_pages": 1,
  "total_records": 92,
  "row_count_collected": 92,
  "ledger_written": true,
  "ledger_skipped_reason": null
}
[RUN] RHPL 2023-04-19
{
  "symbol": "RHPL",
  "run_date": "2023-04-19",
  "raw_path": "C:\\Users\\ishwor\\Music\\own-organize\\own-market\\market-gist\\broker_flow_ledger\\raw_merolagani\\RHPL\\2023-04-19.json",
  "ledger_path": "C:\\Users\\ishwor\\Music\\own-organize\\own-market\\market-gist\\broker_flow_ledger\\RHPL\\2023-04-19.json",
  "market_day_context": {
    "run_date": "2023-04-19",
    "weekday_name": "Wednesday",
    "is_nepal_trading_weekday": true,
    "holiday_validation_status": "weekday_only_unverified",
    "is_official_holiday": null,
    "holiday_title": null,
    "holiday_source": "https://www.nepalstock.com/api/nots/holiday/list?year=2023",
    "official_holiday_fetch_error": "http_401",
    "override_status": "missing",
    "expected_market_session": true
  },
  "total_pages": 1,
  "total_records": 110,
  "row_count_collected": 110,
  "ledger_written": true,
  "ledger_skipped_reason": null
}
[RUN] RHPL 2023-04-20
{
  "symbol": "RHPL",
  "run_date": "2023-04-20",
  "raw_path": "C:\\Users\\ishwor\\Music\\own-organize\\own-market\\market-gist\\broker_flow_ledger\\raw_merolagani\\RHPL\\2023-04-20.json",
  "ledger_path": "C:\\Users\\ishwor\\Music\\own-organize\\own-market\\market-gist\\broker_flow_ledger\\RHPL\\2023-04-20.json",
  "market_day_context": {
    "run_date": "2023-04-20",
    "weekday_name": "Thursday",
    "is_nepal_trading_weekday": true,
    "holiday_validation_status": "weekday_only_unverified",
    "is_official_holiday": null,
    "holiday_title": null,
    "holiday_source": "https://www.nepalstock.com/api/nots/holiday/list?year=2023",
    "official_holiday_fetch_error": "http_401",
    "override_status": "missing",
    "expected_market_session": true
  },
  "total_pages": 1,
  "total_records": 129,
  "row_count_collected": 129,
  "ledger_written": true,
  "ledger_skipped_reason": null
}
[RUN] RHPL 2023-04-23
{
  "symbol": "RHPL",
  "run_date": "2023-04-23",
  "raw_path": "C:\\Users\\ishwor\\Music\\own-organize\\own-market\\market-gist\\broker_flow_ledger\\raw_merolagani\\RHPL\\2023-04-23.json",
  "ledger_path": "C:\\Users\\ishwor\\Music\\own-organize\\own-market\\market-gist\\broker_flow_ledger\\RHPL\\2023-04-23.json",
  "market_day_context": {
    "run_date": "2023-04-23",
    "weekday_name": "Sunday",
    "is_nepal_trading_weekday": true,
    "holiday_validation_status": "weekday_only_unverified",
    "is_official_holiday": null,
    "holiday_title": null,
    "holiday_source": "https://www.nepalstock.com/api/nots/holiday/list?year=2023",
    "official_holiday_fetch_error": "http_401",
    "override_status": "missing",
    "expected_market_session": true
  },
  "total_pages": 1,
  "total_records": 77,
  "row_count_collected": 77,
  "ledger_written": true,
  "ledger_skipped_reason": null
}
[RUN] RHPL 2023-04-24
{
  "symbol": "RHPL",
  "run_date": "2023-04-24",
  "raw_path": "C:\\Users\\ishwor\\Music\\own-organize\\own-market\\market-gist\\broker_flow_ledger\\raw_merolagani\\RHPL\\2023-04-24.json",
  "ledger_path": "C:\\Users\\ishwor\\Music\\own-organize\\own-market\\market-gist\\broker_flow_ledger\\RHPL\\2023-04-24.json",
  "market_day_context": {
    "run_date": "2023-04-24",
    "weekday_name": "Monday",
    "is_nepal_trading_weekday": true,
    "holiday_validation_status": "weekday_only_unverified",
    "is_official_holiday": null,
    "holiday_title": null,
    "holiday_source": "https://www.nepalstock.com/api/nots/holiday/list?year=2023",
    "official_holiday_fetch_error": "http_401",
    "override_status": "missing",
    "expected_market_session": true
  },
  "total_pages": 1,
  "total_records": 89,
  "row_count_collected": 89,
  "ledger_written": true,
  "ledger_skipped_reason": null
}
[RUN] RHPL 2023-04-25
{
  "symbol": "RHPL",
  "run_date": "2023-04-25",
  "raw_path": "C:\\Users\\ishwor\\Music\\own-organize\\own-market\\market-gist\\broker_flow_ledger\\raw_merolagani\\RHPL\\2023-04-25.json",
  "ledger_path": "C:\\Users\\ishwor\\Music\\own-organize\\own-market\\market-gist\\broker_flow_ledger\\RHPL\\2023-04-25.json",
  "market_day_context": {
    "run_date": "2023-04-25",
    "weekday_name": "Tuesday",
    "is_nepal_trading_weekday": true,
    "holiday_validation_status": "weekday_only_unverified",
    "is_official_holiday": null,
    "holiday_title": null,
    "holiday_source": "https://www.nepalstock.com/api/nots/holiday/list?year=2023",
    "official_holiday_fetch_error": "http_401",
    "override_status": "missing",
    "expected_market_session": true
  },
  "total_pages": 1,
  "total_records": 87,
  "row_count_collected": 87,
  "ledger_written": true,
  "ledger_skipped_reason": null
}
[RUN] RHPL 2023-04-26
{
  "symbol": "RHPL",
  "run_date": "2023-04-26",
  "raw_path": "C:\\Users\\ishwor\\Music\\own-organize\\own-market\\market-gist\\broker_flow_ledger\\raw_merolagani\\RHPL\\2023-04-26.json",
  "ledger_path": "C:\\Users\\ishwor\\Music\\own-organize\\own-market\\market-gist\\broker_flow_ledger\\RHPL\\2023-04-26.json",
  "market_day_context": {
    "run_date": "2023-04-26",
    "weekday_name": "Wednesday",
    "is_nepal_trading_weekday": true,
    "holiday_validation_status": "weekday_only_unverified",
    "is_official_holiday": null,
    "holiday_title": null,
    "holiday_source": "https://www.nepalstock.com/api/nots/holiday/list?year=2023",
    "official_holiday_fetch_error": "http_401",
    "override_status": "missing",
    "expected_market_session": true
  },
  "total_pages": 1,
  "total_records": 90,
  "row_count_collected": 90,
  "ledger_written": true,
  "ledger_skipped_reason": null
}
[RUN] RHPL 2023-04-27
{
  "symbol": "RHPL",
  "run_date": "2023-04-27",
  "raw_path": "C:\\Users\\ishwor\\Music\\own-organize\\own-market\\market-gist\\broker_flow_ledger\\raw_merolagani\\RHPL\\2023-04-27.json",
  "ledger_path": "C:\\Users\\ishwor\\Music\\own-organize\\own-market\\market-gist\\broker_flow_ledger\\RHPL\\2023-04-27.json",
  "market_day_context": {
    "run_date": "2023-04-27",
    "weekday_name": "Thursday",
    "is_nepal_trading_weekday": true,
    "holiday_validation_status": "weekday_only_unverified",
    "is_official_holiday": null,
    "holiday_title": null,
    "holiday_source": "https://www.nepalstock.com/api/nots/holiday/list?year=2023",
    "official_holiday_fetch_error": "http_401",
    "override_status": "missing",
    "expected_market_session": true
  },
  "total_pages": 1,
  "total_records": 83,
  "row_count_collected": 83,
  "ledger_written": true,
  "ledger_skipped_reason": null
}
[RUN] RHPL 2023-04-30
{
  "symbol": "RHPL",
  "run_date": "2023-04-30",
  "raw_path": "C:\\Users\\ishwor\\Music\\own-organize\\own-market\\market-gist\\broker_flow_ledger\\raw_merolagani\\RHPL\\2023-04-30.json",
  "ledger_path": "C:\\Users\\ishwor\\Music\\own-organize\\own-market\\market-gist\\broker_flow_ledger\\RHPL\\2023-04-30.json",
  "market_day_context": {
    "run_date": "2023-04-30",
    "weekday_name": "Sunday",
    "is_nepal_trading_weekday": true,
    "holiday_validation_status": "weekday_only_unverified",
    "is_official_holiday": null,
    "holiday_title": null,
    "holiday_source": "https://www.nepalstock.com/api/nots/holiday/list?year=2023",
    "official_holiday_fetch_error": "http_401",
    "override_status": "missing",
    "expected_market_session": true
  },
  "total_pages": 1,
  "total_records": 110,
  "row_count_collected": 110,
  "ledger_written": true,
  "ledger_skipped_reason": null
}
[RUN] RHPL 2023-05-01
{
  "symbol": "RHPL",
  "run_date": "2023-05-01",
  "raw_path": "C:\\Users\\ishwor\\Music\\own-organize\\own-market\\market-gist\\broker_flow_ledger\\raw_merolagani\\RHPL\\2023-05-01.json",
  "ledger_path": "C:\\Users\\ishwor\\Music\\own-organize\\own-market\\market-gist\\broker_flow_ledger\\RHPL\\2023-05-01.json",
  "market_day_context": {
    "run_date": "2023-05-01",
    "weekday_name": "Monday",
    "is_nepal_trading_weekday": true,
    "holiday_validation_status": "weekday_only_unverified",
    "is_official_holiday": null,
    "holiday_title": null,
    "holiday_source": "https://www.nepalstock.com/api/nots/holiday/list?year=2023",
    "official_holiday_fetch_error": "http_401",
    "override_status": "missing",
    "expected_market_session": true
  },
  "total_pages": 0,
  "total_records": null,
  "row_count_collected": 0,
  "ledger_written": false,
  "ledger_skipped_reason": "empty_weekday_unverified"
}
[RUN] RHPL 2023-05-02
{
  "symbol": "RHPL",
  "run_date": "2023-05-02",
  "raw_path": "C:\\Users\\ishwor\\Music\\own-organize\\own-market\\market-gist\\broker_flow_ledger\\raw_merolagani\\RHPL\\2023-05-02.json",
  "ledger_path": "C:\\Users\\ishwor\\Music\\own-organize\\own-market\\market-gist\\broker_flow_ledger\\RHPL\\2023-05-02.json",
  "market_day_context": {
    "run_date": "2023-05-02",
    "weekday_name": "Tuesday",
    "is_nepal_trading_weekday": true,
    "holiday_validation_status": "weekday_only_unverified",
    "is_official_holiday": null,
    "holiday_title": null,
    "holiday_source": "https://www.nepalstock.com/api/nots/holiday/list?year=2023",
    "official_holiday_fetch_error": "http_401",
    "override_status": "missing",
    "expected_market_session": true
  },
  "total_pages": 1,
  "total_records": 117,
  "row_count_collected": 117,
  "ledger_written": true,
  "ledger_skipped_reason": null
}
[RUN] RHPL 2023-05-03
{
  "symbol": "RHPL",
  "run_date": "2023-05-03",
  "raw_path": "C:\\Users\\ishwor\\Music\\own-organize\\own-market\\market-gist\\broker_flow_ledger\\raw_merolagani\\RHPL\\2023-05-03.json",
  "ledger_path": "C:\\Users\\ishwor\\Music\\own-organize\\own-market\\market-gist\\broker_flow_ledger\\RHPL\\2023-05-03.json",
  "market_day_context": {
    "run_date": "2023-05-03",
    "weekday_name": "Wednesday",
    "is_nepal_trading_weekday": true,
    "holiday_validation_status": "weekday_only_unverified",
    "is_official_holiday": null,
    "holiday_title": null,
    "holiday_source": "https://www.nepalstock.com/api/nots/holiday/list?year=2023",
    "official_holiday_fetch_error": "http_401",
    "override_status": "missing",
    "expected_market_session": true
  },
  "total_pages": 1,
  "total_records": 85,
  "row_count_collected": 85,
  "ledger_written": true,
  "ledger_skipped_reason": null
}
[RUN] RHPL 2023-05-04
{
  "symbol": "RHPL",
  "run_date": "2023-05-04",
  "raw_path": "C:\\Users\\ishwor\\Music\\own-organize\\own-market\\market-gist\\broker_flow_ledger\\raw_merolagani\\RHPL\\2023-05-04.json",
  "ledger_path": "C:\\Users\\ishwor\\Music\\own-organize\\own-market\\market-gist\\broker_flow_ledger\\RHPL\\2023-05-04.json",
  "market_day_context": {
    "run_date": "2023-05-04",
    "weekday_name": "Thursday",
    "is_nepal_trading_weekday": true,
    "holiday_validation_status": "weekday_only_unverified",
    "is_official_holiday": null,
    "holiday_title": null,
    "holiday_source": "https://www.nepalstock.com/api/nots/holiday/list?year=2023",
    "official_holiday_fetch_error": "http_401",
    "override_status": "missing",
    "expected_market_session": true
  },
  "total_pages": 1,
  "total_records": 119,
  "row_count_collected": 119,
  "ledger_written": true,
  "ledger_skipped_reason": null
}
[RUN] RHPL 2023-05-07
{
  "symbol": "RHPL",
  "run_date": "2023-05-07",
  "raw_path": "C:\\Users\\ishwor\\Music\\own-organize\\own-market\\market-gist\\broker_flow_ledger\\raw_merolagani\\RHPL\\2023-05-07.json",
  "ledger_path": "C:\\Users\\ishwor\\Music\\own-organize\\own-market\\market-gist\\broker_flow_ledger\\RHPL\\2023-05-07.json",
  "market_day_context": {
    "run_date": "2023-05-07",
    "weekday_name": "Sunday",
    "is_nepal_trading_weekday": true,
    "holiday_validation_status": "weekday_only_unverified",
    "is_official_holiday": null,
    "holiday_title": null,
    "holiday_source": "https://www.nepalstock.com/api/nots/holiday/list?year=2023",
    "official_holiday_fetch_error": "http_401",
    "override_status": "missing",
    "expected_market_session": true
  },
  "total_pages": 1,
  "total_records": 64,
  "row_count_collected": 64,
  "ledger_written": true,
  "ledger_skipped_reason": null
}
[RUN] RHPL 2023-05-08
{
  "symbol": "RHPL",
  "run_date": "2023-05-08",
  "raw_path": "C:\\Users\\ishwor\\Music\\own-organize\\own-market\\market-gist\\broker_flow_ledger\\raw_merolagani\\RHPL\\2023-05-08.json",
  "ledger_path": "C:\\Users\\ishwor\\Music\\own-organize\\own-market\\market-gist\\broker_flow_ledger\\RHPL\\2023-05-08.json",
  "market_day_context": {
    "run_date": "2023-05-08",
    "weekday_name": "Monday",
    "is_nepal_trading_weekday": true,
    "holiday_validation_status": "weekday_only_unverified",
    "is_official_holiday": null,
    "holiday_title": null,
    "holiday_source": "https://www.nepalstock.com/api/nots/holiday/list?year=2023",
    "official_holiday_fetch_error": "http_401",
    "override_status": "missing",
    "expected_market_session": true
  },
  "total_pages": 1,
  "total_records": 101,
  "row_count_collected": 101,
  "ledger_written": true,
  "ledger_skipped_reason": null
}
[RUN] RHPL 2023-05-09
{
  "symbol": "RHPL",
  "run_date": "2023-05-09",
  "raw_path": "C:\\Users\\ishwor\\Music\\own-organize\\own-market\\market-gist\\broker_flow_ledger\\raw_merolagani\\RHPL\\2023-05-09.json",
  "ledger_path": "C:\\Users\\ishwor\\Music\\own-organize\\own-market\\market-gist\\broker_flow_ledger\\RHPL\\2023-05-09.json",
  "market_day_context": {
    "run_date": "2023-05-09",
    "weekday_name": "Tuesday",
    "is_nepal_trading_weekday": true,
    "holiday_validation_status": "weekday_only_unverified",
    "is_official_holiday": null,
    "holiday_title": null,
    "holiday_source": "https://www.nepalstock.com/api/nots/holiday/list?year=2023",
    "official_holiday_fetch_error": "http_401",
    "override_status": "missing",
    "expected_market_session": true
  },
  "total_pages": 1,
  "total_records": 94,
  "row_count_collected": 94,
  "ledger_written": true,
  "ledger_skipped_reason": null
}
[RUN] RHPL 2023-05-10
{
  "symbol": "RHPL",
  "run_date": "2023-05-10",
  "raw_path": "C:\\Users\\ishwor\\Music\\own-organize\\own-market\\market-gist\\broker_flow_ledger\\raw_merolagani\\RHPL\\2023-05-10.json",
  "ledger_path": "C:\\Users\\ishwor\\Music\\own-organize\\own-market\\market-gist\\broker_flow_ledger\\RHPL\\2023-05-10.json",
  "market_day_context": {
    "run_date": "2023-05-10",
    "weekday_name": "Wednesday",
    "is_nepal_trading_weekday": true,
    "holiday_validation_status": "weekday_only_unverified",
    "is_official_holiday": null,
    "holiday_title": null,
    "holiday_source": "https://www.nepalstock.com/api/nots/holiday/list?year=2023",
    "official_holiday_fetch_error": "http_401",
    "override_status": "missing",
    "expected_market_session": true
  },
  "total_pages": 1,
  "total_records": 49,
  "row_count_collected": 49,
  "ledger_written": true,
  "ledger_skipped_reason": null
}
[RUN] RHPL 2023-05-11
{
  "symbol": "RHPL",
  "run_date": "2023-05-11",
  "raw_path": "C:\\Users\\ishwor\\Music\\own-organize\\own-market\\market-gist\\broker_flow_ledger\\raw_merolagani\\RHPL\\2023-05-11.json",
  "ledger_path": "C:\\Users\\ishwor\\Music\\own-organize\\own-market\\market-gist\\broker_flow_ledger\\RHPL\\2023-05-11.json",
  "market_day_context": {
    "run_date": "2023-05-11",
    "weekday_name": "Thursday",
    "is_nepal_trading_weekday": true,
    "holiday_validation_status": "weekday_only_unverified",
    "is_official_holiday": null,
    "holiday_title": null,
    "holiday_source": "https://www.nepalstock.com/api/nots/holiday/list?year=2023",
    "official_holiday_fetch_error": "http_401",
    "override_status": "missing",
    "expected_market_session": true
  },
  "total_pages": 1,
  "total_records": 79,
  "row_count_collected": 79,
  "ledger_written": true,
  "ledger_skipped_reason": null
}
[RUN] RHPL 2023-05-14
{
  "symbol": "RHPL",
  "run_date": "2023-05-14",
  "raw_path": "C:\\Users\\ishwor\\Music\\own-organize\\own-market\\market-gist\\broker_flow_ledger\\raw_merolagani\\RHPL\\2023-05-14.json",
  "ledger_path": "C:\\Users\\ishwor\\Music\\own-organize\\own-market\\market-gist\\broker_flow_ledger\\RHPL\\2023-05-14.json",
  "market_day_context": {
    "run_date": "2023-05-14",
    "weekday_name": "Sunday",
    "is_nepal_trading_weekday": true,
    "holiday_validation_status": "weekday_only_unverified",
    "is_official_holiday": null,
    "holiday_title": null,
    "holiday_source": "https://www.nepalstock.com/api/nots/holiday/list?year=2023",
    "official_holiday_fetch_error": "http_401",
    "override_status": "missing",
    "expected_market_session": true
  },
  "total_pages": 1,
  "total_records": 61,
  "row_count_collected": 61,
  "ledger_written": true,
  "ledger_skipped_reason": null
}
[RUN] RHPL 2023-05-15
{
  "symbol": "RHPL",
  "run_date": "2023-05-15",
  "raw_path": "C:\\Users\\ishwor\\Music\\own-organize\\own-market\\market-gist\\broker_flow_ledger\\raw_merolagani\\RHPL\\2023-05-15.json",
  "ledger_path": "C:\\Users\\ishwor\\Music\\own-organize\\own-market\\market-gist\\broker_flow_ledger\\RHPL\\2023-05-15.json",
  "market_day_context": {
    "run_date": "2023-05-15",
    "weekday_name": "Monday",
    "is_nepal_trading_weekday": true,
    "holiday_validation_status": "weekday_only_unverified",
    "is_official_holiday": null,
    "holiday_title": null,
    "holiday_source": "https://www.nepalstock.com/api/nots/holiday/list?year=2023",
    "official_holiday_fetch_error": "http_401",
    "override_status": "missing",
    "expected_market_session": true
  },
  "total_pages": 1,
  "total_records": 67,
  "row_count_collected": 67,
  "ledger_written": true,
  "ledger_skipped_reason": null
}
[RUN] RHPL 2023-05-16
{
  "symbol": "RHPL",
  "run_date": "2023-05-16",
  "raw_path": "C:\\Users\\ishwor\\Music\\own-organize\\own-market\\market-gist\\broker_flow_ledger\\raw_merolagani\\RHPL\\2023-05-16.json",
  "ledger_path": "C:\\Users\\ishwor\\Music\\own-organize\\own-market\\market-gist\\broker_flow_ledger\\RHPL\\2023-05-16.json",
  "market_day_context": {
    "run_date": "2023-05-16",
    "weekday_name": "Tuesday",
    "is_nepal_trading_weekday": true,
    "holiday_validation_status": "weekday_only_unverified",
    "is_official_holiday": null,
    "holiday_title": null,
    "holiday_source": "https://www.nepalstock.com/api/nots/holiday/list?year=2023",
    "official_holiday_fetch_error": "http_401",
    "override_status": "missing",
    "expected_market_session": true
  },
  "total_pages": 1,
  "total_records": 83,
  "row_count_collected": 83,
  "ledger_written": true,
  "ledger_skipped_reason": null
}
[RUN] RHPL 2023-05-17
{
  "symbol": "RHPL",
  "run_date": "2023-05-17",
  "raw_path": "C:\\Users\\ishwor\\Music\\own-organize\\own-market\\market-gist\\broker_flow_ledger\\raw_merolagani\\RHPL\\2023-05-17.json",
  "ledger_path": "C:\\Users\\ishwor\\Music\\own-organize\\own-market\\market-gist\\broker_flow_ledger\\RHPL\\2023-05-17.json",
  "market_day_context": {
    "run_date": "2023-05-17",
    "weekday_name": "Wednesday",
    "is_nepal_trading_weekday": true,
    "holiday_validation_status": "weekday_only_unverified",
    "is_official_holiday": null,
    "holiday_title": null,
    "holiday_source": "https://www.nepalstock.com/api/nots/holiday/list?year=2023",
    "official_holiday_fetch_error": "http_401",
    "override_status": "missing",
    "expected_market_session": true
  },
  "total_pages": 1,
  "total_records": 82,
  "row_count_collected": 82,
  "ledger_written": true,
  "ledger_skipped_reason": null
}
[RUN] RHPL 2023-05-18
{
  "symbol": "RHPL",
  "run_date": "2023-05-18",
  "raw_path": "C:\\Users\\ishwor\\Music\\own-organize\\own-market\\market-gist\\broker_flow_ledger\\raw_merolagani\\RHPL\\2023-05-18.json",
  "ledger_path": "C:\\Users\\ishwor\\Music\\own-organize\\own-market\\market-gist\\broker_flow_ledger\\RHPL\\2023-05-18.json",
  "market_day_context": {
    "run_date": "2023-05-18",
    "weekday_name": "Thursday",
    "is_nepal_trading_weekday": true,
    "holiday_validation_status": "weekday_only_unverified",
    "is_official_holiday": null,
    "holiday_title": null,
    "holiday_source": "https://www.nepalstock.com/api/nots/holiday/list?year=2023",
    "official_holiday_fetch_error": "http_401",
    "override_status": "missing",
    "expected_market_session": true
  },
  "total_pages": 1,
  "total_records": 138,
  "row_count_collected": 138,
  "ledger_written": true,
  "ledger_skipped_reason": null
}
[RUN] RHPL 2023-05-21
{
  "symbol": "RHPL",
  "run_date": "2023-05-21",
  "raw_path": "C:\\Users\\ishwor\\Music\\own-organize\\own-market\\market-gist\\broker_flow_ledger\\raw_merolagani\\RHPL\\2023-05-21.json",
  "ledger_path": "C:\\Users\\ishwor\\Music\\own-organize\\own-market\\market-gist\\broker_flow_ledger\\RHPL\\2023-05-21.json",
  "market_day_context": {
    "run_date": "2023-05-21",
    "weekday_name": "Sunday",
    "is_nepal_trading_weekday": true,
    "holiday_validation_status": "weekday_only_unverified",
    "is_official_holiday": null,
    "holiday_title": null,
    "holiday_source": "https://www.nepalstock.com/api/nots/holiday/list?year=2023",
    "official_holiday_fetch_error": "http_401",
    "override_status": "missing",
    "expected_market_session": true
  },
  "total_pages": 1,
  "total_records": 165,
  "row_count_collected": 165,
  "ledger_written": true,
  "ledger_skipped_reason": null
}
[RUN] RHPL 2023-05-22
{
  "symbol": "RHPL",
  "run_date": "2023-05-22",
  "raw_path": "C:\\Users\\ishwor\\Music\\own-organize\\own-market\\market-gist\\broker_flow_ledger\\raw_merolagani\\RHPL\\2023-05-22.json",
  "ledger_path": "C:\\Users\\ishwor\\Music\\own-organize\\own-market\\market-gist\\broker_flow_ledger\\RHPL\\2023-05-22.json",
  "market_day_context": {
    "run_date": "2023-05-22",
    "weekday_name": "Monday",
    "is_nepal_trading_weekday": true,
    "holiday_validation_status": "weekday_only_unverified",
    "is_official_holiday": null,
    "holiday_title": null,
    "holiday_source": "https://www.nepalstock.com/api/nots/holiday/list?year=2023",
    "official_holiday_fetch_error": "http_401",
    "override_status": "missing",
    "expected_market_session": true
  },
  "total_pages": 1,
  "total_records": 76,
  "row_count_collected": 76,
  "ledger_written": true,
  "ledger_skipped_reason": null
}
[RUN] RHPL 2023-05-23
{
  "symbol": "RHPL",
  "run_date": "2023-05-23",
  "raw_path": "C:\\Users\\ishwor\\Music\\own-organize\\own-market\\market-gist\\broker_flow_ledger\\raw_merolagani\\RHPL\\2023-05-23.json",
  "ledger_path": "C:\\Users\\ishwor\\Music\\own-organize\\own-market\\market-gist\\broker_flow_ledger\\RHPL\\2023-05-23.json",
  "market_day_context": {
    "run_date": "2023-05-23",
    "weekday_name": "Tuesday",
    "is_nepal_trading_weekday": true,
    "holiday_validation_status": "weekday_only_unverified",
    "is_official_holiday": null,
    "holiday_title": null,
    "holiday_source": "https://www.nepalstock.com/api/nots/holiday/list?year=2023",
    "official_holiday_fetch_error": "http_401",
    "override_status": "missing",
    "expected_market_session": true
  },
  "total_pages": 1,
  "total_records": 107,
  "row_count_collected": 107,
  "ledger_written": true,
  "ledger_skipped_reason": null
}
[RUN] RHPL 2023-05-24
{
  "symbol": "RHPL",
  "run_date": "2023-05-24",
  "raw_path": "C:\\Users\\ishwor\\Music\\own-organize\\own-market\\market-gist\\broker_flow_ledger\\raw_merolagani\\RHPL\\2023-05-24.json",
  "ledger_path": "C:\\Users\\ishwor\\Music\\own-organize\\own-market\\market-gist\\broker_flow_ledger\\RHPL\\2023-05-24.json",
  "market_day_context": {
    "run_date": "2023-05-24",
    "weekday_name": "Wednesday",
    "is_nepal_trading_weekday": true,
    "holiday_validation_status": "weekday_only_unverified",
    "is_official_holiday": null,
    "holiday_title": null,
    "holiday_source": "https://www.nepalstock.com/api/nots/holiday/list?year=2023",
    "official_holiday_fetch_error": "http_401",
    "override_status": "missing",
    "expected_market_session": true
  },
  "total_pages": 1,
  "total_records": 114,
  "row_count_collected": 114,
  "ledger_written": true,
  "ledger_skipped_reason": null
}
[RUN] RHPL 2023-05-25
{
  "symbol": "RHPL",
  "run_date": "2023-05-25",
  "raw_path": "C:\\Users\\ishwor\\Music\\own-organize\\own-market\\market-gist\\broker_flow_ledger\\raw_merolagani\\RHPL\\2023-05-25.json",
  "ledger_path": "C:\\Users\\ishwor\\Music\\own-organize\\own-market\\market-gist\\broker_flow_ledger\\RHPL\\2023-05-25.json",
  "market_day_context": {
    "run_date": "2023-05-25",
    "weekday_name": "Thursday",
    "is_nepal_trading_weekday": true,
    "holiday_validation_status": "weekday_only_unverified",
    "is_official_holiday": null,
    "holiday_title": null,
    "holiday_source": "https://www.nepalstock.com/api/nots/holiday/list?year=2023",
    "official_holiday_fetch_error": "http_401",
    "override_status": "missing",
    "expected_market_session": true
  },
  "total_pages": 0,
  "total_records": null,
  "row_count_collected": 0,
  "ledger_written": false,
  "ledger_skipped_reason": "empty_weekday_unverified"
}
[RUN] RHPL 2023-05-28
{
  "symbol": "RHPL",
  "run_date": "2023-05-28",
  "raw_path": "C:\\Users\\ishwor\\Music\\own-organize\\own-market\\market-gist\\broker_flow_ledger\\raw_merolagani\\RHPL\\2023-05-28.json",
  "ledger_path": "C:\\Users\\ishwor\\Music\\own-organize\\own-market\\market-gist\\broker_flow_ledger\\RHPL\\2023-05-28.json",
  "market_day_context": {
    "run_date": "2023-05-28",
    "weekday_name": "Sunday",
    "is_nepal_trading_weekday": true,
    "holiday_validation_status": "weekday_only_unverified",
    "is_official_holiday": null,
    "holiday_title": null,
    "holiday_source": "https://www.nepalstock.com/api/nots/holiday/list?year=2023",
    "official_holiday_fetch_error": "http_401",
    "override_status": "missing",
    "expected_market_session": true
  },
  "total_pages": 1,
  "total_records": 211,
  "row_count_collected": 211,
  "ledger_written": true,
  "ledger_skipped_reason": null
}
[RUN] RHPL 2023-05-29
{
  "symbol": "RHPL",
  "run_date": "2023-05-29",
  "raw_path": "C:\\Users\\ishwor\\Music\\own-organize\\own-market\\market-gist\\broker_flow_ledger\\raw_merolagani\\RHPL\\2023-05-29.json",
  "ledger_path": "C:\\Users\\ishwor\\Music\\own-organize\\own-market\\market-gist\\broker_flow_ledger\\RHPL\\2023-05-29.json",
  "market_day_context": {
    "run_date": "2023-05-29",
    "weekday_name": "Monday",
    "is_nepal_trading_weekday": true,
    "holiday_validation_status": "weekday_only_unverified",
    "is_official_holiday": null,
    "holiday_title": null,
    "holiday_source": "https://www.nepalstock.com/api/nots/holiday/list?year=2023",
    "official_holiday_fetch_error": "http_401",
    "override_status": "missing",
    "expected_market_session": true
  },
  "total_pages": 0,
  "total_records": null,
  "row_count_collected": 0,
  "ledger_written": false,
  "ledger_skipped_reason": "empty_weekday_unverified"
}
[RUN] RHPL 2023-05-30
{
  "symbol": "RHPL",
  "run_date": "2023-05-30",
  "raw_path": "C:\\Users\\ishwor\\Music\\own-organize\\own-market\\market-gist\\broker_flow_ledger\\raw_merolagani\\RHPL\\2023-05-30.json",
  "ledger_path": "C:\\Users\\ishwor\\Music\\own-organize\\own-market\\market-gist\\broker_flow_ledger\\RHPL\\2023-05-30.json",
  "market_day_context": {
    "run_date": "2023-05-30",
    "weekday_name": "Tuesday",
    "is_nepal_trading_weekday": true,
    "holiday_validation_status": "weekday_only_unverified",
    "is_official_holiday": null,
    "holiday_title": null,
    "holiday_source": "https://www.nepalstock.com/api/nots/holiday/list?year=2023",
    "official_holiday_fetch_error": "http_401",
    "override_status": "missing",
    "expected_market_session": true
  },
  "total_pages": 1,
  "total_records": 127,
  "row_count_collected": 127,
  "ledger_written": true,
  "ledger_skipped_reason": null
}
[RUN] RHPL 2023-05-31
{
  "symbol": "RHPL",
  "run_date": "2023-05-31",
  "raw_path": "C:\\Users\\ishwor\\Music\\own-organize\\own-market\\market-gist\\broker_flow_ledger\\raw_merolagani\\RHPL\\2023-05-31.json",
  "ledger_path": "C:\\Users\\ishwor\\Music\\own-organize\\own-market\\market-gist\\broker_flow_ledger\\RHPL\\2023-05-31.json",
  "market_day_context": {
    "run_date": "2023-05-31",
    "weekday_name": "Wednesday",
    "is_nepal_trading_weekday": true,
    "holiday_validation_status": "weekday_only_unverified",
    "is_official_holiday": null,
    "holiday_title": null,
    "holiday_source": "https://www.nepalstock.com/api/nots/holiday/list?year=2023",
    "official_holiday_fetch_error": "http_401",
    "override_status": "missing",
    "expected_market_session": true
  },
  "total_pages": 1,
  "total_records": 136,
  "row_count_collected": 136,
  "ledger_written": true,
  "ledger_skipped_reason": null
}
[RUN] RHPL 2023-06-01
{
  "symbol": "RHPL",
  "run_date": "2023-06-01",
  "raw_path": "C:\\Users\\ishwor\\Music\\own-organize\\own-market\\market-gist\\broker_flow_ledger\\raw_merolagani\\RHPL\\2023-06-01.json",
  "ledger_path": "C:\\Users\\ishwor\\Music\\own-organize\\own-market\\market-gist\\broker_flow_ledger\\RHPL\\2023-06-01.json",
  "market_day_context": {
    "run_date": "2023-06-01",
    "weekday_name": "Thursday",
    "is_nepal_trading_weekday": true,
    "holiday_validation_status": "weekday_only_unverified",
    "is_official_holiday": null,
    "holiday_title": null,
    "holiday_source": "https://www.nepalstock.com/api/nots/holiday/list?year=2023",
    "official_holiday_fetch_error": "http_401",
    "override_status": "missing",
    "expected_market_session": true
  },
  "total_pages": 1,
  "total_records": 121,
  "row_count_collected": 121,
  "ledger_written": true,
  "ledger_skipped_reason": null
}
[RUN] RHPL 2023-06-04
{
  "symbol": "RHPL",
  "run_date": "2023-06-04",
  "raw_path": "C:\\Users\\ishwor\\Music\\own-organize\\own-market\\market-gist\\broker_flow_ledger\\raw_merolagani\\RHPL\\2023-06-04.json",
  "ledger_path": "C:\\Users\\ishwor\\Music\\own-organize\\own-market\\market-gist\\broker_flow_ledger\\RHPL\\2023-06-04.json",
  "market_day_context": {
    "run_date": "2023-06-04",
    "weekday_name": "Sunday",
    "is_nepal_trading_weekday": true,
    "holiday_validation_status": "weekday_only_unverified",
    "is_official_holiday": null,
    "holiday_title": null,
    "holiday_source": "https://www.nepalstock.com/api/nots/holiday/list?year=2023",
    "official_holiday_fetch_error": "http_401",
    "override_status": "missing",
    "expected_market_session": true
  },
  "total_pages": 1,
  "total_records": 113,
  "row_count_collected": 113,
  "ledger_written": true,
  "ledger_skipped_reason": null
}
[RUN] RHPL 2023-06-05
{
  "symbol": "RHPL",
  "run_date": "2023-06-05",
  "raw_path": "C:\\Users\\ishwor\\Music\\own-organize\\own-market\\market-gist\\broker_flow_ledger\\raw_merolagani\\RHPL\\2023-06-05.json",
  "ledger_path": "C:\\Users\\ishwor\\Music\\own-organize\\own-market\\market-gist\\broker_flow_ledger\\RHPL\\2023-06-05.json",
  "market_day_context": {
    "run_date": "2023-06-05",
    "weekday_name": "Monday",
    "is_nepal_trading_weekday": true,
    "holiday_validation_status": "weekday_only_unverified",
    "is_official_holiday": null,
    "holiday_title": null,
    "holiday_source": "https://www.nepalstock.com/api/nots/holiday/list?year=2023",
    "official_holiday_fetch_error": "http_401",
    "override_status": "missing",
    "expected_market_session": true
  },
  "total_pages": 1,
  "total_records": 165,
  "row_count_collected": 165,
  "ledger_written": true,
  "ledger_skipped_reason": null
}
[RUN] RHPL 2023-06-06
{
  "symbol": "RHPL",
  "run_date": "2023-06-06",
  "raw_path": "C:\\Users\\ishwor\\Music\\own-organize\\own-market\\market-gist\\broker_flow_ledger\\raw_merolagani\\RHPL\\2023-06-06.json",
  "ledger_path": "C:\\Users\\ishwor\\Music\\own-organize\\own-market\\market-gist\\broker_flow_ledger\\RHPL\\2023-06-06.json",
  "market_day_context": {
    "run_date": "2023-06-06",
    "weekday_name": "Tuesday",
    "is_nepal_trading_weekday": true,
    "holiday_validation_status": "weekday_only_unverified",
    "is_official_holiday": null,
    "holiday_title": null,
    "holiday_source": "https://www.nepalstock.com/api/nots/holiday/list?year=2023",
    "official_holiday_fetch_error": "http_401",
    "override_status": "missing",
    "expected_market_session": true
  },
  "total_pages": 1,
  "total_records": 387,
  "row_count_collected": 387,
  "ledger_written": true,
  "ledger_skipped_reason": null
}
[RUN] RHPL 2023-06-07
{
  "symbol": "RHPL",
  "run_date": "2023-06-07",
  "raw_path": "C:\\Users\\ishwor\\Music\\own-organize\\own-market\\market-gist\\broker_flow_ledger\\raw_merolagani\\RHPL\\2023-06-07.json",
  "ledger_path": "C:\\Users\\ishwor\\Music\\own-organize\\own-market\\market-gist\\broker_flow_ledger\\RHPL\\2023-06-07.json",
  "market_day_context": {
    "run_date": "2023-06-07",
    "weekday_name": "Wednesday",
    "is_nepal_trading_weekday": true,
    "holiday_validation_status": "weekday_only_unverified",
    "is_official_holiday": null,
    "holiday_title": null,
    "holiday_source": "https://www.nepalstock.com/api/nots/holiday/list?year=2023",
    "official_holiday_fetch_error": "http_401",
    "override_status": "missing",
    "expected_market_session": true
  },
  "total_pages": 1,
  "total_records": 423,
  "row_count_collected": 423,
  "ledger_written": true,
  "ledger_skipped_reason": null
}
[RUN] RHPL 2023-06-08
{
  "symbol": "RHPL",
  "run_date": "2023-06-08",
  "raw_path": "C:\\Users\\ishwor\\Music\\own-organize\\own-market\\market-gist\\broker_flow_ledger\\raw_merolagani\\RHPL\\2023-06-08.json",
  "ledger_path": "C:\\Users\\ishwor\\Music\\own-organize\\own-market\\market-gist\\broker_flow_ledger\\RHPL\\2023-06-08.json",
  "market_day_context": {
    "run_date": "2023-06-08",
    "weekday_name": "Thursday",
    "is_nepal_trading_weekday": true,
    "holiday_validation_status": "weekday_only_unverified",
    "is_official_holiday": null,
    "holiday_title": null,
    "holiday_source": "https://www.nepalstock.com/api/nots/holiday/list?year=2023",
    "official_holiday_fetch_error": "http_401",
    "override_status": "missing",
    "expected_market_session": true
  },
  "total_pages": 1,
  "total_records": 214,
  "row_count_collected": 214,
  "ledger_written": true,
  "ledger_skipped_reason": null
}
[RUN] RHPL 2023-06-11
{
  "symbol": "RHPL",
  "run_date": "2023-06-11",
  "raw_path": "C:\\Users\\ishwor\\Music\\own-organize\\own-market\\market-gist\\broker_flow_ledger\\raw_merolagani\\RHPL\\2023-06-11.json",
  "ledger_path": "C:\\Users\\ishwor\\Music\\own-organize\\own-market\\market-gist\\broker_flow_ledger\\RHPL\\2023-06-11.json",
  "market_day_context": {
    "run_date": "2023-06-11",
    "weekday_name": "Sunday",
    "is_nepal_trading_weekday": true,
    "holiday_validation_status": "weekday_only_unverified",
    "is_official_holiday": null,
    "holiday_title": null,
    "holiday_source": "https://www.nepalstock.com/api/nots/holiday/list?year=2023",
    "official_holiday_fetch_error": "http_401",
    "override_status": "missing",
    "expected_market_session": true
  },
  "total_pages": 1,
  "total_records": 287,
  "row_count_collected": 287,
  "ledger_written": true,
  "ledger_skipped_reason": null
}
[RUN] RHPL 2023-06-12
{
  "symbol": "RHPL",
  "run_date": "2023-06-12",
  "raw_path": "C:\\Users\\ishwor\\Music\\own-organize\\own-market\\market-gist\\broker_flow_ledger\\raw_merolagani\\RHPL\\2023-06-12.json",
  "ledger_path": "C:\\Users\\ishwor\\Music\\own-organize\\own-market\\market-gist\\broker_flow_ledger\\RHPL\\2023-06-12.json",
  "market_day_context": {
    "run_date": "2023-06-12",
    "weekday_name": "Monday",
    "is_nepal_trading_weekday": true,
    "holiday_validation_status": "weekday_only_unverified",
    "is_official_holiday": null,
    "holiday_title": null,
    "holiday_source": "https://www.nepalstock.com/api/nots/holiday/list?year=2023",
    "official_holiday_fetch_error": "http_401",
    "override_status": "missing",
    "expected_market_session": true
  },
  "total_pages": 1,
  "total_records": 201,
  "row_count_collected": 201,
  "ledger_written": true,
  "ledger_skipped_reason": null
}
[RUN] RHPL 2023-06-13
{
  "symbol": "RHPL",
  "run_date": "2023-06-13",
  "raw_path": "C:\\Users\\ishwor\\Music\\own-organize\\own-market\\market-gist\\broker_flow_ledger\\raw_merolagani\\RHPL\\2023-06-13.json",
  "ledger_path": "C:\\Users\\ishwor\\Music\\own-organize\\own-market\\market-gist\\broker_flow_ledger\\RHPL\\2023-06-13.json",
  "market_day_context": {
    "run_date": "2023-06-13",
    "weekday_name": "Tuesday",
    "is_nepal_trading_weekday": true,
    "holiday_validation_status": "weekday_only_unverified",
    "is_official_holiday": null,
    "holiday_title": null,
    "holiday_source": "https://www.nepalstock.com/api/nots/holiday/list?year=2023",
    "official_holiday_fetch_error": "http_401",
    "override_status": "missing",
    "expected_market_session": true
  },
  "total_pages": 2,
  "total_records": 511,
  "row_count_collected": 511,
  "ledger_written": true,
  "ledger_skipped_reason": null
}
[RUN] RHPL 2023-06-14
{
  "symbol": "RHPL",
  "run_date": "2023-06-14",
  "raw_path": "C:\\Users\\ishwor\\Music\\own-organize\\own-market\\market-gist\\broker_flow_ledger\\raw_merolagani\\RHPL\\2023-06-14.json",
  "ledger_path": "C:\\Users\\ishwor\\Music\\own-organize\\own-market\\market-gist\\broker_flow_ledger\\RHPL\\2023-06-14.json",
  "market_day_context": {
    "run_date": "2023-06-14",
    "weekday_name": "Wednesday",
    "is_nepal_trading_weekday": true,
    "holiday_validation_status": "weekday_only_unverified",
    "is_official_holiday": null,
    "holiday_title": null,
    "holiday_source": "https://www.nepalstock.com/api/nots/holiday/list?year=2023",
    "official_holiday_fetch_error": "http_401",
    "override_status": "missing",
    "expected_market_session": true
  },
  "total_pages": 1,
  "total_records": 492,
  "row_count_collected": 492,
  "ledger_written": true,
  "ledger_skipped_reason": null
}
[RUN] RHPL 2023-06-15
{
  "symbol": "RHPL",
  "run_date": "2023-06-15",
  "raw_path": "C:\\Users\\ishwor\\Music\\own-organize\\own-market\\market-gist\\broker_flow_ledger\\raw_merolagani\\RHPL\\2023-06-15.json",
  "ledger_path": "C:\\Users\\ishwor\\Music\\own-organize\\own-market\\market-gist\\broker_flow_ledger\\RHPL\\2023-06-15.json",
  "market_day_context": {
    "run_date": "2023-06-15",
    "weekday_name": "Thursday",
    "is_nepal_trading_weekday": true,
    "holiday_validation_status": "weekday_only_unverified",
    "is_official_holiday": null,
    "holiday_title": null,
    "holiday_source": "https://www.nepalstock.com/api/nots/holiday/list?year=2023",
    "official_holiday_fetch_error": "http_401",
    "override_status": "missing",
    "expected_market_session": true
  },
  "total_pages": 1,
  "total_records": 310,
  "row_count_collected": 310,
  "ledger_written": true,
  "ledger_skipped_reason": null
}
[RUN] RHPL 2023-06-18
{
  "symbol": "RHPL",
  "run_date": "2023-06-18",
  "raw_path": "C:\\Users\\ishwor\\Music\\own-organize\\own-market\\market-gist\\broker_flow_ledger\\raw_merolagani\\RHPL\\2023-06-18.json",
  "ledger_path": "C:\\Users\\ishwor\\Music\\own-organize\\own-market\\market-gist\\broker_flow_ledger\\RHPL\\2023-06-18.json",
  "market_day_context": {
    "run_date": "2023-06-18",
    "weekday_name": "Sunday",
    "is_nepal_trading_weekday": true,
    "holiday_validation_status": "weekday_only_unverified",
    "is_official_holiday": null,
    "holiday_title": null,
    "holiday_source": "https://www.nepalstock.com/api/nots/holiday/list?year=2023",
    "official_holiday_fetch_error": "http_401",
    "override_status": "missing",
    "expected_market_session": true
  },
  "total_pages": 2,
  "total_records": 634,
  "row_count_collected": 634,
  "ledger_written": true,
  "ledger_skipped_reason": null
}
[RUN] RHPL 2023-06-19
{
  "symbol": "RHPL",
  "run_date": "2023-06-19",
  "raw_path": "C:\\Users\\ishwor\\Music\\own-organize\\own-market\\market-gist\\broker_flow_ledger\\raw_merolagani\\RHPL\\2023-06-19.json",
  "ledger_path": "C:\\Users\\ishwor\\Music\\own-organize\\own-market\\market-gist\\broker_flow_ledger\\RHPL\\2023-06-19.json",
  "market_day_context": {
    "run_date": "2023-06-19",
    "weekday_name": "Monday",
    "is_nepal_trading_weekday": true,
    "holiday_validation_status": "weekday_only_unverified",
    "is_official_holiday": null,
    "holiday_title": null,
    "holiday_source": "https://www.nepalstock.com/api/nots/holiday/list?year=2023",
    "official_holiday_fetch_error": "http_401",
    "override_status": "missing",
    "expected_market_session": true
  },
  "total_pages": 1,
  "total_records": 335,
  "row_count_collected": 335,
  "ledger_written": true,
  "ledger_skipped_reason": null
}
[RUN] RHPL 2023-06-20
{
  "symbol": "RHPL",
  "run_date": "2023-06-20",
  "raw_path": "C:\\Users\\ishwor\\Music\\own-organize\\own-market\\market-gist\\broker_flow_ledger\\raw_merolagani\\RHPL\\2023-06-20.json",
  "ledger_path": "C:\\Users\\ishwor\\Music\\own-organize\\own-market\\market-gist\\broker_flow_ledger\\RHPL\\2023-06-20.json",
  "market_day_context": {
    "run_date": "2023-06-20",
    "weekday_name": "Tuesday",
    "is_nepal_trading_weekday": true,
    "holiday_validation_status": "weekday_only_unverified",
    "is_official_holiday": null,
    "holiday_title": null,
    "holiday_source": "https://www.nepalstock.com/api/nots/holiday/list?year=2023",
    "official_holiday_fetch_error": "http_401",
    "override_status": "missing",
    "expected_market_session": true
  },
  "total_pages": 1,
  "total_records": 376,
  "row_count_collected": 376,
  "ledger_written": true,
  "ledger_skipped_reason": null
}
[RUN] RHPL 2023-06-21
{
  "symbol": "RHPL",
  "run_date": "2023-06-21",
  "raw_path": "C:\\Users\\ishwor\\Music\\own-organize\\own-market\\market-gist\\broker_flow_ledger\\raw_merolagani\\RHPL\\2023-06-21.json",
  "ledger_path": "C:\\Users\\ishwor\\Music\\own-organize\\own-market\\market-gist\\broker_flow_ledger\\RHPL\\2023-06-21.json",
  "market_day_context": {
    "run_date": "2023-06-21",
    "weekday_name": "Wednesday",
    "is_nepal_trading_weekday": true,
    "holiday_validation_status": "weekday_only_unverified",
    "is_official_holiday": null,
    "holiday_title": null,
    "holiday_source": "https://www.nepalstock.com/api/nots/holiday/list?year=2023",
    "official_holiday_fetch_error": "http_401",
    "override_status": "missing",
    "expected_market_session": true
  },
  "total_pages": 1,
  "total_records": 341,
  "row_count_collected": 341,
  "ledger_written": true,
  "ledger_skipped_reason": null
}
[RUN] RHPL 2023-06-22
{
  "symbol": "RHPL",
  "run_date": "2023-06-22",
  "raw_path": "C:\\Users\\ishwor\\Music\\own-organize\\own-market\\market-gist\\broker_flow_ledger\\raw_merolagani\\RHPL\\2023-06-22.json",
  "ledger_path": "C:\\Users\\ishwor\\Music\\own-organize\\own-market\\market-gist\\broker_flow_ledger\\RHPL\\2023-06-22.json",
  "market_day_context": {
    "run_date": "2023-06-22",
    "weekday_name": "Thursday",
    "is_nepal_trading_weekday": true,
    "holiday_validation_status": "weekday_only_unverified",
    "is_official_holiday": null,
    "holiday_title": null,
    "holiday_source": "https://www.nepalstock.com/api/nots/holiday/list?year=2023",
    "official_holiday_fetch_error": "http_401",
    "override_status": "missing",
    "expected_market_session": true
  },
  "total_pages": 1,
  "total_records": 305,
  "row_count_collected": 305,
  "ledger_written": true,
  "ledger_skipped_reason": null
}
[RUN] RHPL 2023-06-25
{
  "symbol": "RHPL",
  "run_date": "2023-06-25",
  "raw_path": "C:\\Users\\ishwor\\Music\\own-organize\\own-market\\market-gist\\broker_flow_ledger\\raw_merolagani\\RHPL\\2023-06-25.json",
  "ledger_path": "C:\\Users\\ishwor\\Music\\own-organize\\own-market\\market-gist\\broker_flow_ledger\\RHPL\\2023-06-25.json",
  "market_day_context": {
    "run_date": "2023-06-25",
    "weekday_name": "Sunday",
    "is_nepal_trading_weekday": true,
    "holiday_validation_status": "weekday_only_unverified",
    "is_official_holiday": null,
    "holiday_title": null,
    "holiday_source": "https://www.nepalstock.com/api/nots/holiday/list?year=2023",
    "official_holiday_fetch_error": "http_401",
    "override_status": "missing",
    "expected_market_session": true
  },
  "total_pages": 1,
  "total_records": 385,
  "row_count_collected": 385,
  "ledger_written": true,
  "ledger_skipped_reason": null
}
[RUN] RHPL 2023-06-26
{
  "symbol": "RHPL",
  "run_date": "2023-06-26",
  "raw_path": "C:\\Users\\ishwor\\Music\\own-organize\\own-market\\market-gist\\broker_flow_ledger\\raw_merolagani\\RHPL\\2023-06-26.json",
  "ledger_path": "C:\\Users\\ishwor\\Music\\own-organize\\own-market\\market-gist\\broker_flow_ledger\\RHPL\\2023-06-26.json",
  "market_day_context": {
    "run_date": "2023-06-26",
    "weekday_name": "Monday",
    "is_nepal_trading_weekday": true,
    "holiday_validation_status": "weekday_only_unverified",
    "is_official_holiday": null,
    "holiday_title": null,
    "holiday_source": "https://www.nepalstock.com/api/nots/holiday/list?year=2023",
    "official_holiday_fetch_error": "http_401",
    "override_status": "missing",
    "expected_market_session": true
  },
  "total_pages": 1,
  "total_records": 259,
  "row_count_collected": 259,
  "ledger_written": true,
  "ledger_skipped_reason": null
}
[RUN] RHPL 2023-06-27
{
  "symbol": "RHPL",
  "run_date": "2023-06-27",
  "raw_path": "C:\\Users\\ishwor\\Music\\own-organize\\own-market\\market-gist\\broker_flow_ledger\\raw_merolagani\\RHPL\\2023-06-27.json",
  "ledger_path": "C:\\Users\\ishwor\\Music\\own-organize\\own-market\\market-gist\\broker_flow_ledger\\RHPL\\2023-06-27.json",
  "market_day_context": {
    "run_date": "2023-06-27",
    "weekday_name": "Tuesday",
    "is_nepal_trading_weekday": true,
    "holiday_validation_status": "weekday_only_unverified",
    "is_official_holiday": null,
    "holiday_title": null,
    "holiday_source": "https://www.nepalstock.com/api/nots/holiday/list?year=2023",
    "official_holiday_fetch_error": "http_401",
    "override_status": "missing",
    "expected_market_session": true
  },
  "total_pages": 1,
  "total_records": 294,
  "row_count_collected": 294,
  "ledger_written": true,
  "ledger_skipped_reason": null
}
[RUN] RHPL 2023-06-28
{
  "symbol": "RHPL",
  "run_date": "2023-06-28",
  "raw_path": "C:\\Users\\ishwor\\Music\\own-organize\\own-market\\market-gist\\broker_flow_ledger\\raw_merolagani\\RHPL\\2023-06-28.json",
  "ledger_path": "C:\\Users\\ishwor\\Music\\own-organize\\own-market\\market-gist\\broker_flow_ledger\\RHPL\\2023-06-28.json",
  "market_day_context": {
    "run_date": "2023-06-28",
    "weekday_name": "Wednesday",
    "is_nepal_trading_weekday": true,
    "holiday_validation_status": "weekday_only_unverified",
    "is_official_holiday": null,
    "holiday_title": null,
    "holiday_source": "https://www.nepalstock.com/api/nots/holiday/list?year=2023",
    "official_holiday_fetch_error": "http_401",
    "override_status": "missing",
    "expected_market_session": true
  },
  "total_pages": 1,
  "total_records": 240,
  "row_count_collected": 240,
  "ledger_written": true,
  "ledger_skipped_reason": null
}
[RUN] RHPL 2023-06-29
{
  "symbol": "RHPL",
  "run_date": "2023-06-29",
  "raw_path": "C:\\Users\\ishwor\\Music\\own-organize\\own-market\\market-gist\\broker_flow_ledger\\raw_merolagani\\RHPL\\2023-06-29.json",
  "ledger_path": "C:\\Users\\ishwor\\Music\\own-organize\\own-market\\market-gist\\broker_flow_ledger\\RHPL\\2023-06-29.json",
  "market_day_context": {
    "run_date": "2023-06-29",
    "weekday_name": "Thursday",
    "is_nepal_trading_weekday": true,
    "holiday_validation_status": "weekday_only_unverified",
    "is_official_holiday": null,
    "holiday_title": null,
    "holiday_source": "https://www.nepalstock.com/api/nots/holiday/list?year=2023",
    "official_holiday_fetch_error": "http_401",
    "override_status": "missing",
    "expected_market_session": true
  },
  "total_pages": 0,
  "total_records": null,
  "row_count_collected": 0,
  "ledger_written": false,
  "ledger_skipped_reason": "empty_weekday_unverified"
}
[RUN] RHPL 2023-07-02
{
  "symbol": "RHPL",
  "run_date": "2023-07-02",
  "raw_path": "C:\\Users\\ishwor\\Music\\own-organize\\own-market\\market-gist\\broker_flow_ledger\\raw_merolagani\\RHPL\\2023-07-02.json",
  "ledger_path": "C:\\Users\\ishwor\\Music\\own-organize\\own-market\\market-gist\\broker_flow_ledger\\RHPL\\2023-07-02.json",
  "market_day_context": {
    "run_date": "2023-07-02",
    "weekday_name": "Sunday",
    "is_nepal_trading_weekday": true,
    "holiday_validation_status": "weekday_only_unverified",
    "is_official_holiday": null,
    "holiday_title": null,
    "holiday_source": "https://www.nepalstock.com/api/nots/holiday/list?year=2023",
    "official_holiday_fetch_error": "http_401",
    "override_status": "missing",
    "expected_market_session": true
  },
  "total_pages": 1,
  "total_records": 336,
  "row_count_collected": 336,
  "ledger_written": true,
  "ledger_skipped_reason": null
}
[RUN] RHPL 2023-07-03
{
  "symbol": "RHPL",
  "run_date": "2023-07-03",
  "raw_path": "C:\\Users\\ishwor\\Music\\own-organize\\own-market\\market-gist\\broker_flow_ledger\\raw_merolagani\\RHPL\\2023-07-03.json",
  "ledger_path": "C:\\Users\\ishwor\\Music\\own-organize\\own-market\\market-gist\\broker_flow_ledger\\RHPL\\2023-07-03.json",
  "market_day_context": {
    "run_date": "2023-07-03",
    "weekday_name": "Monday",
    "is_nepal_trading_weekday": true,
    "holiday_validation_status": "weekday_only_unverified",
    "is_official_holiday": null,
    "holiday_title": null,
    "holiday_source": "https://www.nepalstock.com/api/nots/holiday/list?year=2023",
    "official_holiday_fetch_error": "http_401",
    "override_status": "missing",
    "expected_market_session": true
  },
  "total_pages": 1,
  "total_records": 214,
  "row_count_collected": 214,
  "ledger_written": true,
  "ledger_skipped_reason": null
}
[RUN] RHPL 2023-07-04
{
  "symbol": "RHPL",
  "run_date": "2023-07-04",
  "raw_path": "C:\\Users\\ishwor\\Music\\own-organize\\own-market\\market-gist\\broker_flow_ledger\\raw_merolagani\\RHPL\\2023-07-04.json",
  "ledger_path": "C:\\Users\\ishwor\\Music\\own-organize\\own-market\\market-gist\\broker_flow_ledger\\RHPL\\2023-07-04.json",
  "market_day_context": {
    "run_date": "2023-07-04",
    "weekday_name": "Tuesday",
    "is_nepal_trading_weekday": true,
    "holiday_validation_status": "weekday_only_unverified",
    "is_official_holiday": null,
    "holiday_title": null,
    "holiday_source": "https://www.nepalstock.com/api/nots/holiday/list?year=2023",
    "official_holiday_fetch_error": "http_401",
    "override_status": "missing",
    "expected_market_session": true
  },
  "total_pages": 1,
  "total_records": 193,
  "row_count_collected": 193,
  "ledger_written": true,
  "ledger_skipped_reason": null
}
[RUN] RHPL 2023-07-05
{
  "symbol": "RHPL",
  "run_date": "2023-07-05",
  "raw_path": "C:\\Users\\ishwor\\Music\\own-organize\\own-market\\market-gist\\broker_flow_ledger\\raw_merolagani\\RHPL\\2023-07-05.json",
  "ledger_path": "C:\\Users\\ishwor\\Music\\own-organize\\own-market\\market-gist\\broker_flow_ledger\\RHPL\\2023-07-05.json",
  "market_day_context": {
    "run_date": "2023-07-05",
    "weekday_name": "Wednesday",
    "is_nepal_trading_weekday": true,
    "holiday_validation_status": "weekday_only_unverified",
    "is_official_holiday": null,
    "holiday_title": null,
    "holiday_source": "https://www.nepalstock.com/api/nots/holiday/list?year=2023",
    "official_holiday_fetch_error": "http_401",
    "override_status": "missing",
    "expected_market_session": true
  },
  "total_pages": 1,
  "total_records": 178,
  "row_count_collected": 178,
  "ledger_written": true,
  "ledger_skipped_reason": null
}
[RUN] RHPL 2023-07-06
{
  "symbol": "RHPL",
  "run_date": "2023-07-06",
  "raw_path": "C:\\Users\\ishwor\\Music\\own-organize\\own-market\\market-gist\\broker_flow_ledger\\raw_merolagani\\RHPL\\2023-07-06.json",
  "ledger_path": "C:\\Users\\ishwor\\Music\\own-organize\\own-market\\market-gist\\broker_flow_ledger\\RHPL\\2023-07-06.json",
  "market_day_context": {
    "run_date": "2023-07-06",
    "weekday_name": "Thursday",
    "is_nepal_trading_weekday": true,
    "holiday_validation_status": "weekday_only_unverified",
    "is_official_holiday": null,
    "holiday_title": null,
    "holiday_source": "https://www.nepalstock.com/api/nots/holiday/list?year=2023",
    "official_holiday_fetch_error": "http_401",
    "override_status": "missing",
    "expected_market_session": true
  },
  "total_pages": 1,
  "total_records": 165,
  "row_count_collected": 165,
  "ledger_written": true,
  "ledger_skipped_reason": null
}
[RUN] RHPL 2023-07-09
{
  "symbol": "RHPL",
  "run_date": "2023-07-09",
  "raw_path": "C:\\Users\\ishwor\\Music\\own-organize\\own-market\\market-gist\\broker_flow_ledger\\raw_merolagani\\RHPL\\2023-07-09.json",
  "ledger_path": "C:\\Users\\ishwor\\Music\\own-organize\\own-market\\market-gist\\broker_flow_ledger\\RHPL\\2023-07-09.json",
  "market_day_context": {
    "run_date": "2023-07-09",
    "weekday_name": "Sunday",
    "is_nepal_trading_weekday": true,
    "holiday_validation_status": "weekday_only_unverified",
    "is_official_holiday": null,
    "holiday_title": null,
    "holiday_source": "https://www.nepalstock.com/api/nots/holiday/list?year=2023",
    "official_holiday_fetch_error": "http_401",
    "override_status": "missing",
    "expected_market_session": true
  },
  "total_pages": 1,
  "total_records": 169,
  "row_count_collected": 169,
  "ledger_written": true,
  "ledger_skipped_reason": null
}
[RUN] RHPL 2023-07-10
{
  "symbol": "RHPL",
  "run_date": "2023-07-10",
  "raw_path": "C:\\Users\\ishwor\\Music\\own-organize\\own-market\\market-gist\\broker_flow_ledger\\raw_merolagani\\RHPL\\2023-07-10.json",
  "ledger_path": "C:\\Users\\ishwor\\Music\\own-organize\\own-market\\market-gist\\broker_flow_ledger\\RHPL\\2023-07-10.json",
  "market_day_context": {
    "run_date": "2023-07-10",
    "weekday_name": "Monday",
    "is_nepal_trading_weekday": true,
    "holiday_validation_status": "weekday_only_unverified",
    "is_official_holiday": null,
    "holiday_title": null,
    "holiday_source": "https://www.nepalstock.com/api/nots/holiday/list?year=2023",
    "official_holiday_fetch_error": "http_401",
    "override_status": "missing",
    "expected_market_session": true
  },
  "total_pages": 1,
  "total_records": 222,
  "row_count_collected": 222,
  "ledger_written": true,
  "ledger_skipped_reason": null
}
[RUN] RHPL 2023-07-11
{
  "symbol": "RHPL",
  "run_date": "2023-07-11",
  "raw_path": "C:\\Users\\ishwor\\Music\\own-organize\\own-market\\market-gist\\broker_flow_ledger\\raw_merolagani\\RHPL\\2023-07-11.json",
  "ledger_path": "C:\\Users\\ishwor\\Music\\own-organize\\own-market\\market-gist\\broker_flow_ledger\\RHPL\\2023-07-11.json",
  "market_day_context": {
    "run_date": "2023-07-11",
    "weekday_name": "Tuesday",
    "is_nepal_trading_weekday": true,
    "holiday_validation_status": "weekday_only_unverified",
    "is_official_holiday": null,
    "holiday_title": null,
    "holiday_source": "https://www.nepalstock.com/api/nots/holiday/list?year=2023",
    "official_holiday_fetch_error": "http_401",
    "override_status": "missing",
    "expected_market_session": true
  },
  "total_pages": 1,
  "total_records": 172,
  "row_count_collected": 172,
  "ledger_written": true,
  "ledger_skipped_reason": null
}
[RUN] RHPL 2023-07-12
{
  "symbol": "RHPL",
  "run_date": "2023-07-12",
  "raw_path": "C:\\Users\\ishwor\\Music\\own-organize\\own-market\\market-gist\\broker_flow_ledger\\raw_merolagani\\RHPL\\2023-07-12.json",
  "ledger_path": "C:\\Users\\ishwor\\Music\\own-organize\\own-market\\market-gist\\broker_flow_ledger\\RHPL\\2023-07-12.json",
  "market_day_context": {
    "run_date": "2023-07-12",
    "weekday_name": "Wednesday",
    "is_nepal_trading_weekday": true,
    "holiday_validation_status": "weekday_only_unverified",
    "is_official_holiday": null,
    "holiday_title": null,
    "holiday_source": "https://www.nepalstock.com/api/nots/holiday/list?year=2023",
    "official_holiday_fetch_error": "http_401",
    "override_status": "missing",
    "expected_market_session": true
  },
  "total_pages": 1,
  "total_records": 216,
  "row_count_collected": 216,
  "ledger_written": true,
  "ledger_skipped_reason": null
}
[RUN] RHPL 2023-07-13
{
  "symbol": "RHPL",
  "run_date": "2023-07-13",
  "raw_path": "C:\\Users\\ishwor\\Music\\own-organize\\own-market\\market-gist\\broker_flow_ledger\\raw_merolagani\\RHPL\\2023-07-13.json",
  "ledger_path": "C:\\Users\\ishwor\\Music\\own-organize\\own-market\\market-gist\\broker_flow_ledger\\RHPL\\2023-07-13.json",
  "market_day_context": {
    "run_date": "2023-07-13",
    "weekday_name": "Thursday",
    "is_nepal_trading_weekday": true,
    "holiday_validation_status": "weekday_only_unverified",
    "is_official_holiday": null,
    "holiday_title": null,
    "holiday_source": "https://www.nepalstock.com/api/nots/holiday/list?year=2023",
    "official_holiday_fetch_error": "http_401",
    "override_status": "missing",
    "expected_market_session": true
  },
  "total_pages": 1,
  "total_records": 223,
  "row_count_collected": 223,
  "ledger_written": true,
  "ledger_skipped_reason": null
}
[RUN] RHPL 2023-07-16
{
  "symbol": "RHPL",
  "run_date": "2023-07-16",
  "raw_path": "C:\\Users\\ishwor\\Music\\own-organize\\own-market\\market-gist\\broker_flow_ledger\\raw_merolagani\\RHPL\\2023-07-16.json",
  "ledger_path": "C:\\Users\\ishwor\\Music\\own-organize\\own-market\\market-gist\\broker_flow_ledger\\RHPL\\2023-07-16.json",
  "market_day_context": {
    "run_date": "2023-07-16",
    "weekday_name": "Sunday",
    "is_nepal_trading_weekday": true,
    "holiday_validation_status": "weekday_only_unverified",
    "is_official_holiday": null,
    "holiday_title": null,
    "holiday_source": "https://www.nepalstock.com/api/nots/holiday/list?year=2023",
    "official_holiday_fetch_error": "http_401",
    "override_status": "missing",
    "expected_market_session": true
  },
  "total_pages": 1,
  "total_records": 123,
  "row_count_collected": 123,
  "ledger_written": true,
  "ledger_skipped_reason": null
}
[RUN] RHPL 2023-07-17
{
  "symbol": "RHPL",
  "run_date": "2023-07-17",
  "raw_path": "C:\\Users\\ishwor\\Music\\own-organize\\own-market\\market-gist\\broker_flow_ledger\\raw_merolagani\\RHPL\\2023-07-17.json",
  "ledger_path": "C:\\Users\\ishwor\\Music\\own-organize\\own-market\\market-gist\\broker_flow_ledger\\RHPL\\2023-07-17.json",
  "market_day_context": {
    "run_date": "2023-07-17",
    "weekday_name": "Monday",
    "is_nepal_trading_weekday": true,
    "holiday_validation_status": "weekday_only_unverified",
    "is_official_holiday": null,
    "holiday_title": null,
    "holiday_source": "https://www.nepalstock.com/api/nots/holiday/list?year=2023",
    "official_holiday_fetch_error": "http_401",
    "override_status": "missing",
    "expected_market_session": true
  },
  "total_pages": 1,
  "total_records": 131,
  "row_count_collected": 131,
  "ledger_written": true,
  "ledger_skipped_reason": null
}
[RUN] RHPL 2023-07-18
{
  "symbol": "RHPL",
  "run_date": "2023-07-18",
  "raw_path": "C:\\Users\\ishwor\\Music\\own-organize\\own-market\\market-gist\\broker_flow_ledger\\raw_merolagani\\RHPL\\2023-07-18.json",
  "ledger_path": "C:\\Users\\ishwor\\Music\\own-organize\\own-market\\market-gist\\broker_flow_ledger\\RHPL\\2023-07-18.json",
  "market_day_context": {
    "run_date": "2023-07-18",
    "weekday_name": "Tuesday",
    "is_nepal_trading_weekday": true,
    "holiday_validation_status": "weekday_only_unverified",
    "is_official_holiday": null,
    "holiday_title": null,
    "holiday_source": "https://www.nepalstock.com/api/nots/holiday/list?year=2023",
    "official_holiday_fetch_error": "http_401",
    "override_status": "missing",
    "expected_market_session": true
  },
  "total_pages": 1,
  "total_records": 101,
  "row_count_collected": 101,
  "ledger_written": true,
  "ledger_skipped_reason": null
}
[RUN] RHPL 2023-07-19
{
  "symbol": "RHPL",
  "run_date": "2023-07-19",
  "raw_path": "C:\\Users\\ishwor\\Music\\own-organize\\own-market\\market-gist\\broker_flow_ledger\\raw_merolagani\\RHPL\\2023-07-19.json",
  "ledger_path": "C:\\Users\\ishwor\\Music\\own-organize\\own-market\\market-gist\\broker_flow_ledger\\RHPL\\2023-07-19.json",
  "market_day_context": {
    "run_date": "2023-07-19",
    "weekday_name": "Wednesday",
    "is_nepal_trading_weekday": true,
    "holiday_validation_status": "weekday_only_unverified",
    "is_official_holiday": null,
    "holiday_title": null,
    "holiday_source": "https://www.nepalstock.com/api/nots/holiday/list?year=2023",
    "official_holiday_fetch_error": "http_401",
    "override_status": "missing",
    "expected_market_session": true
  },
  "total_pages": 1,
  "total_records": 136,
  "row_count_collected": 136,
  "ledger_written": true,
  "ledger_skipped_reason": null
}
[RUN] RHPL 2023-07-20
{
  "symbol": "RHPL",
  "run_date": "2023-07-20",
  "raw_path": "C:\\Users\\ishwor\\Music\\own-organize\\own-market\\market-gist\\broker_flow_ledger\\raw_merolagani\\RHPL\\2023-07-20.json",
  "ledger_path": "C:\\Users\\ishwor\\Music\\own-organize\\own-market\\market-gist\\broker_flow_ledger\\RHPL\\2023-07-20.json",
  "market_day_context": {
    "run_date": "2023-07-20",
    "weekday_name": "Thursday",
    "is_nepal_trading_weekday": true,
    "holiday_validation_status": "weekday_only_unverified",
    "is_official_holiday": null,
    "holiday_title": null,
    "holiday_source": "https://www.nepalstock.com/api/nots/holiday/list?year=2023",
    "official_holiday_fetch_error": "http_401",
    "override_status": "missing",
    "expected_market_session": true
  },
  "total_pages": 1,
  "total_records": 175,
  "row_count_collected": 175,
  "ledger_written": true,
  "ledger_skipped_reason": null
}
[RUN] RHPL 2023-07-23
{
  "symbol": "RHPL",
  "run_date": "2023-07-23",
  "raw_path": "C:\\Users\\ishwor\\Music\\own-organize\\own-market\\market-gist\\broker_flow_ledger\\raw_merolagani\\RHPL\\2023-07-23.json",
  "ledger_path": "C:\\Users\\ishwor\\Music\\own-organize\\own-market\\market-gist\\broker_flow_ledger\\RHPL\\2023-07-23.json",
  "market_day_context": {
    "run_date": "2023-07-23",
    "weekday_name": "Sunday",
    "is_nepal_trading_weekday": true,
    "holiday_validation_status": "weekday_only_unverified",
    "is_official_holiday": null,
    "holiday_title": null,
    "holiday_source": "https://www.nepalstock.com/api/nots/holiday/list?year=2023",
    "official_holiday_fetch_error": "http_401",
    "override_status": "missing",
    "expected_market_session": true
  },
  "total_pages": 1,
  "total_records": 275,
  "row_count_collected": 275,
  "ledger_written": true,
  "ledger_skipped_reason": null
}
[RUN] RHPL 2023-07-24
{
  "symbol": "RHPL",
  "run_date": "2023-07-24",
  "raw_path": "C:\\Users\\ishwor\\Music\\own-organize\\own-market\\market-gist\\broker_flow_ledger\\raw_merolagani\\RHPL\\2023-07-24.json",
  "ledger_path": "C:\\Users\\ishwor\\Music\\own-organize\\own-market\\market-gist\\broker_flow_ledger\\RHPL\\2023-07-24.json",
  "market_day_context": {
    "run_date": "2023-07-24",
    "weekday_name": "Monday",
    "is_nepal_trading_weekday": true,
    "holiday_validation_status": "weekday_only_unverified",
    "is_official_holiday": null,
    "holiday_title": null,
    "holiday_source": "https://www.nepalstock.com/api/nots/holiday/list?year=2023",
    "official_holiday_fetch_error": "http_401",
    "override_status": "missing",
    "expected_market_session": true
  },
  "total_pages": 1,
  "total_records": 212,
  "row_count_collected": 212,
  "ledger_written": true,
  "ledger_skipped_reason": null
}
[RUN] RHPL 2023-07-25
{
  "symbol": "RHPL",
  "run_date": "2023-07-25",
  "raw_path": "C:\\Users\\ishwor\\Music\\own-organize\\own-market\\market-gist\\broker_flow_ledger\\raw_merolagani\\RHPL\\2023-07-25.json",
  "ledger_path": "C:\\Users\\ishwor\\Music\\own-organize\\own-market\\market-gist\\broker_flow_ledger\\RHPL\\2023-07-25.json",
  "market_day_context": {
    "run_date": "2023-07-25",
    "weekday_name": "Tuesday",
    "is_nepal_trading_weekday": true,
    "holiday_validation_status": "weekday_only_unverified",
    "is_official_holiday": null,
    "holiday_title": null,
    "holiday_source": "https://www.nepalstock.com/api/nots/holiday/list?year=2023",
    "official_holiday_fetch_error": "http_401",
    "override_status": "missing",
    "expected_market_session": true
  },
  "total_pages": 1,
  "total_records": 152,
  "row_count_collected": 152,
  "ledger_written": true,
  "ledger_skipped_reason": null
}
[RUN] RHPL 2023-07-26
{
  "symbol": "RHPL",
  "run_date": "2023-07-26",
  "raw_path": "C:\\Users\\ishwor\\Music\\own-organize\\own-market\\market-gist\\broker_flow_ledger\\raw_merolagani\\RHPL\\2023-07-26.json",
  "ledger_path": "C:\\Users\\ishwor\\Music\\own-organize\\own-market\\market-gist\\broker_flow_ledger\\RHPL\\2023-07-26.json",
  "market_day_context": {
    "run_date": "2023-07-26",
    "weekday_name": "Wednesday",
    "is_nepal_trading_weekday": true,
    "holiday_validation_status": "weekday_only_unverified",
    "is_official_holiday": null,
    "holiday_title": null,
    "holiday_source": "https://www.nepalstock.com/api/nots/holiday/list?year=2023",
    "official_holiday_fetch_error": "http_401",
    "override_status": "missing",
    "expected_market_session": true
  },
  "total_pages": 1,
  "total_records": 128,
  "row_count_collected": 128,
  "ledger_written": true,
  "ledger_skipped_reason": null
}
[RUN] RHPL 2023-07-27
{
  "symbol": "RHPL",
  "run_date": "2023-07-27",
  "raw_path": "C:\\Users\\ishwor\\Music\\own-organize\\own-market\\market-gist\\broker_flow_ledger\\raw_merolagani\\RHPL\\2023-07-27.json",
  "ledger_path": "C:\\Users\\ishwor\\Music\\own-organize\\own-market\\market-gist\\broker_flow_ledger\\RHPL\\2023-07-27.json",
  "market_day_context": {
    "run_date": "2023-07-27",
    "weekday_name": "Thursday",
    "is_nepal_trading_weekday": true,
    "holiday_validation_status": "weekday_only_unverified",
    "is_official_holiday": null,
    "holiday_title": null,
    "holiday_source": "https://www.nepalstock.com/api/nots/holiday/list?year=2023",
    "official_holiday_fetch_error": "http_401",
    "override_status": "missing",
    "expected_market_session": true
  },
  "total_pages": 1,
  "total_records": 135,
  "row_count_collected": 135,
  "ledger_written": true,
  "ledger_skipped_reason": null
}
[RUN] RHPL 2023-07-30
{
  "symbol": "RHPL",
  "run_date": "2023-07-30",
  "raw_path": "C:\\Users\\ishwor\\Music\\own-organize\\own-market\\market-gist\\broker_flow_ledger\\raw_merolagani\\RHPL\\2023-07-30.json",
  "ledger_path": "C:\\Users\\ishwor\\Music\\own-organize\\own-market\\market-gist\\broker_flow_ledger\\RHPL\\2023-07-30.json",
  "market_day_context": {
    "run_date": "2023-07-30",
    "weekday_name": "Sunday",
    "is_nepal_trading_weekday": true,
    "holiday_validation_status": "weekday_only_unverified",
    "is_official_holiday": null,
    "holiday_title": null,
    "holiday_source": "https://www.nepalstock.com/api/nots/holiday/list?year=2023",
    "official_holiday_fetch_error": "http_401",
    "override_status": "missing",
    "expected_market_session": true
  },
  "total_pages": 1,
  "total_records": 141,
  "row_count_collected": 141,
  "ledger_written": true,
  "ledger_skipped_reason": null
}
[RUN] RHPL 2023-07-31
{
  "symbol": "RHPL",
  "run_date": "2023-07-31",
  "raw_path": "C:\\Users\\ishwor\\Music\\own-organize\\own-market\\market-gist\\broker_flow_ledger\\raw_merolagani\\RHPL\\2023-07-31.json",
  "ledger_path": "C:\\Users\\ishwor\\Music\\own-organize\\own-market\\market-gist\\broker_flow_ledger\\RHPL\\2023-07-31.json",
  "market_day_context": {
    "run_date": "2023-07-31",
    "weekday_name": "Monday",
    "is_nepal_trading_weekday": true,
    "holiday_validation_status": "weekday_only_unverified",
    "is_official_holiday": null,
    "holiday_title": null,
    "holiday_source": "https://www.nepalstock.com/api/nots/holiday/list?year=2023",
    "official_holiday_fetch_error": "http_401",
    "override_status": "missing",
    "expected_market_session": true
  },
  "total_pages": 1,
  "total_records": 115,
  "row_count_collected": 115,
  "ledger_written": true,
  "ledger_skipped_reason": null
}
[RUN] RHPL 2023-08-01
{
  "symbol": "RHPL",
  "run_date": "2023-08-01",
  "raw_path": "C:\\Users\\ishwor\\Music\\own-organize\\own-market\\market-gist\\broker_flow_ledger\\raw_merolagani\\RHPL\\2023-08-01.json",
  "ledger_path": "C:\\Users\\ishwor\\Music\\own-organize\\own-market\\market-gist\\broker_flow_ledger\\RHPL\\2023-08-01.json",
  "market_day_context": {
    "run_date": "2023-08-01",
    "weekday_name": "Tuesday",
    "is_nepal_trading_weekday": true,
    "holiday_validation_status": "weekday_only_unverified",
    "is_official_holiday": null,
    "holiday_title": null,
    "holiday_source": "https://www.nepalstock.com/api/nots/holiday/list?year=2023",
    "official_holiday_fetch_error": "http_401",
    "override_status": "missing",
    "expected_market_session": true
  },
  "total_pages": 1,
  "total_records": 132,
  "row_count_collected": 132,
  "ledger_written": true,
  "ledger_skipped_reason": null
}
[RUN] RHPL 2023-08-02
{
  "symbol": "RHPL",
  "run_date": "2023-08-02",
  "raw_path": "C:\\Users\\ishwor\\Music\\own-organize\\own-market\\market-gist\\broker_flow_ledger\\raw_merolagani\\RHPL\\2023-08-02.json",
  "ledger_path": "C:\\Users\\ishwor\\Music\\own-organize\\own-market\\market-gist\\broker_flow_ledger\\RHPL\\2023-08-02.json",
  "market_day_context": {
    "run_date": "2023-08-02",
    "weekday_name": "Wednesday",
    "is_nepal_trading_weekday": true,
    "holiday_validation_status": "weekday_only_unverified",
    "is_official_holiday": null,
    "holiday_title": null,
    "holiday_source": "https://www.nepalstock.com/api/nots/holiday/list?year=2023",
    "official_holiday_fetch_error": "http_401",
    "override_status": "missing",
    "expected_market_session": true
  },
  "total_pages": 1,
  "total_records": 115,
  "row_count_collected": 115,
  "ledger_written": true,
  "ledger_skipped_reason": null
}
[RUN] RHPL 2023-08-03
{
  "symbol": "RHPL",
  "run_date": "2023-08-03",
  "raw_path": "C:\\Users\\ishwor\\Music\\own-organize\\own-market\\market-gist\\broker_flow_ledger\\raw_merolagani\\RHPL\\2023-08-03.json",
  "ledger_path": "C:\\Users\\ishwor\\Music\\own-organize\\own-market\\market-gist\\broker_flow_ledger\\RHPL\\2023-08-03.json",
  "market_day_context": {
    "run_date": "2023-08-03",
    "weekday_name": "Thursday",
    "is_nepal_trading_weekday": true,
    "holiday_validation_status": "weekday_only_unverified",
    "is_official_holiday": null,
    "holiday_title": null,
    "holiday_source": "https://www.nepalstock.com/api/nots/holiday/list?year=2023",
    "official_holiday_fetch_error": "http_401",
    "override_status": "missing",
    "expected_market_session": true
  },
  "total_pages": 1,
  "total_records": 121,
  "row_count_collected": 121,
  "ledger_written": true,
  "ledger_skipped_reason": null
}
[RUN] RHPL 2023-08-06
{
  "symbol": "RHPL",
  "run_date": "2023-08-06",
  "raw_path": "C:\\Users\\ishwor\\Music\\own-organize\\own-market\\market-gist\\broker_flow_ledger\\raw_merolagani\\RHPL\\2023-08-06.json",
  "ledger_path": "C:\\Users\\ishwor\\Music\\own-organize\\own-market\\market-gist\\broker_flow_ledger\\RHPL\\2023-08-06.json",
  "market_day_context": {
    "run_date": "2023-08-06",
    "weekday_name": "Sunday",
    "is_nepal_trading_weekday": true,
    "holiday_validation_status": "weekday_only_unverified",
    "is_official_holiday": null,
    "holiday_title": null,
    "holiday_source": "https://www.nepalstock.com/api/nots/holiday/list?year=2023",
    "official_holiday_fetch_error": "http_401",
    "override_status": "missing",
    "expected_market_session": true
  },
  "total_pages": 1,
  "total_records": 123,
  "row_count_collected": 123,
  "ledger_written": true,
  "ledger_skipped_reason": null
}
[RUN] RHPL 2023-08-07
{
  "symbol": "RHPL",
  "run_date": "2023-08-07",
  "raw_path": "C:\\Users\\ishwor\\Music\\own-organize\\own-market\\market-gist\\broker_flow_ledger\\raw_merolagani\\RHPL\\2023-08-07.json",
  "ledger_path": "C:\\Users\\ishwor\\Music\\own-organize\\own-market\\market-gist\\broker_flow_ledger\\RHPL\\2023-08-07.json",
  "market_day_context": {
    "run_date": "2023-08-07",
    "weekday_name": "Monday",
    "is_nepal_trading_weekday": true,
    "holiday_validation_status": "weekday_only_unverified",
    "is_official_holiday": null,
    "holiday_title": null,
    "holiday_source": "https://www.nepalstock.com/api/nots/holiday/list?year=2023",
    "official_holiday_fetch_error": "http_401",
    "override_status": "missing",
    "expected_market_session": true
  },
  "total_pages": 1,
  "total_records": 129,
  "row_count_collected": 129,
  "ledger_written": true,
  "ledger_skipped_reason": null
}
[RUN] RHPL 2023-08-08
{
  "symbol": "RHPL",
  "run_date": "2023-08-08",
  "raw_path": "C:\\Users\\ishwor\\Music\\own-organize\\own-market\\market-gist\\broker_flow_ledger\\raw_merolagani\\RHPL\\2023-08-08.json",
  "ledger_path": "C:\\Users\\ishwor\\Music\\own-organize\\own-market\\market-gist\\broker_flow_ledger\\RHPL\\2023-08-08.json",
  "market_day_context": {
    "run_date": "2023-08-08",
    "weekday_name": "Tuesday",
    "is_nepal_trading_weekday": true,
    "holiday_validation_status": "weekday_only_unverified",
    "is_official_holiday": null,
    "holiday_title": null,
    "holiday_source": "https://www.nepalstock.com/api/nots/holiday/list?year=2023",
    "official_holiday_fetch_error": "http_401",
    "override_status": "missing",
    "expected_market_session": true
  },
  "total_pages": 1,
  "total_records": 114,
  "row_count_collected": 114,
  "ledger_written": true,
  "ledger_skipped_reason": null
}
[RUN] RHPL 2023-08-09
{
  "symbol": "RHPL",
  "run_date": "2023-08-09",
  "raw_path": "C:\\Users\\ishwor\\Music\\own-organize\\own-market\\market-gist\\broker_flow_ledger\\raw_merolagani\\RHPL\\2023-08-09.json",
  "ledger_path": "C:\\Users\\ishwor\\Music\\own-organize\\own-market\\market-gist\\broker_flow_ledger\\RHPL\\2023-08-09.json",
  "market_day_context": {
    "run_date": "2023-08-09",
    "weekday_name": "Wednesday",
    "is_nepal_trading_weekday": true,
    "holiday_validation_status": "weekday_only_unverified",
    "is_official_holiday": null,
    "holiday_title": null,
    "holiday_source": "https://www.nepalstock.com/api/nots/holiday/list?year=2023",
    "official_holiday_fetch_error": "http_401",
    "override_status": "missing",
    "expected_market_session": true
  },
  "total_pages": 1,
  "total_records": 109,
  "row_count_collected": 109,
  "ledger_written": true,
  "ledger_skipped_reason": null
}
[RUN] RHPL 2023-08-10
{
  "symbol": "RHPL",
  "run_date": "2023-08-10",
  "raw_path": "C:\\Users\\ishwor\\Music\\own-organize\\own-market\\market-gist\\broker_flow_ledger\\raw_merolagani\\RHPL\\2023-08-10.json",
  "ledger_path": "C:\\Users\\ishwor\\Music\\own-organize\\own-market\\market-gist\\broker_flow_ledger\\RHPL\\2023-08-10.json",
  "market_day_context": {
    "run_date": "2023-08-10",
    "weekday_name": "Thursday",
    "is_nepal_trading_weekday": true,
    "holiday_validation_status": "weekday_only_unverified",
    "is_official_holiday": null,
    "holiday_title": null,
    "holiday_source": "https://www.nepalstock.com/api/nots/holiday/list?year=2023",
    "official_holiday_fetch_error": "http_401",
    "override_status": "missing",
    "expected_market_session": true
  },
  "total_pages": 1,
  "total_records": 188,
  "row_count_collected": 188,
  "ledger_written": true,
  "ledger_skipped_reason": null
}
[RUN] RHPL 2023-08-13
{
  "symbol": "RHPL",
  "run_date": "2023-08-13",
  "raw_path": "C:\\Users\\ishwor\\Music\\own-organize\\own-market\\market-gist\\broker_flow_ledger\\raw_merolagani\\RHPL\\2023-08-13.json",
  "ledger_path": "C:\\Users\\ishwor\\Music\\own-organize\\own-market\\market-gist\\broker_flow_ledger\\RHPL\\2023-08-13.json",
  "market_day_context": {
    "run_date": "2023-08-13",
    "weekday_name": "Sunday",
    "is_nepal_trading_weekday": true,
    "holiday_validation_status": "weekday_only_unverified",
    "is_official_holiday": null,
    "holiday_title": null,
    "holiday_source": "https://www.nepalstock.com/api/nots/holiday/list?year=2023",
    "official_holiday_fetch_error": "http_401",
    "override_status": "missing",
    "expected_market_session": true
  },
  "total_pages": 1,
  "total_records": 192,
  "row_count_collected": 192,
  "ledger_written": true,
  "ledger_skipped_reason": null
}
[RUN] RHPL 2023-08-14
{
  "symbol": "RHPL",
  "run_date": "2023-08-14",
  "raw_path": "C:\\Users\\ishwor\\Music\\own-organize\\own-market\\market-gist\\broker_flow_ledger\\raw_merolagani\\RHPL\\2023-08-14.json",
  "ledger_path": "C:\\Users\\ishwor\\Music\\own-organize\\own-market\\market-gist\\broker_flow_ledger\\RHPL\\2023-08-14.json",
  "market_day_context": {
    "run_date": "2023-08-14",
    "weekday_name": "Monday",
    "is_nepal_trading_weekday": true,
    "holiday_validation_status": "weekday_only_unverified",
    "is_official_holiday": null,
    "holiday_title": null,
    "holiday_source": "https://www.nepalstock.com/api/nots/holiday/list?year=2023",
    "official_holiday_fetch_error": "http_401",
    "override_status": "missing",
    "expected_market_session": true
  },
  "total_pages": 1,
  "total_records": 124,
  "row_count_collected": 124,
  "ledger_written": true,
  "ledger_skipped_reason": null
}
[RUN] RHPL 2023-08-15
{
  "symbol": "RHPL",
  "run_date": "2023-08-15",
  "raw_path": "C:\\Users\\ishwor\\Music\\own-organize\\own-market\\market-gist\\broker_flow_ledger\\raw_merolagani\\RHPL\\2023-08-15.json",
  "ledger_path": "C:\\Users\\ishwor\\Music\\own-organize\\own-market\\market-gist\\broker_flow_ledger\\RHPL\\2023-08-15.json",
  "market_day_context": {
    "run_date": "2023-08-15",
    "weekday_name": "Tuesday",
    "is_nepal_trading_weekday": true,
    "holiday_validation_status": "weekday_only_unverified",
    "is_official_holiday": null,
    "holiday_title": null,
    "holiday_source": "https://www.nepalstock.com/api/nots/holiday/list?year=2023",
    "official_holiday_fetch_error": "http_401",
    "override_status": "missing",
    "expected_market_session": true
  },
  "total_pages": 1,
  "total_records": 106,
  "row_count_collected": 106,
  "ledger_written": true,
  "ledger_skipped_reason": null
}
[RUN] RHPL 2023-08-16
{
  "symbol": "RHPL",
  "run_date": "2023-08-16",
  "raw_path": "C:\\Users\\ishwor\\Music\\own-organize\\own-market\\market-gist\\broker_flow_ledger\\raw_merolagani\\RHPL\\2023-08-16.json",
  "ledger_path": "C:\\Users\\ishwor\\Music\\own-organize\\own-market\\market-gist\\broker_flow_ledger\\RHPL\\2023-08-16.json",
  "market_day_context": {
    "run_date": "2023-08-16",
    "weekday_name": "Wednesday",
    "is_nepal_trading_weekday": true,
    "holiday_validation_status": "weekday_only_unverified",
    "is_official_holiday": null,
    "holiday_title": null,
    "holiday_source": "https://www.nepalstock.com/api/nots/holiday/list?year=2023",
    "official_holiday_fetch_error": "http_401",
    "override_status": "missing",
    "expected_market_session": true
  },
  "total_pages": 1,
  "total_records": 82,
  "row_count_collected": 82,
  "ledger_written": true,
  "ledger_skipped_reason": null
}
[RUN] RHPL 2023-08-17
{
  "symbol": "RHPL",
  "run_date": "2023-08-17",
  "raw_path": "C:\\Users\\ishwor\\Music\\own-organize\\own-market\\market-gist\\broker_flow_ledger\\raw_merolagani\\RHPL\\2023-08-17.json",
  "ledger_path": "C:\\Users\\ishwor\\Music\\own-organize\\own-market\\market-gist\\broker_flow_ledger\\RHPL\\2023-08-17.json",
  "market_day_context": {
    "run_date": "2023-08-17",
    "weekday_name": "Thursday",
    "is_nepal_trading_weekday": true,
    "holiday_validation_status": "weekday_only_unverified",
    "is_official_holiday": null,
    "holiday_title": null,
    "holiday_source": "https://www.nepalstock.com/api/nots/holiday/list?year=2023",
    "official_holiday_fetch_error": "http_401",
    "override_status": "missing",
    "expected_market_session": true
  },
  "total_pages": 1,
  "total_records": 116,
  "row_count_collected": 116,
  "ledger_written": true,
  "ledger_skipped_reason": null
}
[RUN] RHPL 2023-08-20
{
  "symbol": "RHPL",
  "run_date": "2023-08-20",
  "raw_path": "C:\\Users\\ishwor\\Music\\own-organize\\own-market\\market-gist\\broker_flow_ledger\\raw_merolagani\\RHPL\\2023-08-20.json",
  "ledger_path": "C:\\Users\\ishwor\\Music\\own-organize\\own-market\\market-gist\\broker_flow_ledger\\RHPL\\2023-08-20.json",
  "market_day_context": {
    "run_date": "2023-08-20",
    "weekday_name": "Sunday",
    "is_nepal_trading_weekday": true,
    "holiday_validation_status": "weekday_only_unverified",
    "is_official_holiday": null,
    "holiday_title": null,
    "holiday_source": "https://www.nepalstock.com/api/nots/holiday/list?year=2023",
    "official_holiday_fetch_error": "http_401",
    "override_status": "missing",
    "expected_market_session": true
  },
  "total_pages": 1,
  "total_records": 124,
  "row_count_collected": 124,
  "ledger_written": true,
  "ledger_skipped_reason": null
}
[RUN] RHPL 2023-08-21
{
  "symbol": "RHPL",
  "run_date": "2023-08-21",
  "raw_path": "C:\\Users\\ishwor\\Music\\own-organize\\own-market\\market-gist\\broker_flow_ledger\\raw_merolagani\\RHPL\\2023-08-21.json",
  "ledger_path": "C:\\Users\\ishwor\\Music\\own-organize\\own-market\\market-gist\\broker_flow_ledger\\RHPL\\2023-08-21.json",
  "market_day_context": {
    "run_date": "2023-08-21",
    "weekday_name": "Monday",
    "is_nepal_trading_weekday": true,
    "holiday_validation_status": "weekday_only_unverified",
    "is_official_holiday": null,
    "holiday_title": null,
    "holiday_source": "https://www.nepalstock.com/api/nots/holiday/list?year=2023",
    "official_holiday_fetch_error": "http_401",
    "override_status": "missing",
    "expected_market_session": true
  },
  "total_pages": 1,
  "total_records": 115,
  "row_count_collected": 115,
  "ledger_written": true,
  "ledger_skipped_reason": null
}
[RUN] RHPL 2023-08-22
{
  "symbol": "RHPL",
  "run_date": "2023-08-22",
  "raw_path": "C:\\Users\\ishwor\\Music\\own-organize\\own-market\\market-gist\\broker_flow_ledger\\raw_merolagani\\RHPL\\2023-08-22.json",
  "ledger_path": "C:\\Users\\ishwor\\Music\\own-organize\\own-market\\market-gist\\broker_flow_ledger\\RHPL\\2023-08-22.json",
  "market_day_context": {
    "run_date": "2023-08-22",
    "weekday_name": "Tuesday",
    "is_nepal_trading_weekday": true,
    "holiday_validation_status": "weekday_only_unverified",
    "is_official_holiday": null,
    "holiday_title": null,
    "holiday_source": "https://www.nepalstock.com/api/nots/holiday/list?year=2023",
    "official_holiday_fetch_error": "http_401",
    "override_status": "missing",
    "expected_market_session": true
  },
  "total_pages": 1,
  "total_records": 102,
  "row_count_collected": 102,
  "ledger_written": true,
  "ledger_skipped_reason": null
}
[RUN] RHPL 2023-08-23
{
  "symbol": "RHPL",
  "run_date": "2023-08-23",
  "raw_path": "C:\\Users\\ishwor\\Music\\own-organize\\own-market\\market-gist\\broker_flow_ledger\\raw_merolagani\\RHPL\\2023-08-23.json",
  "ledger_path": "C:\\Users\\ishwor\\Music\\own-organize\\own-market\\market-gist\\broker_flow_ledger\\RHPL\\2023-08-23.json",
  "market_day_context": {
    "run_date": "2023-08-23",
    "weekday_name": "Wednesday",
    "is_nepal_trading_weekday": true,
    "holiday_validation_status": "weekday_only_unverified",
    "is_official_holiday": null,
    "holiday_title": null,
    "holiday_source": "https://www.nepalstock.com/api/nots/holiday/list?year=2023",
    "official_holiday_fetch_error": "http_401",
    "override_status": "missing",
    "expected_market_session": true
  },
  "total_pages": 1,
  "total_records": 155,
  "row_count_collected": 155,
  "ledger_written": true,
  "ledger_skipped_reason": null
}
[RUN] RHPL 2023-08-24
{
  "symbol": "RHPL",
  "run_date": "2023-08-24",
  "raw_path": "C:\\Users\\ishwor\\Music\\own-organize\\own-market\\market-gist\\broker_flow_ledger\\raw_merolagani\\RHPL\\2023-08-24.json",
  "ledger_path": "C:\\Users\\ishwor\\Music\\own-organize\\own-market\\market-gist\\broker_flow_ledger\\RHPL\\2023-08-24.json",
  "market_day_context": {
    "run_date": "2023-08-24",
    "weekday_name": "Thursday",
    "is_nepal_trading_weekday": true,
    "holiday_validation_status": "weekday_only_unverified",
    "is_official_holiday": null,
    "holiday_title": null,
    "holiday_source": "https://www.nepalstock.com/api/nots/holiday/list?year=2023",
    "official_holiday_fetch_error": "http_401",
    "override_status": "missing",
    "expected_market_session": true
  },
  "total_pages": 1,
  "total_records": 92,
  "row_count_collected": 92,
  "ledger_written": true,
  "ledger_skipped_reason": null
}
[RUN] RHPL 2023-08-27
{
  "symbol": "RHPL",
  "run_date": "2023-08-27",
  "raw_path": "C:\\Users\\ishwor\\Music\\own-organize\\own-market\\market-gist\\broker_flow_ledger\\raw_merolagani\\RHPL\\2023-08-27.json",
  "ledger_path": "C:\\Users\\ishwor\\Music\\own-organize\\own-market\\market-gist\\broker_flow_ledger\\RHPL\\2023-08-27.json",
  "market_day_context": {
    "run_date": "2023-08-27",
    "weekday_name": "Sunday",
    "is_nepal_trading_weekday": true,
    "holiday_validation_status": "weekday_only_unverified",
    "is_official_holiday": null,
    "holiday_title": null,
    "holiday_source": "https://www.nepalstock.com/api/nots/holiday/list?year=2023",
    "official_holiday_fetch_error": "http_401",
    "override_status": "missing",
    "expected_market_session": true
  },
  "total_pages": 1,
  "total_records": 105,
  "row_count_collected": 105,
  "ledger_written": true,
  "ledger_skipped_reason": null
}
[RUN] RHPL 2023-08-28
{
  "symbol": "RHPL",
  "run_date": "2023-08-28",
  "raw_path": "C:\\Users\\ishwor\\Music\\own-organize\\own-market\\market-gist\\broker_flow_ledger\\raw_merolagani\\RHPL\\2023-08-28.json",
  "ledger_path": "C:\\Users\\ishwor\\Music\\own-organize\\own-market\\market-gist\\broker_flow_ledger\\RHPL\\2023-08-28.json",
  "market_day_context": {
    "run_date": "2023-08-28",
    "weekday_name": "Monday",
    "is_nepal_trading_weekday": true,
    "holiday_validation_status": "weekday_only_unverified",
    "is_official_holiday": null,
    "holiday_title": null,
    "holiday_source": "https://www.nepalstock.com/api/nots/holiday/list?year=2023",
    "official_holiday_fetch_error": "http_401",
    "override_status": "missing",
    "expected_market_session": true
  },
  "total_pages": 1,
  "total_records": 113,
  "row_count_collected": 113,
  "ledger_written": true,
  "ledger_skipped_reason": null
}
[RUN] RHPL 2023-08-29
{
  "symbol": "RHPL",
  "run_date": "2023-08-29",
  "raw_path": "C:\\Users\\ishwor\\Music\\own-organize\\own-market\\market-gist\\broker_flow_ledger\\raw_merolagani\\RHPL\\2023-08-29.json",
  "ledger_path": "C:\\Users\\ishwor\\Music\\own-organize\\own-market\\market-gist\\broker_flow_ledger\\RHPL\\2023-08-29.json",
  "market_day_context": {
    "run_date": "2023-08-29",
    "weekday_name": "Tuesday",
    "is_nepal_trading_weekday": true,
    "holiday_validation_status": "weekday_only_unverified",
    "is_official_holiday": null,
    "holiday_title": null,
    "holiday_source": "https://www.nepalstock.com/api/nots/holiday/list?year=2023",
    "official_holiday_fetch_error": "http_401",
    "override_status": "missing",
    "expected_market_session": true
  },
  "total_pages": 1,
  "total_records": 84,
  "row_count_collected": 84,
  "ledger_written": true,
  "ledger_skipped_reason": null
}
[RUN] RHPL 2023-08-30
{
  "symbol": "RHPL",
  "run_date": "2023-08-30",
  "raw_path": "C:\\Users\\ishwor\\Music\\own-organize\\own-market\\market-gist\\broker_flow_ledger\\raw_merolagani\\RHPL\\2023-08-30.json",
  "ledger_path": "C:\\Users\\ishwor\\Music\\own-organize\\own-market\\market-gist\\broker_flow_ledger\\RHPL\\2023-08-30.json",
  "market_day_context": {
    "run_date": "2023-08-30",
    "weekday_name": "Wednesday",
    "is_nepal_trading_weekday": true,
    "holiday_validation_status": "weekday_only_unverified",
    "is_official_holiday": null,
    "holiday_title": null,
    "holiday_source": "https://www.nepalstock.com/api/nots/holiday/list?year=2023",
    "official_holiday_fetch_error": "http_401",
    "override_status": "missing",
    "expected_market_session": true
  },
  "total_pages": 1,
  "total_records": 93,
  "row_count_collected": 93,
  "ledger_written": true,
  "ledger_skipped_reason": null
}
[RUN] RHPL 2023-08-31
{
  "symbol": "RHPL",
  "run_date": "2023-08-31",
  "raw_path": "C:\\Users\\ishwor\\Music\\own-organize\\own-market\\market-gist\\broker_flow_ledger\\raw_merolagani\\RHPL\\2023-08-31.json",
  "ledger_path": "C:\\Users\\ishwor\\Music\\own-organize\\own-market\\market-gist\\broker_flow_ledger\\RHPL\\2023-08-31.json",
  "market_day_context": {
    "run_date": "2023-08-31",
    "weekday_name": "Thursday",
    "is_nepal_trading_weekday": true,
    "holiday_validation_status": "weekday_only_unverified",
    "is_official_holiday": null,
    "holiday_title": null,
    "holiday_source": "https://www.nepalstock.com/api/nots/holiday/list?year=2023",
    "official_holiday_fetch_error": "http_401",
    "override_status": "missing",
    "expected_market_session": true
  },
  "total_pages": 0,
  "total_records": null,
  "row_count_collected": 0,
  "ledger_written": false,
  "ledger_skipped_reason": "empty_weekday_unverified"
}
[RUN] RHPL 2023-09-03
{
  "symbol": "RHPL",
  "run_date": "2023-09-03",
  "raw_path": "C:\\Users\\ishwor\\Music\\own-organize\\own-market\\market-gist\\broker_flow_ledger\\raw_merolagani\\RHPL\\2023-09-03.json",
  "ledger_path": "C:\\Users\\ishwor\\Music\\own-organize\\own-market\\market-gist\\broker_flow_ledger\\RHPL\\2023-09-03.json",
  "market_day_context": {
    "run_date": "2023-09-03",
    "weekday_name": "Sunday",
    "is_nepal_trading_weekday": true,
    "holiday_validation_status": "weekday_only_unverified",
    "is_official_holiday": null,
    "holiday_title": null,
    "holiday_source": "https://www.nepalstock.com/api/nots/holiday/list?year=2023",
    "official_holiday_fetch_error": "http_401",
    "override_status": "missing",
    "expected_market_session": true
  },
  "total_pages": 1,
  "total_records": 104,
  "row_count_collected": 104,
  "ledger_written": true,
  "ledger_skipped_reason": null
}
[RUN] RHPL 2023-09-04
{
  "symbol": "RHPL",
  "run_date": "2023-09-04",
  "raw_path": "C:\\Users\\ishwor\\Music\\own-organize\\own-market\\market-gist\\broker_flow_ledger\\raw_merolagani\\RHPL\\2023-09-04.json",
  "ledger_path": "C:\\Users\\ishwor\\Music\\own-organize\\own-market\\market-gist\\broker_flow_ledger\\RHPL\\2023-09-04.json",
  "market_day_context": {
    "run_date": "2023-09-04",
    "weekday_name": "Monday",
    "is_nepal_trading_weekday": true,
    "holiday_validation_status": "weekday_only_unverified",
    "is_official_holiday": null,
    "holiday_title": null,
    "holiday_source": "https://www.nepalstock.com/api/nots/holiday/list?year=2023",
    "official_holiday_fetch_error": "http_401",
    "override_status": "missing",
    "expected_market_session": true
  },
  "total_pages": 1,
  "total_records": 112,
  "row_count_collected": 112,
  "ledger_written": true,
  "ledger_skipped_reason": null
}
[RUN] RHPL 2023-09-05
{
  "symbol": "RHPL",
  "run_date": "2023-09-05",
  "raw_path": "C:\\Users\\ishwor\\Music\\own-organize\\own-market\\market-gist\\broker_flow_ledger\\raw_merolagani\\RHPL\\2023-09-05.json",
  "ledger_path": "C:\\Users\\ishwor\\Music\\own-organize\\own-market\\market-gist\\broker_flow_ledger\\RHPL\\2023-09-05.json",
  "market_day_context": {
    "run_date": "2023-09-05",
    "weekday_name": "Tuesday",
    "is_nepal_trading_weekday": true,
    "holiday_validation_status": "weekday_only_unverified",
    "is_official_holiday": null,
    "holiday_title": null,
    "holiday_source": "https://www.nepalstock.com/api/nots/holiday/list?year=2023",
    "official_holiday_fetch_error": "http_401",
    "override_status": "missing",
    "expected_market_session": true
  },
  "total_pages": 1,
  "total_records": 88,
  "row_count_collected": 88,
  "ledger_written": true,
  "ledger_skipped_reason": null
}
[RUN] RHPL 2023-09-06
{
  "symbol": "RHPL",
  "run_date": "2023-09-06",
  "raw_path": "C:\\Users\\ishwor\\Music\\own-organize\\own-market\\market-gist\\broker_flow_ledger\\raw_merolagani\\RHPL\\2023-09-06.json",
  "ledger_path": "C:\\Users\\ishwor\\Music\\own-organize\\own-market\\market-gist\\broker_flow_ledger\\RHPL\\2023-09-06.json",
  "market_day_context": {
    "run_date": "2023-09-06",
    "weekday_name": "Wednesday",
    "is_nepal_trading_weekday": true,
    "holiday_validation_status": "weekday_only_unverified",
    "is_official_holiday": null,
    "holiday_title": null,
    "holiday_source": "https://www.nepalstock.com/api/nots/holiday/list?year=2023",
    "official_holiday_fetch_error": "http_401",
    "override_status": "missing",
    "expected_market_session": true
  },
  "total_pages": 0,
  "total_records": null,
  "row_count_collected": 0,
  "ledger_written": false,
  "ledger_skipped_reason": "empty_weekday_unverified"
}
[RUN] RHPL 2023-09-07
{
  "symbol": "RHPL",
  "run_date": "2023-09-07",
  "raw_path": "C:\\Users\\ishwor\\Music\\own-organize\\own-market\\market-gist\\broker_flow_ledger\\raw_merolagani\\RHPL\\2023-09-07.json",
  "ledger_path": "C:\\Users\\ishwor\\Music\\own-organize\\own-market\\market-gist\\broker_flow_ledger\\RHPL\\2023-09-07.json",
  "market_day_context": {
    "run_date": "2023-09-07",
    "weekday_name": "Thursday",
    "is_nepal_trading_weekday": true,
    "holiday_validation_status": "weekday_only_unverified",
    "is_official_holiday": null,
    "holiday_title": null,
    "holiday_source": "https://www.nepalstock.com/api/nots/holiday/list?year=2023",
    "official_holiday_fetch_error": "http_401",
    "override_status": "missing",
    "expected_market_session": true
  },
  "total_pages": 1,
  "total_records": 113,
  "row_count_collected": 113,
  "ledger_written": true,
  "ledger_skipped_reason": null
}
[RUN] RHPL 2023-09-10
{
  "symbol": "RHPL",
  "run_date": "2023-09-10",
  "raw_path": "C:\\Users\\ishwor\\Music\\own-organize\\own-market\\market-gist\\broker_flow_ledger\\raw_merolagani\\RHPL\\2023-09-10.json",
  "ledger_path": "C:\\Users\\ishwor\\Music\\own-organize\\own-market\\market-gist\\broker_flow_ledger\\RHPL\\2023-09-10.json",
  "market_day_context": {
    "run_date": "2023-09-10",
    "weekday_name": "Sunday",
    "is_nepal_trading_weekday": true,
    "holiday_validation_status": "weekday_only_unverified",
    "is_official_holiday": null,
    "holiday_title": null,
    "holiday_source": "https://www.nepalstock.com/api/nots/holiday/list?year=2023",
    "official_holiday_fetch_error": "http_401",
    "override_status": "missing",
    "expected_market_session": true
  },
  "total_pages": 1,
  "total_records": 108,
  "row_count_collected": 108,
  "ledger_written": true,
  "ledger_skipped_reason": null
}
[RUN] RHPL 2023-09-11
{
  "symbol": "RHPL",
  "run_date": "2023-09-11",
  "raw_path": "C:\\Users\\ishwor\\Music\\own-organize\\own-market\\market-gist\\broker_flow_ledger\\raw_merolagani\\RHPL\\2023-09-11.json",
  "ledger_path": "C:\\Users\\ishwor\\Music\\own-organize\\own-market\\market-gist\\broker_flow_ledger\\RHPL\\2023-09-11.json",
  "market_day_context": {
    "run_date": "2023-09-11",
    "weekday_name": "Monday",
    "is_nepal_trading_weekday": true,
    "holiday_validation_status": "weekday_only_unverified",
    "is_official_holiday": null,
    "holiday_title": null,
    "holiday_source": "https://www.nepalstock.com/api/nots/holiday/list?year=2023",
    "official_holiday_fetch_error": "http_401",
    "override_status": "missing",
    "expected_market_session": true
  },
  "total_pages": 1,
  "total_records": 145,
  "row_count_collected": 145,
  "ledger_written": true,
  "ledger_skipped_reason": null
}
[RUN] RHPL 2023-09-12
{
  "symbol": "RHPL",
  "run_date": "2023-09-12",
  "raw_path": "C:\\Users\\ishwor\\Music\\own-organize\\own-market\\market-gist\\broker_flow_ledger\\raw_merolagani\\RHPL\\2023-09-12.json",
  "ledger_path": "C:\\Users\\ishwor\\Music\\own-organize\\own-market\\market-gist\\broker_flow_ledger\\RHPL\\2023-09-12.json",
  "market_day_context": {
    "run_date": "2023-09-12",
    "weekday_name": "Tuesday",
    "is_nepal_trading_weekday": true,
    "holiday_validation_status": "weekday_only_unverified",
    "is_official_holiday": null,
    "holiday_title": null,
    "holiday_source": "https://www.nepalstock.com/api/nots/holiday/list?year=2023",
    "official_holiday_fetch_error": "http_401",
    "override_status": "missing",
    "expected_market_session": true
  },
  "total_pages": 1,
  "total_records": 51,
  "row_count_collected": 51,
  "ledger_written": true,
  "ledger_skipped_reason": null
}
[RUN] RHPL 2023-09-13
{
  "symbol": "RHPL",
  "run_date": "2023-09-13",
  "raw_path": "C:\\Users\\ishwor\\Music\\own-organize\\own-market\\market-gist\\broker_flow_ledger\\raw_merolagani\\RHPL\\2023-09-13.json",
  "ledger_path": "C:\\Users\\ishwor\\Music\\own-organize\\own-market\\market-gist\\broker_flow_ledger\\RHPL\\2023-09-13.json",
  "market_day_context": {
    "run_date": "2023-09-13",
    "weekday_name": "Wednesday",
    "is_nepal_trading_weekday": true,
    "holiday_validation_status": "weekday_only_unverified",
    "is_official_holiday": null,
    "holiday_title": null,
    "holiday_source": "https://www.nepalstock.com/api/nots/holiday/list?year=2023",
    "official_holiday_fetch_error": "http_401",
    "override_status": "missing",
    "expected_market_session": true
  },
  "total_pages": 1,
  "total_records": 135,
  "row_count_collected": 135,
  "ledger_written": true,
  "ledger_skipped_reason": null
}
[RUN] RHPL 2023-09-14
{
  "symbol": "RHPL",
  "run_date": "2023-09-14",
  "raw_path": "C:\\Users\\ishwor\\Music\\own-organize\\own-market\\market-gist\\broker_flow_ledger\\raw_merolagani\\RHPL\\2023-09-14.json",
  "ledger_path": "C:\\Users\\ishwor\\Music\\own-organize\\own-market\\market-gist\\broker_flow_ledger\\RHPL\\2023-09-14.json",
  "market_day_context": {
    "run_date": "2023-09-14",
    "weekday_name": "Thursday",
    "is_nepal_trading_weekday": true,
    "holiday_validation_status": "weekday_only_unverified",
    "is_official_holiday": null,
    "holiday_title": null,
    "holiday_source": "https://www.nepalstock.com/api/nots/holiday/list?year=2023",
    "official_holiday_fetch_error": "http_401",
    "override_status": "missing",
    "expected_market_session": true
  },
  "total_pages": 0,
  "total_records": null,
  "row_count_collected": 0,
  "ledger_written": false,
  "ledger_skipped_reason": "empty_weekday_unverified"
}
[RUN] RHPL 2023-09-17
{
  "symbol": "RHPL",
  "run_date": "2023-09-17",
  "raw_path": "C:\\Users\\ishwor\\Music\\own-organize\\own-market\\market-gist\\broker_flow_ledger\\raw_merolagani\\RHPL\\2023-09-17.json",
  "ledger_path": "C:\\Users\\ishwor\\Music\\own-organize\\own-market\\market-gist\\broker_flow_ledger\\RHPL\\2023-09-17.json",
  "market_day_context": {
    "run_date": "2023-09-17",
    "weekday_name": "Sunday",
    "is_nepal_trading_weekday": true,
    "holiday_validation_status": "weekday_only_unverified",
    "is_official_holiday": null,
    "holiday_title": null,
    "holiday_source": "https://www.nepalstock.com/api/nots/holiday/list?year=2023",
    "official_holiday_fetch_error": "http_401",
    "override_status": "missing",
    "expected_market_session": true
  },
  "total_pages": 1,
  "total_records": 93,
  "row_count_collected": 93,
  "ledger_written": true,
  "ledger_skipped_reason": null
}
[RUN] RHPL 2023-09-18
{
  "symbol": "RHPL",
  "run_date": "2023-09-18",
  "raw_path": "C:\\Users\\ishwor\\Music\\own-organize\\own-market\\market-gist\\broker_flow_ledger\\raw_merolagani\\RHPL\\2023-09-18.json",
  "ledger_path": "C:\\Users\\ishwor\\Music\\own-organize\\own-market\\market-gist\\broker_flow_ledger\\RHPL\\2023-09-18.json",
  "market_day_context": {
    "run_date": "2023-09-18",
    "weekday_name": "Monday",
    "is_nepal_trading_weekday": true,
    "holiday_validation_status": "weekday_only_unverified",
    "is_official_holiday": null,
    "holiday_title": null,
    "holiday_source": "https://www.nepalstock.com/api/nots/holiday/list?year=2023",
    "official_holiday_fetch_error": "http_401",
    "override_status": "missing",
    "expected_market_session": true
  },
  "total_pages": 1,
  "total_records": 67,
  "row_count_collected": 67,
  "ledger_written": true,
  "ledger_skipped_reason": null
}
[RUN] RHPL 2023-09-19
{
  "symbol": "RHPL",
  "run_date": "2023-09-19",
  "raw_path": "C:\\Users\\ishwor\\Music\\own-organize\\own-market\\market-gist\\broker_flow_ledger\\raw_merolagani\\RHPL\\2023-09-19.json",
  "ledger_path": "C:\\Users\\ishwor\\Music\\own-organize\\own-market\\market-gist\\broker_flow_ledger\\RHPL\\2023-09-19.json",
  "market_day_context": {
    "run_date": "2023-09-19",
    "weekday_name": "Tuesday",
    "is_nepal_trading_weekday": true,
    "holiday_validation_status": "weekday_only_unverified",
    "is_official_holiday": null,
    "holiday_title": null,
    "holiday_source": "https://www.nepalstock.com/api/nots/holiday/list?year=2023",
    "official_holiday_fetch_error": "http_401",
    "override_status": "missing",
    "expected_market_session": true
  },
  "total_pages": 1,
  "total_records": 102,
  "row_count_collected": 102,
  "ledger_written": true,
  "ledger_skipped_reason": null
}
[RUN] RHPL 2023-09-20
{
  "symbol": "RHPL",
  "run_date": "2023-09-20",
  "raw_path": "C:\\Users\\ishwor\\Music\\own-organize\\own-market\\market-gist\\broker_flow_ledger\\raw_merolagani\\RHPL\\2023-09-20.json",
  "ledger_path": "C:\\Users\\ishwor\\Music\\own-organize\\own-market\\market-gist\\broker_flow_ledger\\RHPL\\2023-09-20.json",
  "market_day_context": {
    "run_date": "2023-09-20",
    "weekday_name": "Wednesday",
    "is_nepal_trading_weekday": true,
    "holiday_validation_status": "weekday_only_unverified",
    "is_official_holiday": null,
    "holiday_title": null,
    "holiday_source": "https://www.nepalstock.com/api/nots/holiday/list?year=2023",
    "official_holiday_fetch_error": "http_401",
    "override_status": "missing",
    "expected_market_session": true
  },
  "total_pages": 0,
  "total_records": null,
  "row_count_collected": 0,
  "ledger_written": false,
  "ledger_skipped_reason": "empty_weekday_unverified"
}
[RUN] RHPL 2023-09-21
{
  "symbol": "RHPL",
  "run_date": "2023-09-21",
  "raw_path": "C:\\Users\\ishwor\\Music\\own-organize\\own-market\\market-gist\\broker_flow_ledger\\raw_merolagani\\RHPL\\2023-09-21.json",
  "ledger_path": "C:\\Users\\ishwor\\Music\\own-organize\\own-market\\market-gist\\broker_flow_ledger\\RHPL\\2023-09-21.json",
  "market_day_context": {
    "run_date": "2023-09-21",
    "weekday_name": "Thursday",
    "is_nepal_trading_weekday": true,
    "holiday_validation_status": "weekday_only_unverified",
    "is_official_holiday": null,
    "holiday_title": null,
    "holiday_source": "https://www.nepalstock.com/api/nots/holiday/list?year=2023",
    "official_holiday_fetch_error": "http_401",
    "override_status": "missing",
    "expected_market_session": true
  },
  "total_pages": 1,
  "total_records": 247,
  "row_count_collected": 247,
  "ledger_written": true,
  "ledger_skipped_reason": null
}
[RUN] RHPL 2023-09-24
{
  "symbol": "RHPL",
  "run_date": "2023-09-24",
  "raw_path": "C:\\Users\\ishwor\\Music\\own-organize\\own-market\\market-gist\\broker_flow_ledger\\raw_merolagani\\RHPL\\2023-09-24.json",
  "ledger_path": "C:\\Users\\ishwor\\Music\\own-organize\\own-market\\market-gist\\broker_flow_ledger\\RHPL\\2023-09-24.json",
  "market_day_context": {
    "run_date": "2023-09-24",
    "weekday_name": "Sunday",
    "is_nepal_trading_weekday": true,
    "holiday_validation_status": "weekday_only_unverified",
    "is_official_holiday": null,
    "holiday_title": null,
    "holiday_source": "https://www.nepalstock.com/api/nots/holiday/list?year=2023",
    "official_holiday_fetch_error": "http_401",
    "override_status": "missing",
    "expected_market_session": true
  },
  "total_pages": 1,
  "total_records": 157,
  "row_count_collected": 157,
  "ledger_written": true,
  "ledger_skipped_reason": null
}
[RUN] RHPL 2023-09-25
{
  "symbol": "RHPL",
  "run_date": "2023-09-25",
  "raw_path": "C:\\Users\\ishwor\\Music\\own-organize\\own-market\\market-gist\\broker_flow_ledger\\raw_merolagani\\RHPL\\2023-09-25.json",
  "ledger_path": "C:\\Users\\ishwor\\Music\\own-organize\\own-market\\market-gist\\broker_flow_ledger\\RHPL\\2023-09-25.json",
  "market_day_context": {
    "run_date": "2023-09-25",
    "weekday_name": "Monday",
    "is_nepal_trading_weekday": true,
    "holiday_validation_status": "weekday_only_unverified",
    "is_official_holiday": null,
    "holiday_title": null,
    "holiday_source": "https://www.nepalstock.com/api/nots/holiday/list?year=2023",
    "official_holiday_fetch_error": "http_401",
    "override_status": "missing",
    "expected_market_session": true
  },
  "total_pages": 1,
  "total_records": 142,
  "row_count_collected": 142,
  "ledger_written": true,
  "ledger_skipped_reason": null
}
[RUN] RHPL 2023-09-26
{
  "symbol": "RHPL",
  "run_date": "2023-09-26",
  "raw_path": "C:\\Users\\ishwor\\Music\\own-organize\\own-market\\market-gist\\broker_flow_ledger\\raw_merolagani\\RHPL\\2023-09-26.json",
  "ledger_path": "C:\\Users\\ishwor\\Music\\own-organize\\own-market\\market-gist\\broker_flow_ledger\\RHPL\\2023-09-26.json",
  "market_day_context": {
    "run_date": "2023-09-26",
    "weekday_name": "Tuesday",
    "is_nepal_trading_weekday": true,
    "holiday_validation_status": "weekday_only_unverified",
    "is_official_holiday": null,
    "holiday_title": null,
    "holiday_source": "https://www.nepalstock.com/api/nots/holiday/list?year=2023",
    "official_holiday_fetch_error": "http_401",
    "override_status": "missing",
    "expected_market_session": true
  },
  "total_pages": 1,
  "total_records": 170,
  "row_count_collected": 170,
  "ledger_written": true,
  "ledger_skipped_reason": null
}
[RUN] RHPL 2023-09-27
{
  "symbol": "RHPL",
  "run_date": "2023-09-27",
  "raw_path": "C:\\Users\\ishwor\\Music\\own-organize\\own-market\\market-gist\\broker_flow_ledger\\raw_merolagani\\RHPL\\2023-09-27.json",
  "ledger_path": "C:\\Users\\ishwor\\Music\\own-organize\\own-market\\market-gist\\broker_flow_ledger\\RHPL\\2023-09-27.json",
  "market_day_context": {
    "run_date": "2023-09-27",
    "weekday_name": "Wednesday",
    "is_nepal_trading_weekday": true,
    "holiday_validation_status": "weekday_only_unverified",
    "is_official_holiday": null,
    "holiday_title": null,
    "holiday_source": "https://www.nepalstock.com/api/nots/holiday/list?year=2023",
    "official_holiday_fetch_error": "http_401",
    "override_status": "missing",
    "expected_market_session": true
  },
  "total_pages": 1,
  "total_records": 108,
  "row_count_collected": 108,
  "ledger_written": true,
  "ledger_skipped_reason": null
}
[RUN] RHPL 2023-09-28
{
  "symbol": "RHPL",
  "run_date": "2023-09-28",
  "raw_path": "C:\\Users\\ishwor\\Music\\own-organize\\own-market\\market-gist\\broker_flow_ledger\\raw_merolagani\\RHPL\\2023-09-28.json",
  "ledger_path": "C:\\Users\\ishwor\\Music\\own-organize\\own-market\\market-gist\\broker_flow_ledger\\RHPL\\2023-09-28.json",
  "market_day_context": {
    "run_date": "2023-09-28",
    "weekday_name": "Thursday",
    "is_nepal_trading_weekday": true,
    "holiday_validation_status": "weekday_only_unverified",
    "is_official_holiday": null,
    "holiday_title": null,
    "holiday_source": "https://www.nepalstock.com/api/nots/holiday/list?year=2023",
    "official_holiday_fetch_error": "http_401",
    "override_status": "missing",
    "expected_market_session": true
  },
  "total_pages": 0,
  "total_records": null,
  "row_count_collected": 0,
  "ledger_written": false,
  "ledger_skipped_reason": "empty_weekday_unverified"
}
[RUN] RHPL 2023-10-01
{
  "symbol": "RHPL",
  "run_date": "2023-10-01",
  "raw_path": "C:\\Users\\ishwor\\Music\\own-organize\\own-market\\market-gist\\broker_flow_ledger\\raw_merolagani\\RHPL\\2023-10-01.json",
  "ledger_path": "C:\\Users\\ishwor\\Music\\own-organize\\own-market\\market-gist\\broker_flow_ledger\\RHPL\\2023-10-01.json",
  "market_day_context": {
    "run_date": "2023-10-01",
    "weekday_name": "Sunday",
    "is_nepal_trading_weekday": true,
    "holiday_validation_status": "weekday_only_unverified",
    "is_official_holiday": null,
    "holiday_title": null,
    "holiday_source": "https://www.nepalstock.com/api/nots/holiday/list?year=2023",
    "official_holiday_fetch_error": "http_401",
    "override_status": "missing",
    "expected_market_session": true
  },
  "total_pages": 1,
  "total_records": 124,
  "row_count_collected": 124,
  "ledger_written": true,
  "ledger_skipped_reason": null
}
[RUN] RHPL 2023-10-02
{
  "symbol": "RHPL",
  "run_date": "2023-10-02",
  "raw_path": "C:\\Users\\ishwor\\Music\\own-organize\\own-market\\market-gist\\broker_flow_ledger\\raw_merolagani\\RHPL\\2023-10-02.json",
  "ledger_path": "C:\\Users\\ishwor\\Music\\own-organize\\own-market\\market-gist\\broker_flow_ledger\\RHPL\\2023-10-02.json",
  "market_day_context": {
    "run_date": "2023-10-02",
    "weekday_name": "Monday",
    "is_nepal_trading_weekday": true,
    "holiday_validation_status": "weekday_only_unverified",
    "is_official_holiday": null,
    "holiday_title": null,
    "holiday_source": "https://www.nepalstock.com/api/nots/holiday/list?year=2023",
    "official_holiday_fetch_error": "http_401",
    "override_status": "missing",
    "expected_market_session": true
  },
  "total_pages": 1,
  "total_records": 138,
  "row_count_collected": 138,
  "ledger_written": true,
  "ledger_skipped_reason": null
}
[RUN] RHPL 2023-10-03
{
  "symbol": "RHPL",
  "run_date": "2023-10-03",
  "raw_path": "C:\\Users\\ishwor\\Music\\own-organize\\own-market\\market-gist\\broker_flow_ledger\\raw_merolagani\\RHPL\\2023-10-03.json",
  "ledger_path": "C:\\Users\\ishwor\\Music\\own-organize\\own-market\\market-gist\\broker_flow_ledger\\RHPL\\2023-10-03.json",
  "market_day_context": {
    "run_date": "2023-10-03",
    "weekday_name": "Tuesday",
    "is_nepal_trading_weekday": true,
    "holiday_validation_status": "weekday_only_unverified",
    "is_official_holiday": null,
    "holiday_title": null,
    "holiday_source": "https://www.nepalstock.com/api/nots/holiday/list?year=2023",
    "official_holiday_fetch_error": "http_401",
    "override_status": "missing",
    "expected_market_session": true
  },
  "total_pages": 1,
  "total_records": 112,
  "row_count_collected": 112,
  "ledger_written": true,
  "ledger_skipped_reason": null
}
[RUN] RHPL 2023-10-04
{
  "symbol": "RHPL",
  "run_date": "2023-10-04",
  "raw_path": "C:\\Users\\ishwor\\Music\\own-organize\\own-market\\market-gist\\broker_flow_ledger\\raw_merolagani\\RHPL\\2023-10-04.json",
  "ledger_path": "C:\\Users\\ishwor\\Music\\own-organize\\own-market\\market-gist\\broker_flow_ledger\\RHPL\\2023-10-04.json",
  "market_day_context": {
    "run_date": "2023-10-04",
    "weekday_name": "Wednesday",
    "is_nepal_trading_weekday": true,
    "holiday_validation_status": "weekday_only_unverified",
    "is_official_holiday": null,
    "holiday_title": null,
    "holiday_source": "https://www.nepalstock.com/api/nots/holiday/list?year=2023",
    "official_holiday_fetch_error": "http_401",
    "override_status": "missing",
    "expected_market_session": true
  },
  "total_pages": 1,
  "total_records": 105,
  "row_count_collected": 105,
  "ledger_written": true,
  "ledger_skipped_reason": null
}
[RUN] RHPL 2023-10-05
{
  "symbol": "RHPL",
  "run_date": "2023-10-05",
  "raw_path": "C:\\Users\\ishwor\\Music\\own-organize\\own-market\\market-gist\\broker_flow_ledger\\raw_merolagani\\RHPL\\2023-10-05.json",
  "ledger_path": "C:\\Users\\ishwor\\Music\\own-organize\\own-market\\market-gist\\broker_flow_ledger\\RHPL\\2023-10-05.json",
  "market_day_context": {
    "run_date": "2023-10-05",
    "weekday_name": "Thursday",
    "is_nepal_trading_weekday": true,
    "holiday_validation_status": "weekday_only_unverified",
    "is_official_holiday": null,
    "holiday_title": null,
    "holiday_source": "https://www.nepalstock.com/api/nots/holiday/list?year=2023",
    "official_holiday_fetch_error": "http_401",
    "override_status": "missing",
    "expected_market_session": true
  },
  "total_pages": 1,
  "total_records": 127,
  "row_count_collected": 127,
  "ledger_written": true,
  "ledger_skipped_reason": null
}
[RUN] RHPL 2023-10-08
{
  "symbol": "RHPL",
  "run_date": "2023-10-08",
  "raw_path": "C:\\Users\\ishwor\\Music\\own-organize\\own-market\\market-gist\\broker_flow_ledger\\raw_merolagani\\RHPL\\2023-10-08.json",
  "ledger_path": "C:\\Users\\ishwor\\Music\\own-organize\\own-market\\market-gist\\broker_flow_ledger\\RHPL\\2023-10-08.json",
  "market_day_context": {
    "run_date": "2023-10-08",
    "weekday_name": "Sunday",
    "is_nepal_trading_weekday": true,
    "holiday_validation_status": "weekday_only_unverified",
    "is_official_holiday": null,
    "holiday_title": null,
    "holiday_source": "https://www.nepalstock.com/api/nots/holiday/list?year=2023",
    "official_holiday_fetch_error": "http_401",
    "override_status": "missing",
    "expected_market_session": true
  },
  "total_pages": 1,
  "total_records": 200,
  "row_count_collected": 200,
  "ledger_written": true,
  "ledger_skipped_reason": null
}
[RUN] RHPL 2023-10-09
{
  "symbol": "RHPL",
  "run_date": "2023-10-09",
  "raw_path": "C:\\Users\\ishwor\\Music\\own-organize\\own-market\\market-gist\\broker_flow_ledger\\raw_merolagani\\RHPL\\2023-10-09.json",
  "ledger_path": "C:\\Users\\ishwor\\Music\\own-organize\\own-market\\market-gist\\broker_flow_ledger\\RHPL\\2023-10-09.json",
  "market_day_context": {
    "run_date": "2023-10-09",
    "weekday_name": "Monday",
    "is_nepal_trading_weekday": true,
    "holiday_validation_status": "weekday_only_unverified",
    "is_official_holiday": null,
    "holiday_title": null,
    "holiday_source": "https://www.nepalstock.com/api/nots/holiday/list?year=2023",
    "official_holiday_fetch_error": "http_401",
    "override_status": "missing",
    "expected_market_session": true
  },
  "total_pages": 1,
  "total_records": 139,
  "row_count_collected": 139,
  "ledger_written": true,
  "ledger_skipped_reason": null
}
[RUN] RHPL 2023-10-10
{
  "symbol": "RHPL",
  "run_date": "2023-10-10",
  "raw_path": "C:\\Users\\ishwor\\Music\\own-organize\\own-market\\market-gist\\broker_flow_ledger\\raw_merolagani\\RHPL\\2023-10-10.json",
  "ledger_path": "C:\\Users\\ishwor\\Music\\own-organize\\own-market\\market-gist\\broker_flow_ledger\\RHPL\\2023-10-10.json",
  "market_day_context": {
    "run_date": "2023-10-10",
    "weekday_name": "Tuesday",
    "is_nepal_trading_weekday": true,
    "holiday_validation_status": "weekday_only_unverified",
    "is_official_holiday": null,
    "holiday_title": null,
    "holiday_source": "https://www.nepalstock.com/api/nots/holiday/list?year=2023",
    "official_holiday_fetch_error": "http_401",
    "override_status": "missing",
    "expected_market_session": true
  },
  "total_pages": 1,
  "total_records": 114,
  "row_count_collected": 114,
  "ledger_written": true,
  "ledger_skipped_reason": null
}
[RUN] RHPL 2023-10-11
{
  "symbol": "RHPL",
  "run_date": "2023-10-11",
  "raw_path": "C:\\Users\\ishwor\\Music\\own-organize\\own-market\\market-gist\\broker_flow_ledger\\raw_merolagani\\RHPL\\2023-10-11.json",
  "ledger_path": "C:\\Users\\ishwor\\Music\\own-organize\\own-market\\market-gist\\broker_flow_ledger\\RHPL\\2023-10-11.json",
  "market_day_context": {
    "run_date": "2023-10-11",
    "weekday_name": "Wednesday",
    "is_nepal_trading_weekday": true,
    "holiday_validation_status": "weekday_only_unverified",
    "is_official_holiday": null,
    "holiday_title": null,
    "holiday_source": "https://www.nepalstock.com/api/nots/holiday/list?year=2023",
    "official_holiday_fetch_error": "http_401",
    "override_status": "missing",
    "expected_market_session": true
  },
  "total_pages": 1,
  "total_records": 93,
  "row_count_collected": 93,
  "ledger_written": true,
  "ledger_skipped_reason": null
}
[RUN] RHPL 2023-10-12
{
  "symbol": "RHPL",
  "run_date": "2023-10-12",
  "raw_path": "C:\\Users\\ishwor\\Music\\own-organize\\own-market\\market-gist\\broker_flow_ledger\\raw_merolagani\\RHPL\\2023-10-12.json",
  "ledger_path": "C:\\Users\\ishwor\\Music\\own-organize\\own-market\\market-gist\\broker_flow_ledger\\RHPL\\2023-10-12.json",
  "market_day_context": {
    "run_date": "2023-10-12",
    "weekday_name": "Thursday",
    "is_nepal_trading_weekday": true,
    "holiday_validation_status": "weekday_only_unverified",
    "is_official_holiday": null,
    "holiday_title": null,
    "holiday_source": "https://www.nepalstock.com/api/nots/holiday/list?year=2023",
    "official_holiday_fetch_error": "http_401",
    "override_status": "missing",
    "expected_market_session": true
  },
  "total_pages": 1,
  "total_records": 103,
  "row_count_collected": 103,
  "ledger_written": true,
  "ledger_skipped_reason": null
}
[RUN] RHPL 2023-10-15
{
  "symbol": "RHPL",
  "run_date": "2023-10-15",
  "raw_path": "C:\\Users\\ishwor\\Music\\own-organize\\own-market\\market-gist\\broker_flow_ledger\\raw_merolagani\\RHPL\\2023-10-15.json",
  "ledger_path": "C:\\Users\\ishwor\\Music\\own-organize\\own-market\\market-gist\\broker_flow_ledger\\RHPL\\2023-10-15.json",
  "market_day_context": {
    "run_date": "2023-10-15",
    "weekday_name": "Sunday",
    "is_nepal_trading_weekday": true,
    "holiday_validation_status": "weekday_only_unverified",
    "is_official_holiday": null,
    "holiday_title": null,
    "holiday_source": "https://www.nepalstock.com/api/nots/holiday/list?year=2023",
    "official_holiday_fetch_error": "http_401",
    "override_status": "missing",
    "expected_market_session": true
  },
  "total_pages": 0,
  "total_records": null,
  "row_count_collected": 0,
  "ledger_written": false,
  "ledger_skipped_reason": "empty_weekday_unverified"
}
[RUN] RHPL 2023-10-16
{
  "symbol": "RHPL",
  "run_date": "2023-10-16",
  "raw_path": "C:\\Users\\ishwor\\Music\\own-organize\\own-market\\market-gist\\broker_flow_ledger\\raw_merolagani\\RHPL\\2023-10-16.json",
  "ledger_path": "C:\\Users\\ishwor\\Music\\own-organize\\own-market\\market-gist\\broker_flow_ledger\\RHPL\\2023-10-16.json",
  "market_day_context": {
    "run_date": "2023-10-16",
    "weekday_name": "Monday",
    "is_nepal_trading_weekday": true,
    "holiday_validation_status": "weekday_only_unverified",
    "is_official_holiday": null,
    "holiday_title": null,
    "holiday_source": "https://www.nepalstock.com/api/nots/holiday/list?year=2023",
    "official_holiday_fetch_error": "http_401",
    "override_status": "missing",
    "expected_market_session": true
  },
  "total_pages": 1,
  "total_records": 104,
  "row_count_collected": 104,
  "ledger_written": true,
  "ledger_skipped_reason": null
}
[RUN] RHPL 2023-10-17
{
  "symbol": "RHPL",
  "run_date": "2023-10-17",
  "raw_path": "C:\\Users\\ishwor\\Music\\own-organize\\own-market\\market-gist\\broker_flow_ledger\\raw_merolagani\\RHPL\\2023-10-17.json",
  "ledger_path": "C:\\Users\\ishwor\\Music\\own-organize\\own-market\\market-gist\\broker_flow_ledger\\RHPL\\2023-10-17.json",
  "market_day_context": {
    "run_date": "2023-10-17",
    "weekday_name": "Tuesday",
    "is_nepal_trading_weekday": true,
    "holiday_validation_status": "weekday_only_unverified",
    "is_official_holiday": null,
    "holiday_title": null,
    "holiday_source": "https://www.nepalstock.com/api/nots/holiday/list?year=2023",
    "official_holiday_fetch_error": "http_401",
    "override_status": "missing",
    "expected_market_session": true
  },
  "total_pages": 1,
  "total_records": 100,
  "row_count_collected": 100,
  "ledger_written": true,
  "ledger_skipped_reason": null
}
[RUN] RHPL 2023-10-18
{
  "symbol": "RHPL",
  "run_date": "2023-10-18",
  "raw_path": "C:\\Users\\ishwor\\Music\\own-organize\\own-market\\market-gist\\broker_flow_ledger\\raw_merolagani\\RHPL\\2023-10-18.json",
  "ledger_path": "C:\\Users\\ishwor\\Music\\own-organize\\own-market\\market-gist\\broker_flow_ledger\\RHPL\\2023-10-18.json",
  "market_day_context": {
    "run_date": "2023-10-18",
    "weekday_name": "Wednesday",
    "is_nepal_trading_weekday": true,
    "holiday_validation_status": "weekday_only_unverified",
    "is_official_holiday": null,
    "holiday_title": null,
    "holiday_source": "https://www.nepalstock.com/api/nots/holiday/list?year=2023",
    "official_holiday_fetch_error": "http_401",
    "override_status": "missing",
    "expected_market_session": true
  },
  "total_pages": 1,
  "total_records": 40,
  "row_count_collected": 40,
  "ledger_written": true,
  "ledger_skipped_reason": null
}
[RUN] RHPL 2023-10-19
{
  "symbol": "RHPL",
  "run_date": "2023-10-19",
  "raw_path": "C:\\Users\\ishwor\\Music\\own-organize\\own-market\\market-gist\\broker_flow_ledger\\raw_merolagani\\RHPL\\2023-10-19.json",
  "ledger_path": "C:\\Users\\ishwor\\Music\\own-organize\\own-market\\market-gist\\broker_flow_ledger\\RHPL\\2023-10-19.json",
  "market_day_context": {
    "run_date": "2023-10-19",
    "weekday_name": "Thursday",
    "is_nepal_trading_weekday": true,
    "holiday_validation_status": "weekday_only_unverified",
    "is_official_holiday": null,
    "holiday_title": null,
    "holiday_source": "https://www.nepalstock.com/api/nots/holiday/list?year=2023",
    "official_holiday_fetch_error": "http_401",
    "override_status": "missing",
    "expected_market_session": true
  },
  "total_pages": 1,
  "total_records": 62,
  "row_count_collected": 62,
  "ledger_written": true,
  "ledger_skipped_reason": null
}
[RUN] RHPL 2023-10-22
{
  "symbol": "RHPL",
  "run_date": "2023-10-22",
  "raw_path": "C:\\Users\\ishwor\\Music\\own-organize\\own-market\\market-gist\\broker_flow_ledger\\raw_merolagani\\RHPL\\2023-10-22.json",
  "ledger_path": "C:\\Users\\ishwor\\Music\\own-organize\\own-market\\market-gist\\broker_flow_ledger\\RHPL\\2023-10-22.json",
  "market_day_context": {
    "run_date": "2023-10-22",
    "weekday_name": "Sunday",
    "is_nepal_trading_weekday": true,
    "holiday_validation_status": "weekday_only_unverified",
    "is_official_holiday": null,
    "holiday_title": null,
    "holiday_source": "https://www.nepalstock.com/api/nots/holiday/list?year=2023",
    "official_holiday_fetch_error": "http_401",
    "override_status": "missing",
    "expected_market_session": true
  },
  "total_pages": 0,
  "total_records": null,
  "row_count_collected": 0,
  "ledger_written": false,
  "ledger_skipped_reason": "empty_weekday_unverified"
}
[RUN] RHPL 2023-10-23
{
  "symbol": "RHPL",
  "run_date": "2023-10-23",
  "raw_path": "C:\\Users\\ishwor\\Music\\own-organize\\own-market\\market-gist\\broker_flow_ledger\\raw_merolagani\\RHPL\\2023-10-23.json",
  "ledger_path": "C:\\Users\\ishwor\\Music\\own-organize\\own-market\\market-gist\\broker_flow_ledger\\RHPL\\2023-10-23.json",
  "market_day_context": {
    "run_date": "2023-10-23",
    "weekday_name": "Monday",
    "is_nepal_trading_weekday": true,
    "holiday_validation_status": "weekday_only_unverified",
    "is_official_holiday": null,
    "holiday_title": null,
    "holiday_source": "https://www.nepalstock.com/api/nots/holiday/list?year=2023",
    "official_holiday_fetch_error": "http_401",
    "override_status": "missing",
    "expected_market_session": true
  },
  "total_pages": 0,
  "total_records": null,
  "row_count_collected": 0,
  "ledger_written": false,
  "ledger_skipped_reason": "empty_weekday_unverified"
}
[RUN] RHPL 2023-10-24
{
  "symbol": "RHPL",
  "run_date": "2023-10-24",
  "raw_path": "C:\\Users\\ishwor\\Music\\own-organize\\own-market\\market-gist\\broker_flow_ledger\\raw_merolagani\\RHPL\\2023-10-24.json",
  "ledger_path": "C:\\Users\\ishwor\\Music\\own-organize\\own-market\\market-gist\\broker_flow_ledger\\RHPL\\2023-10-24.json",
  "market_day_context": {
    "run_date": "2023-10-24",
    "weekday_name": "Tuesday",
    "is_nepal_trading_weekday": true,
    "holiday_validation_status": "weekday_only_unverified",
    "is_official_holiday": null,
    "holiday_title": null,
    "holiday_source": "https://www.nepalstock.com/api/nots/holiday/list?year=2023",
    "official_holiday_fetch_error": "http_401",
    "override_status": "missing",
    "expected_market_session": true
  },
  "total_pages": 0,
  "total_records": null,
  "row_count_collected": 0,
  "ledger_written": false,
  "ledger_skipped_reason": "empty_weekday_unverified"
}
[RUN] RHPL 2023-10-25
{
  "symbol": "RHPL",
  "run_date": "2023-10-25",
  "raw_path": "C:\\Users\\ishwor\\Music\\own-organize\\own-market\\market-gist\\broker_flow_ledger\\raw_merolagani\\RHPL\\2023-10-25.json",
  "ledger_path": "C:\\Users\\ishwor\\Music\\own-organize\\own-market\\market-gist\\broker_flow_ledger\\RHPL\\2023-10-25.json",
  "market_day_context": {
    "run_date": "2023-10-25",
    "weekday_name": "Wednesday",
    "is_nepal_trading_weekday": true,
    "holiday_validation_status": "weekday_only_unverified",
    "is_official_holiday": null,
    "holiday_title": null,
    "holiday_source": "https://www.nepalstock.com/api/nots/holiday/list?year=2023",
    "official_holiday_fetch_error": "http_401",
    "override_status": "missing",
    "expected_market_session": true
  },
  "total_pages": 0,
  "total_records": null,
  "row_count_collected": 0,
  "ledger_written": false,
  "ledger_skipped_reason": "empty_weekday_unverified"
}
[RUN] RHPL 2023-10-26
{
  "symbol": "RHPL",
  "run_date": "2023-10-26",
  "raw_path": "C:\\Users\\ishwor\\Music\\own-organize\\own-market\\market-gist\\broker_flow_ledger\\raw_merolagani\\RHPL\\2023-10-26.json",
  "ledger_path": "C:\\Users\\ishwor\\Music\\own-organize\\own-market\\market-gist\\broker_flow_ledger\\RHPL\\2023-10-26.json",
  "market_day_context": {
    "run_date": "2023-10-26",
    "weekday_name": "Thursday",
    "is_nepal_trading_weekday": true,
    "holiday_validation_status": "weekday_only_unverified",
    "is_official_holiday": null,
    "holiday_title": null,
    "holiday_source": "https://www.nepalstock.com/api/nots/holiday/list?year=2023",
    "official_holiday_fetch_error": "http_401",
    "override_status": "missing",
    "expected_market_session": true
  },
  "total_pages": 0,
  "total_records": null,
  "row_count_collected": 0,
  "ledger_written": false,
  "ledger_skipped_reason": "empty_weekday_unverified"
}
[RUN] RHPL 2023-10-29
{
  "symbol": "RHPL",
  "run_date": "2023-10-29",
  "raw_path": "C:\\Users\\ishwor\\Music\\own-organize\\own-market\\market-gist\\broker_flow_ledger\\raw_merolagani\\RHPL\\2023-10-29.json",
  "ledger_path": "C:\\Users\\ishwor\\Music\\own-organize\\own-market\\market-gist\\broker_flow_ledger\\RHPL\\2023-10-29.json",
  "market_day_context": {
    "run_date": "2023-10-29",
    "weekday_name": "Sunday",
    "is_nepal_trading_weekday": true,
    "holiday_validation_status": "weekday_only_unverified",
    "is_official_holiday": null,
    "holiday_title": null,
    "holiday_source": "https://www.nepalstock.com/api/nots/holiday/list?year=2023",
    "official_holiday_fetch_error": "http_401",
    "override_status": "missing",
    "expected_market_session": true
  },
  "total_pages": 1,
  "total_records": 69,
  "row_count_collected": 69,
  "ledger_written": true,
  "ledger_skipped_reason": null
}
[RUN] RHPL 2023-10-30
{
  "symbol": "RHPL",
  "run_date": "2023-10-30",
  "raw_path": "C:\\Users\\ishwor\\Music\\own-organize\\own-market\\market-gist\\broker_flow_ledger\\raw_merolagani\\RHPL\\2023-10-30.json",
  "ledger_path": "C:\\Users\\ishwor\\Music\\own-organize\\own-market\\market-gist\\broker_flow_ledger\\RHPL\\2023-10-30.json",
  "market_day_context": {
    "run_date": "2023-10-30",
    "weekday_name": "Monday",
    "is_nepal_trading_weekday": true,
    "holiday_validation_status": "weekday_only_unverified",
    "is_official_holiday": null,
    "holiday_title": null,
    "holiday_source": "https://www.nepalstock.com/api/nots/holiday/list?year=2023",
    "official_holiday_fetch_error": "http_401",
    "override_status": "missing",
    "expected_market_session": true
  },
  "total_pages": 1,
  "total_records": 58,
  "row_count_collected": 58,
  "ledger_written": true,
  "ledger_skipped_reason": null
}
[RUN] RHPL 2023-10-31
{
  "symbol": "RHPL",
  "run_date": "2023-10-31",
  "raw_path": "C:\\Users\\ishwor\\Music\\own-organize\\own-market\\market-gist\\broker_flow_ledger\\raw_merolagani\\RHPL\\2023-10-31.json",
  "ledger_path": "C:\\Users\\ishwor\\Music\\own-organize\\own-market\\market-gist\\broker_flow_ledger\\RHPL\\2023-10-31.json",
  "market_day_context": {
    "run_date": "2023-10-31",
    "weekday_name": "Tuesday",
    "is_nepal_trading_weekday": true,
    "holiday_validation_status": "weekday_only_unverified",
    "is_official_holiday": null,
    "holiday_title": null,
    "holiday_source": "https://www.nepalstock.com/api/nots/holiday/list?year=2023",
    "official_holiday_fetch_error": "http_401",
    "override_status": "missing",
    "expected_market_session": true
  },
  "total_pages": 1,
  "total_records": 76,
  "row_count_collected": 76,
  "ledger_written": true,
  "ledger_skipped_reason": null
}
[RUN] RHPL 2023-11-01
{
  "symbol": "RHPL",
  "run_date": "2023-11-01",
  "raw_path": "C:\\Users\\ishwor\\Music\\own-organize\\own-market\\market-gist\\broker_flow_ledger\\raw_merolagani\\RHPL\\2023-11-01.json",
  "ledger_path": "C:\\Users\\ishwor\\Music\\own-organize\\own-market\\market-gist\\broker_flow_ledger\\RHPL\\2023-11-01.json",
  "market_day_context": {
    "run_date": "2023-11-01",
    "weekday_name": "Wednesday",
    "is_nepal_trading_weekday": true,
    "holiday_validation_status": "weekday_only_unverified",
    "is_official_holiday": null,
    "holiday_title": null,
    "holiday_source": "https://www.nepalstock.com/api/nots/holiday/list?year=2023",
    "official_holiday_fetch_error": "http_401",
    "override_status": "missing",
    "expected_market_session": true
  },
  "total_pages": 1,
  "total_records": 45,
  "row_count_collected": 45,
  "ledger_written": true,
  "ledger_skipped_reason": null
}
[RUN] RHPL 2023-11-02
{
  "symbol": "RHPL",
  "run_date": "2023-11-02",
  "raw_path": "C:\\Users\\ishwor\\Music\\own-organize\\own-market\\market-gist\\broker_flow_ledger\\raw_merolagani\\RHPL\\2023-11-02.json",
  "ledger_path": "C:\\Users\\ishwor\\Music\\own-organize\\own-market\\market-gist\\broker_flow_ledger\\RHPL\\2023-11-02.json",
  "market_day_context": {
    "run_date": "2023-11-02",
    "weekday_name": "Thursday",
    "is_nepal_trading_weekday": true,
    "holiday_validation_status": "weekday_only_unverified",
    "is_official_holiday": null,
    "holiday_title": null,
    "holiday_source": "https://www.nepalstock.com/api/nots/holiday/list?year=2023",
    "official_holiday_fetch_error": "http_401",
    "override_status": "missing",
    "expected_market_session": true
  },
  "total_pages": 1,
  "total_records": 76,
  "row_count_collected": 76,
  "ledger_written": true,
  "ledger_skipped_reason": null
}
[RUN] RHPL 2023-11-05
{
  "symbol": "RHPL",
  "run_date": "2023-11-05",
  "raw_path": "C:\\Users\\ishwor\\Music\\own-organize\\own-market\\market-gist\\broker_flow_ledger\\raw_merolagani\\RHPL\\2023-11-05.json",
  "ledger_path": "C:\\Users\\ishwor\\Music\\own-organize\\own-market\\market-gist\\broker_flow_ledger\\RHPL\\2023-11-05.json",
  "market_day_context": {
    "run_date": "2023-11-05",
    "weekday_name": "Sunday",
    "is_nepal_trading_weekday": true,
    "holiday_validation_status": "weekday_only_unverified",
    "is_official_holiday": null,
    "holiday_title": null,
    "holiday_source": "https://www.nepalstock.com/api/nots/holiday/list?year=2023",
    "official_holiday_fetch_error": "http_401",
    "override_status": "missing",
    "expected_market_session": true
  },
  "total_pages": 1,
  "total_records": 68,
  "row_count_collected": 68,
  "ledger_written": true,
  "ledger_skipped_reason": null
}
[RUN] RHPL 2023-11-06
{
  "symbol": "RHPL",
  "run_date": "2023-11-06",
  "raw_path": "C:\\Users\\ishwor\\Music\\own-organize\\own-market\\market-gist\\broker_flow_ledger\\raw_merolagani\\RHPL\\2023-11-06.json",
  "ledger_path": "C:\\Users\\ishwor\\Music\\own-organize\\own-market\\market-gist\\broker_flow_ledger\\RHPL\\2023-11-06.json",
  "market_day_context": {
    "run_date": "2023-11-06",
    "weekday_name": "Monday",
    "is_nepal_trading_weekday": true,
    "holiday_validation_status": "weekday_only_unverified",
    "is_official_holiday": null,
    "holiday_title": null,
    "holiday_source": "https://www.nepalstock.com/api/nots/holiday/list?year=2023",
    "official_holiday_fetch_error": "http_401",
    "override_status": "missing",
    "expected_market_session": true
  },
  "total_pages": 1,
  "total_records": 80,
  "row_count_collected": 80,
  "ledger_written": true,
  "ledger_skipped_reason": null
}
[RUN] RHPL 2023-11-07
{
  "symbol": "RHPL",
  "run_date": "2023-11-07",
  "raw_path": "C:\\Users\\ishwor\\Music\\own-organize\\own-market\\market-gist\\broker_flow_ledger\\raw_merolagani\\RHPL\\2023-11-07.json",
  "ledger_path": "C:\\Users\\ishwor\\Music\\own-organize\\own-market\\market-gist\\broker_flow_ledger\\RHPL\\2023-11-07.json",
  "market_day_context": {
    "run_date": "2023-11-07",
    "weekday_name": "Tuesday",
    "is_nepal_trading_weekday": true,
    "holiday_validation_status": "weekday_only_unverified",
    "is_official_holiday": null,
    "holiday_title": null,
    "holiday_source": "https://www.nepalstock.com/api/nots/holiday/list?year=2023",
    "official_holiday_fetch_error": "http_401",
    "override_status": "missing",
    "expected_market_session": true
  },
  "total_pages": 1,
  "total_records": 54,
  "row_count_collected": 54,
  "ledger_written": true,
  "ledger_skipped_reason": null
}
[RUN] RHPL 2023-11-08
{
  "symbol": "RHPL",
  "run_date": "2023-11-08",
  "raw_path": "C:\\Users\\ishwor\\Music\\own-organize\\own-market\\market-gist\\broker_flow_ledger\\raw_merolagani\\RHPL\\2023-11-08.json",
  "ledger_path": "C:\\Users\\ishwor\\Music\\own-organize\\own-market\\market-gist\\broker_flow_ledger\\RHPL\\2023-11-08.json",
  "market_day_context": {
    "run_date": "2023-11-08",
    "weekday_name": "Wednesday",
    "is_nepal_trading_weekday": true,
    "holiday_validation_status": "weekday_only_unverified",
    "is_official_holiday": null,
    "holiday_title": null,
    "holiday_source": "https://www.nepalstock.com/api/nots/holiday/list?year=2023",
    "official_holiday_fetch_error": "http_401",
    "override_status": "missing",
    "expected_market_session": true
  },
  "total_pages": 1,
  "total_records": 107,
  "row_count_collected": 107,
  "ledger_written": true,
  "ledger_skipped_reason": null
}
[RUN] RHPL 2023-11-09
{
  "symbol": "RHPL",
  "run_date": "2023-11-09",
  "raw_path": "C:\\Users\\ishwor\\Music\\own-organize\\own-market\\market-gist\\broker_flow_ledger\\raw_merolagani\\RHPL\\2023-11-09.json",
  "ledger_path": "C:\\Users\\ishwor\\Music\\own-organize\\own-market\\market-gist\\broker_flow_ledger\\RHPL\\2023-11-09.json",
  "market_day_context": {
    "run_date": "2023-11-09",
    "weekday_name": "Thursday",
    "is_nepal_trading_weekday": true,
    "holiday_validation_status": "weekday_only_unverified",
    "is_official_holiday": null,
    "holiday_title": null,
    "holiday_source": "https://www.nepalstock.com/api/nots/holiday/list?year=2023",
    "official_holiday_fetch_error": "http_401",
    "override_status": "missing",
    "expected_market_session": true
  },
  "total_pages": 1,
  "total_records": 66,
  "row_count_collected": 66,
  "ledger_written": true,
  "ledger_skipped_reason": null
}
[RUN] RHPL 2023-11-12
{
  "symbol": "RHPL",
  "run_date": "2023-11-12",
  "raw_path": "C:\\Users\\ishwor\\Music\\own-organize\\own-market\\market-gist\\broker_flow_ledger\\raw_merolagani\\RHPL\\2023-11-12.json",
  "ledger_path": "C:\\Users\\ishwor\\Music\\own-organize\\own-market\\market-gist\\broker_flow_ledger\\RHPL\\2023-11-12.json",
  "market_day_context": {
    "run_date": "2023-11-12",
    "weekday_name": "Sunday",
    "is_nepal_trading_weekday": true,
    "holiday_validation_status": "weekday_only_unverified",
    "is_official_holiday": null,
    "holiday_title": null,
    "holiday_source": "https://www.nepalstock.com/api/nots/holiday/list?year=2023",
    "official_holiday_fetch_error": "http_401",
    "override_status": "missing",
    "expected_market_session": true
  },
  "total_pages": 0,
  "total_records": null,
  "row_count_collected": 0,
  "ledger_written": false,
  "ledger_skipped_reason": "empty_weekday_unverified"
}
[RUN] RHPL 2023-11-13
{
  "symbol": "RHPL",
  "run_date": "2023-11-13",
  "raw_path": "C:\\Users\\ishwor\\Music\\own-organize\\own-market\\market-gist\\broker_flow_ledger\\raw_merolagani\\RHPL\\2023-11-13.json",
  "ledger_path": "C:\\Users\\ishwor\\Music\\own-organize\\own-market\\market-gist\\broker_flow_ledger\\RHPL\\2023-11-13.json",
  "market_day_context": {
    "run_date": "2023-11-13",
    "weekday_name": "Monday",
    "is_nepal_trading_weekday": true,
    "holiday_validation_status": "weekday_only_unverified",
    "is_official_holiday": null,
    "holiday_title": null,
    "holiday_source": "https://www.nepalstock.com/api/nots/holiday/list?year=2023",
    "official_holiday_fetch_error": "http_401",
    "override_status": "missing",
    "expected_market_session": true
  },
  "total_pages": 0,
  "total_records": null,
  "row_count_collected": 0,
  "ledger_written": false,
  "ledger_skipped_reason": "empty_weekday_unverified"
}
[RUN] RHPL 2023-11-14
{
  "symbol": "RHPL",
  "run_date": "2023-11-14",
  "raw_path": "C:\\Users\\ishwor\\Music\\own-organize\\own-market\\market-gist\\broker_flow_ledger\\raw_merolagani\\RHPL\\2023-11-14.json",
  "ledger_path": "C:\\Users\\ishwor\\Music\\own-organize\\own-market\\market-gist\\broker_flow_ledger\\RHPL\\2023-11-14.json",
  "market_day_context": {
    "run_date": "2023-11-14",
    "weekday_name": "Tuesday",
    "is_nepal_trading_weekday": true,
    "holiday_validation_status": "weekday_only_unverified",
    "is_official_holiday": null,
    "holiday_title": null,
    "holiday_source": "https://www.nepalstock.com/api/nots/holiday/list?year=2023",
    "official_holiday_fetch_error": "http_401",
    "override_status": "missing",
    "expected_market_session": true
  },
  "total_pages": 0,
  "total_records": null,
  "row_count_collected": 0,
  "ledger_written": false,
  "ledger_skipped_reason": "empty_weekday_unverified"
}
[RUN] RHPL 2023-11-15
{
  "symbol": "RHPL",
  "run_date": "2023-11-15",
  "raw_path": "C:\\Users\\ishwor\\Music\\own-organize\\own-market\\market-gist\\broker_flow_ledger\\raw_merolagani\\RHPL\\2023-11-15.json",
  "ledger_path": "C:\\Users\\ishwor\\Music\\own-organize\\own-market\\market-gist\\broker_flow_ledger\\RHPL\\2023-11-15.json",
  "market_day_context": {
    "run_date": "2023-11-15",
    "weekday_name": "Wednesday",
    "is_nepal_trading_weekday": true,
    "holiday_validation_status": "weekday_only_unverified",
    "is_official_holiday": null,
    "holiday_title": null,
    "holiday_source": "https://www.nepalstock.com/api/nots/holiday/list?year=2023",
    "official_holiday_fetch_error": "http_401",
    "override_status": "missing",
    "expected_market_session": true
  },
  "total_pages": 0,
  "total_records": null,
  "row_count_collected": 0,
  "ledger_written": false,
  "ledger_skipped_reason": "empty_weekday_unverified"
}
[RUN] RHPL 2023-11-16
{
  "symbol": "RHPL",
  "run_date": "2023-11-16",
  "raw_path": "C:\\Users\\ishwor\\Music\\own-organize\\own-market\\market-gist\\broker_flow_ledger\\raw_merolagani\\RHPL\\2023-11-16.json",
  "ledger_path": "C:\\Users\\ishwor\\Music\\own-organize\\own-market\\market-gist\\broker_flow_ledger\\RHPL\\2023-11-16.json",
  "market_day_context": {
    "run_date": "2023-11-16",
    "weekday_name": "Thursday",
    "is_nepal_trading_weekday": true,
    "holiday_validation_status": "weekday_only_unverified",
    "is_official_holiday": null,
    "holiday_title": null,
    "holiday_source": "https://www.nepalstock.com/api/nots/holiday/list?year=2023",
    "official_holiday_fetch_error": "http_401",
    "override_status": "missing",
    "expected_market_session": true
  },
  "total_pages": 0,
  "total_records": null,
  "row_count_collected": 0,
  "ledger_written": false,
  "ledger_skipped_reason": "empty_weekday_unverified"
}
[RUN] RHPL 2023-11-19
{
  "symbol": "RHPL",
  "run_date": "2023-11-19",
  "raw_path": "C:\\Users\\ishwor\\Music\\own-organize\\own-market\\market-gist\\broker_flow_ledger\\raw_merolagani\\RHPL\\2023-11-19.json",
  "ledger_path": "C:\\Users\\ishwor\\Music\\own-organize\\own-market\\market-gist\\broker_flow_ledger\\RHPL\\2023-11-19.json",
  "market_day_context": {
    "run_date": "2023-11-19",
    "weekday_name": "Sunday",
    "is_nepal_trading_weekday": true,
    "holiday_validation_status": "weekday_only_unverified",
    "is_official_holiday": null,
    "holiday_title": null,
    "holiday_source": "https://www.nepalstock.com/api/nots/holiday/list?year=2023",
    "official_holiday_fetch_error": "http_401",
    "override_status": "missing",
    "expected_market_session": true
  },
  "total_pages": 0,
  "total_records": null,
  "row_count_collected": 0,
  "ledger_written": false,
  "ledger_skipped_reason": "empty_weekday_unverified"
}
[RUN] RHPL 2023-11-20
{
  "symbol": "RHPL",
  "run_date": "2023-11-20",
  "raw_path": "C:\\Users\\ishwor\\Music\\own-organize\\own-market\\market-gist\\broker_flow_ledger\\raw_merolagani\\RHPL\\2023-11-20.json",
  "ledger_path": "C:\\Users\\ishwor\\Music\\own-organize\\own-market\\market-gist\\broker_flow_ledger\\RHPL\\2023-11-20.json",
  "market_day_context": {
    "run_date": "2023-11-20",
    "weekday_name": "Monday",
    "is_nepal_trading_weekday": true,
    "holiday_validation_status": "weekday_only_unverified",
    "is_official_holiday": null,
    "holiday_title": null,
    "holiday_source": "https://www.nepalstock.com/api/nots/holiday/list?year=2023",
    "official_holiday_fetch_error": "http_401",
    "override_status": "missing",
    "expected_market_session": true
  },
  "total_pages": 1,
  "total_records": 70,
  "row_count_collected": 70,
  "ledger_written": true,
  "ledger_skipped_reason": null
}
[RUN] RHPL 2023-11-21
{
  "symbol": "RHPL",
  "run_date": "2023-11-21",
  "raw_path": "C:\\Users\\ishwor\\Music\\own-organize\\own-market\\market-gist\\broker_flow_ledger\\raw_merolagani\\RHPL\\2023-11-21.json",
  "ledger_path": "C:\\Users\\ishwor\\Music\\own-organize\\own-market\\market-gist\\broker_flow_ledger\\RHPL\\2023-11-21.json",
  "market_day_context": {
    "run_date": "2023-11-21",
    "weekday_name": "Tuesday",
    "is_nepal_trading_weekday": true,
    "holiday_validation_status": "weekday_only_unverified",
    "is_official_holiday": null,
    "holiday_title": null,
    "holiday_source": "https://www.nepalstock.com/api/nots/holiday/list?year=2023",
    "official_holiday_fetch_error": "http_401",
    "override_status": "missing",
    "expected_market_session": true
  },
  "total_pages": 1,
  "total_records": 97,
  "row_count_collected": 97,
  "ledger_written": true,
  "ledger_skipped_reason": null
}
[RUN] RHPL 2023-11-22
{
  "symbol": "RHPL",
  "run_date": "2023-11-22",
  "raw_path": "C:\\Users\\ishwor\\Music\\own-organize\\own-market\\market-gist\\broker_flow_ledger\\raw_merolagani\\RHPL\\2023-11-22.json",
  "ledger_path": "C:\\Users\\ishwor\\Music\\own-organize\\own-market\\market-gist\\broker_flow_ledger\\RHPL\\2023-11-22.json",
  "market_day_context": {
    "run_date": "2023-11-22",
    "weekday_name": "Wednesday",
    "is_nepal_trading_weekday": true,
    "holiday_validation_status": "weekday_only_unverified",
    "is_official_holiday": null,
    "holiday_title": null,
    "holiday_source": "https://www.nepalstock.com/api/nots/holiday/list?year=2023",
    "official_holiday_fetch_error": "http_401",
    "override_status": "missing",
    "expected_market_session": true
  },
  "total_pages": 1,
  "total_records": 85,
  "row_count_collected": 85,
  "ledger_written": true,
  "ledger_skipped_reason": null
}
[RUN] RHPL 2023-11-23
{
  "symbol": "RHPL",
  "run_date": "2023-11-23",
  "raw_path": "C:\\Users\\ishwor\\Music\\own-organize\\own-market\\market-gist\\broker_flow_ledger\\raw_merolagani\\RHPL\\2023-11-23.json",
  "ledger_path": "C:\\Users\\ishwor\\Music\\own-organize\\own-market\\market-gist\\broker_flow_ledger\\RHPL\\2023-11-23.json",
  "market_day_context": {
    "run_date": "2023-11-23",
    "weekday_name": "Thursday",
    "is_nepal_trading_weekday": true,
    "holiday_validation_status": "weekday_only_unverified",
    "is_official_holiday": null,
    "holiday_title": null,
    "holiday_source": "https://www.nepalstock.com/api/nots/holiday/list?year=2023",
    "official_holiday_fetch_error": "http_401",
    "override_status": "missing",
    "expected_market_session": true
  },
  "total_pages": 1,
  "total_records": 87,
  "row_count_collected": 87,
  "ledger_written": true,
  "ledger_skipped_reason": null
}
[RUN] RHPL 2023-11-26
{
  "symbol": "RHPL",
  "run_date": "2023-11-26",
  "raw_path": "C:\\Users\\ishwor\\Music\\own-organize\\own-market\\market-gist\\broker_flow_ledger\\raw_merolagani\\RHPL\\2023-11-26.json",
  "ledger_path": "C:\\Users\\ishwor\\Music\\own-organize\\own-market\\market-gist\\broker_flow_ledger\\RHPL\\2023-11-26.json",
  "market_day_context": {
    "run_date": "2023-11-26",
    "weekday_name": "Sunday",
    "is_nepal_trading_weekday": true,
    "holiday_validation_status": "weekday_only_unverified",
    "is_official_holiday": null,
    "holiday_title": null,
    "holiday_source": "https://www.nepalstock.com/api/nots/holiday/list?year=2023",
    "official_holiday_fetch_error": "http_401",
    "override_status": "missing",
    "expected_market_session": true
  },
  "total_pages": 1,
  "total_records": 160,
  "row_count_collected": 160,
  "ledger_written": true,
  "ledger_skipped_reason": null
}
[RUN] RHPL 2023-11-27
{
  "symbol": "RHPL",
  "run_date": "2023-11-27",
  "raw_path": "C:\\Users\\ishwor\\Music\\own-organize\\own-market\\market-gist\\broker_flow_ledger\\raw_merolagani\\RHPL\\2023-11-27.json",
  "ledger_path": "C:\\Users\\ishwor\\Music\\own-organize\\own-market\\market-gist\\broker_flow_ledger\\RHPL\\2023-11-27.json",
  "market_day_context": {
    "run_date": "2023-11-27",
    "weekday_name": "Monday",
    "is_nepal_trading_weekday": true,
    "holiday_validation_status": "weekday_only_unverified",
    "is_official_holiday": null,
    "holiday_title": null,
    "holiday_source": "https://www.nepalstock.com/api/nots/holiday/list?year=2023",
    "official_holiday_fetch_error": "http_401",
    "override_status": "missing",
    "expected_market_session": true
  },
  "total_pages": 1,
  "total_records": 78,
  "row_count_collected": 78,
  "ledger_written": true,
  "ledger_skipped_reason": null
}
[RUN] RHPL 2023-11-28
{
  "symbol": "RHPL",
  "run_date": "2023-11-28",
  "raw_path": "C:\\Users\\ishwor\\Music\\own-organize\\own-market\\market-gist\\broker_flow_ledger\\raw_merolagani\\RHPL\\2023-11-28.json",
  "ledger_path": "C:\\Users\\ishwor\\Music\\own-organize\\own-market\\market-gist\\broker_flow_ledger\\RHPL\\2023-11-28.json",
  "market_day_context": {
    "run_date": "2023-11-28",
    "weekday_name": "Tuesday",
    "is_nepal_trading_weekday": true,
    "holiday_validation_status": "weekday_only_unverified",
    "is_official_holiday": null,
    "holiday_title": null,
    "holiday_source": "https://www.nepalstock.com/api/nots/holiday/list?year=2023",
    "official_holiday_fetch_error": "http_401",
    "override_status": "missing",
    "expected_market_session": true
  },
  "total_pages": 1,
  "total_records": 83,
  "row_count_collected": 83,
  "ledger_written": true,
  "ledger_skipped_reason": null
}
[RUN] RHPL 2023-11-29
{
  "symbol": "RHPL",
  "run_date": "2023-11-29",
  "raw_path": "C:\\Users\\ishwor\\Music\\own-organize\\own-market\\market-gist\\broker_flow_ledger\\raw_merolagani\\RHPL\\2023-11-29.json",
  "ledger_path": "C:\\Users\\ishwor\\Music\\own-organize\\own-market\\market-gist\\broker_flow_ledger\\RHPL\\2023-11-29.json",
  "market_day_context": {
    "run_date": "2023-11-29",
    "weekday_name": "Wednesday",
    "is_nepal_trading_weekday": true,
    "holiday_validation_status": "weekday_only_unverified",
    "is_official_holiday": null,
    "holiday_title": null,
    "holiday_source": "https://www.nepalstock.com/api/nots/holiday/list?year=2023",
    "official_holiday_fetch_error": "http_401",
    "override_status": "missing",
    "expected_market_session": true
  },
  "total_pages": 1,
  "total_records": 48,
  "row_count_collected": 48,
  "ledger_written": true,
  "ledger_skipped_reason": null
}
[RUN] RHPL 2023-11-30
{
  "symbol": "RHPL",
  "run_date": "2023-11-30",
  "raw_path": "C:\\Users\\ishwor\\Music\\own-organize\\own-market\\market-gist\\broker_flow_ledger\\raw_merolagani\\RHPL\\2023-11-30.json",
  "ledger_path": "C:\\Users\\ishwor\\Music\\own-organize\\own-market\\market-gist\\broker_flow_ledger\\RHPL\\2023-11-30.json",
  "market_day_context": {
    "run_date": "2023-11-30",
    "weekday_name": "Thursday",
    "is_nepal_trading_weekday": true,
    "holiday_validation_status": "weekday_only_unverified",
    "is_official_holiday": null,
    "holiday_title": null,
    "holiday_source": "https://www.nepalstock.com/api/nots/holiday/list?year=2023",
    "official_holiday_fetch_error": "http_401",
    "override_status": "missing",
    "expected_market_session": true
  },
  "total_pages": 1,
  "total_records": 84,
  "row_count_collected": 84,
  "ledger_written": true,
  "ledger_skipped_reason": null
}
[RUN] RHPL 2023-12-03
{
  "symbol": "RHPL",
  "run_date": "2023-12-03",
  "raw_path": "C:\\Users\\ishwor\\Music\\own-organize\\own-market\\market-gist\\broker_flow_ledger\\raw_merolagani\\RHPL\\2023-12-03.json",
  "ledger_path": "C:\\Users\\ishwor\\Music\\own-organize\\own-market\\market-gist\\broker_flow_ledger\\RHPL\\2023-12-03.json",
  "market_day_context": {
    "run_date": "2023-12-03",
    "weekday_name": "Sunday",
    "is_nepal_trading_weekday": true,
    "holiday_validation_status": "weekday_only_unverified",
    "is_official_holiday": null,
    "holiday_title": null,
    "holiday_source": "https://www.nepalstock.com/api/nots/holiday/list?year=2023",
    "official_holiday_fetch_error": "http_401",
    "override_status": "missing",
    "expected_market_session": true
  },
  "total_pages": 1,
  "total_records": 103,
  "row_count_collected": 103,
  "ledger_written": true,
  "ledger_skipped_reason": null
}
[RUN] RHPL 2023-12-04
{
  "symbol": "RHPL",
  "run_date": "2023-12-04",
  "raw_path": "C:\\Users\\ishwor\\Music\\own-organize\\own-market\\market-gist\\broker_flow_ledger\\raw_merolagani\\RHPL\\2023-12-04.json",
  "ledger_path": "C:\\Users\\ishwor\\Music\\own-organize\\own-market\\market-gist\\broker_flow_ledger\\RHPL\\2023-12-04.json",
  "market_day_context": {
    "run_date": "2023-12-04",
    "weekday_name": "Monday",
    "is_nepal_trading_weekday": true,
    "holiday_validation_status": "weekday_only_unverified",
    "is_official_holiday": null,
    "holiday_title": null,
    "holiday_source": "https://www.nepalstock.com/api/nots/holiday/list?year=2023",
    "official_holiday_fetch_error": "http_401",
    "override_status": "missing",
    "expected_market_session": true
  },
  "total_pages": 1,
  "total_records": 85,
  "row_count_collected": 85,
  "ledger_written": true,
  "ledger_skipped_reason": null
}
[RUN] RHPL 2023-12-05
{
  "symbol": "RHPL",
  "run_date": "2023-12-05",
  "raw_path": "C:\\Users\\ishwor\\Music\\own-organize\\own-market\\market-gist\\broker_flow_ledger\\raw_merolagani\\RHPL\\2023-12-05.json",
  "ledger_path": "C:\\Users\\ishwor\\Music\\own-organize\\own-market\\market-gist\\broker_flow_ledger\\RHPL\\2023-12-05.json",
  "market_day_context": {
    "run_date": "2023-12-05",
    "weekday_name": "Tuesday",
    "is_nepal_trading_weekday": true,
    "holiday_validation_status": "weekday_only_unverified",
    "is_official_holiday": null,
    "holiday_title": null,
    "holiday_source": "https://www.nepalstock.com/api/nots/holiday/list?year=2023",
    "official_holiday_fetch_error": "http_401",
    "override_status": "missing",
    "expected_market_session": true
  },
  "total_pages": 1,
  "total_records": 82,
  "row_count_collected": 82,
  "ledger_written": true,
  "ledger_skipped_reason": null
}
[RUN] RHPL 2023-12-06
{
  "symbol": "RHPL",
  "run_date": "2023-12-06",
  "raw_path": "C:\\Users\\ishwor\\Music\\own-organize\\own-market\\market-gist\\broker_flow_ledger\\raw_merolagani\\RHPL\\2023-12-06.json",
  "ledger_path": "C:\\Users\\ishwor\\Music\\own-organize\\own-market\\market-gist\\broker_flow_ledger\\RHPL\\2023-12-06.json",
  "market_day_context": {
    "run_date": "2023-12-06",
    "weekday_name": "Wednesday",
    "is_nepal_trading_weekday": true,
    "holiday_validation_status": "weekday_only_unverified",
    "is_official_holiday": null,
    "holiday_title": null,
    "holiday_source": "https://www.nepalstock.com/api/nots/holiday/list?year=2023",
    "official_holiday_fetch_error": "http_401",
    "override_status": "missing",
    "expected_market_session": true
  },
  "total_pages": 1,
  "total_records": 63,
  "row_count_collected": 63,
  "ledger_written": true,
  "ledger_skipped_reason": null
}
[RUN] RHPL 2023-12-07
{
  "symbol": "RHPL",
  "run_date": "2023-12-07",
  "raw_path": "C:\\Users\\ishwor\\Music\\own-organize\\own-market\\market-gist\\broker_flow_ledger\\raw_merolagani\\RHPL\\2023-12-07.json",
  "ledger_path": "C:\\Users\\ishwor\\Music\\own-organize\\own-market\\market-gist\\broker_flow_ledger\\RHPL\\2023-12-07.json",
  "market_day_context": {
    "run_date": "2023-12-07",
    "weekday_name": "Thursday",
    "is_nepal_trading_weekday": true,
    "holiday_validation_status": "weekday_only_unverified",
    "is_official_holiday": null,
    "holiday_title": null,
    "holiday_source": "https://www.nepalstock.com/api/nots/holiday/list?year=2023",
    "official_holiday_fetch_error": "http_401",
    "override_status": "missing",
    "expected_market_session": true
  },
  "total_pages": 1,
  "total_records": 74,
  "row_count_collected": 74,
  "ledger_written": true,
  "ledger_skipped_reason": null
}
[RUN] RHPL 2023-12-10
{
  "symbol": "RHPL",
  "run_date": "2023-12-10",
  "raw_path": "C:\\Users\\ishwor\\Music\\own-organize\\own-market\\market-gist\\broker_flow_ledger\\raw_merolagani\\RHPL\\2023-12-10.json",
  "ledger_path": "C:\\Users\\ishwor\\Music\\own-organize\\own-market\\market-gist\\broker_flow_ledger\\RHPL\\2023-12-10.json",
  "market_day_context": {
    "run_date": "2023-12-10",
    "weekday_name": "Sunday",
    "is_nepal_trading_weekday": true,
    "holiday_validation_status": "weekday_only_unverified",
    "is_official_holiday": null,
    "holiday_title": null,
    "holiday_source": "https://www.nepalstock.com/api/nots/holiday/list?year=2023",
    "official_holiday_fetch_error": "http_401",
    "override_status": "missing",
    "expected_market_session": true
  },
  "total_pages": 1,
  "total_records": 8,
  "row_count_collected": 8,
  "ledger_written": true,
  "ledger_skipped_reason": null
}
[RUN] RHPL 2023-12-11
{
  "symbol": "RHPL",
  "run_date": "2023-12-11",
  "raw_path": "C:\\Users\\ishwor\\Music\\own-organize\\own-market\\market-gist\\broker_flow_ledger\\raw_merolagani\\RHPL\\2023-12-11.json",
  "ledger_path": "C:\\Users\\ishwor\\Music\\own-organize\\own-market\\market-gist\\broker_flow_ledger\\RHPL\\2023-12-11.json",
  "market_day_context": {
    "run_date": "2023-12-11",
    "weekday_name": "Monday",
    "is_nepal_trading_weekday": true,
    "holiday_validation_status": "weekday_only_unverified",
    "is_official_holiday": null,
    "holiday_title": null,
    "holiday_source": "https://www.nepalstock.com/api/nots/holiday/list?year=2023",
    "official_holiday_fetch_error": "http_401",
    "override_status": "missing",
    "expected_market_session": true
  },
  "total_pages": 1,
  "total_records": 288,
  "row_count_collected": 288,
  "ledger_written": true,
  "ledger_skipped_reason": null
}
[RUN] RHPL 2023-12-12
{
  "symbol": "RHPL",
  "run_date": "2023-12-12",
  "raw_path": "C:\\Users\\ishwor\\Music\\own-organize\\own-market\\market-gist\\broker_flow_ledger\\raw_merolagani\\RHPL\\2023-12-12.json",
  "ledger_path": "C:\\Users\\ishwor\\Music\\own-organize\\own-market\\market-gist\\broker_flow_ledger\\RHPL\\2023-12-12.json",
  "market_day_context": {
    "run_date": "2023-12-12",
    "weekday_name": "Tuesday",
    "is_nepal_trading_weekday": true,
    "holiday_validation_status": "weekday_only_unverified",
    "is_official_holiday": null,
    "holiday_title": null,
    "holiday_source": "https://www.nepalstock.com/api/nots/holiday/list?year=2023",
    "official_holiday_fetch_error": "http_401",
    "override_status": "missing",
    "expected_market_session": true
  },
  "total_pages": 1,
  "total_records": 218,
  "row_count_collected": 218,
  "ledger_written": true,
  "ledger_skipped_reason": null
}
[RUN] RHPL 2023-12-13
{
  "symbol": "RHPL",
  "run_date": "2023-12-13",
  "raw_path": "C:\\Users\\ishwor\\Music\\own-organize\\own-market\\market-gist\\broker_flow_ledger\\raw_merolagani\\RHPL\\2023-12-13.json",
  "ledger_path": "C:\\Users\\ishwor\\Music\\own-organize\\own-market\\market-gist\\broker_flow_ledger\\RHPL\\2023-12-13.json",
  "market_day_context": {
    "run_date": "2023-12-13",
    "weekday_name": "Wednesday",
    "is_nepal_trading_weekday": true,
    "holiday_validation_status": "weekday_only_unverified",
    "is_official_holiday": null,
    "holiday_title": null,
    "holiday_source": "https://www.nepalstock.com/api/nots/holiday/list?year=2023",
    "official_holiday_fetch_error": "http_401",
    "override_status": "missing",
    "expected_market_session": true
  },
  "total_pages": 1,
  "total_records": 177,
  "row_count_collected": 177,
  "ledger_written": true,
  "ledger_skipped_reason": null
}
[RUN] RHPL 2023-12-14
{
  "symbol": "RHPL",
  "run_date": "2023-12-14",
  "raw_path": "C:\\Users\\ishwor\\Music\\own-organize\\own-market\\market-gist\\broker_flow_ledger\\raw_merolagani\\RHPL\\2023-12-14.json",
  "ledger_path": "C:\\Users\\ishwor\\Music\\own-organize\\own-market\\market-gist\\broker_flow_ledger\\RHPL\\2023-12-14.json",
  "market_day_context": {
    "run_date": "2023-12-14",
    "weekday_name": "Thursday",
    "is_nepal_trading_weekday": true,
    "holiday_validation_status": "weekday_only_unverified",
    "is_official_holiday": null,
    "holiday_title": null,
    "holiday_source": "https://www.nepalstock.com/api/nots/holiday/list?year=2023",
    "official_holiday_fetch_error": "http_401",
    "override_status": "missing",
    "expected_market_session": true
  },
  "total_pages": 1,
  "total_records": 124,
  "row_count_collected": 124,
  "ledger_written": true,
  "ledger_skipped_reason": null
}
[RUN] RHPL 2023-12-17
{
  "symbol": "RHPL",
  "run_date": "2023-12-17",
  "raw_path": "C:\\Users\\ishwor\\Music\\own-organize\\own-market\\market-gist\\broker_flow_ledger\\raw_merolagani\\RHPL\\2023-12-17.json",
  "ledger_path": "C:\\Users\\ishwor\\Music\\own-organize\\own-market\\market-gist\\broker_flow_ledger\\RHPL\\2023-12-17.json",
  "market_day_context": {
    "run_date": "2023-12-17",
    "weekday_name": "Sunday",
    "is_nepal_trading_weekday": true,
    "holiday_validation_status": "weekday_only_unverified",
    "is_official_holiday": null,
    "holiday_title": null,
    "holiday_source": "https://www.nepalstock.com/api/nots/holiday/list?year=2023",
    "official_holiday_fetch_error": "http_401",
    "override_status": "missing",
    "expected_market_session": true
  },
  "total_pages": 1,
  "total_records": 239,
  "row_count_collected": 239,
  "ledger_written": true,
  "ledger_skipped_reason": null
}
[RUN] RHPL 2023-12-18
{
  "symbol": "RHPL",
  "run_date": "2023-12-18",
  "raw_path": "C:\\Users\\ishwor\\Music\\own-organize\\own-market\\market-gist\\broker_flow_ledger\\raw_merolagani\\RHPL\\2023-12-18.json",
  "ledger_path": "C:\\Users\\ishwor\\Music\\own-organize\\own-market\\market-gist\\broker_flow_ledger\\RHPL\\2023-12-18.json",
  "market_day_context": {
    "run_date": "2023-12-18",
    "weekday_name": "Monday",
    "is_nepal_trading_weekday": true,
    "holiday_validation_status": "weekday_only_unverified",
    "is_official_holiday": null,
    "holiday_title": null,
    "holiday_source": "https://www.nepalstock.com/api/nots/holiday/list?year=2023",
    "official_holiday_fetch_error": "http_401",
    "override_status": "missing",
    "expected_market_session": true
  },
  "total_pages": 1,
  "total_records": 289,
  "row_count_collected": 289,
  "ledger_written": true,
  "ledger_skipped_reason": null
}
[RUN] RHPL 2023-12-19
{
  "symbol": "RHPL",
  "run_date": "2023-12-19",
  "raw_path": "C:\\Users\\ishwor\\Music\\own-organize\\own-market\\market-gist\\broker_flow_ledger\\raw_merolagani\\RHPL\\2023-12-19.json",
  "ledger_path": "C:\\Users\\ishwor\\Music\\own-organize\\own-market\\market-gist\\broker_flow_ledger\\RHPL\\2023-12-19.json",
  "market_day_context": {
    "run_date": "2023-12-19",
    "weekday_name": "Tuesday",
    "is_nepal_trading_weekday": true,
    "holiday_validation_status": "weekday_only_unverified",
    "is_official_holiday": null,
    "holiday_title": null,
    "holiday_source": "https://www.nepalstock.com/api/nots/holiday/list?year=2023",
    "official_holiday_fetch_error": "http_401",
    "override_status": "missing",
    "expected_market_session": true
  },
  "total_pages": 1,
  "total_records": 192,
  "row_count_collected": 192,
  "ledger_written": true,
  "ledger_skipped_reason": null
}
[RUN] RHPL 2023-12-20
{
  "symbol": "RHPL",
  "run_date": "2023-12-20",
  "raw_path": "C:\\Users\\ishwor\\Music\\own-organize\\own-market\\market-gist\\broker_flow_ledger\\raw_merolagani\\RHPL\\2023-12-20.json",
  "ledger_path": "C:\\Users\\ishwor\\Music\\own-organize\\own-market\\market-gist\\broker_flow_ledger\\RHPL\\2023-12-20.json",
  "market_day_context": {
    "run_date": "2023-12-20",
    "weekday_name": "Wednesday",
    "is_nepal_trading_weekday": true,
    "holiday_validation_status": "weekday_only_unverified",
    "is_official_holiday": null,
    "holiday_title": null,
    "holiday_source": "https://www.nepalstock.com/api/nots/holiday/list?year=2023",
    "official_holiday_fetch_error": "http_401",
    "override_status": "missing",
    "expected_market_session": true
  },
  "total_pages": 1,
  "total_records": 327,
  "row_count_collected": 327,
  "ledger_written": true,
  "ledger_skipped_reason": null
}
[RUN] RHPL 2023-12-21
{
  "symbol": "RHPL",
  "run_date": "2023-12-21",
  "raw_path": "C:\\Users\\ishwor\\Music\\own-organize\\own-market\\market-gist\\broker_flow_ledger\\raw_merolagani\\RHPL\\2023-12-21.json",
  "ledger_path": "C:\\Users\\ishwor\\Music\\own-organize\\own-market\\market-gist\\broker_flow_ledger\\RHPL\\2023-12-21.json",
  "market_day_context": {
    "run_date": "2023-12-21",
    "weekday_name": "Thursday",
    "is_nepal_trading_weekday": true,
    "holiday_validation_status": "weekday_only_unverified",
    "is_official_holiday": null,
    "holiday_title": null,
    "holiday_source": "https://www.nepalstock.com/api/nots/holiday/list?year=2023",
    "official_holiday_fetch_error": "http_401",
    "override_status": "missing",
    "expected_market_session": true
  },
  "total_pages": 1,
  "total_records": 188,
  "row_count_collected": 188,
  "ledger_written": true,
  "ledger_skipped_reason": null
}
[RUN] RHPL 2023-12-24
{
  "symbol": "RHPL",
  "run_date": "2023-12-24",
  "raw_path": "C:\\Users\\ishwor\\Music\\own-organize\\own-market\\market-gist\\broker_flow_ledger\\raw_merolagani\\RHPL\\2023-12-24.json",
  "ledger_path": "C:\\Users\\ishwor\\Music\\own-organize\\own-market\\market-gist\\broker_flow_ledger\\RHPL\\2023-12-24.json",
  "market_day_context": {
    "run_date": "2023-12-24",
    "weekday_name": "Sunday",
    "is_nepal_trading_weekday": true,
    "holiday_validation_status": "weekday_only_unverified",
    "is_official_holiday": null,
    "holiday_title": null,
    "holiday_source": "https://www.nepalstock.com/api/nots/holiday/list?year=2023",
    "official_holiday_fetch_error": "http_401",
    "override_status": "missing",
    "expected_market_session": true
  },
  "total_pages": 1,
  "total_records": 297,
  "row_count_collected": 297,
  "ledger_written": true,
  "ledger_skipped_reason": null
}
[RUN] RHPL 2023-12-25
{
  "symbol": "RHPL",
  "run_date": "2023-12-25",
  "raw_path": "C:\\Users\\ishwor\\Music\\own-organize\\own-market\\market-gist\\broker_flow_ledger\\raw_merolagani\\RHPL\\2023-12-25.json",
  "ledger_path": "C:\\Users\\ishwor\\Music\\own-organize\\own-market\\market-gist\\broker_flow_ledger\\RHPL\\2023-12-25.json",
  "market_day_context": {
    "run_date": "2023-12-25",
    "weekday_name": "Monday",
    "is_nepal_trading_weekday": true,
    "holiday_validation_status": "weekday_only_unverified",
    "is_official_holiday": null,
    "holiday_title": null,
    "holiday_source": "https://www.nepalstock.com/api/nots/holiday/list?year=2023",
    "official_holiday_fetch_error": "http_401",
    "override_status": "missing",
    "expected_market_session": true
  },
  "total_pages": 0,
  "total_records": null,
  "row_count_collected": 0,
  "ledger_written": false,
  "ledger_skipped_reason": "empty_weekday_unverified"
}
[RUN] RHPL 2023-12-26
{
  "symbol": "RHPL",
  "run_date": "2023-12-26",
  "raw_path": "C:\\Users\\ishwor\\Music\\own-organize\\own-market\\market-gist\\broker_flow_ledger\\raw_merolagani\\RHPL\\2023-12-26.json",
  "ledger_path": "C:\\Users\\ishwor\\Music\\own-organize\\own-market\\market-gist\\broker_flow_ledger\\RHPL\\2023-12-26.json",
  "market_day_context": {
    "run_date": "2023-12-26",
    "weekday_name": "Tuesday",
    "is_nepal_trading_weekday": true,
    "holiday_validation_status": "weekday_only_unverified",
    "is_official_holiday": null,
    "holiday_title": null,
    "holiday_source": "https://www.nepalstock.com/api/nots/holiday/list?year=2023",
    "official_holiday_fetch_error": "http_401",
    "override_status": "missing",
    "expected_market_session": true
  },
  "total_pages": 0,
  "total_records": null,
  "row_count_collected": 0,
  "ledger_written": false,
  "ledger_skipped_reason": "empty_weekday_unverified"
}
[RUN] RHPL 2023-12-27
{
  "symbol": "RHPL",
  "run_date": "2023-12-27",
  "raw_path": "C:\\Users\\ishwor\\Music\\own-organize\\own-market\\market-gist\\broker_flow_ledger\\raw_merolagani\\RHPL\\2023-12-27.json",
  "ledger_path": "C:\\Users\\ishwor\\Music\\own-organize\\own-market\\market-gist\\broker_flow_ledger\\RHPL\\2023-12-27.json",
  "market_day_context": {
    "run_date": "2023-12-27",
    "weekday_name": "Wednesday",
    "is_nepal_trading_weekday": true,
    "holiday_validation_status": "weekday_only_unverified",
    "is_official_holiday": null,
    "holiday_title": null,
    "holiday_source": "https://www.nepalstock.com/api/nots/holiday/list?year=2023",
    "official_holiday_fetch_error": "http_401",
    "override_status": "missing",
    "expected_market_session": true
  },
  "total_pages": 1,
  "total_records": 222,
  "row_count_collected": 222,
  "ledger_written": true,
  "ledger_skipped_reason": null
}
[RUN] RHPL 2023-12-28
{
  "symbol": "RHPL",
  "run_date": "2023-12-28",
  "raw_path": "C:\\Users\\ishwor\\Music\\own-organize\\own-market\\market-gist\\broker_flow_ledger\\raw_merolagani\\RHPL\\2023-12-28.json",
  "ledger_path": "C:\\Users\\ishwor\\Music\\own-organize\\own-market\\market-gist\\broker_flow_ledger\\RHPL\\2023-12-28.json",
  "market_day_context": {
    "run_date": "2023-12-28",
    "weekday_name": "Thursday",
    "is_nepal_trading_weekday": true,
    "holiday_validation_status": "weekday_only_unverified",
    "is_official_holiday": null,
    "holiday_title": null,
    "holiday_source": "https://www.nepalstock.com/api/nots/holiday/list?year=2023",
    "official_holiday_fetch_error": "http_401",
    "override_status": "missing",
    "expected_market_session": true
  },
  "total_pages": 1,
  "total_records": 205,
  "row_count_collected": 205,
  "ledger_written": true,
  "ledger_skipped_reason": null
}
[RUN] RHPL 2023-12-31
{
  "symbol": "RHPL",
  "run_date": "2023-12-31",
  "raw_path": "C:\\Users\\ishwor\\Music\\own-organize\\own-market\\market-gist\\broker_flow_ledger\\raw_merolagani\\RHPL\\2023-12-31.json",
  "ledger_path": "C:\\Users\\ishwor\\Music\\own-organize\\own-market\\market-gist\\broker_flow_ledger\\RHPL\\2023-12-31.json",
  "market_day_context": {
    "run_date": "2023-12-31",
    "weekday_name": "Sunday",
    "is_nepal_trading_weekday": true,
    "holiday_validation_status": "weekday_only_unverified",
    "is_official_holiday": null,
    "holiday_title": null,
    "holiday_source": "https://www.nepalstock.com/api/nots/holiday/list?year=2023",
    "official_holiday_fetch_error": "http_401",
    "override_status": "missing",
    "expected_market_session": true
  },
  "total_pages": 0,
  "total_records": null,
  "row_count_collected": 0,
  "ledger_written": false,
  "ledger_skipped_reason": "empty_weekday_unverified"
}
[RUN] RHPL 2024-01-01
{
  "symbol": "RHPL",
  "run_date": "2024-01-01",
  "raw_path": "C:\\Users\\ishwor\\Music\\own-organize\\own-market\\market-gist\\broker_flow_ledger\\raw_merolagani\\RHPL\\2024-01-01.json",
  "ledger_path": "C:\\Users\\ishwor\\Music\\own-organize\\own-market\\market-gist\\broker_flow_ledger\\RHPL\\2024-01-01.json",
  "market_day_context": {
    "run_date": "2024-01-01",
    "weekday_name": "Monday",
    "is_nepal_trading_weekday": true,
    "holiday_validation_status": "weekday_only_unverified",
    "is_official_holiday": null,
    "holiday_title": null,
    "holiday_source": "https://www.nepalstock.com/api/nots/holiday/list?year=2024",
    "official_holiday_fetch_error": "http_401",
    "override_status": "missing",
    "expected_market_session": true
  },
  "total_pages": 1,
  "total_records": 178,
  "row_count_collected": 178,
  "ledger_written": true,
  "ledger_skipped_reason": null
}
[RUN] RHPL 2024-01-02
{
  "symbol": "RHPL",
  "run_date": "2024-01-02",
  "raw_path": "C:\\Users\\ishwor\\Music\\own-organize\\own-market\\market-gist\\broker_flow_ledger\\raw_merolagani\\RHPL\\2024-01-02.json",
  "ledger_path": "C:\\Users\\ishwor\\Music\\own-organize\\own-market\\market-gist\\broker_flow_ledger\\RHPL\\2024-01-02.json",
  "market_day_context": {
    "run_date": "2024-01-02",
    "weekday_name": "Tuesday",
    "is_nepal_trading_weekday": true,
    "holiday_validation_status": "weekday_only_unverified",
    "is_official_holiday": null,
    "holiday_title": null,
    "holiday_source": "https://www.nepalstock.com/api/nots/holiday/list?year=2024",
    "official_holiday_fetch_error": "http_401",
    "override_status": "missing",
    "expected_market_session": true
  },
  "total_pages": 1,
  "total_records": 122,
  "row_count_collected": 122,
  "ledger_written": true,
  "ledger_skipped_reason": null
}
[RUN] RHPL 2024-01-03
{
  "symbol": "RHPL",
  "run_date": "2024-01-03",
  "raw_path": "C:\\Users\\ishwor\\Music\\own-organize\\own-market\\market-gist\\broker_flow_ledger\\raw_merolagani\\RHPL\\2024-01-03.json",
  "ledger_path": "C:\\Users\\ishwor\\Music\\own-organize\\own-market\\market-gist\\broker_flow_ledger\\RHPL\\2024-01-03.json",
  "market_day_context": {
    "run_date": "2024-01-03",
    "weekday_name": "Wednesday",
    "is_nepal_trading_weekday": true,
    "holiday_validation_status": "weekday_only_unverified",
    "is_official_holiday": null,
    "holiday_title": null,
    "holiday_source": "https://www.nepalstock.com/api/nots/holiday/list?year=2024",
    "official_holiday_fetch_error": "http_401",
    "override_status": "missing",
    "expected_market_session": true
  },
  "total_pages": 1,
  "total_records": 146,
  "row_count_collected": 146,
  "ledger_written": true,
  "ledger_skipped_reason": null
}
[RUN] RHPL 2024-01-04
{
  "symbol": "RHPL",
  "run_date": "2024-01-04",
  "raw_path": "C:\\Users\\ishwor\\Music\\own-organize\\own-market\\market-gist\\broker_flow_ledger\\raw_merolagani\\RHPL\\2024-01-04.json",
  "ledger_path": "C:\\Users\\ishwor\\Music\\own-organize\\own-market\\market-gist\\broker_flow_ledger\\RHPL\\2024-01-04.json",
  "market_day_context": {
    "run_date": "2024-01-04",
    "weekday_name": "Thursday",
    "is_nepal_trading_weekday": true,
    "holiday_validation_status": "weekday_only_unverified",
    "is_official_holiday": null,
    "holiday_title": null,
    "holiday_source": "https://www.nepalstock.com/api/nots/holiday/list?year=2024",
    "official_holiday_fetch_error": "http_401",
    "override_status": "missing",
    "expected_market_session": true
  },
  "total_pages": 1,
  "total_records": 333,
  "row_count_collected": 333,
  "ledger_written": true,
  "ledger_skipped_reason": null
}
[RUN] RHPL 2024-01-07
{
  "symbol": "RHPL",
  "run_date": "2024-01-07",
  "raw_path": "C:\\Users\\ishwor\\Music\\own-organize\\own-market\\market-gist\\broker_flow_ledger\\raw_merolagani\\RHPL\\2024-01-07.json",
  "ledger_path": "C:\\Users\\ishwor\\Music\\own-organize\\own-market\\market-gist\\broker_flow_ledger\\RHPL\\2024-01-07.json",
  "market_day_context": {
    "run_date": "2024-01-07",
    "weekday_name": "Sunday",
    "is_nepal_trading_weekday": true,
    "holiday_validation_status": "weekday_only_unverified",
    "is_official_holiday": null,
    "holiday_title": null,
    "holiday_source": "https://www.nepalstock.com/api/nots/holiday/list?year=2024",
    "official_holiday_fetch_error": "http_401",
    "override_status": "missing",
    "expected_market_session": true
  },
  "total_pages": 1,
  "total_records": 455,
  "row_count_collected": 455,
  "ledger_written": true,
  "ledger_skipped_reason": null
}
[RUN] RHPL 2024-01-08
{
  "symbol": "RHPL",
  "run_date": "2024-01-08",
  "raw_path": "C:\\Users\\ishwor\\Music\\own-organize\\own-market\\market-gist\\broker_flow_ledger\\raw_merolagani\\RHPL\\2024-01-08.json",
  "ledger_path": "C:\\Users\\ishwor\\Music\\own-organize\\own-market\\market-gist\\broker_flow_ledger\\RHPL\\2024-01-08.json",
  "market_day_context": {
    "run_date": "2024-01-08",
    "weekday_name": "Monday",
    "is_nepal_trading_weekday": true,
    "holiday_validation_status": "weekday_only_unverified",
    "is_official_holiday": null,
    "holiday_title": null,
    "holiday_source": "https://www.nepalstock.com/api/nots/holiday/list?year=2024",
    "official_holiday_fetch_error": "http_401",
    "override_status": "missing",
    "expected_market_session": true
  },
  "total_pages": 1,
  "total_records": 351,
  "row_count_collected": 351,
  "ledger_written": true,
  "ledger_skipped_reason": null
}
[RUN] RHPL 2024-01-09
{
  "symbol": "RHPL",
  "run_date": "2024-01-09",
  "raw_path": "C:\\Users\\ishwor\\Music\\own-organize\\own-market\\market-gist\\broker_flow_ledger\\raw_merolagani\\RHPL\\2024-01-09.json",
  "ledger_path": "C:\\Users\\ishwor\\Music\\own-organize\\own-market\\market-gist\\broker_flow_ledger\\RHPL\\2024-01-09.json",
  "market_day_context": {
    "run_date": "2024-01-09",
    "weekday_name": "Tuesday",
    "is_nepal_trading_weekday": true,
    "holiday_validation_status": "weekday_only_unverified",
    "is_official_holiday": null,
    "holiday_title": null,
    "holiday_source": "https://www.nepalstock.com/api/nots/holiday/list?year=2024",
    "official_holiday_fetch_error": "http_401",
    "override_status": "missing",
    "expected_market_session": true
  },
  "total_pages": 1,
  "total_records": 352,
  "row_count_collected": 352,
  "ledger_written": true,
  "ledger_skipped_reason": null
}
[RUN] RHPL 2024-01-10
{
  "symbol": "RHPL",
  "run_date": "2024-01-10",
  "raw_path": "C:\\Users\\ishwor\\Music\\own-organize\\own-market\\market-gist\\broker_flow_ledger\\raw_merolagani\\RHPL\\2024-01-10.json",
  "ledger_path": "C:\\Users\\ishwor\\Music\\own-organize\\own-market\\market-gist\\broker_flow_ledger\\RHPL\\2024-01-10.json",
  "market_day_context": {
    "run_date": "2024-01-10",
    "weekday_name": "Wednesday",
    "is_nepal_trading_weekday": true,
    "holiday_validation_status": "weekday_only_unverified",
    "is_official_holiday": null,
    "holiday_title": null,
    "holiday_source": "https://www.nepalstock.com/api/nots/holiday/list?year=2024",
    "official_holiday_fetch_error": "http_401",
    "override_status": "missing",
    "expected_market_session": true
  },
  "total_pages": 1,
  "total_records": 193,
  "row_count_collected": 193,
  "ledger_written": true,
  "ledger_skipped_reason": null
}
[RUN] RHPL 2024-01-11
{
  "symbol": "RHPL",
  "run_date": "2024-01-11",
  "raw_path": "C:\\Users\\ishwor\\Music\\own-organize\\own-market\\market-gist\\broker_flow_ledger\\raw_merolagani\\RHPL\\2024-01-11.json",
  "ledger_path": "C:\\Users\\ishwor\\Music\\own-organize\\own-market\\market-gist\\broker_flow_ledger\\RHPL\\2024-01-11.json",
  "market_day_context": {
    "run_date": "2024-01-11",
    "weekday_name": "Thursday",
    "is_nepal_trading_weekday": true,
    "holiday_validation_status": "weekday_only_unverified",
    "is_official_holiday": null,
    "holiday_title": null,
    "holiday_source": "https://www.nepalstock.com/api/nots/holiday/list?year=2024",
    "official_holiday_fetch_error": "http_401",
    "override_status": "missing",
    "expected_market_session": true
  },
  "total_pages": 1,
  "total_records": 209,
  "row_count_collected": 209,
  "ledger_written": true,
  "ledger_skipped_reason": null
}
[RUN] RHPL 2024-01-14
{
  "symbol": "RHPL",
  "run_date": "2024-01-14",
  "raw_path": "C:\\Users\\ishwor\\Music\\own-organize\\own-market\\market-gist\\broker_flow_ledger\\raw_merolagani\\RHPL\\2024-01-14.json",
  "ledger_path": "C:\\Users\\ishwor\\Music\\own-organize\\own-market\\market-gist\\broker_flow_ledger\\RHPL\\2024-01-14.json",
  "market_day_context": {
    "run_date": "2024-01-14",
    "weekday_name": "Sunday",
    "is_nepal_trading_weekday": true,
    "holiday_validation_status": "weekday_only_unverified",
    "is_official_holiday": null,
    "holiday_title": null,
    "holiday_source": "https://www.nepalstock.com/api/nots/holiday/list?year=2024",
    "official_holiday_fetch_error": "http_401",
    "override_status": "missing",
    "expected_market_session": true
  },
  "total_pages": 2,
  "total_records": 633,
  "row_count_collected": 633,
  "ledger_written": true,
  "ledger_skipped_reason": null
}
[RUN] RHPL 2024-01-15
{
  "symbol": "RHPL",
  "run_date": "2024-01-15",
  "raw_path": "C:\\Users\\ishwor\\Music\\own-organize\\own-market\\market-gist\\broker_flow_ledger\\raw_merolagani\\RHPL\\2024-01-15.json",
  "ledger_path": "C:\\Users\\ishwor\\Music\\own-organize\\own-market\\market-gist\\broker_flow_ledger\\RHPL\\2024-01-15.json",
  "market_day_context": {
    "run_date": "2024-01-15",
    "weekday_name": "Monday",
    "is_nepal_trading_weekday": true,
    "holiday_validation_status": "weekday_only_unverified",
    "is_official_holiday": null,
    "holiday_title": null,
    "holiday_source": "https://www.nepalstock.com/api/nots/holiday/list?year=2024",
    "official_holiday_fetch_error": "http_401",
    "override_status": "missing",
    "expected_market_session": true
  },
  "total_pages": 0,
  "total_records": null,
  "row_count_collected": 0,
  "ledger_written": false,
  "ledger_skipped_reason": "empty_weekday_unverified"
}
[RUN] RHPL 2024-01-16
{
  "symbol": "RHPL",
  "run_date": "2024-01-16",
  "raw_path": "C:\\Users\\ishwor\\Music\\own-organize\\own-market\\market-gist\\broker_flow_ledger\\raw_merolagani\\RHPL\\2024-01-16.json",
  "ledger_path": "C:\\Users\\ishwor\\Music\\own-organize\\own-market\\market-gist\\broker_flow_ledger\\RHPL\\2024-01-16.json",
  "market_day_context": {
    "run_date": "2024-01-16",
    "weekday_name": "Tuesday",
    "is_nepal_trading_weekday": true,
    "holiday_validation_status": "weekday_only_unverified",
    "is_official_holiday": null,
    "holiday_title": null,
    "holiday_source": "https://www.nepalstock.com/api/nots/holiday/list?year=2024",
    "official_holiday_fetch_error": "http_401",
    "override_status": "missing",
    "expected_market_session": true
  },
  "total_pages": 2,
  "total_records": 687,
  "row_count_collected": 687,
  "ledger_written": true,
  "ledger_skipped_reason": null
}
[RUN] RHPL 2024-01-17
{
  "symbol": "RHPL",
  "run_date": "2024-01-17",
  "raw_path": "C:\\Users\\ishwor\\Music\\own-organize\\own-market\\market-gist\\broker_flow_ledger\\raw_merolagani\\RHPL\\2024-01-17.json",
  "ledger_path": "C:\\Users\\ishwor\\Music\\own-organize\\own-market\\market-gist\\broker_flow_ledger\\RHPL\\2024-01-17.json",
  "market_day_context": {
    "run_date": "2024-01-17",
    "weekday_name": "Wednesday",
    "is_nepal_trading_weekday": true,
    "holiday_validation_status": "weekday_only_unverified",
    "is_official_holiday": null,
    "holiday_title": null,
    "holiday_source": "https://www.nepalstock.com/api/nots/holiday/list?year=2024",
    "official_holiday_fetch_error": "http_401",
    "override_status": "missing",
    "expected_market_session": true
  },
  "total_pages": 2,
  "total_records": 646,
  "row_count_collected": 646,
  "ledger_written": true,
  "ledger_skipped_reason": null
}
[RUN] RHPL 2024-01-18
{
  "symbol": "RHPL",
  "run_date": "2024-01-18",
  "raw_path": "C:\\Users\\ishwor\\Music\\own-organize\\own-market\\market-gist\\broker_flow_ledger\\raw_merolagani\\RHPL\\2024-01-18.json",
  "ledger_path": "C:\\Users\\ishwor\\Music\\own-organize\\own-market\\market-gist\\broker_flow_ledger\\RHPL\\2024-01-18.json",
  "market_day_context": {
    "run_date": "2024-01-18",
    "weekday_name": "Thursday",
    "is_nepal_trading_weekday": true,
    "holiday_validation_status": "weekday_only_unverified",
    "is_official_holiday": null,
    "holiday_title": null,
    "holiday_source": "https://www.nepalstock.com/api/nots/holiday/list?year=2024",
    "official_holiday_fetch_error": "http_401",
    "override_status": "missing",
    "expected_market_session": true
  },
  "total_pages": 1,
  "total_records": 494,
  "row_count_collected": 494,
  "ledger_written": true,
  "ledger_skipped_reason": null
}
[RUN] RHPL 2024-01-21
{
  "symbol": "RHPL",
  "run_date": "2024-01-21",
  "raw_path": "C:\\Users\\ishwor\\Music\\own-organize\\own-market\\market-gist\\broker_flow_ledger\\raw_merolagani\\RHPL\\2024-01-21.json",
  "ledger_path": "C:\\Users\\ishwor\\Music\\own-organize\\own-market\\market-gist\\broker_flow_ledger\\RHPL\\2024-01-21.json",
  "market_day_context": {
    "run_date": "2024-01-21",
    "weekday_name": "Sunday",
    "is_nepal_trading_weekday": true,
    "holiday_validation_status": "weekday_only_unverified",
    "is_official_holiday": null,
    "holiday_title": null,
    "holiday_source": "https://www.nepalstock.com/api/nots/holiday/list?year=2024",
    "official_holiday_fetch_error": "http_401",
    "override_status": "missing",
    "expected_market_session": true
  },
  "total_pages": 2,
  "total_records": 558,
  "row_count_collected": 558,
  "ledger_written": true,
  "ledger_skipped_reason": null
}
[RUN] RHPL 2024-01-22
{
  "symbol": "RHPL",
  "run_date": "2024-01-22",
  "raw_path": "C:\\Users\\ishwor\\Music\\own-organize\\own-market\\market-gist\\broker_flow_ledger\\raw_merolagani\\RHPL\\2024-01-22.json",
  "ledger_path": "C:\\Users\\ishwor\\Music\\own-organize\\own-market\\market-gist\\broker_flow_ledger\\RHPL\\2024-01-22.json",
  "market_day_context": {
    "run_date": "2024-01-22",
    "weekday_name": "Monday",
    "is_nepal_trading_weekday": true,
    "holiday_validation_status": "weekday_only_unverified",
    "is_official_holiday": null,
    "holiday_title": null,
    "holiday_source": "https://www.nepalstock.com/api/nots/holiday/list?year=2024",
    "official_holiday_fetch_error": "http_401",
    "override_status": "missing",
    "expected_market_session": true
  },
  "total_pages": 1,
  "total_records": 353,
  "row_count_collected": 353,
  "ledger_written": true,
  "ledger_skipped_reason": null
}
[RUN] RHPL 2024-01-23
{
  "symbol": "RHPL",
  "run_date": "2024-01-23",
  "raw_path": "C:\\Users\\ishwor\\Music\\own-organize\\own-market\\market-gist\\broker_flow_ledger\\raw_merolagani\\RHPL\\2024-01-23.json",
  "ledger_path": "C:\\Users\\ishwor\\Music\\own-organize\\own-market\\market-gist\\broker_flow_ledger\\RHPL\\2024-01-23.json",
  "market_day_context": {
    "run_date": "2024-01-23",
    "weekday_name": "Tuesday",
    "is_nepal_trading_weekday": true,
    "holiday_validation_status": "weekday_only_unverified",
    "is_official_holiday": null,
    "holiday_title": null,
    "holiday_source": "https://www.nepalstock.com/api/nots/holiday/list?year=2024",
    "official_holiday_fetch_error": "http_401",
    "override_status": "missing",
    "expected_market_session": true
  },
  "total_pages": 1,
  "total_records": 256,
  "row_count_collected": 256,
  "ledger_written": true,
  "ledger_skipped_reason": null
}
[RUN] RHPL 2024-01-24
{
  "symbol": "RHPL",
  "run_date": "2024-01-24",
  "raw_path": "C:\\Users\\ishwor\\Music\\own-organize\\own-market\\market-gist\\broker_flow_ledger\\raw_merolagani\\RHPL\\2024-01-24.json",
  "ledger_path": "C:\\Users\\ishwor\\Music\\own-organize\\own-market\\market-gist\\broker_flow_ledger\\RHPL\\2024-01-24.json",
  "market_day_context": {
    "run_date": "2024-01-24",
    "weekday_name": "Wednesday",
    "is_nepal_trading_weekday": true,
    "holiday_validation_status": "weekday_only_unverified",
    "is_official_holiday": null,
    "holiday_title": null,
    "holiday_source": "https://www.nepalstock.com/api/nots/holiday/list?year=2024",
    "official_holiday_fetch_error": "http_401",
    "override_status": "missing",
    "expected_market_session": true
  },
  "total_pages": 1,
  "total_records": 247,
  "row_count_collected": 247,
  "ledger_written": true,
  "ledger_skipped_reason": null
}
[RUN] RHPL 2024-01-25
{
  "symbol": "RHPL",
  "run_date": "2024-01-25",
  "raw_path": "C:\\Users\\ishwor\\Music\\own-organize\\own-market\\market-gist\\broker_flow_ledger\\raw_merolagani\\RHPL\\2024-01-25.json",
  "ledger_path": "C:\\Users\\ishwor\\Music\\own-organize\\own-market\\market-gist\\broker_flow_ledger\\RHPL\\2024-01-25.json",
  "market_day_context": {
    "run_date": "2024-01-25",
    "weekday_name": "Thursday",
    "is_nepal_trading_weekday": true,
    "holiday_validation_status": "weekday_only_unverified",
    "is_official_holiday": null,
    "holiday_title": null,
    "holiday_source": "https://www.nepalstock.com/api/nots/holiday/list?year=2024",
    "official_holiday_fetch_error": "http_401",
    "override_status": "missing",
    "expected_market_session": true
  },
  "total_pages": 1,
  "total_records": 238,
  "row_count_collected": 238,
  "ledger_written": true,
  "ledger_skipped_reason": null
}
[RUN] RHPL 2024-01-28
{
  "symbol": "RHPL",
  "run_date": "2024-01-28",
  "raw_path": "C:\\Users\\ishwor\\Music\\own-organize\\own-market\\market-gist\\broker_flow_ledger\\raw_merolagani\\RHPL\\2024-01-28.json",
  "ledger_path": "C:\\Users\\ishwor\\Music\\own-organize\\own-market\\market-gist\\broker_flow_ledger\\RHPL\\2024-01-28.json",
  "market_day_context": {
    "run_date": "2024-01-28",
    "weekday_name": "Sunday",
    "is_nepal_trading_weekday": true,
    "holiday_validation_status": "weekday_only_unverified",
    "is_official_holiday": null,
    "holiday_title": null,
    "holiday_source": "https://www.nepalstock.com/api/nots/holiday/list?year=2024",
    "official_holiday_fetch_error": "http_401",
    "override_status": "missing",
    "expected_market_session": true
  },
  "total_pages": 1,
  "total_records": 254,
  "row_count_collected": 254,
  "ledger_written": true,
  "ledger_skipped_reason": null
}
[RUN] RHPL 2024-01-29
{
  "symbol": "RHPL",
  "run_date": "2024-01-29",
  "raw_path": "C:\\Users\\ishwor\\Music\\own-organize\\own-market\\market-gist\\broker_flow_ledger\\raw_merolagani\\RHPL\\2024-01-29.json",
  "ledger_path": "C:\\Users\\ishwor\\Music\\own-organize\\own-market\\market-gist\\broker_flow_ledger\\RHPL\\2024-01-29.json",
  "market_day_context": {
    "run_date": "2024-01-29",
    "weekday_name": "Monday",
    "is_nepal_trading_weekday": true,
    "holiday_validation_status": "weekday_only_unverified",
    "is_official_holiday": null,
    "holiday_title": null,
    "holiday_source": "https://www.nepalstock.com/api/nots/holiday/list?year=2024",
    "official_holiday_fetch_error": "http_401",
    "override_status": "missing",
    "expected_market_session": true
  },
  "total_pages": 1,
  "total_records": 256,
  "row_count_collected": 256,
  "ledger_written": true,
  "ledger_skipped_reason": null
}
[RUN] RHPL 2024-01-30
{
  "symbol": "RHPL",
  "run_date": "2024-01-30",
  "raw_path": "C:\\Users\\ishwor\\Music\\own-organize\\own-market\\market-gist\\broker_flow_ledger\\raw_merolagani\\RHPL\\2024-01-30.json",
  "ledger_path": "C:\\Users\\ishwor\\Music\\own-organize\\own-market\\market-gist\\broker_flow_ledger\\RHPL\\2024-01-30.json",
  "market_day_context": {
    "run_date": "2024-01-30",
    "weekday_name": "Tuesday",
    "is_nepal_trading_weekday": true,
    "holiday_validation_status": "weekday_only_unverified",
    "is_official_holiday": null,
    "holiday_title": null,
    "holiday_source": "https://www.nepalstock.com/api/nots/holiday/list?year=2024",
    "official_holiday_fetch_error": "http_401",
    "override_status": "missing",
    "expected_market_session": true
  },
  "total_pages": 1,
  "total_records": 283,
  "row_count_collected": 283,
  "ledger_written": true,
  "ledger_skipped_reason": null
}
[RUN] RHPL 2024-01-31
{
  "symbol": "RHPL",
  "run_date": "2024-01-31",
  "raw_path": "C:\\Users\\ishwor\\Music\\own-organize\\own-market\\market-gist\\broker_flow_ledger\\raw_merolagani\\RHPL\\2024-01-31.json",
  "ledger_path": "C:\\Users\\ishwor\\Music\\own-organize\\own-market\\market-gist\\broker_flow_ledger\\RHPL\\2024-01-31.json",
  "market_day_context": {
    "run_date": "2024-01-31",
    "weekday_name": "Wednesday",
    "is_nepal_trading_weekday": true,
    "holiday_validation_status": "weekday_only_unverified",
    "is_official_holiday": null,
    "holiday_title": null,
    "holiday_source": "https://www.nepalstock.com/api/nots/holiday/list?year=2024",
    "official_holiday_fetch_error": "http_401",
    "override_status": "missing",
    "expected_market_session": true
  },
  "total_pages": 1,
  "total_records": 270,
  "row_count_collected": 270,
  "ledger_written": true,
  "ledger_skipped_reason": null
}
[RUN] RHPL 2024-02-01
{
  "symbol": "RHPL",
  "run_date": "2024-02-01",
  "raw_path": "C:\\Users\\ishwor\\Music\\own-organize\\own-market\\market-gist\\broker_flow_ledger\\raw_merolagani\\RHPL\\2024-02-01.json",
  "ledger_path": "C:\\Users\\ishwor\\Music\\own-organize\\own-market\\market-gist\\broker_flow_ledger\\RHPL\\2024-02-01.json",
  "market_day_context": {
    "run_date": "2024-02-01",
    "weekday_name": "Thursday",
    "is_nepal_trading_weekday": true,
    "holiday_validation_status": "weekday_only_unverified",
    "is_official_holiday": null,
    "holiday_title": null,
    "holiday_source": "https://www.nepalstock.com/api/nots/holiday/list?year=2024",
    "official_holiday_fetch_error": "http_401",
    "override_status": "missing",
    "expected_market_session": true
  },
  "total_pages": 1,
  "total_records": 275,
  "row_count_collected": 275,
  "ledger_written": true,
  "ledger_skipped_reason": null
}
[RUN] RHPL 2024-02-04
{
  "symbol": "RHPL",
  "run_date": "2024-02-04",
  "raw_path": "C:\\Users\\ishwor\\Music\\own-organize\\own-market\\market-gist\\broker_flow_ledger\\raw_merolagani\\RHPL\\2024-02-04.json",
  "ledger_path": "C:\\Users\\ishwor\\Music\\own-organize\\own-market\\market-gist\\broker_flow_ledger\\RHPL\\2024-02-04.json",
  "market_day_context": {
    "run_date": "2024-02-04",
    "weekday_name": "Sunday",
    "is_nepal_trading_weekday": true,
    "holiday_validation_status": "weekday_only_unverified",
    "is_official_holiday": null,
    "holiday_title": null,
    "holiday_source": "https://www.nepalstock.com/api/nots/holiday/list?year=2024",
    "official_holiday_fetch_error": "http_401",
    "override_status": "missing",
    "expected_market_session": true
  },
  "total_pages": 1,
  "total_records": 134,
  "row_count_collected": 134,
  "ledger_written": true,
  "ledger_skipped_reason": null
}
[RUN] RHPL 2024-02-05
{
  "symbol": "RHPL",
  "run_date": "2024-02-05",
  "raw_path": "C:\\Users\\ishwor\\Music\\own-organize\\own-market\\market-gist\\broker_flow_ledger\\raw_merolagani\\RHPL\\2024-02-05.json",
  "ledger_path": "C:\\Users\\ishwor\\Music\\own-organize\\own-market\\market-gist\\broker_flow_ledger\\RHPL\\2024-02-05.json",
  "market_day_context": {
    "run_date": "2024-02-05",
    "weekday_name": "Monday",
    "is_nepal_trading_weekday": true,
    "holiday_validation_status": "weekday_only_unverified",
    "is_official_holiday": null,
    "holiday_title": null,
    "holiday_source": "https://www.nepalstock.com/api/nots/holiday/list?year=2024",
    "official_holiday_fetch_error": "http_401",
    "override_status": "missing",
    "expected_market_session": true
  },
  "total_pages": 1,
  "total_records": 128,
  "row_count_collected": 128,
  "ledger_written": true,
  "ledger_skipped_reason": null
}
[RUN] RHPL 2024-02-06
{
  "symbol": "RHPL",
  "run_date": "2024-02-06",
  "raw_path": "C:\\Users\\ishwor\\Music\\own-organize\\own-market\\market-gist\\broker_flow_ledger\\raw_merolagani\\RHPL\\2024-02-06.json",
  "ledger_path": "C:\\Users\\ishwor\\Music\\own-organize\\own-market\\market-gist\\broker_flow_ledger\\RHPL\\2024-02-06.json",
  "market_day_context": {
    "run_date": "2024-02-06",
    "weekday_name": "Tuesday",
    "is_nepal_trading_weekday": true,
    "holiday_validation_status": "weekday_only_unverified",
    "is_official_holiday": null,
    "holiday_title": null,
    "holiday_source": "https://www.nepalstock.com/api/nots/holiday/list?year=2024",
    "official_holiday_fetch_error": "http_401",
    "override_status": "missing",
    "expected_market_session": true
  },
  "total_pages": 1,
  "total_records": 178,
  "row_count_collected": 178,
  "ledger_written": true,
  "ledger_skipped_reason": null
}
[RUN] RHPL 2024-02-07
{
  "symbol": "RHPL",
  "run_date": "2024-02-07",
  "raw_path": "C:\\Users\\ishwor\\Music\\own-organize\\own-market\\market-gist\\broker_flow_ledger\\raw_merolagani\\RHPL\\2024-02-07.json",
  "ledger_path": "C:\\Users\\ishwor\\Music\\own-organize\\own-market\\market-gist\\broker_flow_ledger\\RHPL\\2024-02-07.json",
  "market_day_context": {
    "run_date": "2024-02-07",
    "weekday_name": "Wednesday",
    "is_nepal_trading_weekday": true,
    "holiday_validation_status": "weekday_only_unverified",
    "is_official_holiday": null,
    "holiday_title": null,
    "holiday_source": "https://www.nepalstock.com/api/nots/holiday/list?year=2024",
    "official_holiday_fetch_error": "http_401",
    "override_status": "missing",
    "expected_market_session": true
  },
  "total_pages": 1,
  "total_records": 167,
  "row_count_collected": 167,
  "ledger_written": true,
  "ledger_skipped_reason": null
}
[RUN] RHPL 2024-02-08
{
  "symbol": "RHPL",
  "run_date": "2024-02-08",
  "raw_path": "C:\\Users\\ishwor\\Music\\own-organize\\own-market\\market-gist\\broker_flow_ledger\\raw_merolagani\\RHPL\\2024-02-08.json",
  "ledger_path": "C:\\Users\\ishwor\\Music\\own-organize\\own-market\\market-gist\\broker_flow_ledger\\RHPL\\2024-02-08.json",
  "market_day_context": {
    "run_date": "2024-02-08",
    "weekday_name": "Thursday",
    "is_nepal_trading_weekday": true,
    "holiday_validation_status": "weekday_only_unverified",
    "is_official_holiday": null,
    "holiday_title": null,
    "holiday_source": "https://www.nepalstock.com/api/nots/holiday/list?year=2024",
    "official_holiday_fetch_error": "http_401",
    "override_status": "missing",
    "expected_market_session": true
  },
  "total_pages": 1,
  "total_records": 221,
  "row_count_collected": 221,
  "ledger_written": true,
  "ledger_skipped_reason": null
}
[RUN] RHPL 2024-02-11
{
  "symbol": "RHPL",
  "run_date": "2024-02-11",
  "raw_path": "C:\\Users\\ishwor\\Music\\own-organize\\own-market\\market-gist\\broker_flow_ledger\\raw_merolagani\\RHPL\\2024-02-11.json",
  "ledger_path": "C:\\Users\\ishwor\\Music\\own-organize\\own-market\\market-gist\\broker_flow_ledger\\RHPL\\2024-02-11.json",
  "market_day_context": {
    "run_date": "2024-02-11",
    "weekday_name": "Sunday",
    "is_nepal_trading_weekday": true,
    "holiday_validation_status": "weekday_only_unverified",
    "is_official_holiday": null,
    "holiday_title": null,
    "holiday_source": "https://www.nepalstock.com/api/nots/holiday/list?year=2024",
    "official_holiday_fetch_error": "http_401",
    "override_status": "missing",
    "expected_market_session": true
  },
  "total_pages": 1,
  "total_records": 311,
  "row_count_collected": 311,
  "ledger_written": true,
  "ledger_skipped_reason": null
}
[RUN] RHPL 2024-02-12
{
  "symbol": "RHPL",
  "run_date": "2024-02-12",
  "raw_path": "C:\\Users\\ishwor\\Music\\own-organize\\own-market\\market-gist\\broker_flow_ledger\\raw_merolagani\\RHPL\\2024-02-12.json",
  "ledger_path": "C:\\Users\\ishwor\\Music\\own-organize\\own-market\\market-gist\\broker_flow_ledger\\RHPL\\2024-02-12.json",
  "market_day_context": {
    "run_date": "2024-02-12",
    "weekday_name": "Monday",
    "is_nepal_trading_weekday": true,
    "holiday_validation_status": "weekday_only_unverified",
    "is_official_holiday": null,
    "holiday_title": null,
    "holiday_source": "https://www.nepalstock.com/api/nots/holiday/list?year=2024",
    "official_holiday_fetch_error": "http_401",
    "override_status": "missing",
    "expected_market_session": true
  },
  "total_pages": 1,
  "total_records": 251,
  "row_count_collected": 251,
  "ledger_written": true,
  "ledger_skipped_reason": null
}
[RUN] RHPL 2024-02-13
{
  "symbol": "RHPL",
  "run_date": "2024-02-13",
  "raw_path": "C:\\Users\\ishwor\\Music\\own-organize\\own-market\\market-gist\\broker_flow_ledger\\raw_merolagani\\RHPL\\2024-02-13.json",
  "ledger_path": "C:\\Users\\ishwor\\Music\\own-organize\\own-market\\market-gist\\broker_flow_ledger\\RHPL\\2024-02-13.json",
  "market_day_context": {
    "run_date": "2024-02-13",
    "weekday_name": "Tuesday",
    "is_nepal_trading_weekday": true,
    "holiday_validation_status": "weekday_only_unverified",
    "is_official_holiday": null,
    "holiday_title": null,
    "holiday_source": "https://www.nepalstock.com/api/nots/holiday/list?year=2024",
    "official_holiday_fetch_error": "http_401",
    "override_status": "missing",
    "expected_market_session": true
  },
  "total_pages": 1,
  "total_records": 380,
  "row_count_collected": 380,
  "ledger_written": true,
  "ledger_skipped_reason": null
}
[RUN] RHPL 2024-02-14
{
  "symbol": "RHPL",
  "run_date": "2024-02-14",
  "raw_path": "C:\\Users\\ishwor\\Music\\own-organize\\own-market\\market-gist\\broker_flow_ledger\\raw_merolagani\\RHPL\\2024-02-14.json",
  "ledger_path": "C:\\Users\\ishwor\\Music\\own-organize\\own-market\\market-gist\\broker_flow_ledger\\RHPL\\2024-02-14.json",
  "market_day_context": {
    "run_date": "2024-02-14",
    "weekday_name": "Wednesday",
    "is_nepal_trading_weekday": true,
    "holiday_validation_status": "weekday_only_unverified",
    "is_official_holiday": null,
    "holiday_title": null,
    "holiday_source": "https://www.nepalstock.com/api/nots/holiday/list?year=2024",
    "official_holiday_fetch_error": "http_401",
    "override_status": "missing",
    "expected_market_session": true
  },
  "total_pages": 1,
  "total_records": 139,
  "row_count_collected": 139,
  "ledger_written": true,
  "ledger_skipped_reason": null
}
[RUN] RHPL 2024-02-15
{
  "symbol": "RHPL",
  "run_date": "2024-02-15",
  "raw_path": "C:\\Users\\ishwor\\Music\\own-organize\\own-market\\market-gist\\broker_flow_ledger\\raw_merolagani\\RHPL\\2024-02-15.json",
  "ledger_path": "C:\\Users\\ishwor\\Music\\own-organize\\own-market\\market-gist\\broker_flow_ledger\\RHPL\\2024-02-15.json",
  "market_day_context": {
    "run_date": "2024-02-15",
    "weekday_name": "Thursday",
    "is_nepal_trading_weekday": true,
    "holiday_validation_status": "weekday_only_unverified",
    "is_official_holiday": null,
    "holiday_title": null,
    "holiday_source": "https://www.nepalstock.com/api/nots/holiday/list?year=2024",
    "official_holiday_fetch_error": "http_401",
    "override_status": "missing",
    "expected_market_session": true
  },
  "total_pages": 1,
  "total_records": 236,
  "row_count_collected": 236,
  "ledger_written": true,
  "ledger_skipped_reason": null
}
[RUN] RHPL 2024-02-18
{
  "symbol": "RHPL",
  "run_date": "2024-02-18",
  "raw_path": "C:\\Users\\ishwor\\Music\\own-organize\\own-market\\market-gist\\broker_flow_ledger\\raw_merolagani\\RHPL\\2024-02-18.json",
  "ledger_path": "C:\\Users\\ishwor\\Music\\own-organize\\own-market\\market-gist\\broker_flow_ledger\\RHPL\\2024-02-18.json",
  "market_day_context": {
    "run_date": "2024-02-18",
    "weekday_name": "Sunday",
    "is_nepal_trading_weekday": true,
    "holiday_validation_status": "weekday_only_unverified",
    "is_official_holiday": null,
    "holiday_title": null,
    "holiday_source": "https://www.nepalstock.com/api/nots/holiday/list?year=2024",
    "official_holiday_fetch_error": "http_401",
    "override_status": "missing",
    "expected_market_session": true
  },
  "total_pages": 1,
  "total_records": 213,
  "row_count_collected": 213,
  "ledger_written": true,
  "ledger_skipped_reason": null
}
[RUN] RHPL 2024-02-19
{
  "symbol": "RHPL",
  "run_date": "2024-02-19",
  "raw_path": "C:\\Users\\ishwor\\Music\\own-organize\\own-market\\market-gist\\broker_flow_ledger\\raw_merolagani\\RHPL\\2024-02-19.json",
  "ledger_path": "C:\\Users\\ishwor\\Music\\own-organize\\own-market\\market-gist\\broker_flow_ledger\\RHPL\\2024-02-19.json",
  "market_day_context": {
    "run_date": "2024-02-19",
    "weekday_name": "Monday",
    "is_nepal_trading_weekday": true,
    "holiday_validation_status": "weekday_only_unverified",
    "is_official_holiday": null,
    "holiday_title": null,
    "holiday_source": "https://www.nepalstock.com/api/nots/holiday/list?year=2024",
    "official_holiday_fetch_error": "http_401",
    "override_status": "missing",
    "expected_market_session": true
  },
  "total_pages": 0,
  "total_records": null,
  "row_count_collected": 0,
  "ledger_written": false,
  "ledger_skipped_reason": "empty_weekday_unverified"
}
[RUN] RHPL 2024-02-20
{
  "symbol": "RHPL",
  "run_date": "2024-02-20",
  "raw_path": "C:\\Users\\ishwor\\Music\\own-organize\\own-market\\market-gist\\broker_flow_ledger\\raw_merolagani\\RHPL\\2024-02-20.json",
  "ledger_path": "C:\\Users\\ishwor\\Music\\own-organize\\own-market\\market-gist\\broker_flow_ledger\\RHPL\\2024-02-20.json",
  "market_day_context": {
    "run_date": "2024-02-20",
    "weekday_name": "Tuesday",
    "is_nepal_trading_weekday": true,
    "holiday_validation_status": "weekday_only_unverified",
    "is_official_holiday": null,
    "holiday_title": null,
    "holiday_source": "https://www.nepalstock.com/api/nots/holiday/list?year=2024",
    "official_holiday_fetch_error": "http_401",
    "override_status": "missing",
    "expected_market_session": true
  },
  "total_pages": 1,
  "total_records": 186,
  "row_count_collected": 186,
  "ledger_written": true,
  "ledger_skipped_reason": null
}
[RUN] RHPL 2024-02-21
{
  "symbol": "RHPL",
  "run_date": "2024-02-21",
  "raw_path": "C:\\Users\\ishwor\\Music\\own-organize\\own-market\\market-gist\\broker_flow_ledger\\raw_merolagani\\RHPL\\2024-02-21.json",
  "ledger_path": "C:\\Users\\ishwor\\Music\\own-organize\\own-market\\market-gist\\broker_flow_ledger\\RHPL\\2024-02-21.json",
  "market_day_context": {
    "run_date": "2024-02-21",
    "weekday_name": "Wednesday",
    "is_nepal_trading_weekday": true,
    "holiday_validation_status": "weekday_only_unverified",
    "is_official_holiday": null,
    "holiday_title": null,
    "holiday_source": "https://www.nepalstock.com/api/nots/holiday/list?year=2024",
    "official_holiday_fetch_error": "http_401",
    "override_status": "missing",
    "expected_market_session": true
  },
  "total_pages": 1,
  "total_records": 174,
  "row_count_collected": 174,
  "ledger_written": true,
  "ledger_skipped_reason": null
}
[RUN] RHPL 2024-02-22
{
  "symbol": "RHPL",
  "run_date": "2024-02-22",
  "raw_path": "C:\\Users\\ishwor\\Music\\own-organize\\own-market\\market-gist\\broker_flow_ledger\\raw_merolagani\\RHPL\\2024-02-22.json",
  "ledger_path": "C:\\Users\\ishwor\\Music\\own-organize\\own-market\\market-gist\\broker_flow_ledger\\RHPL\\2024-02-22.json",
  "market_day_context": {
    "run_date": "2024-02-22",
    "weekday_name": "Thursday",
    "is_nepal_trading_weekday": true,
    "holiday_validation_status": "weekday_only_unverified",
    "is_official_holiday": null,
    "holiday_title": null,
    "holiday_source": "https://www.nepalstock.com/api/nots/holiday/list?year=2024",
    "official_holiday_fetch_error": "http_401",
    "override_status": "missing",
    "expected_market_session": true
  },
  "total_pages": 1,
  "total_records": 195,
  "row_count_collected": 195,
  "ledger_written": true,
  "ledger_skipped_reason": null
}
[RUN] RHPL 2024-02-25
{
  "symbol": "RHPL",
  "run_date": "2024-02-25",
  "raw_path": "C:\\Users\\ishwor\\Music\\own-organize\\own-market\\market-gist\\broker_flow_ledger\\raw_merolagani\\RHPL\\2024-02-25.json",
  "ledger_path": "C:\\Users\\ishwor\\Music\\own-organize\\own-market\\market-gist\\broker_flow_ledger\\RHPL\\2024-02-25.json",
  "market_day_context": {
    "run_date": "2024-02-25",
    "weekday_name": "Sunday",
    "is_nepal_trading_weekday": true,
    "holiday_validation_status": "weekday_only_unverified",
    "is_official_holiday": null,
    "holiday_title": null,
    "holiday_source": "https://www.nepalstock.com/api/nots/holiday/list?year=2024",
    "official_holiday_fetch_error": "http_401",
    "override_status": "missing",
    "expected_market_session": true
  },
  "total_pages": 1,
  "total_records": 152,
  "row_count_collected": 152,
  "ledger_written": true,
  "ledger_skipped_reason": null
}
[RUN] RHPL 2024-02-26
{
  "symbol": "RHPL",
  "run_date": "2024-02-26",
  "raw_path": "C:\\Users\\ishwor\\Music\\own-organize\\own-market\\market-gist\\broker_flow_ledger\\raw_merolagani\\RHPL\\2024-02-26.json",
  "ledger_path": "C:\\Users\\ishwor\\Music\\own-organize\\own-market\\market-gist\\broker_flow_ledger\\RHPL\\2024-02-26.json",
  "market_day_context": {
    "run_date": "2024-02-26",
    "weekday_name": "Monday",
    "is_nepal_trading_weekday": true,
    "holiday_validation_status": "weekday_only_unverified",
    "is_official_holiday": null,
    "holiday_title": null,
    "holiday_source": "https://www.nepalstock.com/api/nots/holiday/list?year=2024",
    "official_holiday_fetch_error": "http_401",
    "override_status": "missing",
    "expected_market_session": true
  },
  "total_pages": 1,
  "total_records": 120,
  "row_count_collected": 120,
  "ledger_written": true,
  "ledger_skipped_reason": null
}
[RUN] RHPL 2024-02-27
{
  "symbol": "RHPL",
  "run_date": "2024-02-27",
  "raw_path": "C:\\Users\\ishwor\\Music\\own-organize\\own-market\\market-gist\\broker_flow_ledger\\raw_merolagani\\RHPL\\2024-02-27.json",
  "ledger_path": "C:\\Users\\ishwor\\Music\\own-organize\\own-market\\market-gist\\broker_flow_ledger\\RHPL\\2024-02-27.json",
  "market_day_context": {
    "run_date": "2024-02-27",
    "weekday_name": "Tuesday",
    "is_nepal_trading_weekday": true,
    "holiday_validation_status": "weekday_only_unverified",
    "is_official_holiday": null,
    "holiday_title": null,
    "holiday_source": "https://www.nepalstock.com/api/nots/holiday/list?year=2024",
    "official_holiday_fetch_error": "http_401",
    "override_status": "missing",
    "expected_market_session": true
  },
  "total_pages": 1,
  "total_records": 112,
  "row_count_collected": 112,
  "ledger_written": true,
  "ledger_skipped_reason": null
}
[RUN] RHPL 2024-02-28
{
  "symbol": "RHPL",
  "run_date": "2024-02-28",
  "raw_path": "C:\\Users\\ishwor\\Music\\own-organize\\own-market\\market-gist\\broker_flow_ledger\\raw_merolagani\\RHPL\\2024-02-28.json",
  "ledger_path": "C:\\Users\\ishwor\\Music\\own-organize\\own-market\\market-gist\\broker_flow_ledger\\RHPL\\2024-02-28.json",
  "market_day_context": {
    "run_date": "2024-02-28",
    "weekday_name": "Wednesday",
    "is_nepal_trading_weekday": true,
    "holiday_validation_status": "weekday_only_unverified",
    "is_official_holiday": null,
    "holiday_title": null,
    "holiday_source": "https://www.nepalstock.com/api/nots/holiday/list?year=2024",
    "official_holiday_fetch_error": "http_401",
    "override_status": "missing",
    "expected_market_session": true
  },
  "total_pages": 1,
  "total_records": 94,
  "row_count_collected": 94,
  "ledger_written": true,
  "ledger_skipped_reason": null
}
[RUN] RHPL 2024-02-29
{
  "symbol": "RHPL",
  "run_date": "2024-02-29",
  "raw_path": "C:\\Users\\ishwor\\Music\\own-organize\\own-market\\market-gist\\broker_flow_ledger\\raw_merolagani\\RHPL\\2024-02-29.json",
  "ledger_path": "C:\\Users\\ishwor\\Music\\own-organize\\own-market\\market-gist\\broker_flow_ledger\\RHPL\\2024-02-29.json",
  "market_day_context": {
    "run_date": "2024-02-29",
    "weekday_name": "Thursday",
    "is_nepal_trading_weekday": true,
    "holiday_validation_status": "weekday_only_unverified",
    "is_official_holiday": null,
    "holiday_title": null,
    "holiday_source": "https://www.nepalstock.com/api/nots/holiday/list?year=2024",
    "official_holiday_fetch_error": "http_401",
    "override_status": "missing",
    "expected_market_session": true
  },
  "total_pages": 1,
  "total_records": 149,
  "row_count_collected": 149,
  "ledger_written": true,
  "ledger_skipped_reason": null
}
[RUN] RHPL 2024-03-03
{
  "symbol": "RHPL",
  "run_date": "2024-03-03",
  "raw_path": "C:\\Users\\ishwor\\Music\\own-organize\\own-market\\market-gist\\broker_flow_ledger\\raw_merolagani\\RHPL\\2024-03-03.json",
  "ledger_path": "C:\\Users\\ishwor\\Music\\own-organize\\own-market\\market-gist\\broker_flow_ledger\\RHPL\\2024-03-03.json",
  "market_day_context": {
    "run_date": "2024-03-03",
    "weekday_name": "Sunday",
    "is_nepal_trading_weekday": true,
    "holiday_validation_status": "weekday_only_unverified",
    "is_official_holiday": null,
    "holiday_title": null,
    "holiday_source": "https://www.nepalstock.com/api/nots/holiday/list?year=2024",
    "official_holiday_fetch_error": "http_401",
    "override_status": "missing",
    "expected_market_session": true
  },
  "total_pages": 1,
  "total_records": 174,
  "row_count_collected": 174,
  "ledger_written": true,
  "ledger_skipped_reason": null
}
[RUN] RHPL 2024-03-04
{
  "symbol": "RHPL",
  "run_date": "2024-03-04",
  "raw_path": "C:\\Users\\ishwor\\Music\\own-organize\\own-market\\market-gist\\broker_flow_ledger\\raw_merolagani\\RHPL\\2024-03-04.json",
  "ledger_path": "C:\\Users\\ishwor\\Music\\own-organize\\own-market\\market-gist\\broker_flow_ledger\\RHPL\\2024-03-04.json",
  "market_day_context": {
    "run_date": "2024-03-04",
    "weekday_name": "Monday",
    "is_nepal_trading_weekday": true,
    "holiday_validation_status": "weekday_only_unverified",
    "is_official_holiday": null,
    "holiday_title": null,
    "holiday_source": "https://www.nepalstock.com/api/nots/holiday/list?year=2024",
    "official_holiday_fetch_error": "http_401",
    "override_status": "missing",
    "expected_market_session": true
  },
  "total_pages": 1,
  "total_records": 12,
  "row_count_collected": 12,
  "ledger_written": true,
  "ledger_skipped_reason": null
}
[RUN] RHPL 2024-03-05
{
  "symbol": "RHPL",
  "run_date": "2024-03-05",
  "raw_path": "C:\\Users\\ishwor\\Music\\own-organize\\own-market\\market-gist\\broker_flow_ledger\\raw_merolagani\\RHPL\\2024-03-05.json",
  "ledger_path": "C:\\Users\\ishwor\\Music\\own-organize\\own-market\\market-gist\\broker_flow_ledger\\RHPL\\2024-03-05.json",
  "market_day_context": {
    "run_date": "2024-03-05",
    "weekday_name": "Tuesday",
    "is_nepal_trading_weekday": true,
    "holiday_validation_status": "weekday_only_unverified",
    "is_official_holiday": null,
    "holiday_title": null,
    "holiday_source": "https://www.nepalstock.com/api/nots/holiday/list?year=2024",
    "official_holiday_fetch_error": "http_401",
    "override_status": "missing",
    "expected_market_session": true
  },
  "total_pages": 1,
  "total_records": 176,
  "row_count_collected": 176,
  "ledger_written": true,
  "ledger_skipped_reason": null
}
[RUN] RHPL 2024-03-06
{
  "symbol": "RHPL",
  "run_date": "2024-03-06",
  "raw_path": "C:\\Users\\ishwor\\Music\\own-organize\\own-market\\market-gist\\broker_flow_ledger\\raw_merolagani\\RHPL\\2024-03-06.json",
  "ledger_path": "C:\\Users\\ishwor\\Music\\own-organize\\own-market\\market-gist\\broker_flow_ledger\\RHPL\\2024-03-06.json",
  "market_day_context": {
    "run_date": "2024-03-06",
    "weekday_name": "Wednesday",
    "is_nepal_trading_weekday": true,
    "holiday_validation_status": "weekday_only_unverified",
    "is_official_holiday": null,
    "holiday_title": null,
    "holiday_source": "https://www.nepalstock.com/api/nots/holiday/list?year=2024",
    "official_holiday_fetch_error": "http_401",
    "override_status": "missing",
    "expected_market_session": true
  },
  "total_pages": 1,
  "total_records": 163,
  "row_count_collected": 163,
  "ledger_written": true,
  "ledger_skipped_reason": null
}
[RUN] RHPL 2024-03-07
{
  "symbol": "RHPL",
  "run_date": "2024-03-07",
  "raw_path": "C:\\Users\\ishwor\\Music\\own-organize\\own-market\\market-gist\\broker_flow_ledger\\raw_merolagani\\RHPL\\2024-03-07.json",
  "ledger_path": "C:\\Users\\ishwor\\Music\\own-organize\\own-market\\market-gist\\broker_flow_ledger\\RHPL\\2024-03-07.json",
  "market_day_context": {
    "run_date": "2024-03-07",
    "weekday_name": "Thursday",
    "is_nepal_trading_weekday": true,
    "holiday_validation_status": "weekday_only_unverified",
    "is_official_holiday": null,
    "holiday_title": null,
    "holiday_source": "https://www.nepalstock.com/api/nots/holiday/list?year=2024",
    "official_holiday_fetch_error": "http_401",
    "override_status": "missing",
    "expected_market_session": true
  },
  "total_pages": 1,
  "total_records": 156,
  "row_count_collected": 156,
  "ledger_written": true,
  "ledger_skipped_reason": null
}
[RUN] RHPL 2024-03-10
{
  "symbol": "RHPL",
  "run_date": "2024-03-10",
  "raw_path": "C:\\Users\\ishwor\\Music\\own-organize\\own-market\\market-gist\\broker_flow_ledger\\raw_merolagani\\RHPL\\2024-03-10.json",
  "ledger_path": "C:\\Users\\ishwor\\Music\\own-organize\\own-market\\market-gist\\broker_flow_ledger\\RHPL\\2024-03-10.json",
  "market_day_context": {
    "run_date": "2024-03-10",
    "weekday_name": "Sunday",
    "is_nepal_trading_weekday": true,
    "holiday_validation_status": "weekday_only_unverified",
    "is_official_holiday": null,
    "holiday_title": null,
    "holiday_source": "https://www.nepalstock.com/api/nots/holiday/list?year=2024",
    "official_holiday_fetch_error": "http_401",
    "override_status": "missing",
    "expected_market_session": true
  },
  "total_pages": 1,
  "total_records": 149,
  "row_count_collected": 149,
  "ledger_written": true,
  "ledger_skipped_reason": null
}
[RUN] RHPL 2024-03-11
{
  "symbol": "RHPL",
  "run_date": "2024-03-11",
  "raw_path": "C:\\Users\\ishwor\\Music\\own-organize\\own-market\\market-gist\\broker_flow_ledger\\raw_merolagani\\RHPL\\2024-03-11.json",
  "ledger_path": "C:\\Users\\ishwor\\Music\\own-organize\\own-market\\market-gist\\broker_flow_ledger\\RHPL\\2024-03-11.json",
  "market_day_context": {
    "run_date": "2024-03-11",
    "weekday_name": "Monday",
    "is_nepal_trading_weekday": true,
    "holiday_validation_status": "weekday_only_unverified",
    "is_official_holiday": null,
    "holiday_title": null,
    "holiday_source": "https://www.nepalstock.com/api/nots/holiday/list?year=2024",
    "official_holiday_fetch_error": "http_401",
    "override_status": "missing",
    "expected_market_session": true
  },
  "total_pages": 0,
  "total_records": null,
  "row_count_collected": 0,
  "ledger_written": false,
  "ledger_skipped_reason": "empty_weekday_unverified"
}
[RUN] RHPL 2024-03-12
{
  "symbol": "RHPL",
  "run_date": "2024-03-12",
  "raw_path": "C:\\Users\\ishwor\\Music\\own-organize\\own-market\\market-gist\\broker_flow_ledger\\raw_merolagani\\RHPL\\2024-03-12.json",
  "ledger_path": "C:\\Users\\ishwor\\Music\\own-organize\\own-market\\market-gist\\broker_flow_ledger\\RHPL\\2024-03-12.json",
  "market_day_context": {
    "run_date": "2024-03-12",
    "weekday_name": "Tuesday",
    "is_nepal_trading_weekday": true,
    "holiday_validation_status": "weekday_only_unverified",
    "is_official_holiday": null,
    "holiday_title": null,
    "holiday_source": "https://www.nepalstock.com/api/nots/holiday/list?year=2024",
    "official_holiday_fetch_error": "http_401",
    "override_status": "missing",
    "expected_market_session": true
  },
  "total_pages": 1,
  "total_records": 173,
  "row_count_collected": 173,
  "ledger_written": true,
  "ledger_skipped_reason": null
}
[RUN] RHPL 2024-03-13
{
  "symbol": "RHPL",
  "run_date": "2024-03-13",
  "raw_path": "C:\\Users\\ishwor\\Music\\own-organize\\own-market\\market-gist\\broker_flow_ledger\\raw_merolagani\\RHPL\\2024-03-13.json",
  "ledger_path": "C:\\Users\\ishwor\\Music\\own-organize\\own-market\\market-gist\\broker_flow_ledger\\RHPL\\2024-03-13.json",
  "market_day_context": {
    "run_date": "2024-03-13",
    "weekday_name": "Wednesday",
    "is_nepal_trading_weekday": true,
    "holiday_validation_status": "weekday_only_unverified",
    "is_official_holiday": null,
    "holiday_title": null,
    "holiday_source": "https://www.nepalstock.com/api/nots/holiday/list?year=2024",
    "official_holiday_fetch_error": "http_401",
    "override_status": "missing",
    "expected_market_session": true
  },
  "total_pages": 1,
  "total_records": 145,
  "row_count_collected": 145,
  "ledger_written": true,
  "ledger_skipped_reason": null
}
[RUN] RHPL 2024-03-14
{
  "symbol": "RHPL",
  "run_date": "2024-03-14",
  "raw_path": "C:\\Users\\ishwor\\Music\\own-organize\\own-market\\market-gist\\broker_flow_ledger\\raw_merolagani\\RHPL\\2024-03-14.json",
  "ledger_path": "C:\\Users\\ishwor\\Music\\own-organize\\own-market\\market-gist\\broker_flow_ledger\\RHPL\\2024-03-14.json",
  "market_day_context": {
    "run_date": "2024-03-14",
    "weekday_name": "Thursday",
    "is_nepal_trading_weekday": true,
    "holiday_validation_status": "weekday_only_unverified",
    "is_official_holiday": null,
    "holiday_title": null,
    "holiday_source": "https://www.nepalstock.com/api/nots/holiday/list?year=2024",
    "official_holiday_fetch_error": "http_401",
    "override_status": "missing",
    "expected_market_session": true
  },
  "total_pages": 1,
  "total_records": 137,
  "row_count_collected": 137,
  "ledger_written": true,
  "ledger_skipped_reason": null
}
[RUN] RHPL 2024-03-17
{
  "symbol": "RHPL",
  "run_date": "2024-03-17",
  "raw_path": "C:\\Users\\ishwor\\Music\\own-organize\\own-market\\market-gist\\broker_flow_ledger\\raw_merolagani\\RHPL\\2024-03-17.json",
  "ledger_path": "C:\\Users\\ishwor\\Music\\own-organize\\own-market\\market-gist\\broker_flow_ledger\\RHPL\\2024-03-17.json",
  "market_day_context": {
    "run_date": "2024-03-17",
    "weekday_name": "Sunday",
    "is_nepal_trading_weekday": true,
    "holiday_validation_status": "weekday_only_unverified",
    "is_official_holiday": null,
    "holiday_title": null,
    "holiday_source": "https://www.nepalstock.com/api/nots/holiday/list?year=2024",
    "official_holiday_fetch_error": "http_401",
    "override_status": "missing",
    "expected_market_session": true
  },
  "total_pages": 1,
  "total_records": 148,
  "row_count_collected": 148,
  "ledger_written": true,
  "ledger_skipped_reason": null
}
[RUN] RHPL 2024-03-18
{
  "symbol": "RHPL",
  "run_date": "2024-03-18",
  "raw_path": "C:\\Users\\ishwor\\Music\\own-organize\\own-market\\market-gist\\broker_flow_ledger\\raw_merolagani\\RHPL\\2024-03-18.json",
  "ledger_path": "C:\\Users\\ishwor\\Music\\own-organize\\own-market\\market-gist\\broker_flow_ledger\\RHPL\\2024-03-18.json",
  "market_day_context": {
    "run_date": "2024-03-18",
    "weekday_name": "Monday",
    "is_nepal_trading_weekday": true,
    "holiday_validation_status": "weekday_only_unverified",
    "is_official_holiday": null,
    "holiday_title": null,
    "holiday_source": "https://www.nepalstock.com/api/nots/holiday/list?year=2024",
    "official_holiday_fetch_error": "http_401",
    "override_status": "missing",
    "expected_market_session": true
  },
  "total_pages": 1,
  "total_records": 123,
  "row_count_collected": 123,
  "ledger_written": true,
  "ledger_skipped_reason": null
}
[RUN] RHPL 2024-03-19
{
  "symbol": "RHPL",
  "run_date": "2024-03-19",
  "raw_path": "C:\\Users\\ishwor\\Music\\own-organize\\own-market\\market-gist\\broker_flow_ledger\\raw_merolagani\\RHPL\\2024-03-19.json",
  "ledger_path": "C:\\Users\\ishwor\\Music\\own-organize\\own-market\\market-gist\\broker_flow_ledger\\RHPL\\2024-03-19.json",
  "market_day_context": {
    "run_date": "2024-03-19",
    "weekday_name": "Tuesday",
    "is_nepal_trading_weekday": true,
    "holiday_validation_status": "weekday_only_unverified",
    "is_official_holiday": null,
    "holiday_title": null,
    "holiday_source": "https://www.nepalstock.com/api/nots/holiday/list?year=2024",
    "official_holiday_fetch_error": "http_401",
    "override_status": "missing",
    "expected_market_session": true
  },
  "total_pages": 1,
  "total_records": 143,
  "row_count_collected": 143,
  "ledger_written": true,
  "ledger_skipped_reason": null
}
[RUN] RHPL 2024-03-20
{
  "symbol": "RHPL",
  "run_date": "2024-03-20",
  "raw_path": "C:\\Users\\ishwor\\Music\\own-organize\\own-market\\market-gist\\broker_flow_ledger\\raw_merolagani\\RHPL\\2024-03-20.json",
  "ledger_path": "C:\\Users\\ishwor\\Music\\own-organize\\own-market\\market-gist\\broker_flow_ledger\\RHPL\\2024-03-20.json",
  "market_day_context": {
    "run_date": "2024-03-20",
    "weekday_name": "Wednesday",
    "is_nepal_trading_weekday": true,
    "holiday_validation_status": "weekday_only_unverified",
    "is_official_holiday": null,
    "holiday_title": null,
    "holiday_source": "https://www.nepalstock.com/api/nots/holiday/list?year=2024",
    "official_holiday_fetch_error": "http_401",
    "override_status": "missing",
    "expected_market_session": true
  },
  "total_pages": 1,
  "total_records": 144,
  "row_count_collected": 144,
  "ledger_written": true,
  "ledger_skipped_reason": null
}
[RUN] RHPL 2024-03-21
{
  "symbol": "RHPL",
  "run_date": "2024-03-21",
  "raw_path": "C:\\Users\\ishwor\\Music\\own-organize\\own-market\\market-gist\\broker_flow_ledger\\raw_merolagani\\RHPL\\2024-03-21.json",
  "ledger_path": "C:\\Users\\ishwor\\Music\\own-organize\\own-market\\market-gist\\broker_flow_ledger\\RHPL\\2024-03-21.json",
  "market_day_context": {
    "run_date": "2024-03-21",
    "weekday_name": "Thursday",
    "is_nepal_trading_weekday": true,
    "holiday_validation_status": "weekday_only_unverified",
    "is_official_holiday": null,
    "holiday_title": null,
    "holiday_source": "https://www.nepalstock.com/api/nots/holiday/list?year=2024",
    "official_holiday_fetch_error": "http_401",
    "override_status": "missing",
    "expected_market_session": true
  },
  "total_pages": 1,
  "total_records": 122,
  "row_count_collected": 122,
  "ledger_written": true,
  "ledger_skipped_reason": null
}
[RUN] RHPL 2024-03-24
{
  "symbol": "RHPL",
  "run_date": "2024-03-24",
  "raw_path": "C:\\Users\\ishwor\\Music\\own-organize\\own-market\\market-gist\\broker_flow_ledger\\raw_merolagani\\RHPL\\2024-03-24.json",
  "ledger_path": "C:\\Users\\ishwor\\Music\\own-organize\\own-market\\market-gist\\broker_flow_ledger\\RHPL\\2024-03-24.json",
  "market_day_context": {
    "run_date": "2024-03-24",
    "weekday_name": "Sunday",
    "is_nepal_trading_weekday": true,
    "holiday_validation_status": "weekday_only_unverified",
    "is_official_holiday": null,
    "holiday_title": null,
    "holiday_source": "https://www.nepalstock.com/api/nots/holiday/list?year=2024",
    "official_holiday_fetch_error": "http_401",
    "override_status": "missing",
    "expected_market_session": true
  },
  "total_pages": 0,
  "total_records": null,
  "row_count_collected": 0,
  "ledger_written": false,
  "ledger_skipped_reason": "empty_weekday_unverified"
}
[RUN] RHPL 2024-03-25
{
  "symbol": "RHPL",
  "run_date": "2024-03-25",
  "raw_path": "C:\\Users\\ishwor\\Music\\own-organize\\own-market\\market-gist\\broker_flow_ledger\\raw_merolagani\\RHPL\\2024-03-25.json",
  "ledger_path": "C:\\Users\\ishwor\\Music\\own-organize\\own-market\\market-gist\\broker_flow_ledger\\RHPL\\2024-03-25.json",
  "market_day_context": {
    "run_date": "2024-03-25",
    "weekday_name": "Monday",
    "is_nepal_trading_weekday": true,
    "holiday_validation_status": "weekday_only_unverified",
    "is_official_holiday": null,
    "holiday_title": null,
    "holiday_source": "https://www.nepalstock.com/api/nots/holiday/list?year=2024",
    "official_holiday_fetch_error": "http_401",
    "override_status": "missing",
    "expected_market_session": true
  },
  "total_pages": 1,
  "total_records": 94,
  "row_count_collected": 94,
  "ledger_written": true,
  "ledger_skipped_reason": null
}
[RUN] RHPL 2024-03-26
{
  "symbol": "RHPL",
  "run_date": "2024-03-26",
  "raw_path": "C:\\Users\\ishwor\\Music\\own-organize\\own-market\\market-gist\\broker_flow_ledger\\raw_merolagani\\RHPL\\2024-03-26.json",
  "ledger_path": "C:\\Users\\ishwor\\Music\\own-organize\\own-market\\market-gist\\broker_flow_ledger\\RHPL\\2024-03-26.json",
  "market_day_context": {
    "run_date": "2024-03-26",
    "weekday_name": "Tuesday",
    "is_nepal_trading_weekday": true,
    "holiday_validation_status": "weekday_only_unverified",
    "is_official_holiday": null,
    "holiday_title": null,
    "holiday_source": "https://www.nepalstock.com/api/nots/holiday/list?year=2024",
    "official_holiday_fetch_error": "http_401",
    "override_status": "missing",
    "expected_market_session": true
  },
  "total_pages": 1,
  "total_records": 151,
  "row_count_collected": 151,
  "ledger_written": true,
  "ledger_skipped_reason": null
}
[RUN] RHPL 2024-03-27
{
  "symbol": "RHPL",
  "run_date": "2024-03-27",
  "raw_path": "C:\\Users\\ishwor\\Music\\own-organize\\own-market\\market-gist\\broker_flow_ledger\\raw_merolagani\\RHPL\\2024-03-27.json",
  "ledger_path": "C:\\Users\\ishwor\\Music\\own-organize\\own-market\\market-gist\\broker_flow_ledger\\RHPL\\2024-03-27.json",
  "market_day_context": {
    "run_date": "2024-03-27",
    "weekday_name": "Wednesday",
    "is_nepal_trading_weekday": true,
    "holiday_validation_status": "weekday_only_unverified",
    "is_official_holiday": null,
    "holiday_title": null,
    "holiday_source": "https://www.nepalstock.com/api/nots/holiday/list?year=2024",
    "official_holiday_fetch_error": "http_401",
    "override_status": "missing",
    "expected_market_session": true
  },
  "total_pages": 1,
  "total_records": 153,
  "row_count_collected": 153,
  "ledger_written": true,
  "ledger_skipped_reason": null
}
[RUN] RHPL 2024-03-28
{
  "symbol": "RHPL",
  "run_date": "2024-03-28",
  "raw_path": "C:\\Users\\ishwor\\Music\\own-organize\\own-market\\market-gist\\broker_flow_ledger\\raw_merolagani\\RHPL\\2024-03-28.json",
  "ledger_path": "C:\\Users\\ishwor\\Music\\own-organize\\own-market\\market-gist\\broker_flow_ledger\\RHPL\\2024-03-28.json",
  "market_day_context": {
    "run_date": "2024-03-28",
    "weekday_name": "Thursday",
    "is_nepal_trading_weekday": true,
    "holiday_validation_status": "weekday_only_unverified",
    "is_official_holiday": null,
    "holiday_title": null,
    "holiday_source": "https://www.nepalstock.com/api/nots/holiday/list?year=2024",
    "official_holiday_fetch_error": "http_401",
    "override_status": "missing",
    "expected_market_session": true
  },
  "total_pages": 1,
  "total_records": 138,
  "row_count_collected": 138,
  "ledger_written": true,
  "ledger_skipped_reason": null
}
[RUN] RHPL 2024-03-31
{
  "symbol": "RHPL",
  "run_date": "2024-03-31",
  "raw_path": "C:\\Users\\ishwor\\Music\\own-organize\\own-market\\market-gist\\broker_flow_ledger\\raw_merolagani\\RHPL\\2024-03-31.json",
  "ledger_path": "C:\\Users\\ishwor\\Music\\own-organize\\own-market\\market-gist\\broker_flow_ledger\\RHPL\\2024-03-31.json",
  "market_day_context": {
    "run_date": "2024-03-31",
    "weekday_name": "Sunday",
    "is_nepal_trading_weekday": true,
    "holiday_validation_status": "weekday_only_unverified",
    "is_official_holiday": null,
    "holiday_title": null,
    "holiday_source": "https://www.nepalstock.com/api/nots/holiday/list?year=2024",
    "official_holiday_fetch_error": "http_401",
    "override_status": "missing",
    "expected_market_session": true
  },
  "total_pages": 1,
  "total_records": 144,
  "row_count_collected": 144,
  "ledger_written": true,
  "ledger_skipped_reason": null
}
[RUN] RHPL 2024-04-01
{
  "symbol": "RHPL",
  "run_date": "2024-04-01",
  "raw_path": "C:\\Users\\ishwor\\Music\\own-organize\\own-market\\market-gist\\broker_flow_ledger\\raw_merolagani\\RHPL\\2024-04-01.json",
  "ledger_path": "C:\\Users\\ishwor\\Music\\own-organize\\own-market\\market-gist\\broker_flow_ledger\\RHPL\\2024-04-01.json",
  "market_day_context": {
    "run_date": "2024-04-01",
    "weekday_name": "Monday",
    "is_nepal_trading_weekday": true,
    "holiday_validation_status": "weekday_only_unverified",
    "is_official_holiday": null,
    "holiday_title": null,
    "holiday_source": "https://www.nepalstock.com/api/nots/holiday/list?year=2024",
    "official_holiday_fetch_error": "http_401",
    "override_status": "missing",
    "expected_market_session": true
  },
  "total_pages": 1,
  "total_records": 146,
  "row_count_collected": 146,
  "ledger_written": true,
  "ledger_skipped_reason": null
}
[RUN] RHPL 2024-04-02
{
  "symbol": "RHPL",
  "run_date": "2024-04-02",
  "raw_path": "C:\\Users\\ishwor\\Music\\own-organize\\own-market\\market-gist\\broker_flow_ledger\\raw_merolagani\\RHPL\\2024-04-02.json",
  "ledger_path": "C:\\Users\\ishwor\\Music\\own-organize\\own-market\\market-gist\\broker_flow_ledger\\RHPL\\2024-04-02.json",
  "market_day_context": {
    "run_date": "2024-04-02",
    "weekday_name": "Tuesday",
    "is_nepal_trading_weekday": true,
    "holiday_validation_status": "weekday_only_unverified",
    "is_official_holiday": null,
    "holiday_title": null,
    "holiday_source": "https://www.nepalstock.com/api/nots/holiday/list?year=2024",
    "official_holiday_fetch_error": "http_401",
    "override_status": "missing",
    "expected_market_session": true
  },
  "total_pages": 1,
  "total_records": 108,
  "row_count_collected": 108,
  "ledger_written": true,
  "ledger_skipped_reason": null
}
[RUN] RHPL 2024-04-03
{
  "symbol": "RHPL",
  "run_date": "2024-04-03",
  "raw_path": "C:\\Users\\ishwor\\Music\\own-organize\\own-market\\market-gist\\broker_flow_ledger\\raw_merolagani\\RHPL\\2024-04-03.json",
  "ledger_path": "C:\\Users\\ishwor\\Music\\own-organize\\own-market\\market-gist\\broker_flow_ledger\\RHPL\\2024-04-03.json",
  "market_day_context": {
    "run_date": "2024-04-03",
    "weekday_name": "Wednesday",
    "is_nepal_trading_weekday": true,
    "holiday_validation_status": "weekday_only_unverified",
    "is_official_holiday": null,
    "holiday_title": null,
    "holiday_source": "https://www.nepalstock.com/api/nots/holiday/list?year=2024",
    "official_holiday_fetch_error": "http_401",
    "override_status": "missing",
    "expected_market_session": true
  },
  "total_pages": 1,
  "total_records": 86,
  "row_count_collected": 86,
  "ledger_written": true,
  "ledger_skipped_reason": null
}
[RUN] RHPL 2024-04-04
{
  "symbol": "RHPL",
  "run_date": "2024-04-04",
  "raw_path": "C:\\Users\\ishwor\\Music\\own-organize\\own-market\\market-gist\\broker_flow_ledger\\raw_merolagani\\RHPL\\2024-04-04.json",
  "ledger_path": "C:\\Users\\ishwor\\Music\\own-organize\\own-market\\market-gist\\broker_flow_ledger\\RHPL\\2024-04-04.json",
  "market_day_context": {
    "run_date": "2024-04-04",
    "weekday_name": "Thursday",
    "is_nepal_trading_weekday": true,
    "holiday_validation_status": "weekday_only_unverified",
    "is_official_holiday": null,
    "holiday_title": null,
    "holiday_source": "https://www.nepalstock.com/api/nots/holiday/list?year=2024",
    "official_holiday_fetch_error": "http_401",
    "override_status": "missing",
    "expected_market_session": true
  },
  "total_pages": 1,
  "total_records": 85,
  "row_count_collected": 85,
  "ledger_written": true,
  "ledger_skipped_reason": null
}
[RUN] RHPL 2024-04-07
{
  "symbol": "RHPL",
  "run_date": "2024-04-07",
  "raw_path": "C:\\Users\\ishwor\\Music\\own-organize\\own-market\\market-gist\\broker_flow_ledger\\raw_merolagani\\RHPL\\2024-04-07.json",
  "ledger_path": "C:\\Users\\ishwor\\Music\\own-organize\\own-market\\market-gist\\broker_flow_ledger\\RHPL\\2024-04-07.json",
  "market_day_context": {
    "run_date": "2024-04-07",
    "weekday_name": "Sunday",
    "is_nepal_trading_weekday": true,
    "holiday_validation_status": "weekday_only_unverified",
    "is_official_holiday": null,
    "holiday_title": null,
    "holiday_source": "https://www.nepalstock.com/api/nots/holiday/list?year=2024",
    "official_holiday_fetch_error": "http_401",
    "override_status": "missing",
    "expected_market_session": true
  },
  "total_pages": 1,
  "total_records": 132,
  "row_count_collected": 132,
  "ledger_written": true,
  "ledger_skipped_reason": null
}
[RUN] RHPL 2024-04-08
{
  "symbol": "RHPL",
  "run_date": "2024-04-08",
  "raw_path": "C:\\Users\\ishwor\\Music\\own-organize\\own-market\\market-gist\\broker_flow_ledger\\raw_merolagani\\RHPL\\2024-04-08.json",
  "ledger_path": "C:\\Users\\ishwor\\Music\\own-organize\\own-market\\market-gist\\broker_flow_ledger\\RHPL\\2024-04-08.json",
  "market_day_context": {
    "run_date": "2024-04-08",
    "weekday_name": "Monday",
    "is_nepal_trading_weekday": true,
    "holiday_validation_status": "weekday_only_unverified",
    "is_official_holiday": null,
    "holiday_title": null,
    "holiday_source": "https://www.nepalstock.com/api/nots/holiday/list?year=2024",
    "official_holiday_fetch_error": "http_401",
    "override_status": "missing",
    "expected_market_session": true
  },
  "total_pages": 0,
  "total_records": null,
  "row_count_collected": 0,
  "ledger_written": false,
  "ledger_skipped_reason": "empty_weekday_unverified"
}
[RUN] RHPL 2024-04-09
{
  "symbol": "RHPL",
  "run_date": "2024-04-09",
  "raw_path": "C:\\Users\\ishwor\\Music\\own-organize\\own-market\\market-gist\\broker_flow_ledger\\raw_merolagani\\RHPL\\2024-04-09.json",
  "ledger_path": "C:\\Users\\ishwor\\Music\\own-organize\\own-market\\market-gist\\broker_flow_ledger\\RHPL\\2024-04-09.json",
  "market_day_context": {
    "run_date": "2024-04-09",
    "weekday_name": "Tuesday",
    "is_nepal_trading_weekday": true,
    "holiday_validation_status": "weekday_only_unverified",
    "is_official_holiday": null,
    "holiday_title": null,
    "holiday_source": "https://www.nepalstock.com/api/nots/holiday/list?year=2024",
    "official_holiday_fetch_error": "http_401",
    "override_status": "missing",
    "expected_market_session": true
  },
  "total_pages": 1,
  "total_records": 136,
  "row_count_collected": 136,
  "ledger_written": true,
  "ledger_skipped_reason": null
}
[RUN] RHPL 2024-04-10
{
  "symbol": "RHPL",
  "run_date": "2024-04-10",
  "raw_path": "C:\\Users\\ishwor\\Music\\own-organize\\own-market\\market-gist\\broker_flow_ledger\\raw_merolagani\\RHPL\\2024-04-10.json",
  "ledger_path": "C:\\Users\\ishwor\\Music\\own-organize\\own-market\\market-gist\\broker_flow_ledger\\RHPL\\2024-04-10.json",
  "market_day_context": {
    "run_date": "2024-04-10",
    "weekday_name": "Wednesday",
    "is_nepal_trading_weekday": true,
    "holiday_validation_status": "weekday_only_unverified",
    "is_official_holiday": null,
    "holiday_title": null,
    "holiday_source": "https://www.nepalstock.com/api/nots/holiday/list?year=2024",
    "official_holiday_fetch_error": "http_401",
    "override_status": "missing",
    "expected_market_session": true
  },
  "total_pages": 1,
  "total_records": 119,
  "row_count_collected": 119,
  "ledger_written": true,
  "ledger_skipped_reason": null
}
[RUN] RHPL 2024-04-11
{
  "symbol": "RHPL",
  "run_date": "2024-04-11",
  "raw_path": "C:\\Users\\ishwor\\Music\\own-organize\\own-market\\market-gist\\broker_flow_ledger\\raw_merolagani\\RHPL\\2024-04-11.json",
  "ledger_path": "C:\\Users\\ishwor\\Music\\own-organize\\own-market\\market-gist\\broker_flow_ledger\\RHPL\\2024-04-11.json",
  "market_day_context": {
    "run_date": "2024-04-11",
    "weekday_name": "Thursday",
    "is_nepal_trading_weekday": true,
    "holiday_validation_status": "weekday_only_unverified",
    "is_official_holiday": null,
    "holiday_title": null,
    "holiday_source": "https://www.nepalstock.com/api/nots/holiday/list?year=2024",
    "official_holiday_fetch_error": "http_401",
    "override_status": "missing",
    "expected_market_session": true
  },
  "total_pages": 0,
  "total_records": null,
  "row_count_collected": 0,
  "ledger_written": false,
  "ledger_skipped_reason": "empty_weekday_unverified"
}
[RUN] RHPL 2024-04-14
{
  "symbol": "RHPL",
  "run_date": "2024-04-14",
  "raw_path": "C:\\Users\\ishwor\\Music\\own-organize\\own-market\\market-gist\\broker_flow_ledger\\raw_merolagani\\RHPL\\2024-04-14.json",
  "ledger_path": "C:\\Users\\ishwor\\Music\\own-organize\\own-market\\market-gist\\broker_flow_ledger\\RHPL\\2024-04-14.json",
  "market_day_context": {
    "run_date": "2024-04-14",
    "weekday_name": "Sunday",
    "is_nepal_trading_weekday": true,
    "holiday_validation_status": "weekday_only_unverified",
    "is_official_holiday": null,
    "holiday_title": null,
    "holiday_source": "https://www.nepalstock.com/api/nots/holiday/list?year=2024",
    "official_holiday_fetch_error": "http_401",
    "override_status": "missing",
    "expected_market_session": true
  },
  "total_pages": 1,
  "total_records": 134,
  "row_count_collected": 134,
  "ledger_written": true,
  "ledger_skipped_reason": null
}
[RUN] RHPL 2024-04-15
{
  "symbol": "RHPL",
  "run_date": "2024-04-15",
  "raw_path": "C:\\Users\\ishwor\\Music\\own-organize\\own-market\\market-gist\\broker_flow_ledger\\raw_merolagani\\RHPL\\2024-04-15.json",
  "ledger_path": "C:\\Users\\ishwor\\Music\\own-organize\\own-market\\market-gist\\broker_flow_ledger\\RHPL\\2024-04-15.json",
  "market_day_context": {
    "run_date": "2024-04-15",
    "weekday_name": "Monday",
    "is_nepal_trading_weekday": true,
    "holiday_validation_status": "weekday_only_unverified",
    "is_official_holiday": null,
    "holiday_title": null,
    "holiday_source": "https://www.nepalstock.com/api/nots/holiday/list?year=2024",
    "official_holiday_fetch_error": "http_401",
    "override_status": "missing",
    "expected_market_session": true
  },
  "total_pages": 1,
  "total_records": 122,
  "row_count_collected": 122,
  "ledger_written": true,
  "ledger_skipped_reason": null
}
[RUN] RHPL 2024-04-16
{
  "symbol": "RHPL",
  "run_date": "2024-04-16",
  "raw_path": "C:\\Users\\ishwor\\Music\\own-organize\\own-market\\market-gist\\broker_flow_ledger\\raw_merolagani\\RHPL\\2024-04-16.json",
  "ledger_path": "C:\\Users\\ishwor\\Music\\own-organize\\own-market\\market-gist\\broker_flow_ledger\\RHPL\\2024-04-16.json",
  "market_day_context": {
    "run_date": "2024-04-16",
    "weekday_name": "Tuesday",
    "is_nepal_trading_weekday": true,
    "holiday_validation_status": "weekday_only_unverified",
    "is_official_holiday": null,
    "holiday_title": null,
    "holiday_source": "https://www.nepalstock.com/api/nots/holiday/list?year=2024",
    "official_holiday_fetch_error": "http_401",
    "override_status": "missing",
    "expected_market_session": true
  },
  "total_pages": 1,
  "total_records": 120,
  "row_count_collected": 120,
  "ledger_written": true,
  "ledger_skipped_reason": null
}
[RUN] RHPL 2024-04-17
{
  "symbol": "RHPL",
  "run_date": "2024-04-17",
  "raw_path": "C:\\Users\\ishwor\\Music\\own-organize\\own-market\\market-gist\\broker_flow_ledger\\raw_merolagani\\RHPL\\2024-04-17.json",
  "ledger_path": "C:\\Users\\ishwor\\Music\\own-organize\\own-market\\market-gist\\broker_flow_ledger\\RHPL\\2024-04-17.json",
  "market_day_context": {
    "run_date": "2024-04-17",
    "weekday_name": "Wednesday",
    "is_nepal_trading_weekday": true,
    "holiday_validation_status": "weekday_only_unverified",
    "is_official_holiday": null,
    "holiday_title": null,
    "holiday_source": "https://www.nepalstock.com/api/nots/holiday/list?year=2024",
    "official_holiday_fetch_error": "http_401",
    "override_status": "missing",
    "expected_market_session": true
  },
  "total_pages": 0,
  "total_records": null,
  "row_count_collected": 0,
  "ledger_written": false,
  "ledger_skipped_reason": "empty_weekday_unverified"
}
[RUN] RHPL 2024-04-18
{
  "symbol": "RHPL",
  "run_date": "2024-04-18",
  "raw_path": "C:\\Users\\ishwor\\Music\\own-organize\\own-market\\market-gist\\broker_flow_ledger\\raw_merolagani\\RHPL\\2024-04-18.json",
  "ledger_path": "C:\\Users\\ishwor\\Music\\own-organize\\own-market\\market-gist\\broker_flow_ledger\\RHPL\\2024-04-18.json",
  "market_day_context": {
    "run_date": "2024-04-18",
    "weekday_name": "Thursday",
    "is_nepal_trading_weekday": true,
    "holiday_validation_status": "weekday_only_unverified",
    "is_official_holiday": null,
    "holiday_title": null,
    "holiday_source": "https://www.nepalstock.com/api/nots/holiday/list?year=2024",
    "official_holiday_fetch_error": "http_401",
    "override_status": "missing",
    "expected_market_session": true
  },
  "total_pages": 1,
  "total_records": 100,
  "row_count_collected": 100,
  "ledger_written": true,
  "ledger_skipped_reason": null
}
[RUN] RHPL 2024-04-21
{
  "symbol": "RHPL",
  "run_date": "2024-04-21",
  "raw_path": "C:\\Users\\ishwor\\Music\\own-organize\\own-market\\market-gist\\broker_flow_ledger\\raw_merolagani\\RHPL\\2024-04-21.json",
  "ledger_path": "C:\\Users\\ishwor\\Music\\own-organize\\own-market\\market-gist\\broker_flow_ledger\\RHPL\\2024-04-21.json",
  "market_day_context": {
    "run_date": "2024-04-21",
    "weekday_name": "Sunday",
    "is_nepal_trading_weekday": true,
    "holiday_validation_status": "weekday_only_unverified",
    "is_official_holiday": null,
    "holiday_title": null,
    "holiday_source": "https://www.nepalstock.com/api/nots/holiday/list?year=2024",
    "official_holiday_fetch_error": "http_401",
    "override_status": "missing",
    "expected_market_session": true
  },
  "total_pages": 1,
  "total_records": 124,
  "row_count_collected": 124,
  "ledger_written": true,
  "ledger_skipped_reason": null
}
[RUN] RHPL 2024-04-22
{
  "symbol": "RHPL",
  "run_date": "2024-04-22",
  "raw_path": "C:\\Users\\ishwor\\Music\\own-organize\\own-market\\market-gist\\broker_flow_ledger\\raw_merolagani\\RHPL\\2024-04-22.json",
  "ledger_path": "C:\\Users\\ishwor\\Music\\own-organize\\own-market\\market-gist\\broker_flow_ledger\\RHPL\\2024-04-22.json",
  "market_day_context": {
    "run_date": "2024-04-22",
    "weekday_name": "Monday",
    "is_nepal_trading_weekday": true,
    "holiday_validation_status": "weekday_only_unverified",
    "is_official_holiday": null,
    "holiday_title": null,
    "holiday_source": "https://www.nepalstock.com/api/nots/holiday/list?year=2024",
    "official_holiday_fetch_error": "http_401",
    "override_status": "missing",
    "expected_market_session": true
  },
  "total_pages": 1,
  "total_records": 77,
  "row_count_collected": 77,
  "ledger_written": true,
  "ledger_skipped_reason": null
}
[RUN] RHPL 2024-04-23
{
  "symbol": "RHPL",
  "run_date": "2024-04-23",
  "raw_path": "C:\\Users\\ishwor\\Music\\own-organize\\own-market\\market-gist\\broker_flow_ledger\\raw_merolagani\\RHPL\\2024-04-23.json",
  "ledger_path": "C:\\Users\\ishwor\\Music\\own-organize\\own-market\\market-gist\\broker_flow_ledger\\RHPL\\2024-04-23.json",
  "market_day_context": {
    "run_date": "2024-04-23",
    "weekday_name": "Tuesday",
    "is_nepal_trading_weekday": true,
    "holiday_validation_status": "weekday_only_unverified",
    "is_official_holiday": null,
    "holiday_title": null,
    "holiday_source": "https://www.nepalstock.com/api/nots/holiday/list?year=2024",
    "official_holiday_fetch_error": "http_401",
    "override_status": "missing",
    "expected_market_session": true
  },
  "total_pages": 0,
  "total_records": null,
  "row_count_collected": 0,
  "ledger_written": false,
  "ledger_skipped_reason": "empty_weekday_unverified"
}
[RUN] RHPL 2024-04-24
{
  "symbol": "RHPL",
  "run_date": "2024-04-24",
  "raw_path": "C:\\Users\\ishwor\\Music\\own-organize\\own-market\\market-gist\\broker_flow_ledger\\raw_merolagani\\RHPL\\2024-04-24.json",
  "ledger_path": "C:\\Users\\ishwor\\Music\\own-organize\\own-market\\market-gist\\broker_flow_ledger\\RHPL\\2024-04-24.json",
  "market_day_context": {
    "run_date": "2024-04-24",
    "weekday_name": "Wednesday",
    "is_nepal_trading_weekday": true,
    "holiday_validation_status": "weekday_only_unverified",
    "is_official_holiday": null,
    "holiday_title": null,
    "holiday_source": "https://www.nepalstock.com/api/nots/holiday/list?year=2024",
    "official_holiday_fetch_error": "http_401",
    "override_status": "missing",
    "expected_market_session": true
  },
  "total_pages": 1,
  "total_records": 123,
  "row_count_collected": 123,
  "ledger_written": true,
  "ledger_skipped_reason": null
}
[RUN] RHPL 2024-04-25
{
  "symbol": "RHPL",
  "run_date": "2024-04-25",
  "raw_path": "C:\\Users\\ishwor\\Music\\own-organize\\own-market\\market-gist\\broker_flow_ledger\\raw_merolagani\\RHPL\\2024-04-25.json",
  "ledger_path": "C:\\Users\\ishwor\\Music\\own-organize\\own-market\\market-gist\\broker_flow_ledger\\RHPL\\2024-04-25.json",
  "market_day_context": {
    "run_date": "2024-04-25",
    "weekday_name": "Thursday",
    "is_nepal_trading_weekday": true,
    "holiday_validation_status": "weekday_only_unverified",
    "is_official_holiday": null,
    "holiday_title": null,
    "holiday_source": "https://www.nepalstock.com/api/nots/holiday/list?year=2024",
    "official_holiday_fetch_error": "http_401",
    "override_status": "missing",
    "expected_market_session": true
  },
  "total_pages": 1,
  "total_records": 91,
  "row_count_collected": 91,
  "ledger_written": true,
  "ledger_skipped_reason": null
}
[RUN] RHPL 2024-04-28
{
  "symbol": "RHPL",
  "run_date": "2024-04-28",
  "raw_path": "C:\\Users\\ishwor\\Music\\own-organize\\own-market\\market-gist\\broker_flow_ledger\\raw_merolagani\\RHPL\\2024-04-28.json",
  "ledger_path": "C:\\Users\\ishwor\\Music\\own-organize\\own-market\\market-gist\\broker_flow_ledger\\RHPL\\2024-04-28.json",
  "market_day_context": {
    "run_date": "2024-04-28",
    "weekday_name": "Sunday",
    "is_nepal_trading_weekday": true,
    "holiday_validation_status": "weekday_only_unverified",
    "is_official_holiday": null,
    "holiday_title": null,
    "holiday_source": "https://www.nepalstock.com/api/nots/holiday/list?year=2024",
    "official_holiday_fetch_error": "http_401",
    "override_status": "missing",
    "expected_market_session": true
  },
  "total_pages": 1,
  "total_records": 117,
  "row_count_collected": 117,
  "ledger_written": true,
  "ledger_skipped_reason": null
}
[RUN] RHPL 2024-04-29
{
  "symbol": "RHPL",
  "run_date": "2024-04-29",
  "raw_path": "C:\\Users\\ishwor\\Music\\own-organize\\own-market\\market-gist\\broker_flow_ledger\\raw_merolagani\\RHPL\\2024-04-29.json",
  "ledger_path": "C:\\Users\\ishwor\\Music\\own-organize\\own-market\\market-gist\\broker_flow_ledger\\RHPL\\2024-04-29.json",
  "market_day_context": {
    "run_date": "2024-04-29",
    "weekday_name": "Monday",
    "is_nepal_trading_weekday": true,
    "holiday_validation_status": "weekday_only_unverified",
    "is_official_holiday": null,
    "holiday_title": null,
    "holiday_source": "https://www.nepalstock.com/api/nots/holiday/list?year=2024",
    "official_holiday_fetch_error": "http_401",
    "override_status": "missing",
    "expected_market_session": true
  },
  "total_pages": 1,
  "total_records": 125,
  "row_count_collected": 125,
  "ledger_written": true,
  "ledger_skipped_reason": null
}
[RUN] RHPL 2024-04-30
{
  "symbol": "RHPL",
  "run_date": "2024-04-30",
  "raw_path": "C:\\Users\\ishwor\\Music\\own-organize\\own-market\\market-gist\\broker_flow_ledger\\raw_merolagani\\RHPL\\2024-04-30.json",
  "ledger_path": "C:\\Users\\ishwor\\Music\\own-organize\\own-market\\market-gist\\broker_flow_ledger\\RHPL\\2024-04-30.json",
  "market_day_context": {
    "run_date": "2024-04-30",
    "weekday_name": "Tuesday",
    "is_nepal_trading_weekday": true,
    "holiday_validation_status": "weekday_only_unverified",
    "is_official_holiday": null,
    "holiday_title": null,
    "holiday_source": "https://www.nepalstock.com/api/nots/holiday/list?year=2024",
    "official_holiday_fetch_error": "http_401",
    "override_status": "missing",
    "expected_market_session": true
  },
  "total_pages": 1,
  "total_records": 177,
  "row_count_collected": 177,
  "ledger_written": true,
  "ledger_skipped_reason": null
}
[RUN] RHPL 2024-05-01
{
  "symbol": "RHPL",
  "run_date": "2024-05-01",
  "raw_path": "C:\\Users\\ishwor\\Music\\own-organize\\own-market\\market-gist\\broker_flow_ledger\\raw_merolagani\\RHPL\\2024-05-01.json",
  "ledger_path": "C:\\Users\\ishwor\\Music\\own-organize\\own-market\\market-gist\\broker_flow_ledger\\RHPL\\2024-05-01.json",
  "market_day_context": {
    "run_date": "2024-05-01",
    "weekday_name": "Wednesday",
    "is_nepal_trading_weekday": true,
    "holiday_validation_status": "weekday_only_unverified",
    "is_official_holiday": null,
    "holiday_title": null,
    "holiday_source": "https://www.nepalstock.com/api/nots/holiday/list?year=2024",
    "official_holiday_fetch_error": "http_401",
    "override_status": "missing",
    "expected_market_session": true
  },
  "total_pages": 0,
  "total_records": null,
  "row_count_collected": 0,
  "ledger_written": false,
  "ledger_skipped_reason": "empty_weekday_unverified"
}
[RUN] RHPL 2024-05-02
{
  "symbol": "RHPL",
  "run_date": "2024-05-02",
  "raw_path": "C:\\Users\\ishwor\\Music\\own-organize\\own-market\\market-gist\\broker_flow_ledger\\raw_merolagani\\RHPL\\2024-05-02.json",
  "ledger_path": "C:\\Users\\ishwor\\Music\\own-organize\\own-market\\market-gist\\broker_flow_ledger\\RHPL\\2024-05-02.json",
  "market_day_context": {
    "run_date": "2024-05-02",
    "weekday_name": "Thursday",
    "is_nepal_trading_weekday": true,
    "holiday_validation_status": "weekday_only_unverified",
    "is_official_holiday": null,
    "holiday_title": null,
    "holiday_source": "https://www.nepalstock.com/api/nots/holiday/list?year=2024",
    "official_holiday_fetch_error": "http_401",
    "override_status": "missing",
    "expected_market_session": true
  },
  "total_pages": 1,
  "total_records": 123,
  "row_count_collected": 123,
  "ledger_written": true,
  "ledger_skipped_reason": null
}
[RUN] RHPL 2024-05-05
{
  "symbol": "RHPL",
  "run_date": "2024-05-05",
  "raw_path": "C:\\Users\\ishwor\\Music\\own-organize\\own-market\\market-gist\\broker_flow_ledger\\raw_merolagani\\RHPL\\2024-05-05.json",
  "ledger_path": "C:\\Users\\ishwor\\Music\\own-organize\\own-market\\market-gist\\broker_flow_ledger\\RHPL\\2024-05-05.json",
  "market_day_context": {
    "run_date": "2024-05-05",
    "weekday_name": "Sunday",
    "is_nepal_trading_weekday": true,
    "holiday_validation_status": "weekday_only_unverified",
    "is_official_holiday": null,
    "holiday_title": null,
    "holiday_source": "https://www.nepalstock.com/api/nots/holiday/list?year=2024",
    "official_holiday_fetch_error": "http_401",
    "override_status": "missing",
    "expected_market_session": true
  },
  "total_pages": 1,
  "total_records": 110,
  "row_count_collected": 110,
  "ledger_written": true,
  "ledger_skipped_reason": null
}
[RUN] RHPL 2024-05-06
{
  "symbol": "RHPL",
  "run_date": "2024-05-06",
  "raw_path": "C:\\Users\\ishwor\\Music\\own-organize\\own-market\\market-gist\\broker_flow_ledger\\raw_merolagani\\RHPL\\2024-05-06.json",
  "ledger_path": "C:\\Users\\ishwor\\Music\\own-organize\\own-market\\market-gist\\broker_flow_ledger\\RHPL\\2024-05-06.json",
  "market_day_context": {
    "run_date": "2024-05-06",
    "weekday_name": "Monday",
    "is_nepal_trading_weekday": true,
    "holiday_validation_status": "weekday_only_unverified",
    "is_official_holiday": null,
    "holiday_title": null,
    "holiday_source": "https://www.nepalstock.com/api/nots/holiday/list?year=2024",
    "official_holiday_fetch_error": "http_401",
    "override_status": "missing",
    "expected_market_session": true
  },
  "total_pages": 1,
  "total_records": 68,
  "row_count_collected": 68,
  "ledger_written": true,
  "ledger_skipped_reason": null
}
[RUN] RHPL 2024-05-07
{
  "symbol": "RHPL",
  "run_date": "2024-05-07",
  "raw_path": "C:\\Users\\ishwor\\Music\\own-organize\\own-market\\market-gist\\broker_flow_ledger\\raw_merolagani\\RHPL\\2024-05-07.json",
  "ledger_path": "C:\\Users\\ishwor\\Music\\own-organize\\own-market\\market-gist\\broker_flow_ledger\\RHPL\\2024-05-07.json",
  "market_day_context": {
    "run_date": "2024-05-07",
    "weekday_name": "Tuesday",
    "is_nepal_trading_weekday": true,
    "holiday_validation_status": "weekday_only_unverified",
    "is_official_holiday": null,
    "holiday_title": null,
    "holiday_source": "https://www.nepalstock.com/api/nots/holiday/list?year=2024",
    "official_holiday_fetch_error": "http_401",
    "override_status": "missing",
    "expected_market_session": true
  },
  "total_pages": 1,
  "total_records": 88,
  "row_count_collected": 88,
  "ledger_written": true,
  "ledger_skipped_reason": null
}
[RUN] RHPL 2024-05-08
{
  "symbol": "RHPL",
  "run_date": "2024-05-08",
  "raw_path": "C:\\Users\\ishwor\\Music\\own-organize\\own-market\\market-gist\\broker_flow_ledger\\raw_merolagani\\RHPL\\2024-05-08.json",
  "ledger_path": "C:\\Users\\ishwor\\Music\\own-organize\\own-market\\market-gist\\broker_flow_ledger\\RHPL\\2024-05-08.json",
  "market_day_context": {
    "run_date": "2024-05-08",
    "weekday_name": "Wednesday",
    "is_nepal_trading_weekday": true,
    "holiday_validation_status": "weekday_only_unverified",
    "is_official_holiday": null,
    "holiday_title": null,
    "holiday_source": "https://www.nepalstock.com/api/nots/holiday/list?year=2024",
    "official_holiday_fetch_error": "http_401",
    "override_status": "missing",
    "expected_market_session": true
  },
  "total_pages": 1,
  "total_records": 97,
  "row_count_collected": 97,
  "ledger_written": true,
  "ledger_skipped_reason": null
}
[RUN] RHPL 2024-05-09
{
  "symbol": "RHPL",
  "run_date": "2024-05-09",
  "raw_path": "C:\\Users\\ishwor\\Music\\own-organize\\own-market\\market-gist\\broker_flow_ledger\\raw_merolagani\\RHPL\\2024-05-09.json",
  "ledger_path": "C:\\Users\\ishwor\\Music\\own-organize\\own-market\\market-gist\\broker_flow_ledger\\RHPL\\2024-05-09.json",
  "market_day_context": {
    "run_date": "2024-05-09",
    "weekday_name": "Thursday",
    "is_nepal_trading_weekday": true,
    "holiday_validation_status": "weekday_only_unverified",
    "is_official_holiday": null,
    "holiday_title": null,
    "holiday_source": "https://www.nepalstock.com/api/nots/holiday/list?year=2024",
    "official_holiday_fetch_error": "http_401",
    "override_status": "missing",
    "expected_market_session": true
  },
  "total_pages": 1,
  "total_records": 117,
  "row_count_collected": 117,
  "ledger_written": true,
  "ledger_skipped_reason": null
}
[RUN] RHPL 2024-05-12
{
  "symbol": "RHPL",
  "run_date": "2024-05-12",
  "raw_path": "C:\\Users\\ishwor\\Music\\own-organize\\own-market\\market-gist\\broker_flow_ledger\\raw_merolagani\\RHPL\\2024-05-12.json",
  "ledger_path": "C:\\Users\\ishwor\\Music\\own-organize\\own-market\\market-gist\\broker_flow_ledger\\RHPL\\2024-05-12.json",
  "market_day_context": {
    "run_date": "2024-05-12",
    "weekday_name": "Sunday",
    "is_nepal_trading_weekday": true,
    "holiday_validation_status": "weekday_only_unverified",
    "is_official_holiday": null,
    "holiday_title": null,
    "holiday_source": "https://www.nepalstock.com/api/nots/holiday/list?year=2024",
    "official_holiday_fetch_error": "http_401",
    "override_status": "missing",
    "expected_market_session": true
  },
  "total_pages": 1,
  "total_records": 114,
  "row_count_collected": 114,
  "ledger_written": true,
  "ledger_skipped_reason": null
}
[RUN] RHPL 2024-05-13
{
  "symbol": "RHPL",
  "run_date": "2024-05-13",
  "raw_path": "C:\\Users\\ishwor\\Music\\own-organize\\own-market\\market-gist\\broker_flow_ledger\\raw_merolagani\\RHPL\\2024-05-13.json",
  "ledger_path": "C:\\Users\\ishwor\\Music\\own-organize\\own-market\\market-gist\\broker_flow_ledger\\RHPL\\2024-05-13.json",
  "market_day_context": {
    "run_date": "2024-05-13",
    "weekday_name": "Monday",
    "is_nepal_trading_weekday": true,
    "holiday_validation_status": "weekday_only_unverified",
    "is_official_holiday": null,
    "holiday_title": null,
    "holiday_source": "https://www.nepalstock.com/api/nots/holiday/list?year=2024",
    "official_holiday_fetch_error": "http_401",
    "override_status": "missing",
    "expected_market_session": true
  },
  "total_pages": 1,
  "total_records": 70,
  "row_count_collected": 70,
  "ledger_written": true,
  "ledger_skipped_reason": null
}
[RUN] RHPL 2024-05-14
{
  "symbol": "RHPL",
  "run_date": "2024-05-14",
  "raw_path": "C:\\Users\\ishwor\\Music\\own-organize\\own-market\\market-gist\\broker_flow_ledger\\raw_merolagani\\RHPL\\2024-05-14.json",
  "ledger_path": "C:\\Users\\ishwor\\Music\\own-organize\\own-market\\market-gist\\broker_flow_ledger\\RHPL\\2024-05-14.json",
  "market_day_context": {
    "run_date": "2024-05-14",
    "weekday_name": "Tuesday",
    "is_nepal_trading_weekday": true,
    "holiday_validation_status": "weekday_only_unverified",
    "is_official_holiday": null,
    "holiday_title": null,
    "holiday_source": "https://www.nepalstock.com/api/nots/holiday/list?year=2024",
    "official_holiday_fetch_error": "http_401",
    "override_status": "missing",
    "expected_market_session": true
  },
  "total_pages": 1,
  "total_records": 119,
  "row_count_collected": 119,
  "ledger_written": true,
  "ledger_skipped_reason": null
}
[RUN] RHPL 2024-05-15
{
  "symbol": "RHPL",
  "run_date": "2024-05-15",
  "raw_path": "C:\\Users\\ishwor\\Music\\own-organize\\own-market\\market-gist\\broker_flow_ledger\\raw_merolagani\\RHPL\\2024-05-15.json",
  "ledger_path": "C:\\Users\\ishwor\\Music\\own-organize\\own-market\\market-gist\\broker_flow_ledger\\RHPL\\2024-05-15.json",
  "market_day_context": {
    "run_date": "2024-05-15",
    "weekday_name": "Wednesday",
    "is_nepal_trading_weekday": true,
    "holiday_validation_status": "weekday_only_unverified",
    "is_official_holiday": null,
    "holiday_title": null,
    "holiday_source": "https://www.nepalstock.com/api/nots/holiday/list?year=2024",
    "official_holiday_fetch_error": "http_401",
    "override_status": "missing",
    "expected_market_session": true
  },
  "total_pages": 1,
  "total_records": 82,
  "row_count_collected": 82,
  "ledger_written": true,
  "ledger_skipped_reason": null
}
[RUN] RHPL 2024-05-16
{
  "symbol": "RHPL",
  "run_date": "2024-05-16",
  "raw_path": "C:\\Users\\ishwor\\Music\\own-organize\\own-market\\market-gist\\broker_flow_ledger\\raw_merolagani\\RHPL\\2024-05-16.json",
  "ledger_path": "C:\\Users\\ishwor\\Music\\own-organize\\own-market\\market-gist\\broker_flow_ledger\\RHPL\\2024-05-16.json",
  "market_day_context": {
    "run_date": "2024-05-16",
    "weekday_name": "Thursday",
    "is_nepal_trading_weekday": true,
    "holiday_validation_status": "weekday_only_unverified",
    "is_official_holiday": null,
    "holiday_title": null,
    "holiday_source": "https://www.nepalstock.com/api/nots/holiday/list?year=2024",
    "official_holiday_fetch_error": "http_401",
    "override_status": "missing",
    "expected_market_session": true
  },
  "total_pages": 1,
  "total_records": 100,
  "row_count_collected": 100,
  "ledger_written": true,
  "ledger_skipped_reason": null
}
[RUN] RHPL 2024-05-19
{
  "symbol": "RHPL",
  "run_date": "2024-05-19",
  "raw_path": "C:\\Users\\ishwor\\Music\\own-organize\\own-market\\market-gist\\broker_flow_ledger\\raw_merolagani\\RHPL\\2024-05-19.json",
  "ledger_path": "C:\\Users\\ishwor\\Music\\own-organize\\own-market\\market-gist\\broker_flow_ledger\\RHPL\\2024-05-19.json",
  "market_day_context": {
    "run_date": "2024-05-19",
    "weekday_name": "Sunday",
    "is_nepal_trading_weekday": true,
    "holiday_validation_status": "weekday_only_unverified",
    "is_official_holiday": null,
    "holiday_title": null,
    "holiday_source": "https://www.nepalstock.com/api/nots/holiday/list?year=2024",
    "official_holiday_fetch_error": "http_401",
    "override_status": "missing",
    "expected_market_session": true
  },
  "total_pages": 1,
  "total_records": 216,
  "row_count_collected": 216,
  "ledger_written": true,
  "ledger_skipped_reason": null
}
[RUN] RHPL 2024-05-20
{
  "symbol": "RHPL",
  "run_date": "2024-05-20",
  "raw_path": "C:\\Users\\ishwor\\Music\\own-organize\\own-market\\market-gist\\broker_flow_ledger\\raw_merolagani\\RHPL\\2024-05-20.json",
  "ledger_path": "C:\\Users\\ishwor\\Music\\own-organize\\own-market\\market-gist\\broker_flow_ledger\\RHPL\\2024-05-20.json",
  "market_day_context": {
    "run_date": "2024-05-20",
    "weekday_name": "Monday",
    "is_nepal_trading_weekday": true,
    "holiday_validation_status": "weekday_only_unverified",
    "is_official_holiday": null,
    "holiday_title": null,
    "holiday_source": "https://www.nepalstock.com/api/nots/holiday/list?year=2024",
    "official_holiday_fetch_error": "http_401",
    "override_status": "missing",
    "expected_market_session": true
  },
  "total_pages": 1,
  "total_records": 130,
  "row_count_collected": 130,
  "ledger_written": true,
  "ledger_skipped_reason": null
}
[RUN] RHPL 2024-05-21
{
  "symbol": "RHPL",
  "run_date": "2024-05-21",
  "raw_path": "C:\\Users\\ishwor\\Music\\own-organize\\own-market\\market-gist\\broker_flow_ledger\\raw_merolagani\\RHPL\\2024-05-21.json",
  "ledger_path": "C:\\Users\\ishwor\\Music\\own-organize\\own-market\\market-gist\\broker_flow_ledger\\RHPL\\2024-05-21.json",
  "market_day_context": {
    "run_date": "2024-05-21",
    "weekday_name": "Tuesday",
    "is_nepal_trading_weekday": true,
    "holiday_validation_status": "weekday_only_unverified",
    "is_official_holiday": null,
    "holiday_title": null,
    "holiday_source": "https://www.nepalstock.com/api/nots/holiday/list?year=2024",
    "official_holiday_fetch_error": "http_401",
    "override_status": "missing",
    "expected_market_session": true
  },
  "total_pages": 1,
  "total_records": 197,
  "row_count_collected": 197,
  "ledger_written": true,
  "ledger_skipped_reason": null
}
[RUN] RHPL 2024-05-22
{
  "symbol": "RHPL",
  "run_date": "2024-05-22",
  "raw_path": "C:\\Users\\ishwor\\Music\\own-organize\\own-market\\market-gist\\broker_flow_ledger\\raw_merolagani\\RHPL\\2024-05-22.json",
  "ledger_path": "C:\\Users\\ishwor\\Music\\own-organize\\own-market\\market-gist\\broker_flow_ledger\\RHPL\\2024-05-22.json",
  "market_day_context": {
    "run_date": "2024-05-22",
    "weekday_name": "Wednesday",
    "is_nepal_trading_weekday": true,
    "holiday_validation_status": "weekday_only_unverified",
    "is_official_holiday": null,
    "holiday_title": null,
    "holiday_source": "https://www.nepalstock.com/api/nots/holiday/list?year=2024",
    "official_holiday_fetch_error": "http_401",
    "override_status": "missing",
    "expected_market_session": true
  },
  "total_pages": 1,
  "total_records": 134,
  "row_count_collected": 134,
  "ledger_written": true,
  "ledger_skipped_reason": null
}
[RUN] RHPL 2024-05-23
{
  "symbol": "RHPL",
  "run_date": "2024-05-23",
  "raw_path": "C:\\Users\\ishwor\\Music\\own-organize\\own-market\\market-gist\\broker_flow_ledger\\raw_merolagani\\RHPL\\2024-05-23.json",
  "ledger_path": "C:\\Users\\ishwor\\Music\\own-organize\\own-market\\market-gist\\broker_flow_ledger\\RHPL\\2024-05-23.json",
  "market_day_context": {
    "run_date": "2024-05-23",
    "weekday_name": "Thursday",
    "is_nepal_trading_weekday": true,
    "holiday_validation_status": "weekday_only_unverified",
    "is_official_holiday": null,
    "holiday_title": null,
    "holiday_source": "https://www.nepalstock.com/api/nots/holiday/list?year=2024",
    "official_holiday_fetch_error": "http_401",
    "override_status": "missing",
    "expected_market_session": true
  },
  "total_pages": 0,
  "total_records": null,
  "row_count_collected": 0,
  "ledger_written": false,
  "ledger_skipped_reason": "empty_weekday_unverified"
}
[RUN] RHPL 2024-05-26
{
  "symbol": "RHPL",
  "run_date": "2024-05-26",
  "raw_path": "C:\\Users\\ishwor\\Music\\own-organize\\own-market\\market-gist\\broker_flow_ledger\\raw_merolagani\\RHPL\\2024-05-26.json",
  "ledger_path": "C:\\Users\\ishwor\\Music\\own-organize\\own-market\\market-gist\\broker_flow_ledger\\RHPL\\2024-05-26.json",
  "market_day_context": {
    "run_date": "2024-05-26",
    "weekday_name": "Sunday",
    "is_nepal_trading_weekday": true,
    "holiday_validation_status": "weekday_only_unverified",
    "is_official_holiday": null,
    "holiday_title": null,
    "holiday_source": "https://www.nepalstock.com/api/nots/holiday/list?year=2024",
    "official_holiday_fetch_error": "http_401",
    "override_status": "missing",
    "expected_market_session": true
  },
  "total_pages": 1,
  "total_records": 126,
  "row_count_collected": 126,
  "ledger_written": true,
  "ledger_skipped_reason": null
}
[RUN] RHPL 2024-05-27
{
  "symbol": "RHPL",
  "run_date": "2024-05-27",
  "raw_path": "C:\\Users\\ishwor\\Music\\own-organize\\own-market\\market-gist\\broker_flow_ledger\\raw_merolagani\\RHPL\\2024-05-27.json",
  "ledger_path": "C:\\Users\\ishwor\\Music\\own-organize\\own-market\\market-gist\\broker_flow_ledger\\RHPL\\2024-05-27.json",
  "market_day_context": {
    "run_date": "2024-05-27",
    "weekday_name": "Monday",
    "is_nepal_trading_weekday": true,
    "holiday_validation_status": "weekday_only_unverified",
    "is_official_holiday": null,
    "holiday_title": null,
    "holiday_source": "https://www.nepalstock.com/api/nots/holiday/list?year=2024",
    "official_holiday_fetch_error": "http_401",
    "override_status": "missing",
    "expected_market_session": true
  },
  "total_pages": 1,
  "total_records": 174,
  "row_count_collected": 174,
  "ledger_written": true,
  "ledger_skipped_reason": null
}
[RUN] RHPL 2024-05-28
{
  "symbol": "RHPL",
  "run_date": "2024-05-28",
  "raw_path": "C:\\Users\\ishwor\\Music\\own-organize\\own-market\\market-gist\\broker_flow_ledger\\raw_merolagani\\RHPL\\2024-05-28.json",
  "ledger_path": "C:\\Users\\ishwor\\Music\\own-organize\\own-market\\market-gist\\broker_flow_ledger\\RHPL\\2024-05-28.json",
  "market_day_context": {
    "run_date": "2024-05-28",
    "weekday_name": "Tuesday",
    "is_nepal_trading_weekday": true,
    "holiday_validation_status": "weekday_only_unverified",
    "is_official_holiday": null,
    "holiday_title": null,
    "holiday_source": "https://www.nepalstock.com/api/nots/holiday/list?year=2024",
    "official_holiday_fetch_error": "http_401",
    "override_status": "missing",
    "expected_market_session": true
  },
  "total_pages": 0,
  "total_records": null,
  "row_count_collected": 0,
  "ledger_written": false,
  "ledger_skipped_reason": "empty_weekday_unverified"
}
[RUN] RHPL 2024-05-29
{
  "symbol": "RHPL",
  "run_date": "2024-05-29",
  "raw_path": "C:\\Users\\ishwor\\Music\\own-organize\\own-market\\market-gist\\broker_flow_ledger\\raw_merolagani\\RHPL\\2024-05-29.json",
  "ledger_path": "C:\\Users\\ishwor\\Music\\own-organize\\own-market\\market-gist\\broker_flow_ledger\\RHPL\\2024-05-29.json",
  "market_day_context": {
    "run_date": "2024-05-29",
    "weekday_name": "Wednesday",
    "is_nepal_trading_weekday": true,
    "holiday_validation_status": "weekday_only_unverified",
    "is_official_holiday": null,
    "holiday_title": null,
    "holiday_source": "https://www.nepalstock.com/api/nots/holiday/list?year=2024",
    "official_holiday_fetch_error": "http_401",
    "override_status": "missing",
    "expected_market_session": true
  },
  "total_pages": 1,
  "total_records": 162,
  "row_count_collected": 162,
  "ledger_written": true,
  "ledger_skipped_reason": null
}
[RUN] RHPL 2024-05-30
{
  "symbol": "RHPL",
  "run_date": "2024-05-30",
  "raw_path": "C:\\Users\\ishwor\\Music\\own-organize\\own-market\\market-gist\\broker_flow_ledger\\raw_merolagani\\RHPL\\2024-05-30.json",
  "ledger_path": "C:\\Users\\ishwor\\Music\\own-organize\\own-market\\market-gist\\broker_flow_ledger\\RHPL\\2024-05-30.json",
  "market_day_context": {
    "run_date": "2024-05-30",
    "weekday_name": "Thursday",
    "is_nepal_trading_weekday": true,
    "holiday_validation_status": "weekday_only_unverified",
    "is_official_holiday": null,
    "holiday_title": null,
    "holiday_source": "https://www.nepalstock.com/api/nots/holiday/list?year=2024",
    "official_holiday_fetch_error": "http_401",
    "override_status": "missing",
    "expected_market_session": true
  },
  "total_pages": 1,
  "total_records": 162,
  "row_count_collected": 162,
  "ledger_written": true,
  "ledger_skipped_reason": null
}
[RUN] RHPL 2024-06-02
{
  "symbol": "RHPL",
  "run_date": "2024-06-02",
  "raw_path": "C:\\Users\\ishwor\\Music\\own-organize\\own-market\\market-gist\\broker_flow_ledger\\raw_merolagani\\RHPL\\2024-06-02.json",
  "ledger_path": "C:\\Users\\ishwor\\Music\\own-organize\\own-market\\market-gist\\broker_flow_ledger\\RHPL\\2024-06-02.json",
  "market_day_context": {
    "run_date": "2024-06-02",
    "weekday_name": "Sunday",
    "is_nepal_trading_weekday": true,
    "holiday_validation_status": "weekday_only_unverified",
    "is_official_holiday": null,
    "holiday_title": null,
    "holiday_source": "https://www.nepalstock.com/api/nots/holiday/list?year=2024",
    "official_holiday_fetch_error": "http_401",
    "override_status": "missing",
    "expected_market_session": true
  },
  "total_pages": 1,
  "total_records": 119,
  "row_count_collected": 119,
  "ledger_written": true,
  "ledger_skipped_reason": null
}
[RUN] RHPL 2024-06-03
{
  "symbol": "RHPL",
  "run_date": "2024-06-03",
  "raw_path": "C:\\Users\\ishwor\\Music\\own-organize\\own-market\\market-gist\\broker_flow_ledger\\raw_merolagani\\RHPL\\2024-06-03.json",
  "ledger_path": "C:\\Users\\ishwor\\Music\\own-organize\\own-market\\market-gist\\broker_flow_ledger\\RHPL\\2024-06-03.json",
  "market_day_context": {
    "run_date": "2024-06-03",
    "weekday_name": "Monday",
    "is_nepal_trading_weekday": true,
    "holiday_validation_status": "weekday_only_unverified",
    "is_official_holiday": null,
    "holiday_title": null,
    "holiday_source": "https://www.nepalstock.com/api/nots/holiday/list?year=2024",
    "official_holiday_fetch_error": "http_401",
    "override_status": "missing",
    "expected_market_session": true
  },
  "total_pages": 1,
  "total_records": 222,
  "row_count_collected": 222,
  "ledger_written": true,
  "ledger_skipped_reason": null
}
[RUN] RHPL 2024-06-04
{
  "symbol": "RHPL",
  "run_date": "2024-06-04",
  "raw_path": "C:\\Users\\ishwor\\Music\\own-organize\\own-market\\market-gist\\broker_flow_ledger\\raw_merolagani\\RHPL\\2024-06-04.json",
  "ledger_path": "C:\\Users\\ishwor\\Music\\own-organize\\own-market\\market-gist\\broker_flow_ledger\\RHPL\\2024-06-04.json",
  "market_day_context": {
    "run_date": "2024-06-04",
    "weekday_name": "Tuesday",
    "is_nepal_trading_weekday": true,
    "holiday_validation_status": "weekday_only_unverified",
    "is_official_holiday": null,
    "holiday_title": null,
    "holiday_source": "https://www.nepalstock.com/api/nots/holiday/list?year=2024",
    "official_holiday_fetch_error": "http_401",
    "override_status": "missing",
    "expected_market_session": true
  },
  "total_pages": 1,
  "total_records": 140,
  "row_count_collected": 140,
  "ledger_written": true,
  "ledger_skipped_reason": null
}
[RUN] RHPL 2024-06-05
{
  "symbol": "RHPL",
  "run_date": "2024-06-05",
  "raw_path": "C:\\Users\\ishwor\\Music\\own-organize\\own-market\\market-gist\\broker_flow_ledger\\raw_merolagani\\RHPL\\2024-06-05.json",
  "ledger_path": "C:\\Users\\ishwor\\Music\\own-organize\\own-market\\market-gist\\broker_flow_ledger\\RHPL\\2024-06-05.json",
  "market_day_context": {
    "run_date": "2024-06-05",
    "weekday_name": "Wednesday",
    "is_nepal_trading_weekday": true,
    "holiday_validation_status": "weekday_only_unverified",
    "is_official_holiday": null,
    "holiday_title": null,
    "holiday_source": "https://www.nepalstock.com/api/nots/holiday/list?year=2024",
    "official_holiday_fetch_error": "http_401",
    "override_status": "missing",
    "expected_market_session": true
  },
  "total_pages": 1,
  "total_records": 113,
  "row_count_collected": 113,
  "ledger_written": true,
  "ledger_skipped_reason": null
}
[RUN] RHPL 2024-06-06
{
  "symbol": "RHPL",
  "run_date": "2024-06-06",
  "raw_path": "C:\\Users\\ishwor\\Music\\own-organize\\own-market\\market-gist\\broker_flow_ledger\\raw_merolagani\\RHPL\\2024-06-06.json",
  "ledger_path": "C:\\Users\\ishwor\\Music\\own-organize\\own-market\\market-gist\\broker_flow_ledger\\RHPL\\2024-06-06.json",
  "market_day_context": {
    "run_date": "2024-06-06",
    "weekday_name": "Thursday",
    "is_nepal_trading_weekday": true,
    "holiday_validation_status": "weekday_only_unverified",
    "is_official_holiday": null,
    "holiday_title": null,
    "holiday_source": "https://www.nepalstock.com/api/nots/holiday/list?year=2024",
    "official_holiday_fetch_error": "http_401",
    "override_status": "missing",
    "expected_market_session": true
  },
  "total_pages": 1,
  "total_records": 115,
  "row_count_collected": 115,
  "ledger_written": true,
  "ledger_skipped_reason": null
}
[RUN] RHPL 2024-06-09
{
  "symbol": "RHPL",
  "run_date": "2024-06-09",
  "raw_path": "C:\\Users\\ishwor\\Music\\own-organize\\own-market\\market-gist\\broker_flow_ledger\\raw_merolagani\\RHPL\\2024-06-09.json",
  "ledger_path": "C:\\Users\\ishwor\\Music\\own-organize\\own-market\\market-gist\\broker_flow_ledger\\RHPL\\2024-06-09.json",
  "market_day_context": {
    "run_date": "2024-06-09",
    "weekday_name": "Sunday",
    "is_nepal_trading_weekday": true,
    "holiday_validation_status": "weekday_only_unverified",
    "is_official_holiday": null,
    "holiday_title": null,
    "holiday_source": "https://www.nepalstock.com/api/nots/holiday/list?year=2024",
    "official_holiday_fetch_error": "http_401",
    "override_status": "missing",
    "expected_market_session": true
  },
  "total_pages": 1,
  "total_records": 155,
  "row_count_collected": 155,
  "ledger_written": true,
  "ledger_skipped_reason": null
}
[RUN] RHPL 2024-06-10
{
  "symbol": "RHPL",
  "run_date": "2024-06-10",
  "raw_path": "C:\\Users\\ishwor\\Music\\own-organize\\own-market\\market-gist\\broker_flow_ledger\\raw_merolagani\\RHPL\\2024-06-10.json",
  "ledger_path": "C:\\Users\\ishwor\\Music\\own-organize\\own-market\\market-gist\\broker_flow_ledger\\RHPL\\2024-06-10.json",
  "market_day_context": {
    "run_date": "2024-06-10",
    "weekday_name": "Monday",
    "is_nepal_trading_weekday": true,
    "holiday_validation_status": "weekday_only_unverified",
    "is_official_holiday": null,
    "holiday_title": null,
    "holiday_source": "https://www.nepalstock.com/api/nots/holiday/list?year=2024",
    "official_holiday_fetch_error": "http_401",
    "override_status": "missing",
    "expected_market_session": true
  },
  "total_pages": 1,
  "total_records": 132,
  "row_count_collected": 132,
  "ledger_written": true,
  "ledger_skipped_reason": null
}
[RUN] RHPL 2024-06-11
{
  "symbol": "RHPL",
  "run_date": "2024-06-11",
  "raw_path": "C:\\Users\\ishwor\\Music\\own-organize\\own-market\\market-gist\\broker_flow_ledger\\raw_merolagani\\RHPL\\2024-06-11.json",
  "ledger_path": "C:\\Users\\ishwor\\Music\\own-organize\\own-market\\market-gist\\broker_flow_ledger\\RHPL\\2024-06-11.json",
  "market_day_context": {
    "run_date": "2024-06-11",
    "weekday_name": "Tuesday",
    "is_nepal_trading_weekday": true,
    "holiday_validation_status": "weekday_only_unverified",
    "is_official_holiday": null,
    "holiday_title": null,
    "holiday_source": "https://www.nepalstock.com/api/nots/holiday/list?year=2024",
    "official_holiday_fetch_error": "http_401",
    "override_status": "missing",
    "expected_market_session": true
  },
  "total_pages": 1,
  "total_records": 277,
  "row_count_collected": 277,
  "ledger_written": true,
  "ledger_skipped_reason": null
}
[RUN] RHPL 2024-06-12
{
  "symbol": "RHPL",
  "run_date": "2024-06-12",
  "raw_path": "C:\\Users\\ishwor\\Music\\own-organize\\own-market\\market-gist\\broker_flow_ledger\\raw_merolagani\\RHPL\\2024-06-12.json",
  "ledger_path": "C:\\Users\\ishwor\\Music\\own-organize\\own-market\\market-gist\\broker_flow_ledger\\RHPL\\2024-06-12.json",
  "market_day_context": {
    "run_date": "2024-06-12",
    "weekday_name": "Wednesday",
    "is_nepal_trading_weekday": true,
    "holiday_validation_status": "weekday_only_unverified",
    "is_official_holiday": null,
    "holiday_title": null,
    "holiday_source": "https://www.nepalstock.com/api/nots/holiday/list?year=2024",
    "official_holiday_fetch_error": "http_401",
    "override_status": "missing",
    "expected_market_session": true
  },
  "total_pages": 1,
  "total_records": 169,
  "row_count_collected": 169,
  "ledger_written": true,
  "ledger_skipped_reason": null
}
[RUN] RHPL 2024-06-13
{
  "symbol": "RHPL",
  "run_date": "2024-06-13",
  "raw_path": "C:\\Users\\ishwor\\Music\\own-organize\\own-market\\market-gist\\broker_flow_ledger\\raw_merolagani\\RHPL\\2024-06-13.json",
  "ledger_path": "C:\\Users\\ishwor\\Music\\own-organize\\own-market\\market-gist\\broker_flow_ledger\\RHPL\\2024-06-13.json",
  "market_day_context": {
    "run_date": "2024-06-13",
    "weekday_name": "Thursday",
    "is_nepal_trading_weekday": true,
    "holiday_validation_status": "weekday_only_unverified",
    "is_official_holiday": null,
    "holiday_title": null,
    "holiday_source": "https://www.nepalstock.com/api/nots/holiday/list?year=2024",
    "official_holiday_fetch_error": "http_401",
    "override_status": "missing",
    "expected_market_session": true
  },
  "total_pages": 1,
  "total_records": 160,
  "row_count_collected": 160,
  "ledger_written": true,
  "ledger_skipped_reason": null
}
[RUN] RHPL 2024-06-16
{
  "symbol": "RHPL",
  "run_date": "2024-06-16",
  "raw_path": "C:\\Users\\ishwor\\Music\\own-organize\\own-market\\market-gist\\broker_flow_ledger\\raw_merolagani\\RHPL\\2024-06-16.json",
  "ledger_path": "C:\\Users\\ishwor\\Music\\own-organize\\own-market\\market-gist\\broker_flow_ledger\\RHPL\\2024-06-16.json",
  "market_day_context": {
    "run_date": "2024-06-16",
    "weekday_name": "Sunday",
    "is_nepal_trading_weekday": true,
    "holiday_validation_status": "weekday_only_unverified",
    "is_official_holiday": null,
    "holiday_title": null,
    "holiday_source": "https://www.nepalstock.com/api/nots/holiday/list?year=2024",
    "official_holiday_fetch_error": "http_401",
    "override_status": "missing",
    "expected_market_session": true
  },
  "total_pages": 1,
  "total_records": 176,
  "row_count_collected": 176,
  "ledger_written": true,
  "ledger_skipped_reason": null
}
[RUN] RHPL 2024-06-17
{
  "symbol": "RHPL",
  "run_date": "2024-06-17",
  "raw_path": "C:\\Users\\ishwor\\Music\\own-organize\\own-market\\market-gist\\broker_flow_ledger\\raw_merolagani\\RHPL\\2024-06-17.json",
  "ledger_path": "C:\\Users\\ishwor\\Music\\own-organize\\own-market\\market-gist\\broker_flow_ledger\\RHPL\\2024-06-17.json",
  "market_day_context": {
    "run_date": "2024-06-17",
    "weekday_name": "Monday",
    "is_nepal_trading_weekday": true,
    "holiday_validation_status": "weekday_only_unverified",
    "is_official_holiday": null,
    "holiday_title": null,
    "holiday_source": "https://www.nepalstock.com/api/nots/holiday/list?year=2024",
    "official_holiday_fetch_error": "http_401",
    "override_status": "missing",
    "expected_market_session": true
  },
  "total_pages": 0,
  "total_records": null,
  "row_count_collected": 0,
  "ledger_written": false,
  "ledger_skipped_reason": "empty_weekday_unverified"
}
[RUN] RHPL 2024-06-18
{
  "symbol": "RHPL",
  "run_date": "2024-06-18",
  "raw_path": "C:\\Users\\ishwor\\Music\\own-organize\\own-market\\market-gist\\broker_flow_ledger\\raw_merolagani\\RHPL\\2024-06-18.json",
  "ledger_path": "C:\\Users\\ishwor\\Music\\own-organize\\own-market\\market-gist\\broker_flow_ledger\\RHPL\\2024-06-18.json",
  "market_day_context": {
    "run_date": "2024-06-18",
    "weekday_name": "Tuesday",
    "is_nepal_trading_weekday": true,
    "holiday_validation_status": "weekday_only_unverified",
    "is_official_holiday": null,
    "holiday_title": null,
    "holiday_source": "https://www.nepalstock.com/api/nots/holiday/list?year=2024",
    "official_holiday_fetch_error": "http_401",
    "override_status": "missing",
    "expected_market_session": true
  },
  "total_pages": 1,
  "total_records": 128,
  "row_count_collected": 128,
  "ledger_written": true,
  "ledger_skipped_reason": null
}
[RUN] RHPL 2024-06-19
{
  "symbol": "RHPL",
  "run_date": "2024-06-19",
  "raw_path": "C:\\Users\\ishwor\\Music\\own-organize\\own-market\\market-gist\\broker_flow_ledger\\raw_merolagani\\RHPL\\2024-06-19.json",
  "ledger_path": "C:\\Users\\ishwor\\Music\\own-organize\\own-market\\market-gist\\broker_flow_ledger\\RHPL\\2024-06-19.json",
  "market_day_context": {
    "run_date": "2024-06-19",
    "weekday_name": "Wednesday",
    "is_nepal_trading_weekday": true,
    "holiday_validation_status": "weekday_only_unverified",
    "is_official_holiday": null,
    "holiday_title": null,
    "holiday_source": "https://www.nepalstock.com/api/nots/holiday/list?year=2024",
    "official_holiday_fetch_error": "http_401",
    "override_status": "missing",
    "expected_market_session": true
  },
  "total_pages": 1,
  "total_records": 100,
  "row_count_collected": 100,
  "ledger_written": true,
  "ledger_skipped_reason": null
}
[RUN] RHPL 2024-06-20
{
  "symbol": "RHPL",
  "run_date": "2024-06-20",
  "raw_path": "C:\\Users\\ishwor\\Music\\own-organize\\own-market\\market-gist\\broker_flow_ledger\\raw_merolagani\\RHPL\\2024-06-20.json",
  "ledger_path": "C:\\Users\\ishwor\\Music\\own-organize\\own-market\\market-gist\\broker_flow_ledger\\RHPL\\2024-06-20.json",
  "market_day_context": {
    "run_date": "2024-06-20",
    "weekday_name": "Thursday",
    "is_nepal_trading_weekday": true,
    "holiday_validation_status": "weekday_only_unverified",
    "is_official_holiday": null,
    "holiday_title": null,
    "holiday_source": "https://www.nepalstock.com/api/nots/holiday/list?year=2024",
    "official_holiday_fetch_error": "http_401",
    "override_status": "missing",
    "expected_market_session": true
  },
  "total_pages": 1,
  "total_records": 110,
  "row_count_collected": 110,
  "ledger_written": true,
  "ledger_skipped_reason": null
}
[RUN] RHPL 2024-06-23
{
  "symbol": "RHPL",
  "run_date": "2024-06-23",
  "raw_path": "C:\\Users\\ishwor\\Music\\own-organize\\own-market\\market-gist\\broker_flow_ledger\\raw_merolagani\\RHPL\\2024-06-23.json",
  "ledger_path": "C:\\Users\\ishwor\\Music\\own-organize\\own-market\\market-gist\\broker_flow_ledger\\RHPL\\2024-06-23.json",
  "market_day_context": {
    "run_date": "2024-06-23",
    "weekday_name": "Sunday",
    "is_nepal_trading_weekday": true,
    "holiday_validation_status": "weekday_only_unverified",
    "is_official_holiday": null,
    "holiday_title": null,
    "holiday_source": "https://www.nepalstock.com/api/nots/holiday/list?year=2024",
    "official_holiday_fetch_error": "http_401",
    "override_status": "missing",
    "expected_market_session": true
  },
  "total_pages": 1,
  "total_records": 105,
  "row_count_collected": 105,
  "ledger_written": true,
  "ledger_skipped_reason": null
}
[RUN] RHPL 2024-06-24
{
  "symbol": "RHPL",
  "run_date": "2024-06-24",
  "raw_path": "C:\\Users\\ishwor\\Music\\own-organize\\own-market\\market-gist\\broker_flow_ledger\\raw_merolagani\\RHPL\\2024-06-24.json",
  "ledger_path": "C:\\Users\\ishwor\\Music\\own-organize\\own-market\\market-gist\\broker_flow_ledger\\RHPL\\2024-06-24.json",
  "market_day_context": {
    "run_date": "2024-06-24",
    "weekday_name": "Monday",
    "is_nepal_trading_weekday": true,
    "holiday_validation_status": "weekday_only_unverified",
    "is_official_holiday": null,
    "holiday_title": null,
    "holiday_source": "https://www.nepalstock.com/api/nots/holiday/list?year=2024",
    "official_holiday_fetch_error": "http_401",
    "override_status": "missing",
    "expected_market_session": true
  },
  "total_pages": 1,
  "total_records": 118,
  "row_count_collected": 118,
  "ledger_written": true,
  "ledger_skipped_reason": null
}
[RUN] RHPL 2024-06-25
{
  "symbol": "RHPL",
  "run_date": "2024-06-25",
  "raw_path": "C:\\Users\\ishwor\\Music\\own-organize\\own-market\\market-gist\\broker_flow_ledger\\raw_merolagani\\RHPL\\2024-06-25.json",
  "ledger_path": "C:\\Users\\ishwor\\Music\\own-organize\\own-market\\market-gist\\broker_flow_ledger\\RHPL\\2024-06-25.json",
  "market_day_context": {
    "run_date": "2024-06-25",
    "weekday_name": "Tuesday",
    "is_nepal_trading_weekday": true,
    "holiday_validation_status": "weekday_only_unverified",
    "is_official_holiday": null,
    "holiday_title": null,
    "holiday_source": "https://www.nepalstock.com/api/nots/holiday/list?year=2024",
    "official_holiday_fetch_error": "http_401",
    "override_status": "missing",
    "expected_market_session": true
  },
  "total_pages": 1,
  "total_records": 141,
  "row_count_collected": 141,
  "ledger_written": true,
  "ledger_skipped_reason": null
}
[RUN] RHPL 2024-06-26
{
  "symbol": "RHPL",
  "run_date": "2024-06-26",
  "raw_path": "C:\\Users\\ishwor\\Music\\own-organize\\own-market\\market-gist\\broker_flow_ledger\\raw_merolagani\\RHPL\\2024-06-26.json",
  "ledger_path": "C:\\Users\\ishwor\\Music\\own-organize\\own-market\\market-gist\\broker_flow_ledger\\RHPL\\2024-06-26.json",
  "market_day_context": {
    "run_date": "2024-06-26",
    "weekday_name": "Wednesday",
    "is_nepal_trading_weekday": true,
    "holiday_validation_status": "weekday_only_unverified",
    "is_official_holiday": null,
    "holiday_title": null,
    "holiday_source": "https://www.nepalstock.com/api/nots/holiday/list?year=2024",
    "official_holiday_fetch_error": "http_401",
    "override_status": "missing",
    "expected_market_session": true
  },
  "total_pages": 1,
  "total_records": 84,
  "row_count_collected": 84,
  "ledger_written": true,
  "ledger_skipped_reason": null
}
[RUN] RHPL 2024-06-27
{
  "symbol": "RHPL",
  "run_date": "2024-06-27",
  "raw_path": "C:\\Users\\ishwor\\Music\\own-organize\\own-market\\market-gist\\broker_flow_ledger\\raw_merolagani\\RHPL\\2024-06-27.json",
  "ledger_path": "C:\\Users\\ishwor\\Music\\own-organize\\own-market\\market-gist\\broker_flow_ledger\\RHPL\\2024-06-27.json",
  "market_day_context": {
    "run_date": "2024-06-27",
    "weekday_name": "Thursday",
    "is_nepal_trading_weekday": true,
    "holiday_validation_status": "weekday_only_unverified",
    "is_official_holiday": null,
    "holiday_title": null,
    "holiday_source": "https://www.nepalstock.com/api/nots/holiday/list?year=2024",
    "official_holiday_fetch_error": "http_401",
    "override_status": "missing",
    "expected_market_session": true
  },
  "total_pages": 1,
  "total_records": 104,
  "row_count_collected": 104,
  "ledger_written": true,
  "ledger_skipped_reason": null
}
[RUN] RHPL 2024-06-30
{
  "symbol": "RHPL",
  "run_date": "2024-06-30",
  "raw_path": "C:\\Users\\ishwor\\Music\\own-organize\\own-market\\market-gist\\broker_flow_ledger\\raw_merolagani\\RHPL\\2024-06-30.json",
  "ledger_path": "C:\\Users\\ishwor\\Music\\own-organize\\own-market\\market-gist\\broker_flow_ledger\\RHPL\\2024-06-30.json",
  "market_day_context": {
    "run_date": "2024-06-30",
    "weekday_name": "Sunday",
    "is_nepal_trading_weekday": true,
    "holiday_validation_status": "weekday_only_unverified",
    "is_official_holiday": null,
    "holiday_title": null,
    "holiday_source": "https://www.nepalstock.com/api/nots/holiday/list?year=2024",
    "official_holiday_fetch_error": "http_401",
    "override_status": "missing",
    "expected_market_session": true
  },
  "total_pages": 1,
  "total_records": 100,
  "row_count_collected": 100,
  "ledger_written": true,
  "ledger_skipped_reason": null
}
[RUN] RHPL 2024-07-01
{
  "symbol": "RHPL",
  "run_date": "2024-07-01",
  "raw_path": "C:\\Users\\ishwor\\Music\\own-organize\\own-market\\market-gist\\broker_flow_ledger\\raw_merolagani\\RHPL\\2024-07-01.json",
  "ledger_path": "C:\\Users\\ishwor\\Music\\own-organize\\own-market\\market-gist\\broker_flow_ledger\\RHPL\\2024-07-01.json",
  "market_day_context": {
    "run_date": "2024-07-01",
    "weekday_name": "Monday",
    "is_nepal_trading_weekday": true,
    "holiday_validation_status": "weekday_only_unverified",
    "is_official_holiday": null,
    "holiday_title": null,
    "holiday_source": "https://www.nepalstock.com/api/nots/holiday/list?year=2024",
    "official_holiday_fetch_error": "http_401",
    "override_status": "missing",
    "expected_market_session": true
  },
  "total_pages": 1,
  "total_records": 93,
  "row_count_collected": 93,
  "ledger_written": true,
  "ledger_skipped_reason": null
}
[RUN] RHPL 2024-07-02
{
  "symbol": "RHPL",
  "run_date": "2024-07-02",
  "raw_path": "C:\\Users\\ishwor\\Music\\own-organize\\own-market\\market-gist\\broker_flow_ledger\\raw_merolagani\\RHPL\\2024-07-02.json",
  "ledger_path": "C:\\Users\\ishwor\\Music\\own-organize\\own-market\\market-gist\\broker_flow_ledger\\RHPL\\2024-07-02.json",
  "market_day_context": {
    "run_date": "2024-07-02",
    "weekday_name": "Tuesday",
    "is_nepal_trading_weekday": true,
    "holiday_validation_status": "weekday_only_unverified",
    "is_official_holiday": null,
    "holiday_title": null,
    "holiday_source": "https://www.nepalstock.com/api/nots/holiday/list?year=2024",
    "official_holiday_fetch_error": "http_401",
    "override_status": "missing",
    "expected_market_session": true
  },
  "total_pages": 1,
  "total_records": 108,
  "row_count_collected": 108,
  "ledger_written": true,
  "ledger_skipped_reason": null
}
[RUN] RHPL 2024-07-03
{
  "symbol": "RHPL",
  "run_date": "2024-07-03",
  "raw_path": "C:\\Users\\ishwor\\Music\\own-organize\\own-market\\market-gist\\broker_flow_ledger\\raw_merolagani\\RHPL\\2024-07-03.json",
  "ledger_path": "C:\\Users\\ishwor\\Music\\own-organize\\own-market\\market-gist\\broker_flow_ledger\\RHPL\\2024-07-03.json",
  "market_day_context": {
    "run_date": "2024-07-03",
    "weekday_name": "Wednesday",
    "is_nepal_trading_weekday": true,
    "holiday_validation_status": "weekday_only_unverified",
    "is_official_holiday": null,
    "holiday_title": null,
    "holiday_source": "https://www.nepalstock.com/api/nots/holiday/list?year=2024",
    "official_holiday_fetch_error": "http_401",
    "override_status": "missing",
    "expected_market_session": true
  },
  "total_pages": 1,
  "total_records": 82,
  "row_count_collected": 82,
  "ledger_written": true,
  "ledger_skipped_reason": null
}
[RUN] RHPL 2024-07-04
{
  "symbol": "RHPL",
  "run_date": "2024-07-04",
  "raw_path": "C:\\Users\\ishwor\\Music\\own-organize\\own-market\\market-gist\\broker_flow_ledger\\raw_merolagani\\RHPL\\2024-07-04.json",
  "ledger_path": "C:\\Users\\ishwor\\Music\\own-organize\\own-market\\market-gist\\broker_flow_ledger\\RHPL\\2024-07-04.json",
  "market_day_context": {
    "run_date": "2024-07-04",
    "weekday_name": "Thursday",
    "is_nepal_trading_weekday": true,
    "holiday_validation_status": "weekday_only_unverified",
    "is_official_holiday": null,
    "holiday_title": null,
    "holiday_source": "https://www.nepalstock.com/api/nots/holiday/list?year=2024",
    "official_holiday_fetch_error": "http_401",
    "override_status": "missing",
    "expected_market_session": true
  },
  "total_pages": 1,
  "total_records": 179,
  "row_count_collected": 179,
  "ledger_written": true,
  "ledger_skipped_reason": null
}
[RUN] RHPL 2024-07-07
{
  "symbol": "RHPL",
  "run_date": "2024-07-07",
  "raw_path": "C:\\Users\\ishwor\\Music\\own-organize\\own-market\\market-gist\\broker_flow_ledger\\raw_merolagani\\RHPL\\2024-07-07.json",
  "ledger_path": "C:\\Users\\ishwor\\Music\\own-organize\\own-market\\market-gist\\broker_flow_ledger\\RHPL\\2024-07-07.json",
  "market_day_context": {
    "run_date": "2024-07-07",
    "weekday_name": "Sunday",
    "is_nepal_trading_weekday": true,
    "holiday_validation_status": "weekday_only_unverified",
    "is_official_holiday": null,
    "holiday_title": null,
    "holiday_source": "https://www.nepalstock.com/api/nots/holiday/list?year=2024",
    "official_holiday_fetch_error": "http_401",
    "override_status": "missing",
    "expected_market_session": true
  },
  "total_pages": 1,
  "total_records": 125,
  "row_count_collected": 125,
  "ledger_written": true,
  "ledger_skipped_reason": null
}
[RUN] RHPL 2024-07-08
{
  "symbol": "RHPL",
  "run_date": "2024-07-08",
  "raw_path": "C:\\Users\\ishwor\\Music\\own-organize\\own-market\\market-gist\\broker_flow_ledger\\raw_merolagani\\RHPL\\2024-07-08.json",
  "ledger_path": "C:\\Users\\ishwor\\Music\\own-organize\\own-market\\market-gist\\broker_flow_ledger\\RHPL\\2024-07-08.json",
  "market_day_context": {
    "run_date": "2024-07-08",
    "weekday_name": "Monday",
    "is_nepal_trading_weekday": true,
    "holiday_validation_status": "weekday_only_unverified",
    "is_official_holiday": null,
    "holiday_title": null,
    "holiday_source": "https://www.nepalstock.com/api/nots/holiday/list?year=2024",
    "official_holiday_fetch_error": "http_401",
    "override_status": "missing",
    "expected_market_session": true
  },
  "total_pages": 1,
  "total_records": 155,
  "row_count_collected": 155,
  "ledger_written": true,
  "ledger_skipped_reason": null
}
[RUN] RHPL 2024-07-09
{
  "symbol": "RHPL",
  "run_date": "2024-07-09",
  "raw_path": "C:\\Users\\ishwor\\Music\\own-organize\\own-market\\market-gist\\broker_flow_ledger\\raw_merolagani\\RHPL\\2024-07-09.json",
  "ledger_path": "C:\\Users\\ishwor\\Music\\own-organize\\own-market\\market-gist\\broker_flow_ledger\\RHPL\\2024-07-09.json",
  "market_day_context": {
    "run_date": "2024-07-09",
    "weekday_name": "Tuesday",
    "is_nepal_trading_weekday": true,
    "holiday_validation_status": "weekday_only_unverified",
    "is_official_holiday": null,
    "holiday_title": null,
    "holiday_source": "https://www.nepalstock.com/api/nots/holiday/list?year=2024",
    "official_holiday_fetch_error": "http_401",
    "override_status": "missing",
    "expected_market_session": true
  },
  "total_pages": 1,
  "total_records": 148,
  "row_count_collected": 148,
  "ledger_written": true,
  "ledger_skipped_reason": null
}
[RUN] RHPL 2024-07-10
{
  "symbol": "RHPL",
  "run_date": "2024-07-10",
  "raw_path": "C:\\Users\\ishwor\\Music\\own-organize\\own-market\\market-gist\\broker_flow_ledger\\raw_merolagani\\RHPL\\2024-07-10.json",
  "ledger_path": "C:\\Users\\ishwor\\Music\\own-organize\\own-market\\market-gist\\broker_flow_ledger\\RHPL\\2024-07-10.json",
  "market_day_context": {
    "run_date": "2024-07-10",
    "weekday_name": "Wednesday",
    "is_nepal_trading_weekday": true,
    "holiday_validation_status": "weekday_only_unverified",
    "is_official_holiday": null,
    "holiday_title": null,
    "holiday_source": "https://www.nepalstock.com/api/nots/holiday/list?year=2024",
    "official_holiday_fetch_error": "http_401",
    "override_status": "missing",
    "expected_market_session": true
  },
  "total_pages": 1,
  "total_records": 137,
  "row_count_collected": 137,
  "ledger_written": true,
  "ledger_skipped_reason": null
}
[RUN] RHPL 2024-07-11
{
  "symbol": "RHPL",
  "run_date": "2024-07-11",
  "raw_path": "C:\\Users\\ishwor\\Music\\own-organize\\own-market\\market-gist\\broker_flow_ledger\\raw_merolagani\\RHPL\\2024-07-11.json",
  "ledger_path": "C:\\Users\\ishwor\\Music\\own-organize\\own-market\\market-gist\\broker_flow_ledger\\RHPL\\2024-07-11.json",
  "market_day_context": {
    "run_date": "2024-07-11",
    "weekday_name": "Thursday",
    "is_nepal_trading_weekday": true,
    "holiday_validation_status": "weekday_only_unverified",
    "is_official_holiday": null,
    "holiday_title": null,
    "holiday_source": "https://www.nepalstock.com/api/nots/holiday/list?year=2024",
    "official_holiday_fetch_error": "http_401",
    "override_status": "missing",
    "expected_market_session": true
  },
  "total_pages": 1,
  "total_records": 250,
  "row_count_collected": 250,
  "ledger_written": true,
  "ledger_skipped_reason": null
}
[RUN] RHPL 2024-07-14
{
  "symbol": "RHPL",
  "run_date": "2024-07-14",
  "raw_path": "C:\\Users\\ishwor\\Music\\own-organize\\own-market\\market-gist\\broker_flow_ledger\\raw_merolagani\\RHPL\\2024-07-14.json",
  "ledger_path": "C:\\Users\\ishwor\\Music\\own-organize\\own-market\\market-gist\\broker_flow_ledger\\RHPL\\2024-07-14.json",
  "market_day_context": {
    "run_date": "2024-07-14",
    "weekday_name": "Sunday",
    "is_nepal_trading_weekday": true,
    "holiday_validation_status": "weekday_only_unverified",
    "is_official_holiday": null,
    "holiday_title": null,
    "holiday_source": "https://www.nepalstock.com/api/nots/holiday/list?year=2024",
    "official_holiday_fetch_error": "http_401",
    "override_status": "missing",
    "expected_market_session": true
  },
  "total_pages": 1,
  "total_records": 253,
  "row_count_collected": 253,
  "ledger_written": true,
  "ledger_skipped_reason": null
}
[RUN] RHPL 2024-07-15
{
  "symbol": "RHPL",
  "run_date": "2024-07-15",
  "raw_path": "C:\\Users\\ishwor\\Music\\own-organize\\own-market\\market-gist\\broker_flow_ledger\\raw_merolagani\\RHPL\\2024-07-15.json",
  "ledger_path": "C:\\Users\\ishwor\\Music\\own-organize\\own-market\\market-gist\\broker_flow_ledger\\RHPL\\2024-07-15.json",
  "market_day_context": {
    "run_date": "2024-07-15",
    "weekday_name": "Monday",
    "is_nepal_trading_weekday": true,
    "holiday_validation_status": "weekday_only_unverified",
    "is_official_holiday": null,
    "holiday_title": null,
    "holiday_source": "https://www.nepalstock.com/api/nots/holiday/list?year=2024",
    "official_holiday_fetch_error": "http_401",
    "override_status": "missing",
    "expected_market_session": true
  },
  "total_pages": 2,
  "total_records": 512,
  "row_count_collected": 512,
  "ledger_written": true,
  "ledger_skipped_reason": null
}
[RUN] RHPL 2024-07-16
{
  "symbol": "RHPL",
  "run_date": "2024-07-16",
  "raw_path": "C:\\Users\\ishwor\\Music\\own-organize\\own-market\\market-gist\\broker_flow_ledger\\raw_merolagani\\RHPL\\2024-07-16.json",
  "ledger_path": "C:\\Users\\ishwor\\Music\\own-organize\\own-market\\market-gist\\broker_flow_ledger\\RHPL\\2024-07-16.json",
  "market_day_context": {
    "run_date": "2024-07-16",
    "weekday_name": "Tuesday",
    "is_nepal_trading_weekday": true,
    "holiday_validation_status": "weekday_only_unverified",
    "is_official_holiday": null,
    "holiday_title": null,
    "holiday_source": "https://www.nepalstock.com/api/nots/holiday/list?year=2024",
    "official_holiday_fetch_error": "http_401",
    "override_status": "missing",
    "expected_market_session": true
  },
  "total_pages": 2,
  "total_records": 771,
  "row_count_collected": 771,
  "ledger_written": true,
  "ledger_skipped_reason": null
}
[RUN] RHPL 2024-07-17
{
  "symbol": "RHPL",
  "run_date": "2024-07-17",
  "raw_path": "C:\\Users\\ishwor\\Music\\own-organize\\own-market\\market-gist\\broker_flow_ledger\\raw_merolagani\\RHPL\\2024-07-17.json",
  "ledger_path": "C:\\Users\\ishwor\\Music\\own-organize\\own-market\\market-gist\\broker_flow_ledger\\RHPL\\2024-07-17.json",
  "market_day_context": {
    "run_date": "2024-07-17",
    "weekday_name": "Wednesday",
    "is_nepal_trading_weekday": true,
    "holiday_validation_status": "weekday_only_unverified",
    "is_official_holiday": null,
    "holiday_title": null,
    "holiday_source": "https://www.nepalstock.com/api/nots/holiday/list?year=2024",
    "official_holiday_fetch_error": "http_401",
    "override_status": "missing",
    "expected_market_session": true
  },
  "total_pages": 1,
  "total_records": 457,
  "row_count_collected": 457,
  "ledger_written": true,
  "ledger_skipped_reason": null
}
[RUN] RHPL 2024-07-18
{
  "symbol": "RHPL",
  "run_date": "2024-07-18",
  "raw_path": "C:\\Users\\ishwor\\Music\\own-organize\\own-market\\market-gist\\broker_flow_ledger\\raw_merolagani\\RHPL\\2024-07-18.json",
  "ledger_path": "C:\\Users\\ishwor\\Music\\own-organize\\own-market\\market-gist\\broker_flow_ledger\\RHPL\\2024-07-18.json",
  "market_day_context": {
    "run_date": "2024-07-18",
    "weekday_name": "Thursday",
    "is_nepal_trading_weekday": true,
    "holiday_validation_status": "weekday_only_unverified",
    "is_official_holiday": null,
    "holiday_title": null,
    "holiday_source": "https://www.nepalstock.com/api/nots/holiday/list?year=2024",
    "official_holiday_fetch_error": "http_401",
    "override_status": "missing",
    "expected_market_session": true
  },
  "total_pages": 1,
  "total_records": 494,
  "row_count_collected": 494,
  "ledger_written": true,
  "ledger_skipped_reason": null
}
[RUN] RHPL 2024-07-21
{
  "symbol": "RHPL",
  "run_date": "2024-07-21",
  "raw_path": "C:\\Users\\ishwor\\Music\\own-organize\\own-market\\market-gist\\broker_flow_ledger\\raw_merolagani\\RHPL\\2024-07-21.json",
  "ledger_path": "C:\\Users\\ishwor\\Music\\own-organize\\own-market\\market-gist\\broker_flow_ledger\\RHPL\\2024-07-21.json",
  "market_day_context": {
    "run_date": "2024-07-21",
    "weekday_name": "Sunday",
    "is_nepal_trading_weekday": true,
    "holiday_validation_status": "weekday_only_unverified",
    "is_official_holiday": null,
    "holiday_title": null,
    "holiday_source": "https://www.nepalstock.com/api/nots/holiday/list?year=2024",
    "official_holiday_fetch_error": "http_401",
    "override_status": "missing",
    "expected_market_session": true
  },
  "total_pages": 2,
  "total_records": 946,
  "row_count_collected": 946,
  "ledger_written": true,
  "ledger_skipped_reason": null
}
[RUN] RHPL 2024-07-22
{
  "symbol": "RHPL",
  "run_date": "2024-07-22",
  "raw_path": "C:\\Users\\ishwor\\Music\\own-organize\\own-market\\market-gist\\broker_flow_ledger\\raw_merolagani\\RHPL\\2024-07-22.json",
  "ledger_path": "C:\\Users\\ishwor\\Music\\own-organize\\own-market\\market-gist\\broker_flow_ledger\\RHPL\\2024-07-22.json",
  "market_day_context": {
    "run_date": "2024-07-22",
    "weekday_name": "Monday",
    "is_nepal_trading_weekday": true,
    "holiday_validation_status": "weekday_only_unverified",
    "is_official_holiday": null,
    "holiday_title": null,
    "holiday_source": "https://www.nepalstock.com/api/nots/holiday/list?year=2024",
    "official_holiday_fetch_error": "http_401",
    "override_status": "missing",
    "expected_market_session": true
  },
  "total_pages": 3,
  "total_records": 1139,
  "row_count_collected": 1139,
  "ledger_written": true,
  "ledger_skipped_reason": null
}
[RUN] RHPL 2024-07-23
{
  "symbol": "RHPL",
  "run_date": "2024-07-23",
  "raw_path": "C:\\Users\\ishwor\\Music\\own-organize\\own-market\\market-gist\\broker_flow_ledger\\raw_merolagani\\RHPL\\2024-07-23.json",
  "ledger_path": "C:\\Users\\ishwor\\Music\\own-organize\\own-market\\market-gist\\broker_flow_ledger\\RHPL\\2024-07-23.json",
  "market_day_context": {
    "run_date": "2024-07-23",
    "weekday_name": "Tuesday",
    "is_nepal_trading_weekday": true,
    "holiday_validation_status": "weekday_only_unverified",
    "is_official_holiday": null,
    "holiday_title": null,
    "holiday_source": "https://www.nepalstock.com/api/nots/holiday/list?year=2024",
    "official_holiday_fetch_error": "http_401",
    "override_status": "missing",
    "expected_market_session": true
  },
  "total_pages": 3,
  "total_records": 1105,
  "row_count_collected": 1105,
  "ledger_written": true,
  "ledger_skipped_reason": null
}
[RUN] RHPL 2024-07-24
{
  "symbol": "RHPL",
  "run_date": "2024-07-24",
  "raw_path": "C:\\Users\\ishwor\\Music\\own-organize\\own-market\\market-gist\\broker_flow_ledger\\raw_merolagani\\RHPL\\2024-07-24.json",
  "ledger_path": "C:\\Users\\ishwor\\Music\\own-organize\\own-market\\market-gist\\broker_flow_ledger\\RHPL\\2024-07-24.json",
  "market_day_context": {
    "run_date": "2024-07-24",
    "weekday_name": "Wednesday",
    "is_nepal_trading_weekday": true,
    "holiday_validation_status": "weekday_only_unverified",
    "is_official_holiday": null,
    "holiday_title": null,
    "holiday_source": "https://www.nepalstock.com/api/nots/holiday/list?year=2024",
    "official_holiday_fetch_error": "http_401",
    "override_status": "missing",
    "expected_market_session": true
  },
  "total_pages": 3,
  "total_records": 1251,
  "row_count_collected": 1251,
  "ledger_written": true,
  "ledger_skipped_reason": null
}
[RUN] RHPL 2024-07-25
{
  "symbol": "RHPL",
  "run_date": "2024-07-25",
  "raw_path": "C:\\Users\\ishwor\\Music\\own-organize\\own-market\\market-gist\\broker_flow_ledger\\raw_merolagani\\RHPL\\2024-07-25.json",
  "ledger_path": "C:\\Users\\ishwor\\Music\\own-organize\\own-market\\market-gist\\broker_flow_ledger\\RHPL\\2024-07-25.json",
  "market_day_context": {
    "run_date": "2024-07-25",
    "weekday_name": "Thursday",
    "is_nepal_trading_weekday": true,
    "holiday_validation_status": "weekday_only_unverified",
    "is_official_holiday": null,
    "holiday_title": null,
    "holiday_source": "https://www.nepalstock.com/api/nots/holiday/list?year=2024",
    "official_holiday_fetch_error": "http_401",
    "override_status": "missing",
    "expected_market_session": true
  },
  "total_pages": 2,
  "total_records": 855,
  "row_count_collected": 855,
  "ledger_written": true,
  "ledger_skipped_reason": null
}
[RUN] RHPL 2024-07-28
{
  "symbol": "RHPL",
  "run_date": "2024-07-28",
  "raw_path": "C:\\Users\\ishwor\\Music\\own-organize\\own-market\\market-gist\\broker_flow_ledger\\raw_merolagani\\RHPL\\2024-07-28.json",
  "ledger_path": "C:\\Users\\ishwor\\Music\\own-organize\\own-market\\market-gist\\broker_flow_ledger\\RHPL\\2024-07-28.json",
  "market_day_context": {
    "run_date": "2024-07-28",
    "weekday_name": "Sunday",
    "is_nepal_trading_weekday": true,
    "holiday_validation_status": "weekday_only_unverified",
    "is_official_holiday": null,
    "holiday_title": null,
    "holiday_source": "https://www.nepalstock.com/api/nots/holiday/list?year=2024",
    "official_holiday_fetch_error": "http_401",
    "override_status": "missing",
    "expected_market_session": true
  },
  "total_pages": 2,
  "total_records": 562,
  "row_count_collected": 562,
  "ledger_written": true,
  "ledger_skipped_reason": null
}
[RUN] RHPL 2024-07-29
{
  "symbol": "RHPL",
  "run_date": "2024-07-29",
  "raw_path": "C:\\Users\\ishwor\\Music\\own-organize\\own-market\\market-gist\\broker_flow_ledger\\raw_merolagani\\RHPL\\2024-07-29.json",
  "ledger_path": "C:\\Users\\ishwor\\Music\\own-organize\\own-market\\market-gist\\broker_flow_ledger\\RHPL\\2024-07-29.json",
  "market_day_context": {
    "run_date": "2024-07-29",
    "weekday_name": "Monday",
    "is_nepal_trading_weekday": true,
    "holiday_validation_status": "weekday_only_unverified",
    "is_official_holiday": null,
    "holiday_title": null,
    "holiday_source": "https://www.nepalstock.com/api/nots/holiday/list?year=2024",
    "official_holiday_fetch_error": "http_401",
    "override_status": "missing",
    "expected_market_session": true
  },
  "total_pages": 4,
  "total_records": 1797,
  "row_count_collected": 1797,
  "ledger_written": true,
  "ledger_skipped_reason": null
}
[RUN] RHPL 2024-07-30
{
  "symbol": "RHPL",
  "run_date": "2024-07-30",
  "raw_path": "C:\\Users\\ishwor\\Music\\own-organize\\own-market\\market-gist\\broker_flow_ledger\\raw_merolagani\\RHPL\\2024-07-30.json",
  "ledger_path": "C:\\Users\\ishwor\\Music\\own-organize\\own-market\\market-gist\\broker_flow_ledger\\RHPL\\2024-07-30.json",
  "market_day_context": {
    "run_date": "2024-07-30",
    "weekday_name": "Tuesday",
    "is_nepal_trading_weekday": true,
    "holiday_validation_status": "weekday_only_unverified",
    "is_official_holiday": null,
    "holiday_title": null,
    "holiday_source": "https://www.nepalstock.com/api/nots/holiday/list?year=2024",
    "official_holiday_fetch_error": "http_401",
    "override_status": "missing",
    "expected_market_session": true
  },
  "total_pages": 5,
  "total_records": 2218,
  "row_count_collected": 2218,
  "ledger_written": true,
  "ledger_skipped_reason": null
}
[RUN] RHPL 2024-07-31
{
  "symbol": "RHPL",
  "run_date": "2024-07-31",
  "raw_path": "C:\\Users\\ishwor\\Music\\own-organize\\own-market\\market-gist\\broker_flow_ledger\\raw_merolagani\\RHPL\\2024-07-31.json",
  "ledger_path": "C:\\Users\\ishwor\\Music\\own-organize\\own-market\\market-gist\\broker_flow_ledger\\RHPL\\2024-07-31.json",
  "market_day_context": {
    "run_date": "2024-07-31",
    "weekday_name": "Wednesday",
    "is_nepal_trading_weekday": true,
    "holiday_validation_status": "weekday_only_unverified",
    "is_official_holiday": null,
    "holiday_title": null,
    "holiday_source": "https://www.nepalstock.com/api/nots/holiday/list?year=2024",
    "official_holiday_fetch_error": "http_401",
    "override_status": "missing",
    "expected_market_session": true
  },
  "total_pages": 4,
  "total_records": 1743,
  "row_count_collected": 1743,
  "ledger_written": true,
  "ledger_skipped_reason": null
}
[RUN] RHPL 2024-08-01
{
  "symbol": "RHPL",
  "run_date": "2024-08-01",
  "raw_path": "C:\\Users\\ishwor\\Music\\own-organize\\own-market\\market-gist\\broker_flow_ledger\\raw_merolagani\\RHPL\\2024-08-01.json",
  "ledger_path": "C:\\Users\\ishwor\\Music\\own-organize\\own-market\\market-gist\\broker_flow_ledger\\RHPL\\2024-08-01.json",
  "market_day_context": {
    "run_date": "2024-08-01",
    "weekday_name": "Thursday",
    "is_nepal_trading_weekday": true,
    "holiday_validation_status": "weekday_only_unverified",
    "is_official_holiday": null,
    "holiday_title": null,
    "holiday_source": "https://www.nepalstock.com/api/nots/holiday/list?year=2024",
    "official_holiday_fetch_error": "http_401",
    "override_status": "missing",
    "expected_market_session": true
  },
  "total_pages": 4,
  "total_records": 1768,
  "row_count_collected": 1768,
  "ledger_written": true,
  "ledger_skipped_reason": null
}
[RUN] RHPL 2024-08-04
{
  "symbol": "RHPL",
  "run_date": "2024-08-04",
  "raw_path": "C:\\Users\\ishwor\\Music\\own-organize\\own-market\\market-gist\\broker_flow_ledger\\raw_merolagani\\RHPL\\2024-08-04.json",
  "ledger_path": "C:\\Users\\ishwor\\Music\\own-organize\\own-market\\market-gist\\broker_flow_ledger\\RHPL\\2024-08-04.json",
  "market_day_context": {
    "run_date": "2024-08-04",
    "weekday_name": "Sunday",
    "is_nepal_trading_weekday": true,
    "holiday_validation_status": "weekday_only_unverified",
    "is_official_holiday": null,
    "holiday_title": null,
    "holiday_source": "https://www.nepalstock.com/api/nots/holiday/list?year=2024",
    "official_holiday_fetch_error": "http_401",
    "override_status": "missing",
    "expected_market_session": true
  },
  "total_pages": 0,
  "total_records": null,
  "row_count_collected": 0,
  "ledger_written": false,
  "ledger_skipped_reason": "empty_weekday_unverified"
}
[RUN] RHPL 2024-08-05
{
  "symbol": "RHPL",
  "run_date": "2024-08-05",
  "raw_path": "C:\\Users\\ishwor\\Music\\own-organize\\own-market\\market-gist\\broker_flow_ledger\\raw_merolagani\\RHPL\\2024-08-05.json",
  "ledger_path": "C:\\Users\\ishwor\\Music\\own-organize\\own-market\\market-gist\\broker_flow_ledger\\RHPL\\2024-08-05.json",
  "market_day_context": {
    "run_date": "2024-08-05",
    "weekday_name": "Monday",
    "is_nepal_trading_weekday": true,
    "holiday_validation_status": "weekday_only_unverified",
    "is_official_holiday": null,
    "holiday_title": null,
    "holiday_source": "https://www.nepalstock.com/api/nots/holiday/list?year=2024",
    "official_holiday_fetch_error": "http_401",
    "override_status": "missing",
    "expected_market_session": true
  },
  "total_pages": 3,
  "total_records": 1362,
  "row_count_collected": 1362,
  "ledger_written": true,
  "ledger_skipped_reason": null
}
[RUN] RHPL 2024-08-06
{
  "symbol": "RHPL",
  "run_date": "2024-08-06",
  "raw_path": "C:\\Users\\ishwor\\Music\\own-organize\\own-market\\market-gist\\broker_flow_ledger\\raw_merolagani\\RHPL\\2024-08-06.json",
  "ledger_path": "C:\\Users\\ishwor\\Music\\own-organize\\own-market\\market-gist\\broker_flow_ledger\\RHPL\\2024-08-06.json",
  "market_day_context": {
    "run_date": "2024-08-06",
    "weekday_name": "Tuesday",
    "is_nepal_trading_weekday": true,
    "holiday_validation_status": "weekday_only_unverified",
    "is_official_holiday": null,
    "holiday_title": null,
    "holiday_source": "https://www.nepalstock.com/api/nots/holiday/list?year=2024",
    "official_holiday_fetch_error": "http_401",
    "override_status": "missing",
    "expected_market_session": true
  },
  "total_pages": 3,
  "total_records": 1073,
  "row_count_collected": 1073,
  "ledger_written": true,
  "ledger_skipped_reason": null
}
[RUN] RHPL 2024-08-07
{
  "symbol": "RHPL",
  "run_date": "2024-08-07",
  "raw_path": "C:\\Users\\ishwor\\Music\\own-organize\\own-market\\market-gist\\broker_flow_ledger\\raw_merolagani\\RHPL\\2024-08-07.json",
  "ledger_path": "C:\\Users\\ishwor\\Music\\own-organize\\own-market\\market-gist\\broker_flow_ledger\\RHPL\\2024-08-07.json",
  "market_day_context": {
    "run_date": "2024-08-07",
    "weekday_name": "Wednesday",
    "is_nepal_trading_weekday": true,
    "holiday_validation_status": "weekday_only_unverified",
    "is_official_holiday": null,
    "holiday_title": null,
    "holiday_source": "https://www.nepalstock.com/api/nots/holiday/list?year=2024",
    "official_holiday_fetch_error": "http_401",
    "override_status": "missing",
    "expected_market_session": true
  },
  "total_pages": 4,
  "total_records": 1605,
  "row_count_collected": 1605,
  "ledger_written": true,
  "ledger_skipped_reason": null
}
[RUN] RHPL 2024-08-08
{
  "symbol": "RHPL",
  "run_date": "2024-08-08",
  "raw_path": "C:\\Users\\ishwor\\Music\\own-organize\\own-market\\market-gist\\broker_flow_ledger\\raw_merolagani\\RHPL\\2024-08-08.json",
  "ledger_path": "C:\\Users\\ishwor\\Music\\own-organize\\own-market\\market-gist\\broker_flow_ledger\\RHPL\\2024-08-08.json",
  "market_day_context": {
    "run_date": "2024-08-08",
    "weekday_name": "Thursday",
    "is_nepal_trading_weekday": true,
    "holiday_validation_status": "weekday_only_unverified",
    "is_official_holiday": null,
    "holiday_title": null,
    "holiday_source": "https://www.nepalstock.com/api/nots/holiday/list?year=2024",
    "official_holiday_fetch_error": "http_401",
    "override_status": "missing",
    "expected_market_session": true
  },
  "total_pages": 5,
  "total_records": 2011,
  "row_count_collected": 2011,
  "ledger_written": true,
  "ledger_skipped_reason": null
}
[RUN] RHPL 2024-08-11
{
  "symbol": "RHPL",
  "run_date": "2024-08-11",
  "raw_path": "C:\\Users\\ishwor\\Music\\own-organize\\own-market\\market-gist\\broker_flow_ledger\\raw_merolagani\\RHPL\\2024-08-11.json",
  "ledger_path": "C:\\Users\\ishwor\\Music\\own-organize\\own-market\\market-gist\\broker_flow_ledger\\RHPL\\2024-08-11.json",
  "market_day_context": {
    "run_date": "2024-08-11",
    "weekday_name": "Sunday",
    "is_nepal_trading_weekday": true,
    "holiday_validation_status": "weekday_only_unverified",
    "is_official_holiday": null,
    "holiday_title": null,
    "holiday_source": "https://www.nepalstock.com/api/nots/holiday/list?year=2024",
    "official_holiday_fetch_error": "http_401",
    "override_status": "missing",
    "expected_market_session": true
  },
  "total_pages": 4,
  "total_records": 1993,
  "row_count_collected": 1993,
  "ledger_written": true,
  "ledger_skipped_reason": null
}
[RUN] RHPL 2024-08-12
{
  "symbol": "RHPL",
  "run_date": "2024-08-12",
  "raw_path": "C:\\Users\\ishwor\\Music\\own-organize\\own-market\\market-gist\\broker_flow_ledger\\raw_merolagani\\RHPL\\2024-08-12.json",
  "ledger_path": "C:\\Users\\ishwor\\Music\\own-organize\\own-market\\market-gist\\broker_flow_ledger\\RHPL\\2024-08-12.json",
  "market_day_context": {
    "run_date": "2024-08-12",
    "weekday_name": "Monday",
    "is_nepal_trading_weekday": true,
    "holiday_validation_status": "weekday_only_unverified",
    "is_official_holiday": null,
    "holiday_title": null,
    "holiday_source": "https://www.nepalstock.com/api/nots/holiday/list?year=2024",
    "official_holiday_fetch_error": "http_401",
    "override_status": "missing",
    "expected_market_session": true
  },
  "total_pages": 5,
  "total_records": 2142,
  "row_count_collected": 2142,
  "ledger_written": true,
  "ledger_skipped_reason": null
}
[RUN] RHPL 2024-08-13
{
  "symbol": "RHPL",
  "run_date": "2024-08-13",
  "raw_path": "C:\\Users\\ishwor\\Music\\own-organize\\own-market\\market-gist\\broker_flow_ledger\\raw_merolagani\\RHPL\\2024-08-13.json",
  "ledger_path": "C:\\Users\\ishwor\\Music\\own-organize\\own-market\\market-gist\\broker_flow_ledger\\RHPL\\2024-08-13.json",
  "market_day_context": {
    "run_date": "2024-08-13",
    "weekday_name": "Tuesday",
    "is_nepal_trading_weekday": true,
    "holiday_validation_status": "weekday_only_unverified",
    "is_official_holiday": null,
    "holiday_title": null,
    "holiday_source": "https://www.nepalstock.com/api/nots/holiday/list?year=2024",
    "official_holiday_fetch_error": "http_401",
    "override_status": "missing",
    "expected_market_session": true
  },
  "total_pages": 4,
  "total_records": 1993,
  "row_count_collected": 1993,
  "ledger_written": true,
  "ledger_skipped_reason": null
}
[RUN] RHPL 2024-08-14
{
  "symbol": "RHPL",
  "run_date": "2024-08-14",
  "raw_path": "C:\\Users\\ishwor\\Music\\own-organize\\own-market\\market-gist\\broker_flow_ledger\\raw_merolagani\\RHPL\\2024-08-14.json",
  "ledger_path": "C:\\Users\\ishwor\\Music\\own-organize\\own-market\\market-gist\\broker_flow_ledger\\RHPL\\2024-08-14.json",
  "market_day_context": {
    "run_date": "2024-08-14",
    "weekday_name": "Wednesday",
    "is_nepal_trading_weekday": true,
    "holiday_validation_status": "weekday_only_unverified",
    "is_official_holiday": null,
    "holiday_title": null,
    "holiday_source": "https://www.nepalstock.com/api/nots/holiday/list?year=2024",
    "official_holiday_fetch_error": "http_401",
    "override_status": "missing",
    "expected_market_session": true
  },
  "total_pages": 3,
  "total_records": 1437,
  "row_count_collected": 1437,
  "ledger_written": true,
  "ledger_skipped_reason": null
}
[RUN] RHPL 2024-08-15
{
  "symbol": "RHPL",
  "run_date": "2024-08-15",
  "raw_path": "C:\\Users\\ishwor\\Music\\own-organize\\own-market\\market-gist\\broker_flow_ledger\\raw_merolagani\\RHPL\\2024-08-15.json",
  "ledger_path": "C:\\Users\\ishwor\\Music\\own-organize\\own-market\\market-gist\\broker_flow_ledger\\RHPL\\2024-08-15.json",
  "market_day_context": {
    "run_date": "2024-08-15",
    "weekday_name": "Thursday",
    "is_nepal_trading_weekday": true,
    "holiday_validation_status": "weekday_only_unverified",
    "is_official_holiday": null,
    "holiday_title": null,
    "holiday_source": "https://www.nepalstock.com/api/nots/holiday/list?year=2024",
    "official_holiday_fetch_error": "http_401",
    "override_status": "missing",
    "expected_market_session": true
  },
  "total_pages": 4,
  "total_records": 1754,
  "row_count_collected": 1754,
  "ledger_written": true,
  "ledger_skipped_reason": null
}
[RUN] RHPL 2024-08-18
{
  "symbol": "RHPL",
  "run_date": "2024-08-18",
  "raw_path": "C:\\Users\\ishwor\\Music\\own-organize\\own-market\\market-gist\\broker_flow_ledger\\raw_merolagani\\RHPL\\2024-08-18.json",
  "ledger_path": "C:\\Users\\ishwor\\Music\\own-organize\\own-market\\market-gist\\broker_flow_ledger\\RHPL\\2024-08-18.json",
  "market_day_context": {
    "run_date": "2024-08-18",
    "weekday_name": "Sunday",
    "is_nepal_trading_weekday": true,
    "holiday_validation_status": "weekday_only_unverified",
    "is_official_holiday": null,
    "holiday_title": null,
    "holiday_source": "https://www.nepalstock.com/api/nots/holiday/list?year=2024",
    "official_holiday_fetch_error": "http_401",
    "override_status": "missing",
    "expected_market_session": true
  },
  "total_pages": 4,
  "total_records": 1587,
  "row_count_collected": 1587,
  "ledger_written": true,
  "ledger_skipped_reason": null
}
[RUN] RHPL 2024-08-19
{
  "symbol": "RHPL",
  "run_date": "2024-08-19",
  "raw_path": "C:\\Users\\ishwor\\Music\\own-organize\\own-market\\market-gist\\broker_flow_ledger\\raw_merolagani\\RHPL\\2024-08-19.json",
  "ledger_path": "C:\\Users\\ishwor\\Music\\own-organize\\own-market\\market-gist\\broker_flow_ledger\\RHPL\\2024-08-19.json",
  "market_day_context": {
    "run_date": "2024-08-19",
    "weekday_name": "Monday",
    "is_nepal_trading_weekday": true,
    "holiday_validation_status": "weekday_only_unverified",
    "is_official_holiday": null,
    "holiday_title": null,
    "holiday_source": "https://www.nepalstock.com/api/nots/holiday/list?year=2024",
    "official_holiday_fetch_error": "http_401",
    "override_status": "missing",
    "expected_market_session": true
  },
  "total_pages": 0,
  "total_records": null,
  "row_count_collected": 0,
  "ledger_written": false,
  "ledger_skipped_reason": "empty_weekday_unverified"
}
[RUN] RHPL 2024-08-20
{
  "symbol": "RHPL",
  "run_date": "2024-08-20",
  "raw_path": "C:\\Users\\ishwor\\Music\\own-organize\\own-market\\market-gist\\broker_flow_ledger\\raw_merolagani\\RHPL\\2024-08-20.json",
  "ledger_path": "C:\\Users\\ishwor\\Music\\own-organize\\own-market\\market-gist\\broker_flow_ledger\\RHPL\\2024-08-20.json",
  "market_day_context": {
    "run_date": "2024-08-20",
    "weekday_name": "Tuesday",
    "is_nepal_trading_weekday": true,
    "holiday_validation_status": "weekday_only_unverified",
    "is_official_holiday": null,
    "holiday_title": null,
    "holiday_source": "https://www.nepalstock.com/api/nots/holiday/list?year=2024",
    "official_holiday_fetch_error": "http_401",
    "override_status": "missing",
    "expected_market_session": true
  },
  "total_pages": 0,
  "total_records": null,
  "row_count_collected": 0,
  "ledger_written": false,
  "ledger_skipped_reason": "empty_weekday_unverified"
}
[RUN] RHPL 2024-08-21
{
  "symbol": "RHPL",
  "run_date": "2024-08-21",
  "raw_path": "C:\\Users\\ishwor\\Music\\own-organize\\own-market\\market-gist\\broker_flow_ledger\\raw_merolagani\\RHPL\\2024-08-21.json",
  "ledger_path": "C:\\Users\\ishwor\\Music\\own-organize\\own-market\\market-gist\\broker_flow_ledger\\RHPL\\2024-08-21.json",
  "market_day_context": {
    "run_date": "2024-08-21",
    "weekday_name": "Wednesday",
    "is_nepal_trading_weekday": true,
    "holiday_validation_status": "weekday_only_unverified",
    "is_official_holiday": null,
    "holiday_title": null,
    "holiday_source": "https://www.nepalstock.com/api/nots/holiday/list?year=2024",
    "official_holiday_fetch_error": "http_401",
    "override_status": "missing",
    "expected_market_session": true
  },
  "total_pages": 3,
  "total_records": 1059,
  "row_count_collected": 1059,
  "ledger_written": true,
  "ledger_skipped_reason": null
}
[RUN] RHPL 2024-08-22
{
  "symbol": "RHPL",
  "run_date": "2024-08-22",
  "raw_path": "C:\\Users\\ishwor\\Music\\own-organize\\own-market\\market-gist\\broker_flow_ledger\\raw_merolagani\\RHPL\\2024-08-22.json",
  "ledger_path": "C:\\Users\\ishwor\\Music\\own-organize\\own-market\\market-gist\\broker_flow_ledger\\RHPL\\2024-08-22.json",
  "market_day_context": {
    "run_date": "2024-08-22",
    "weekday_name": "Thursday",
    "is_nepal_trading_weekday": true,
    "holiday_validation_status": "weekday_only_unverified",
    "is_official_holiday": null,
    "holiday_title": null,
    "holiday_source": "https://www.nepalstock.com/api/nots/holiday/list?year=2024",
    "official_holiday_fetch_error": "http_401",
    "override_status": "missing",
    "expected_market_session": true
  },
  "total_pages": 4,
  "total_records": 1590,
  "row_count_collected": 1590,
  "ledger_written": true,
  "ledger_skipped_reason": null
}
[RUN] RHPL 2024-08-25
{
  "symbol": "RHPL",
  "run_date": "2024-08-25",
  "raw_path": "C:\\Users\\ishwor\\Music\\own-organize\\own-market\\market-gist\\broker_flow_ledger\\raw_merolagani\\RHPL\\2024-08-25.json",
  "ledger_path": "C:\\Users\\ishwor\\Music\\own-organize\\own-market\\market-gist\\broker_flow_ledger\\RHPL\\2024-08-25.json",
  "market_day_context": {
    "run_date": "2024-08-25",
    "weekday_name": "Sunday",
    "is_nepal_trading_weekday": true,
    "holiday_validation_status": "weekday_only_unverified",
    "is_official_holiday": null,
    "holiday_title": null,
    "holiday_source": "https://www.nepalstock.com/api/nots/holiday/list?year=2024",
    "official_holiday_fetch_error": "http_401",
    "override_status": "missing",
    "expected_market_session": true
  },
  "total_pages": 3,
  "total_records": 1026,
  "row_count_collected": 1026,
  "ledger_written": true,
  "ledger_skipped_reason": null
}
[RUN] RHPL 2024-08-26
{
  "symbol": "RHPL",
  "run_date": "2024-08-26",
  "raw_path": "C:\\Users\\ishwor\\Music\\own-organize\\own-market\\market-gist\\broker_flow_ledger\\raw_merolagani\\RHPL\\2024-08-26.json",
  "ledger_path": "C:\\Users\\ishwor\\Music\\own-organize\\own-market\\market-gist\\broker_flow_ledger\\RHPL\\2024-08-26.json",
  "market_day_context": {
    "run_date": "2024-08-26",
    "weekday_name": "Monday",
    "is_nepal_trading_weekday": true,
    "holiday_validation_status": "weekday_only_unverified",
    "is_official_holiday": null,
    "holiday_title": null,
    "holiday_source": "https://www.nepalstock.com/api/nots/holiday/list?year=2024",
    "official_holiday_fetch_error": "http_401",
    "override_status": "missing",
    "expected_market_session": true
  },
  "total_pages": 0,
  "total_records": null,
  "row_count_collected": 0,
  "ledger_written": false,
  "ledger_skipped_reason": "empty_weekday_unverified"
}
[RUN] RHPL 2024-08-27
{
  "symbol": "RHPL",
  "run_date": "2024-08-27",
  "raw_path": "C:\\Users\\ishwor\\Music\\own-organize\\own-market\\market-gist\\broker_flow_ledger\\raw_merolagani\\RHPL\\2024-08-27.json",
  "ledger_path": "C:\\Users\\ishwor\\Music\\own-organize\\own-market\\market-gist\\broker_flow_ledger\\RHPL\\2024-08-27.json",
  "market_day_context": {
    "run_date": "2024-08-27",
    "weekday_name": "Tuesday",
    "is_nepal_trading_weekday": true,
    "holiday_validation_status": "weekday_only_unverified",
    "is_official_holiday": null,
    "holiday_title": null,
    "holiday_source": "https://www.nepalstock.com/api/nots/holiday/list?year=2024",
    "official_holiday_fetch_error": "http_401",
    "override_status": "missing",
    "expected_market_session": true
  },
  "total_pages": 3,
  "total_records": 1224,
  "row_count_collected": 1224,
  "ledger_written": true,
  "ledger_skipped_reason": null
}
[RUN] RHPL 2024-08-28
{
  "symbol": "RHPL",
  "run_date": "2024-08-28",
  "raw_path": "C:\\Users\\ishwor\\Music\\own-organize\\own-market\\market-gist\\broker_flow_ledger\\raw_merolagani\\RHPL\\2024-08-28.json",
  "ledger_path": "C:\\Users\\ishwor\\Music\\own-organize\\own-market\\market-gist\\broker_flow_ledger\\RHPL\\2024-08-28.json",
  "market_day_context": {
    "run_date": "2024-08-28",
    "weekday_name": "Wednesday",
    "is_nepal_trading_weekday": true,
    "holiday_validation_status": "weekday_only_unverified",
    "is_official_holiday": null,
    "holiday_title": null,
    "holiday_source": "https://www.nepalstock.com/api/nots/holiday/list?year=2024",
    "official_holiday_fetch_error": "http_401",
    "override_status": "missing",
    "expected_market_session": true
  },
  "total_pages": 3,
  "total_records": 1020,
  "row_count_collected": 1020,
  "ledger_written": true,
  "ledger_skipped_reason": null
}
[RUN] RHPL 2024-08-29
{
  "symbol": "RHPL",
  "run_date": "2024-08-29",
  "raw_path": "C:\\Users\\ishwor\\Music\\own-organize\\own-market\\market-gist\\broker_flow_ledger\\raw_merolagani\\RHPL\\2024-08-29.json",
  "ledger_path": "C:\\Users\\ishwor\\Music\\own-organize\\own-market\\market-gist\\broker_flow_ledger\\RHPL\\2024-08-29.json",
  "market_day_context": {
    "run_date": "2024-08-29",
    "weekday_name": "Thursday",
    "is_nepal_trading_weekday": true,
    "holiday_validation_status": "weekday_only_unverified",
    "is_official_holiday": null,
    "holiday_title": null,
    "holiday_source": "https://www.nepalstock.com/api/nots/holiday/list?year=2024",
    "official_holiday_fetch_error": "http_401",
    "override_status": "missing",
    "expected_market_session": true
  },
  "total_pages": 3,
  "total_records": 1096,
  "row_count_collected": 1096,
  "ledger_written": true,
  "ledger_skipped_reason": null
}
[RUN] RHPL 2024-09-01
{
  "symbol": "RHPL",
  "run_date": "2024-09-01",
  "raw_path": "C:\\Users\\ishwor\\Music\\own-organize\\own-market\\market-gist\\broker_flow_ledger\\raw_merolagani\\RHPL\\2024-09-01.json",
  "ledger_path": "C:\\Users\\ishwor\\Music\\own-organize\\own-market\\market-gist\\broker_flow_ledger\\RHPL\\2024-09-01.json",
  "market_day_context": {
    "run_date": "2024-09-01",
    "weekday_name": "Sunday",
    "is_nepal_trading_weekday": true,
    "holiday_validation_status": "weekday_only_unverified",
    "is_official_holiday": null,
    "holiday_title": null,
    "holiday_source": "https://www.nepalstock.com/api/nots/holiday/list?year=2024",
    "official_holiday_fetch_error": "http_401",
    "override_status": "missing",
    "expected_market_session": true
  },
  "total_pages": 2,
  "total_records": 880,
  "row_count_collected": 880,
  "ledger_written": true,
  "ledger_skipped_reason": null
}
[RUN] RHPL 2024-09-02
{
  "symbol": "RHPL",
  "run_date": "2024-09-02",
  "raw_path": "C:\\Users\\ishwor\\Music\\own-organize\\own-market\\market-gist\\broker_flow_ledger\\raw_merolagani\\RHPL\\2024-09-02.json",
  "ledger_path": "C:\\Users\\ishwor\\Music\\own-organize\\own-market\\market-gist\\broker_flow_ledger\\RHPL\\2024-09-02.json",
  "market_day_context": {
    "run_date": "2024-09-02",
    "weekday_name": "Monday",
    "is_nepal_trading_weekday": true,
    "holiday_validation_status": "weekday_only_unverified",
    "is_official_holiday": null,
    "holiday_title": null,
    "holiday_source": "https://www.nepalstock.com/api/nots/holiday/list?year=2024",
    "official_holiday_fetch_error": "http_401",
    "override_status": "missing",
    "expected_market_session": true
  },
  "total_pages": 2,
  "total_records": 947,
  "row_count_collected": 947,
  "ledger_written": true,
  "ledger_skipped_reason": null
}
[RUN] RHPL 2024-09-03
{
  "symbol": "RHPL",
  "run_date": "2024-09-03",
  "raw_path": "C:\\Users\\ishwor\\Music\\own-organize\\own-market\\market-gist\\broker_flow_ledger\\raw_merolagani\\RHPL\\2024-09-03.json",
  "ledger_path": "C:\\Users\\ishwor\\Music\\own-organize\\own-market\\market-gist\\broker_flow_ledger\\RHPL\\2024-09-03.json",
  "market_day_context": {
    "run_date": "2024-09-03",
    "weekday_name": "Tuesday",
    "is_nepal_trading_weekday": true,
    "holiday_validation_status": "weekday_only_unverified",
    "is_official_holiday": null,
    "holiday_title": null,
    "holiday_source": "https://www.nepalstock.com/api/nots/holiday/list?year=2024",
    "official_holiday_fetch_error": "http_401",
    "override_status": "missing",
    "expected_market_session": true
  },
  "total_pages": 2,
  "total_records": 571,
  "row_count_collected": 571,
  "ledger_written": true,
  "ledger_skipped_reason": null
}
[RUN] RHPL 2024-09-04
{
  "symbol": "RHPL",
  "run_date": "2024-09-04",
  "raw_path": "C:\\Users\\ishwor\\Music\\own-organize\\own-market\\market-gist\\broker_flow_ledger\\raw_merolagani\\RHPL\\2024-09-04.json",
  "ledger_path": "C:\\Users\\ishwor\\Music\\own-organize\\own-market\\market-gist\\broker_flow_ledger\\RHPL\\2024-09-04.json",
  "market_day_context": {
    "run_date": "2024-09-04",
    "weekday_name": "Wednesday",
    "is_nepal_trading_weekday": true,
    "holiday_validation_status": "weekday_only_unverified",
    "is_official_holiday": null,
    "holiday_title": null,
    "holiday_source": "https://www.nepalstock.com/api/nots/holiday/list?year=2024",
    "official_holiday_fetch_error": "http_401",
    "override_status": "missing",
    "expected_market_session": true
  },
  "total_pages": 2,
  "total_records": 565,
  "row_count_collected": 565,
  "ledger_written": true,
  "ledger_skipped_reason": null
}
[RUN] RHPL 2024-09-05
{
  "symbol": "RHPL",
  "run_date": "2024-09-05",
  "raw_path": "C:\\Users\\ishwor\\Music\\own-organize\\own-market\\market-gist\\broker_flow_ledger\\raw_merolagani\\RHPL\\2024-09-05.json",
  "ledger_path": "C:\\Users\\ishwor\\Music\\own-organize\\own-market\\market-gist\\broker_flow_ledger\\RHPL\\2024-09-05.json",
  "market_day_context": {
    "run_date": "2024-09-05",
    "weekday_name": "Thursday",
    "is_nepal_trading_weekday": true,
    "holiday_validation_status": "weekday_only_unverified",
    "is_official_holiday": null,
    "holiday_title": null,
    "holiday_source": "https://www.nepalstock.com/api/nots/holiday/list?year=2024",
    "official_holiday_fetch_error": "http_401",
    "override_status": "missing",
    "expected_market_session": true
  },
  "total_pages": 2,
  "total_records": 541,
  "row_count_collected": 541,
  "ledger_written": true,
  "ledger_skipped_reason": null
}
[RUN] RHPL 2024-09-08
{
  "symbol": "RHPL",
  "run_date": "2024-09-08",
  "raw_path": "C:\\Users\\ishwor\\Music\\own-organize\\own-market\\market-gist\\broker_flow_ledger\\raw_merolagani\\RHPL\\2024-09-08.json",
  "ledger_path": "C:\\Users\\ishwor\\Music\\own-organize\\own-market\\market-gist\\broker_flow_ledger\\RHPL\\2024-09-08.json",
  "market_day_context": {
    "run_date": "2024-09-08",
    "weekday_name": "Sunday",
    "is_nepal_trading_weekday": true,
    "holiday_validation_status": "weekday_only_unverified",
    "is_official_holiday": null,
    "holiday_title": null,
    "holiday_source": "https://www.nepalstock.com/api/nots/holiday/list?year=2024",
    "official_holiday_fetch_error": "http_401",
    "override_status": "missing",
    "expected_market_session": true
  },
  "total_pages": 2,
  "total_records": 580,
  "row_count_collected": 580,
  "ledger_written": true,
  "ledger_skipped_reason": null
}
[RUN] RHPL 2024-09-09
{
  "symbol": "RHPL",
  "run_date": "2024-09-09",
  "raw_path": "C:\\Users\\ishwor\\Music\\own-organize\\own-market\\market-gist\\broker_flow_ledger\\raw_merolagani\\RHPL\\2024-09-09.json",
  "ledger_path": "C:\\Users\\ishwor\\Music\\own-organize\\own-market\\market-gist\\broker_flow_ledger\\RHPL\\2024-09-09.json",
  "market_day_context": {
    "run_date": "2024-09-09",
    "weekday_name": "Monday",
    "is_nepal_trading_weekday": true,
    "holiday_validation_status": "weekday_only_unverified",
    "is_official_holiday": null,
    "holiday_title": null,
    "holiday_source": "https://www.nepalstock.com/api/nots/holiday/list?year=2024",
    "official_holiday_fetch_error": "http_401",
    "override_status": "missing",
    "expected_market_session": true
  },
  "total_pages": 1,
  "total_records": 486,
  "row_count_collected": 486,
  "ledger_written": true,
  "ledger_skipped_reason": null
}
[RUN] RHPL 2024-09-10
{
  "symbol": "RHPL",
  "run_date": "2024-09-10",
  "raw_path": "C:\\Users\\ishwor\\Music\\own-organize\\own-market\\market-gist\\broker_flow_ledger\\raw_merolagani\\RHPL\\2024-09-10.json",
  "ledger_path": "C:\\Users\\ishwor\\Music\\own-organize\\own-market\\market-gist\\broker_flow_ledger\\RHPL\\2024-09-10.json",
  "market_day_context": {
    "run_date": "2024-09-10",
    "weekday_name": "Tuesday",
    "is_nepal_trading_weekday": true,
    "holiday_validation_status": "weekday_only_unverified",
    "is_official_holiday": null,
    "holiday_title": null,
    "holiday_source": "https://www.nepalstock.com/api/nots/holiday/list?year=2024",
    "official_holiday_fetch_error": "http_401",
    "override_status": "missing",
    "expected_market_session": true
  },
  "total_pages": 1,
  "total_records": 467,
  "row_count_collected": 467,
  "ledger_written": true,
  "ledger_skipped_reason": null
}
[RUN] RHPL 2024-09-11
{
  "symbol": "RHPL",
  "run_date": "2024-09-11",
  "raw_path": "C:\\Users\\ishwor\\Music\\own-organize\\own-market\\market-gist\\broker_flow_ledger\\raw_merolagani\\RHPL\\2024-09-11.json",
  "ledger_path": "C:\\Users\\ishwor\\Music\\own-organize\\own-market\\market-gist\\broker_flow_ledger\\RHPL\\2024-09-11.json",
  "market_day_context": {
    "run_date": "2024-09-11",
    "weekday_name": "Wednesday",
    "is_nepal_trading_weekday": true,
    "holiday_validation_status": "weekday_only_unverified",
    "is_official_holiday": null,
    "holiday_title": null,
    "holiday_source": "https://www.nepalstock.com/api/nots/holiday/list?year=2024",
    "official_holiday_fetch_error": "http_401",
    "override_status": "missing",
    "expected_market_session": true
  },
  "total_pages": 1,
  "total_records": 415,
  "row_count_collected": 415,
  "ledger_written": true,
  "ledger_skipped_reason": null
}
[RUN] RHPL 2024-09-12
{
  "symbol": "RHPL",
  "run_date": "2024-09-12",
  "raw_path": "C:\\Users\\ishwor\\Music\\own-organize\\own-market\\market-gist\\broker_flow_ledger\\raw_merolagani\\RHPL\\2024-09-12.json",
  "ledger_path": "C:\\Users\\ishwor\\Music\\own-organize\\own-market\\market-gist\\broker_flow_ledger\\RHPL\\2024-09-12.json",
  "market_day_context": {
    "run_date": "2024-09-12",
    "weekday_name": "Thursday",
    "is_nepal_trading_weekday": true,
    "holiday_validation_status": "weekday_only_unverified",
    "is_official_holiday": null,
    "holiday_title": null,
    "holiday_source": "https://www.nepalstock.com/api/nots/holiday/list?year=2024",
    "official_holiday_fetch_error": "http_401",
    "override_status": "missing",
    "expected_market_session": true
  },
  "total_pages": 2,
  "total_records": 637,
  "row_count_collected": 637,
  "ledger_written": true,
  "ledger_skipped_reason": null
}
[RUN] RHPL 2024-09-15
{
  "symbol": "RHPL",
  "run_date": "2024-09-15",
  "raw_path": "C:\\Users\\ishwor\\Music\\own-organize\\own-market\\market-gist\\broker_flow_ledger\\raw_merolagani\\RHPL\\2024-09-15.json",
  "ledger_path": "C:\\Users\\ishwor\\Music\\own-organize\\own-market\\market-gist\\broker_flow_ledger\\RHPL\\2024-09-15.json",
  "market_day_context": {
    "run_date": "2024-09-15",
    "weekday_name": "Sunday",
    "is_nepal_trading_weekday": true,
    "holiday_validation_status": "weekday_only_unverified",
    "is_official_holiday": null,
    "holiday_title": null,
    "holiday_source": "https://www.nepalstock.com/api/nots/holiday/list?year=2024",
    "official_holiday_fetch_error": "http_401",
    "override_status": "missing",
    "expected_market_session": true
  },
  "total_pages": 1,
  "total_records": 455,
  "row_count_collected": 455,
  "ledger_written": true,
  "ledger_skipped_reason": null
}
[RUN] RHPL 2024-09-16
{
  "symbol": "RHPL",
  "run_date": "2024-09-16",
  "raw_path": "C:\\Users\\ishwor\\Music\\own-organize\\own-market\\market-gist\\broker_flow_ledger\\raw_merolagani\\RHPL\\2024-09-16.json",
  "ledger_path": "C:\\Users\\ishwor\\Music\\own-organize\\own-market\\market-gist\\broker_flow_ledger\\RHPL\\2024-09-16.json",
  "market_day_context": {
    "run_date": "2024-09-16",
    "weekday_name": "Monday",
    "is_nepal_trading_weekday": true,
    "holiday_validation_status": "weekday_only_unverified",
    "is_official_holiday": null,
    "holiday_title": null,
    "holiday_source": "https://www.nepalstock.com/api/nots/holiday/list?year=2024",
    "official_holiday_fetch_error": "http_401",
    "override_status": "missing",
    "expected_market_session": true
  },
  "total_pages": 1,
  "total_records": 397,
  "row_count_collected": 397,
  "ledger_written": true,
  "ledger_skipped_reason": null
}
[RUN] RHPL 2024-09-17
{
  "symbol": "RHPL",
  "run_date": "2024-09-17",
  "raw_path": "C:\\Users\\ishwor\\Music\\own-organize\\own-market\\market-gist\\broker_flow_ledger\\raw_merolagani\\RHPL\\2024-09-17.json",
  "ledger_path": "C:\\Users\\ishwor\\Music\\own-organize\\own-market\\market-gist\\broker_flow_ledger\\RHPL\\2024-09-17.json",
  "market_day_context": {
    "run_date": "2024-09-17",
    "weekday_name": "Tuesday",
    "is_nepal_trading_weekday": true,
    "holiday_validation_status": "weekday_only_unverified",
    "is_official_holiday": null,
    "holiday_title": null,
    "holiday_source": "https://www.nepalstock.com/api/nots/holiday/list?year=2024",
    "official_holiday_fetch_error": "http_401",
    "override_status": "missing",
    "expected_market_session": true
  },
  "total_pages": 0,
  "total_records": null,
  "row_count_collected": 0,
  "ledger_written": false,
  "ledger_skipped_reason": "empty_weekday_unverified"
}
[RUN] RHPL 2024-09-18
{
  "symbol": "RHPL",
  "run_date": "2024-09-18",
  "raw_path": "C:\\Users\\ishwor\\Music\\own-organize\\own-market\\market-gist\\broker_flow_ledger\\raw_merolagani\\RHPL\\2024-09-18.json",
  "ledger_path": "C:\\Users\\ishwor\\Music\\own-organize\\own-market\\market-gist\\broker_flow_ledger\\RHPL\\2024-09-18.json",
  "market_day_context": {
    "run_date": "2024-09-18",
    "weekday_name": "Wednesday",
    "is_nepal_trading_weekday": true,
    "holiday_validation_status": "weekday_only_unverified",
    "is_official_holiday": null,
    "holiday_title": null,
    "holiday_source": "https://www.nepalstock.com/api/nots/holiday/list?year=2024",
    "official_holiday_fetch_error": "http_401",
    "override_status": "missing",
    "expected_market_session": true
  },
  "total_pages": 1,
  "total_records": 353,
  "row_count_collected": 353,
  "ledger_written": true,
  "ledger_skipped_reason": null
}
[RUN] RHPL 2024-09-19
{
  "symbol": "RHPL",
  "run_date": "2024-09-19",
  "raw_path": "C:\\Users\\ishwor\\Music\\own-organize\\own-market\\market-gist\\broker_flow_ledger\\raw_merolagani\\RHPL\\2024-09-19.json",
  "ledger_path": "C:\\Users\\ishwor\\Music\\own-organize\\own-market\\market-gist\\broker_flow_ledger\\RHPL\\2024-09-19.json",
  "market_day_context": {
    "run_date": "2024-09-19",
    "weekday_name": "Thursday",
    "is_nepal_trading_weekday": true,
    "holiday_validation_status": "weekday_only_unverified",
    "is_official_holiday": null,
    "holiday_title": null,
    "holiday_source": "https://www.nepalstock.com/api/nots/holiday/list?year=2024",
    "official_holiday_fetch_error": "http_401",
    "override_status": "missing",
    "expected_market_session": true
  },
  "total_pages": 0,
  "total_records": null,
  "row_count_collected": 0,
  "ledger_written": false,
  "ledger_skipped_reason": "empty_weekday_unverified"
}
[RUN] RHPL 2024-09-22
{
  "symbol": "RHPL",
  "run_date": "2024-09-22",
  "raw_path": "C:\\Users\\ishwor\\Music\\own-organize\\own-market\\market-gist\\broker_flow_ledger\\raw_merolagani\\RHPL\\2024-09-22.json",
  "ledger_path": "C:\\Users\\ishwor\\Music\\own-organize\\own-market\\market-gist\\broker_flow_ledger\\RHPL\\2024-09-22.json",
  "market_day_context": {
    "run_date": "2024-09-22",
    "weekday_name": "Sunday",
    "is_nepal_trading_weekday": true,
    "holiday_validation_status": "weekday_only_unverified",
    "is_official_holiday": null,
    "holiday_title": null,
    "holiday_source": "https://www.nepalstock.com/api/nots/holiday/list?year=2024",
    "official_holiday_fetch_error": "http_401",
    "override_status": "missing",
    "expected_market_session": true
  },
  "total_pages": 1,
  "total_records": 261,
  "row_count_collected": 261,
  "ledger_written": true,
  "ledger_skipped_reason": null
}
[RUN] RHPL 2024-09-23
{
  "symbol": "RHPL",
  "run_date": "2024-09-23",
  "raw_path": "C:\\Users\\ishwor\\Music\\own-organize\\own-market\\market-gist\\broker_flow_ledger\\raw_merolagani\\RHPL\\2024-09-23.json",
  "ledger_path": "C:\\Users\\ishwor\\Music\\own-organize\\own-market\\market-gist\\broker_flow_ledger\\RHPL\\2024-09-23.json",
  "market_day_context": {
    "run_date": "2024-09-23",
    "weekday_name": "Monday",
    "is_nepal_trading_weekday": true,
    "holiday_validation_status": "weekday_only_unverified",
    "is_official_holiday": null,
    "holiday_title": null,
    "holiday_source": "https://www.nepalstock.com/api/nots/holiday/list?year=2024",
    "official_holiday_fetch_error": "http_401",
    "override_status": "missing",
    "expected_market_session": true
  },
  "total_pages": 1,
  "total_records": 264,
  "row_count_collected": 264,
  "ledger_written": true,
  "ledger_skipped_reason": null
}
[RUN] RHPL 2024-09-24
{
  "symbol": "RHPL",
  "run_date": "2024-09-24",
  "raw_path": "C:\\Users\\ishwor\\Music\\own-organize\\own-market\\market-gist\\broker_flow_ledger\\raw_merolagani\\RHPL\\2024-09-24.json",
  "ledger_path": "C:\\Users\\ishwor\\Music\\own-organize\\own-market\\market-gist\\broker_flow_ledger\\RHPL\\2024-09-24.json",
  "market_day_context": {
    "run_date": "2024-09-24",
    "weekday_name": "Tuesday",
    "is_nepal_trading_weekday": true,
    "holiday_validation_status": "weekday_only_unverified",
    "is_official_holiday": null,
    "holiday_title": null,
    "holiday_source": "https://www.nepalstock.com/api/nots/holiday/list?year=2024",
    "official_holiday_fetch_error": "http_401",
    "override_status": "missing",
    "expected_market_session": true
  },
  "total_pages": 1,
  "total_records": 286,
  "row_count_collected": 286,
  "ledger_written": true,
  "ledger_skipped_reason": null
}
[RUN] RHPL 2024-09-25
{
  "symbol": "RHPL",
  "run_date": "2024-09-25",
  "raw_path": "C:\\Users\\ishwor\\Music\\own-organize\\own-market\\market-gist\\broker_flow_ledger\\raw_merolagani\\RHPL\\2024-09-25.json",
  "ledger_path": "C:\\Users\\ishwor\\Music\\own-organize\\own-market\\market-gist\\broker_flow_ledger\\RHPL\\2024-09-25.json",
  "market_day_context": {
    "run_date": "2024-09-25",
    "weekday_name": "Wednesday",
    "is_nepal_trading_weekday": true,
    "holiday_validation_status": "weekday_only_unverified",
    "is_official_holiday": null,
    "holiday_title": null,
    "holiday_source": "https://www.nepalstock.com/api/nots/holiday/list?year=2024",
    "official_holiday_fetch_error": "http_401",
    "override_status": "missing",
    "expected_market_session": true
  },
  "total_pages": 1,
  "total_records": 350,
  "row_count_collected": 350,
  "ledger_written": true,
  "ledger_skipped_reason": null
}
[RUN] RHPL 2024-09-26
{
  "symbol": "RHPL",
  "run_date": "2024-09-26",
  "raw_path": "C:\\Users\\ishwor\\Music\\own-organize\\own-market\\market-gist\\broker_flow_ledger\\raw_merolagani\\RHPL\\2024-09-26.json",
  "ledger_path": "C:\\Users\\ishwor\\Music\\own-organize\\own-market\\market-gist\\broker_flow_ledger\\RHPL\\2024-09-26.json",
  "market_day_context": {
    "run_date": "2024-09-26",
    "weekday_name": "Thursday",
    "is_nepal_trading_weekday": true,
    "holiday_validation_status": "weekday_only_unverified",
    "is_official_holiday": null,
    "holiday_title": null,
    "holiday_source": "https://www.nepalstock.com/api/nots/holiday/list?year=2024",
    "official_holiday_fetch_error": "http_401",
    "override_status": "missing",
    "expected_market_session": true
  },
  "total_pages": 1,
  "total_records": 236,
  "row_count_collected": 236,
  "ledger_written": true,
  "ledger_skipped_reason": null
}
[RUN] RHPL 2024-09-29
{
  "symbol": "RHPL",
  "run_date": "2024-09-29",
  "raw_path": "C:\\Users\\ishwor\\Music\\own-organize\\own-market\\market-gist\\broker_flow_ledger\\raw_merolagani\\RHPL\\2024-09-29.json",
  "ledger_path": "C:\\Users\\ishwor\\Music\\own-organize\\own-market\\market-gist\\broker_flow_ledger\\RHPL\\2024-09-29.json",
  "market_day_context": {
    "run_date": "2024-09-29",
    "weekday_name": "Sunday",
    "is_nepal_trading_weekday": true,
    "holiday_validation_status": "weekday_only_unverified",
    "is_official_holiday": null,
    "holiday_title": null,
    "holiday_source": "https://www.nepalstock.com/api/nots/holiday/list?year=2024",
    "official_holiday_fetch_error": "http_401",
    "override_status": "missing",
    "expected_market_session": true
  },
  "total_pages": 1,
  "total_records": 238,
  "row_count_collected": 238,
  "ledger_written": true,
  "ledger_skipped_reason": null
}
[RUN] RHPL 2024-09-30
{
  "symbol": "RHPL",
  "run_date": "2024-09-30",
  "raw_path": "C:\\Users\\ishwor\\Music\\own-organize\\own-market\\market-gist\\broker_flow_ledger\\raw_merolagani\\RHPL\\2024-09-30.json",
  "ledger_path": "C:\\Users\\ishwor\\Music\\own-organize\\own-market\\market-gist\\broker_flow_ledger\\RHPL\\2024-09-30.json",
  "market_day_context": {
    "run_date": "2024-09-30",
    "weekday_name": "Monday",
    "is_nepal_trading_weekday": true,
    "holiday_validation_status": "weekday_only_unverified",
    "is_official_holiday": null,
    "holiday_title": null,
    "holiday_source": "https://www.nepalstock.com/api/nots/holiday/list?year=2024",
    "official_holiday_fetch_error": "http_401",
    "override_status": "missing",
    "expected_market_session": true
  },
  "total_pages": 1,
  "total_records": 179,
  "row_count_collected": 179,
  "ledger_written": true,
  "ledger_skipped_reason": null
}
[RUN] RHPL 2024-10-01
{
  "symbol": "RHPL",
  "run_date": "2024-10-01",
  "raw_path": "C:\\Users\\ishwor\\Music\\own-organize\\own-market\\market-gist\\broker_flow_ledger\\raw_merolagani\\RHPL\\2024-10-01.json",
  "ledger_path": "C:\\Users\\ishwor\\Music\\own-organize\\own-market\\market-gist\\broker_flow_ledger\\RHPL\\2024-10-01.json",
  "market_day_context": {
    "run_date": "2024-10-01",
    "weekday_name": "Tuesday",
    "is_nepal_trading_weekday": true,
    "holiday_validation_status": "weekday_only_unverified",
    "is_official_holiday": null,
    "holiday_title": null,
    "holiday_source": "https://www.nepalstock.com/api/nots/holiday/list?year=2024",
    "official_holiday_fetch_error": "http_401",
    "override_status": "missing",
    "expected_market_session": true
  },
  "total_pages": 1,
  "total_records": 435,
  "row_count_collected": 435,
  "ledger_written": true,
  "ledger_skipped_reason": null
}
[RUN] RHPL 2024-10-02
{
  "symbol": "RHPL",
  "run_date": "2024-10-02",
  "raw_path": "C:\\Users\\ishwor\\Music\\own-organize\\own-market\\market-gist\\broker_flow_ledger\\raw_merolagani\\RHPL\\2024-10-02.json",
  "ledger_path": "C:\\Users\\ishwor\\Music\\own-organize\\own-market\\market-gist\\broker_flow_ledger\\RHPL\\2024-10-02.json",
  "market_day_context": {
    "run_date": "2024-10-02",
    "weekday_name": "Wednesday",
    "is_nepal_trading_weekday": true,
    "holiday_validation_status": "weekday_only_unverified",
    "is_official_holiday": null,
    "holiday_title": null,
    "holiday_source": "https://www.nepalstock.com/api/nots/holiday/list?year=2024",
    "official_holiday_fetch_error": "http_401",
    "override_status": "missing",
    "expected_market_session": true
  },
  "total_pages": 1,
  "total_records": 334,
  "row_count_collected": 334,
  "ledger_written": true,
  "ledger_skipped_reason": null
}
[RUN] RHPL 2024-10-03
{
  "symbol": "RHPL",
  "run_date": "2024-10-03",
  "raw_path": "C:\\Users\\ishwor\\Music\\own-organize\\own-market\\market-gist\\broker_flow_ledger\\raw_merolagani\\RHPL\\2024-10-03.json",
  "ledger_path": "C:\\Users\\ishwor\\Music\\own-organize\\own-market\\market-gist\\broker_flow_ledger\\RHPL\\2024-10-03.json",
  "market_day_context": {
    "run_date": "2024-10-03",
    "weekday_name": "Thursday",
    "is_nepal_trading_weekday": true,
    "holiday_validation_status": "weekday_only_unverified",
    "is_official_holiday": null,
    "holiday_title": null,
    "holiday_source": "https://www.nepalstock.com/api/nots/holiday/list?year=2024",
    "official_holiday_fetch_error": "http_401",
    "override_status": "missing",
    "expected_market_session": true
  },
  "total_pages": 0,
  "total_records": null,
  "row_count_collected": 0,
  "ledger_written": false,
  "ledger_skipped_reason": "empty_weekday_unverified"
}
[RUN] RHPL 2024-10-06
{
  "symbol": "RHPL",
  "run_date": "2024-10-06",
  "raw_path": "C:\\Users\\ishwor\\Music\\own-organize\\own-market\\market-gist\\broker_flow_ledger\\raw_merolagani\\RHPL\\2024-10-06.json",
  "ledger_path": "C:\\Users\\ishwor\\Music\\own-organize\\own-market\\market-gist\\broker_flow_ledger\\RHPL\\2024-10-06.json",
  "market_day_context": {
    "run_date": "2024-10-06",
    "weekday_name": "Sunday",
    "is_nepal_trading_weekday": true,
    "holiday_validation_status": "weekday_only_unverified",
    "is_official_holiday": null,
    "holiday_title": null,
    "holiday_source": "https://www.nepalstock.com/api/nots/holiday/list?year=2024",
    "official_holiday_fetch_error": "http_401",
    "override_status": "missing",
    "expected_market_session": true
  },
  "total_pages": 1,
  "total_records": 323,
  "row_count_collected": 323,
  "ledger_written": true,
  "ledger_skipped_reason": null
}
[RUN] RHPL 2024-10-07
{
  "symbol": "RHPL",
  "run_date": "2024-10-07",
  "raw_path": "C:\\Users\\ishwor\\Music\\own-organize\\own-market\\market-gist\\broker_flow_ledger\\raw_merolagani\\RHPL\\2024-10-07.json",
  "ledger_path": "C:\\Users\\ishwor\\Music\\own-organize\\own-market\\market-gist\\broker_flow_ledger\\RHPL\\2024-10-07.json",
  "market_day_context": {
    "run_date": "2024-10-07",
    "weekday_name": "Monday",
    "is_nepal_trading_weekday": true,
    "holiday_validation_status": "weekday_only_unverified",
    "is_official_holiday": null,
    "holiday_title": null,
    "holiday_source": "https://www.nepalstock.com/api/nots/holiday/list?year=2024",
    "official_holiday_fetch_error": "http_401",
    "override_status": "missing",
    "expected_market_session": true
  },
  "total_pages": 1,
  "total_records": 333,
  "row_count_collected": 333,
  "ledger_written": true,
  "ledger_skipped_reason": null
}
[RUN] RHPL 2024-10-08
{
  "symbol": "RHPL",
  "run_date": "2024-10-08",
  "raw_path": "C:\\Users\\ishwor\\Music\\own-organize\\own-market\\market-gist\\broker_flow_ledger\\raw_merolagani\\RHPL\\2024-10-08.json",
  "ledger_path": "C:\\Users\\ishwor\\Music\\own-organize\\own-market\\market-gist\\broker_flow_ledger\\RHPL\\2024-10-08.json",
  "market_day_context": {
    "run_date": "2024-10-08",
    "weekday_name": "Tuesday",
    "is_nepal_trading_weekday": true,
    "holiday_validation_status": "weekday_only_unverified",
    "is_official_holiday": null,
    "holiday_title": null,
    "holiday_source": "https://www.nepalstock.com/api/nots/holiday/list?year=2024",
    "official_holiday_fetch_error": "http_401",
    "override_status": "missing",
    "expected_market_session": true
  },
  "total_pages": 1,
  "total_records": 219,
  "row_count_collected": 219,
  "ledger_written": true,
  "ledger_skipped_reason": null
}
[RUN] RHPL 2024-10-09
{
  "symbol": "RHPL",
  "run_date": "2024-10-09",
  "raw_path": "C:\\Users\\ishwor\\Music\\own-organize\\own-market\\market-gist\\broker_flow_ledger\\raw_merolagani\\RHPL\\2024-10-09.json",
  "ledger_path": "C:\\Users\\ishwor\\Music\\own-organize\\own-market\\market-gist\\broker_flow_ledger\\RHPL\\2024-10-09.json",
  "market_day_context": {
    "run_date": "2024-10-09",
    "weekday_name": "Wednesday",
    "is_nepal_trading_weekday": true,
    "holiday_validation_status": "weekday_only_unverified",
    "is_official_holiday": null,
    "holiday_title": null,
    "holiday_source": "https://www.nepalstock.com/api/nots/holiday/list?year=2024",
    "official_holiday_fetch_error": "http_401",
    "override_status": "missing",
    "expected_market_session": true
  },
  "total_pages": 1,
  "total_records": 148,
  "row_count_collected": 148,
  "ledger_written": true,
  "ledger_skipped_reason": null
}
[RUN] RHPL 2024-10-10
{
  "symbol": "RHPL",
  "run_date": "2024-10-10",
  "raw_path": "C:\\Users\\ishwor\\Music\\own-organize\\own-market\\market-gist\\broker_flow_ledger\\raw_merolagani\\RHPL\\2024-10-10.json",
  "ledger_path": "C:\\Users\\ishwor\\Music\\own-organize\\own-market\\market-gist\\broker_flow_ledger\\RHPL\\2024-10-10.json",
  "market_day_context": {
    "run_date": "2024-10-10",
    "weekday_name": "Thursday",
    "is_nepal_trading_weekday": true,
    "holiday_validation_status": "weekday_only_unverified",
    "is_official_holiday": null,
    "holiday_title": null,
    "holiday_source": "https://www.nepalstock.com/api/nots/holiday/list?year=2024",
    "official_holiday_fetch_error": "http_401",
    "override_status": "missing",
    "expected_market_session": true
  },
  "total_pages": 0,
  "total_records": null,
  "row_count_collected": 0,
  "ledger_written": false,
  "ledger_skipped_reason": "empty_weekday_unverified"
}
[RUN] RHPL 2024-10-13
{
  "symbol": "RHPL",
  "run_date": "2024-10-13",
  "raw_path": "C:\\Users\\ishwor\\Music\\own-organize\\own-market\\market-gist\\broker_flow_ledger\\raw_merolagani\\RHPL\\2024-10-13.json",
  "ledger_path": "C:\\Users\\ishwor\\Music\\own-organize\\own-market\\market-gist\\broker_flow_ledger\\RHPL\\2024-10-13.json",
  "market_day_context": {
    "run_date": "2024-10-13",
    "weekday_name": "Sunday",
    "is_nepal_trading_weekday": true,
    "holiday_validation_status": "weekday_only_unverified",
    "is_official_holiday": null,
    "holiday_title": null,
    "holiday_source": "https://www.nepalstock.com/api/nots/holiday/list?year=2024",
    "official_holiday_fetch_error": "http_401",
    "override_status": "missing",
    "expected_market_session": true
  },
  "total_pages": 0,
  "total_records": null,
  "row_count_collected": 0,
  "ledger_written": false,
  "ledger_skipped_reason": "empty_weekday_unverified"
}
[RUN] RHPL 2024-10-14
{
  "symbol": "RHPL",
  "run_date": "2024-10-14",
  "raw_path": "C:\\Users\\ishwor\\Music\\own-organize\\own-market\\market-gist\\broker_flow_ledger\\raw_merolagani\\RHPL\\2024-10-14.json",
  "ledger_path": "C:\\Users\\ishwor\\Music\\own-organize\\own-market\\market-gist\\broker_flow_ledger\\RHPL\\2024-10-14.json",
  "market_day_context": {
    "run_date": "2024-10-14",
    "weekday_name": "Monday",
    "is_nepal_trading_weekday": true,
    "holiday_validation_status": "weekday_only_unverified",
    "is_official_holiday": null,
    "holiday_title": null,
    "holiday_source": "https://www.nepalstock.com/api/nots/holiday/list?year=2024",
    "official_holiday_fetch_error": "http_401",
    "override_status": "missing",
    "expected_market_session": true
  },
  "total_pages": 0,
  "total_records": null,
  "row_count_collected": 0,
  "ledger_written": false,
  "ledger_skipped_reason": "empty_weekday_unverified"
}
[RUN] RHPL 2024-10-15
{
  "symbol": "RHPL",
  "run_date": "2024-10-15",
  "raw_path": "C:\\Users\\ishwor\\Music\\own-organize\\own-market\\market-gist\\broker_flow_ledger\\raw_merolagani\\RHPL\\2024-10-15.json",
  "ledger_path": "C:\\Users\\ishwor\\Music\\own-organize\\own-market\\market-gist\\broker_flow_ledger\\RHPL\\2024-10-15.json",
  "market_day_context": {
    "run_date": "2024-10-15",
    "weekday_name": "Tuesday",
    "is_nepal_trading_weekday": true,
    "holiday_validation_status": "weekday_only_unverified",
    "is_official_holiday": null,
    "holiday_title": null,
    "holiday_source": "https://www.nepalstock.com/api/nots/holiday/list?year=2024",
    "official_holiday_fetch_error": "http_401",
    "override_status": "missing",
    "expected_market_session": true
  },
  "total_pages": 1,
  "total_records": 134,
  "row_count_collected": 134,
  "ledger_written": true,
  "ledger_skipped_reason": null
}
[RUN] RHPL 2024-10-16
{
  "symbol": "RHPL",
  "run_date": "2024-10-16",
  "raw_path": "C:\\Users\\ishwor\\Music\\own-organize\\own-market\\market-gist\\broker_flow_ledger\\raw_merolagani\\RHPL\\2024-10-16.json",
  "ledger_path": "C:\\Users\\ishwor\\Music\\own-organize\\own-market\\market-gist\\broker_flow_ledger\\RHPL\\2024-10-16.json",
  "market_day_context": {
    "run_date": "2024-10-16",
    "weekday_name": "Wednesday",
    "is_nepal_trading_weekday": true,
    "holiday_validation_status": "weekday_only_unverified",
    "is_official_holiday": null,
    "holiday_title": null,
    "holiday_source": "https://www.nepalstock.com/api/nots/holiday/list?year=2024",
    "official_holiday_fetch_error": "http_401",
    "override_status": "missing",
    "expected_market_session": true
  },
  "total_pages": 1,
  "total_records": 269,
  "row_count_collected": 269,
  "ledger_written": true,
  "ledger_skipped_reason": null
}
[RUN] RHPL 2024-10-17
{
  "symbol": "RHPL",
  "run_date": "2024-10-17",
  "raw_path": "C:\\Users\\ishwor\\Music\\own-organize\\own-market\\market-gist\\broker_flow_ledger\\raw_merolagani\\RHPL\\2024-10-17.json",
  "ledger_path": "C:\\Users\\ishwor\\Music\\own-organize\\own-market\\market-gist\\broker_flow_ledger\\RHPL\\2024-10-17.json",
  "market_day_context": {
    "run_date": "2024-10-17",
    "weekday_name": "Thursday",
    "is_nepal_trading_weekday": true,
    "holiday_validation_status": "weekday_only_unverified",
    "is_official_holiday": null,
    "holiday_title": null,
    "holiday_source": "https://www.nepalstock.com/api/nots/holiday/list?year=2024",
    "official_holiday_fetch_error": "http_401",
    "override_status": "missing",
    "expected_market_session": true
  },
  "total_pages": 1,
  "total_records": 333,
  "row_count_collected": 333,
  "ledger_written": true,
  "ledger_skipped_reason": null
}
[RUN] RHPL 2024-10-20
{
  "symbol": "RHPL",
  "run_date": "2024-10-20",
  "raw_path": "C:\\Users\\ishwor\\Music\\own-organize\\own-market\\market-gist\\broker_flow_ledger\\raw_merolagani\\RHPL\\2024-10-20.json",
  "ledger_path": "C:\\Users\\ishwor\\Music\\own-organize\\own-market\\market-gist\\broker_flow_ledger\\RHPL\\2024-10-20.json",
  "market_day_context": {
    "run_date": "2024-10-20",
    "weekday_name": "Sunday",
    "is_nepal_trading_weekday": true,
    "holiday_validation_status": "weekday_only_unverified",
    "is_official_holiday": null,
    "holiday_title": null,
    "holiday_source": "https://www.nepalstock.com/api/nots/holiday/list?year=2024",
    "official_holiday_fetch_error": "http_401",
    "override_status": "missing",
    "expected_market_session": true
  },
  "total_pages": 1,
  "total_records": 269,
  "row_count_collected": 269,
  "ledger_written": true,
  "ledger_skipped_reason": null
}
[RUN] RHPL 2024-10-21
{
  "symbol": "RHPL",
  "run_date": "2024-10-21",
  "raw_path": "C:\\Users\\ishwor\\Music\\own-organize\\own-market\\market-gist\\broker_flow_ledger\\raw_merolagani\\RHPL\\2024-10-21.json",
  "ledger_path": "C:\\Users\\ishwor\\Music\\own-organize\\own-market\\market-gist\\broker_flow_ledger\\RHPL\\2024-10-21.json",
  "market_day_context": {
    "run_date": "2024-10-21",
    "weekday_name": "Monday",
    "is_nepal_trading_weekday": true,
    "holiday_validation_status": "weekday_only_unverified",
    "is_official_holiday": null,
    "holiday_title": null,
    "holiday_source": "https://www.nepalstock.com/api/nots/holiday/list?year=2024",
    "official_holiday_fetch_error": "http_401",
    "override_status": "missing",
    "expected_market_session": true
  },
  "total_pages": 1,
  "total_records": 245,
  "row_count_collected": 245,
  "ledger_written": true,
  "ledger_skipped_reason": null
}
[RUN] RHPL 2024-10-22
{
  "symbol": "RHPL",
  "run_date": "2024-10-22",
  "raw_path": "C:\\Users\\ishwor\\Music\\own-organize\\own-market\\market-gist\\broker_flow_ledger\\raw_merolagani\\RHPL\\2024-10-22.json",
  "ledger_path": "C:\\Users\\ishwor\\Music\\own-organize\\own-market\\market-gist\\broker_flow_ledger\\RHPL\\2024-10-22.json",
  "market_day_context": {
    "run_date": "2024-10-22",
    "weekday_name": "Tuesday",
    "is_nepal_trading_weekday": true,
    "holiday_validation_status": "weekday_only_unverified",
    "is_official_holiday": null,
    "holiday_title": null,
    "holiday_source": "https://www.nepalstock.com/api/nots/holiday/list?year=2024",
    "official_holiday_fetch_error": "http_401",
    "override_status": "missing",
    "expected_market_session": true
  },
  "total_pages": 1,
  "total_records": 199,
  "row_count_collected": 199,
  "ledger_written": true,
  "ledger_skipped_reason": null
}
[RUN] RHPL 2024-10-23
{
  "symbol": "RHPL",
  "run_date": "2024-10-23",
  "raw_path": "C:\\Users\\ishwor\\Music\\own-organize\\own-market\\market-gist\\broker_flow_ledger\\raw_merolagani\\RHPL\\2024-10-23.json",
  "ledger_path": "C:\\Users\\ishwor\\Music\\own-organize\\own-market\\market-gist\\broker_flow_ledger\\RHPL\\2024-10-23.json",
  "market_day_context": {
    "run_date": "2024-10-23",
    "weekday_name": "Wednesday",
    "is_nepal_trading_weekday": true,
    "holiday_validation_status": "weekday_only_unverified",
    "is_official_holiday": null,
    "holiday_title": null,
    "holiday_source": "https://www.nepalstock.com/api/nots/holiday/list?year=2024",
    "official_holiday_fetch_error": "http_401",
    "override_status": "missing",
    "expected_market_session": true
  },
  "total_pages": 1,
  "total_records": 188,
  "row_count_collected": 188,
  "ledger_written": true,
  "ledger_skipped_reason": null
}
[RUN] RHPL 2024-10-24
{
  "symbol": "RHPL",
  "run_date": "2024-10-24",
  "raw_path": "C:\\Users\\ishwor\\Music\\own-organize\\own-market\\market-gist\\broker_flow_ledger\\raw_merolagani\\RHPL\\2024-10-24.json",
  "ledger_path": "C:\\Users\\ishwor\\Music\\own-organize\\own-market\\market-gist\\broker_flow_ledger\\RHPL\\2024-10-24.json",
  "market_day_context": {
    "run_date": "2024-10-24",
    "weekday_name": "Thursday",
    "is_nepal_trading_weekday": true,
    "holiday_validation_status": "weekday_only_unverified",
    "is_official_holiday": null,
    "holiday_title": null,
    "holiday_source": "https://www.nepalstock.com/api/nots/holiday/list?year=2024",
    "official_holiday_fetch_error": "http_401",
    "override_status": "missing",
    "expected_market_session": true
  },
  "total_pages": 1,
  "total_records": 189,
  "row_count_collected": 189,
  "ledger_written": true,
  "ledger_skipped_reason": null
}
[RUN] RHPL 2024-10-27
{
  "symbol": "RHPL",
  "run_date": "2024-10-27",
  "raw_path": "C:\\Users\\ishwor\\Music\\own-organize\\own-market\\market-gist\\broker_flow_ledger\\raw_merolagani\\RHPL\\2024-10-27.json",
  "ledger_path": "C:\\Users\\ishwor\\Music\\own-organize\\own-market\\market-gist\\broker_flow_ledger\\RHPL\\2024-10-27.json",
  "market_day_context": {
    "run_date": "2024-10-27",
    "weekday_name": "Sunday",
    "is_nepal_trading_weekday": true,
    "holiday_validation_status": "weekday_only_unverified",
    "is_official_holiday": null,
    "holiday_title": null,
    "holiday_source": "https://www.nepalstock.com/api/nots/holiday/list?year=2024",
    "official_holiday_fetch_error": "http_401",
    "override_status": "missing",
    "expected_market_session": true
  },
  "total_pages": 1,
  "total_records": 238,
  "row_count_collected": 238,
  "ledger_written": true,
  "ledger_skipped_reason": null
}
[RUN] RHPL 2024-10-28
{
  "symbol": "RHPL",
  "run_date": "2024-10-28",
  "raw_path": "C:\\Users\\ishwor\\Music\\own-organize\\own-market\\market-gist\\broker_flow_ledger\\raw_merolagani\\RHPL\\2024-10-28.json",
  "ledger_path": "C:\\Users\\ishwor\\Music\\own-organize\\own-market\\market-gist\\broker_flow_ledger\\RHPL\\2024-10-28.json",
  "market_day_context": {
    "run_date": "2024-10-28",
    "weekday_name": "Monday",
    "is_nepal_trading_weekday": true,
    "holiday_validation_status": "weekday_only_unverified",
    "is_official_holiday": null,
    "holiday_title": null,
    "holiday_source": "https://www.nepalstock.com/api/nots/holiday/list?year=2024",
    "official_holiday_fetch_error": "http_401",
    "override_status": "missing",
    "expected_market_session": true
  },
  "total_pages": 1,
  "total_records": 230,
  "row_count_collected": 230,
  "ledger_written": true,
  "ledger_skipped_reason": null
}
[RUN] RHPL 2024-10-29
{
  "symbol": "RHPL",
  "run_date": "2024-10-29",
  "raw_path": "C:\\Users\\ishwor\\Music\\own-organize\\own-market\\market-gist\\broker_flow_ledger\\raw_merolagani\\RHPL\\2024-10-29.json",
  "ledger_path": "C:\\Users\\ishwor\\Music\\own-organize\\own-market\\market-gist\\broker_flow_ledger\\RHPL\\2024-10-29.json",
  "market_day_context": {
    "run_date": "2024-10-29",
    "weekday_name": "Tuesday",
    "is_nepal_trading_weekday": true,
    "holiday_validation_status": "weekday_only_unverified",
    "is_official_holiday": null,
    "holiday_title": null,
    "holiday_source": "https://www.nepalstock.com/api/nots/holiday/list?year=2024",
    "official_holiday_fetch_error": "http_401",
    "override_status": "missing",
    "expected_market_session": true
  },
  "total_pages": 1,
  "total_records": 231,
  "row_count_collected": 231,
  "ledger_written": true,
  "ledger_skipped_reason": null
}
[RUN] RHPL 2024-10-30
{
  "symbol": "RHPL",
  "run_date": "2024-10-30",
  "raw_path": "C:\\Users\\ishwor\\Music\\own-organize\\own-market\\market-gist\\broker_flow_ledger\\raw_merolagani\\RHPL\\2024-10-30.json",
  "ledger_path": "C:\\Users\\ishwor\\Music\\own-organize\\own-market\\market-gist\\broker_flow_ledger\\RHPL\\2024-10-30.json",
  "market_day_context": {
    "run_date": "2024-10-30",
    "weekday_name": "Wednesday",
    "is_nepal_trading_weekday": true,
    "holiday_validation_status": "weekday_only_unverified",
    "is_official_holiday": null,
    "holiday_title": null,
    "holiday_source": "https://www.nepalstock.com/api/nots/holiday/list?year=2024",
    "official_holiday_fetch_error": "http_401",
    "override_status": "missing",
    "expected_market_session": true
  },
  "total_pages": 1,
  "total_records": 157,
  "row_count_collected": 157,
  "ledger_written": true,
  "ledger_skipped_reason": null
}
[RUN] RHPL 2024-10-31
{
  "symbol": "RHPL",
  "run_date": "2024-10-31",
  "raw_path": "C:\\Users\\ishwor\\Music\\own-organize\\own-market\\market-gist\\broker_flow_ledger\\raw_merolagani\\RHPL\\2024-10-31.json",
  "ledger_path": "C:\\Users\\ishwor\\Music\\own-organize\\own-market\\market-gist\\broker_flow_ledger\\RHPL\\2024-10-31.json",
  "market_day_context": {
    "run_date": "2024-10-31",
    "weekday_name": "Thursday",
    "is_nepal_trading_weekday": true,
    "holiday_validation_status": "weekday_only_unverified",
    "is_official_holiday": null,
    "holiday_title": null,
    "holiday_source": "https://www.nepalstock.com/api/nots/holiday/list?year=2024",
    "official_holiday_fetch_error": "http_401",
    "override_status": "missing",
    "expected_market_session": true
  },
  "total_pages": 0,
  "total_records": null,
  "row_count_collected": 0,
  "ledger_written": false,
  "ledger_skipped_reason": "empty_weekday_unverified"
}
[RUN] RHPL 2024-11-03
{
  "symbol": "RHPL",
  "run_date": "2024-11-03",
  "raw_path": "C:\\Users\\ishwor\\Music\\own-organize\\own-market\\market-gist\\broker_flow_ledger\\raw_merolagani\\RHPL\\2024-11-03.json",
  "ledger_path": "C:\\Users\\ishwor\\Music\\own-organize\\own-market\\market-gist\\broker_flow_ledger\\RHPL\\2024-11-03.json",
  "market_day_context": {
    "run_date": "2024-11-03",
    "weekday_name": "Sunday",
    "is_nepal_trading_weekday": true,
    "holiday_validation_status": "weekday_only_unverified",
    "is_official_holiday": null,
    "holiday_title": null,
    "holiday_source": "https://www.nepalstock.com/api/nots/holiday/list?year=2024",
    "official_holiday_fetch_error": "http_401",
    "override_status": "missing",
    "expected_market_session": true
  },
  "total_pages": 0,
  "total_records": null,
  "row_count_collected": 0,
  "ledger_written": false,
  "ledger_skipped_reason": "empty_weekday_unverified"
}
[RUN] RHPL 2024-11-04
{
  "symbol": "RHPL",
  "run_date": "2024-11-04",
  "raw_path": "C:\\Users\\ishwor\\Music\\own-organize\\own-market\\market-gist\\broker_flow_ledger\\raw_merolagani\\RHPL\\2024-11-04.json",
  "ledger_path": "C:\\Users\\ishwor\\Music\\own-organize\\own-market\\market-gist\\broker_flow_ledger\\RHPL\\2024-11-04.json",
  "market_day_context": {
    "run_date": "2024-11-04",
    "weekday_name": "Monday",
    "is_nepal_trading_weekday": true,
    "holiday_validation_status": "weekday_only_unverified",
    "is_official_holiday": null,
    "holiday_title": null,
    "holiday_source": "https://www.nepalstock.com/api/nots/holiday/list?year=2024",
    "official_holiday_fetch_error": "http_401",
    "override_status": "missing",
    "expected_market_session": true
  },
  "total_pages": 0,
  "total_records": null,
  "row_count_collected": 0,
  "ledger_written": false,
  "ledger_skipped_reason": "empty_weekday_unverified"
}
[RUN] RHPL 2024-11-05
{
  "symbol": "RHPL",
  "run_date": "2024-11-05",
  "raw_path": "C:\\Users\\ishwor\\Music\\own-organize\\own-market\\market-gist\\broker_flow_ledger\\raw_merolagani\\RHPL\\2024-11-05.json",
  "ledger_path": "C:\\Users\\ishwor\\Music\\own-organize\\own-market\\market-gist\\broker_flow_ledger\\RHPL\\2024-11-05.json",
  "market_day_context": {
    "run_date": "2024-11-05",
    "weekday_name": "Tuesday",
    "is_nepal_trading_weekday": true,
    "holiday_validation_status": "weekday_only_unverified",
    "is_official_holiday": null,
    "holiday_title": null,
    "holiday_source": "https://www.nepalstock.com/api/nots/holiday/list?year=2024",
    "official_holiday_fetch_error": "http_401",
    "override_status": "missing",
    "expected_market_session": true
  },
  "total_pages": 3,
  "total_records": 1135,
  "row_count_collected": 1135,
  "ledger_written": true,
  "ledger_skipped_reason": null
}
[RUN] RHPL 2024-11-06
{
  "symbol": "RHPL",
  "run_date": "2024-11-06",
  "raw_path": "C:\\Users\\ishwor\\Music\\own-organize\\own-market\\market-gist\\broker_flow_ledger\\raw_merolagani\\RHPL\\2024-11-06.json",
  "ledger_path": "C:\\Users\\ishwor\\Music\\own-organize\\own-market\\market-gist\\broker_flow_ledger\\RHPL\\2024-11-06.json",
  "market_day_context": {
    "run_date": "2024-11-06",
    "weekday_name": "Wednesday",
    "is_nepal_trading_weekday": true,
    "holiday_validation_status": "weekday_only_unverified",
    "is_official_holiday": null,
    "holiday_title": null,
    "holiday_source": "https://www.nepalstock.com/api/nots/holiday/list?year=2024",
    "official_holiday_fetch_error": "http_401",
    "override_status": "missing",
    "expected_market_session": true
  },
  "total_pages": 1,
  "total_records": 452,
  "row_count_collected": 452,
  "ledger_written": true,
  "ledger_skipped_reason": null
}
[RUN] RHPL 2024-11-07
{
  "symbol": "RHPL",
  "run_date": "2024-11-07",
  "raw_path": "C:\\Users\\ishwor\\Music\\own-organize\\own-market\\market-gist\\broker_flow_ledger\\raw_merolagani\\RHPL\\2024-11-07.json",
  "ledger_path": "C:\\Users\\ishwor\\Music\\own-organize\\own-market\\market-gist\\broker_flow_ledger\\RHPL\\2024-11-07.json",
  "market_day_context": {
    "run_date": "2024-11-07",
    "weekday_name": "Thursday",
    "is_nepal_trading_weekday": true,
    "holiday_validation_status": "weekday_only_unverified",
    "is_official_holiday": null,
    "holiday_title": null,
    "holiday_source": "https://www.nepalstock.com/api/nots/holiday/list?year=2024",
    "official_holiday_fetch_error": "http_401",
    "override_status": "missing",
    "expected_market_session": true
  },
  "total_pages": 0,
  "total_records": null,
  "row_count_collected": 0,
  "ledger_written": false,
  "ledger_skipped_reason": "empty_weekday_unverified"
}
[RUN] RHPL 2024-11-10
{
  "symbol": "RHPL",
  "run_date": "2024-11-10",
  "raw_path": "C:\\Users\\ishwor\\Music\\own-organize\\own-market\\market-gist\\broker_flow_ledger\\raw_merolagani\\RHPL\\2024-11-10.json",
  "ledger_path": "C:\\Users\\ishwor\\Music\\own-organize\\own-market\\market-gist\\broker_flow_ledger\\RHPL\\2024-11-10.json",
  "market_day_context": {
    "run_date": "2024-11-10",
    "weekday_name": "Sunday",
    "is_nepal_trading_weekday": true,
    "holiday_validation_status": "weekday_only_unverified",
    "is_official_holiday": null,
    "holiday_title": null,
    "holiday_source": "https://www.nepalstock.com/api/nots/holiday/list?year=2024",
    "official_holiday_fetch_error": "http_401",
    "override_status": "missing",
    "expected_market_session": true
  },
  "total_pages": 2,
  "total_records": 807,
  "row_count_collected": 807,
  "ledger_written": true,
  "ledger_skipped_reason": null
}
[RUN] RHPL 2024-11-11
{
  "symbol": "RHPL",
  "run_date": "2024-11-11",
  "raw_path": "C:\\Users\\ishwor\\Music\\own-organize\\own-market\\market-gist\\broker_flow_ledger\\raw_merolagani\\RHPL\\2024-11-11.json",
  "ledger_path": "C:\\Users\\ishwor\\Music\\own-organize\\own-market\\market-gist\\broker_flow_ledger\\RHPL\\2024-11-11.json",
  "market_day_context": {
    "run_date": "2024-11-11",
    "weekday_name": "Monday",
    "is_nepal_trading_weekday": true,
    "holiday_validation_status": "weekday_only_unverified",
    "is_official_holiday": null,
    "holiday_title": null,
    "holiday_source": "https://www.nepalstock.com/api/nots/holiday/list?year=2024",
    "official_holiday_fetch_error": "http_401",
    "override_status": "missing",
    "expected_market_session": true
  },
  "total_pages": 2,
  "total_records": 547,
  "row_count_collected": 547,
  "ledger_written": true,
  "ledger_skipped_reason": null
}
[RUN] RHPL 2024-11-12
{
  "symbol": "RHPL",
  "run_date": "2024-11-12",
  "raw_path": "C:\\Users\\ishwor\\Music\\own-organize\\own-market\\market-gist\\broker_flow_ledger\\raw_merolagani\\RHPL\\2024-11-12.json",
  "ledger_path": "C:\\Users\\ishwor\\Music\\own-organize\\own-market\\market-gist\\broker_flow_ledger\\RHPL\\2024-11-12.json",
  "market_day_context": {
    "run_date": "2024-11-12",
    "weekday_name": "Tuesday",
    "is_nepal_trading_weekday": true,
    "holiday_validation_status": "weekday_only_unverified",
    "is_official_holiday": null,
    "holiday_title": null,
    "holiday_source": "https://www.nepalstock.com/api/nots/holiday/list?year=2024",
    "official_holiday_fetch_error": "http_401",
    "override_status": "missing",
    "expected_market_session": true
  },
  "total_pages": 2,
  "total_records": 534,
  "row_count_collected": 534,
  "ledger_written": true,
  "ledger_skipped_reason": null
}
[RUN] RHPL 2024-11-13
{
  "symbol": "RHPL",
  "run_date": "2024-11-13",
  "raw_path": "C:\\Users\\ishwor\\Music\\own-organize\\own-market\\market-gist\\broker_flow_ledger\\raw_merolagani\\RHPL\\2024-11-13.json",
  "ledger_path": "C:\\Users\\ishwor\\Music\\own-organize\\own-market\\market-gist\\broker_flow_ledger\\RHPL\\2024-11-13.json",
  "market_day_context": {
    "run_date": "2024-11-13",
    "weekday_name": "Wednesday",
    "is_nepal_trading_weekday": true,
    "holiday_validation_status": "weekday_only_unverified",
    "is_official_holiday": null,
    "holiday_title": null,
    "holiday_source": "https://www.nepalstock.com/api/nots/holiday/list?year=2024",
    "official_holiday_fetch_error": "http_401",
    "override_status": "missing",
    "expected_market_session": true
  },
  "total_pages": 1,
  "total_records": 402,
  "row_count_collected": 402,
  "ledger_written": true,
  "ledger_skipped_reason": null
}
[RUN] RHPL 2024-11-14
{
  "symbol": "RHPL",
  "run_date": "2024-11-14",
  "raw_path": "C:\\Users\\ishwor\\Music\\own-organize\\own-market\\market-gist\\broker_flow_ledger\\raw_merolagani\\RHPL\\2024-11-14.json",
  "ledger_path": "C:\\Users\\ishwor\\Music\\own-organize\\own-market\\market-gist\\broker_flow_ledger\\RHPL\\2024-11-14.json",
  "market_day_context": {
    "run_date": "2024-11-14",
    "weekday_name": "Thursday",
    "is_nepal_trading_weekday": true,
    "holiday_validation_status": "weekday_only_unverified",
    "is_official_holiday": null,
    "holiday_title": null,
    "holiday_source": "https://www.nepalstock.com/api/nots/holiday/list?year=2024",
    "official_holiday_fetch_error": "http_401",
    "override_status": "missing",
    "expected_market_session": true
  },
  "total_pages": 4,
  "total_records": 1657,
  "row_count_collected": 1657,
  "ledger_written": true,
  "ledger_skipped_reason": null
}
[RUN] RHPL 2024-11-17
{
  "symbol": "RHPL",
  "run_date": "2024-11-17",
  "raw_path": "C:\\Users\\ishwor\\Music\\own-organize\\own-market\\market-gist\\broker_flow_ledger\\raw_merolagani\\RHPL\\2024-11-17.json",
  "ledger_path": "C:\\Users\\ishwor\\Music\\own-organize\\own-market\\market-gist\\broker_flow_ledger\\RHPL\\2024-11-17.json",
  "market_day_context": {
    "run_date": "2024-11-17",
    "weekday_name": "Sunday",
    "is_nepal_trading_weekday": true,
    "holiday_validation_status": "weekday_only_unverified",
    "is_official_holiday": null,
    "holiday_title": null,
    "holiday_source": "https://www.nepalstock.com/api/nots/holiday/list?year=2024",
    "official_holiday_fetch_error": "http_401",
    "override_status": "missing",
    "expected_market_session": true
  },
  "total_pages": 2,
  "total_records": 686,
  "row_count_collected": 686,
  "ledger_written": true,
  "ledger_skipped_reason": null
}
[RUN] RHPL 2024-11-18
{
  "symbol": "RHPL",
  "run_date": "2024-11-18",
  "raw_path": "C:\\Users\\ishwor\\Music\\own-organize\\own-market\\market-gist\\broker_flow_ledger\\raw_merolagani\\RHPL\\2024-11-18.json",
  "ledger_path": "C:\\Users\\ishwor\\Music\\own-organize\\own-market\\market-gist\\broker_flow_ledger\\RHPL\\2024-11-18.json",
  "market_day_context": {
    "run_date": "2024-11-18",
    "weekday_name": "Monday",
    "is_nepal_trading_weekday": true,
    "holiday_validation_status": "weekday_only_unverified",
    "is_official_holiday": null,
    "holiday_title": null,
    "holiday_source": "https://www.nepalstock.com/api/nots/holiday/list?year=2024",
    "official_holiday_fetch_error": "http_401",
    "override_status": "missing",
    "expected_market_session": true
  },
  "total_pages": 0,
  "total_records": null,
  "row_count_collected": 0,
  "ledger_written": false,
  "ledger_skipped_reason": "empty_weekday_unverified"
}
[RUN] RHPL 2024-11-19
{
  "symbol": "RHPL",
  "run_date": "2024-11-19",
  "raw_path": "C:\\Users\\ishwor\\Music\\own-organize\\own-market\\market-gist\\broker_flow_ledger\\raw_merolagani\\RHPL\\2024-11-19.json",
  "ledger_path": "C:\\Users\\ishwor\\Music\\own-organize\\own-market\\market-gist\\broker_flow_ledger\\RHPL\\2024-11-19.json",
  "market_day_context": {
    "run_date": "2024-11-19",
    "weekday_name": "Tuesday",
    "is_nepal_trading_weekday": true,
    "holiday_validation_status": "weekday_only_unverified",
    "is_official_holiday": null,
    "holiday_title": null,
    "holiday_source": "https://www.nepalstock.com/api/nots/holiday/list?year=2024",
    "official_holiday_fetch_error": "http_401",
    "override_status": "missing",
    "expected_market_session": true
  },
  "total_pages": 2,
  "total_records": 745,
  "row_count_collected": 745,
  "ledger_written": true,
  "ledger_skipped_reason": null
}
[RUN] RHPL 2024-11-20
{
  "symbol": "RHPL",
  "run_date": "2024-11-20",
  "raw_path": "C:\\Users\\ishwor\\Music\\own-organize\\own-market\\market-gist\\broker_flow_ledger\\raw_merolagani\\RHPL\\2024-11-20.json",
  "ledger_path": "C:\\Users\\ishwor\\Music\\own-organize\\own-market\\market-gist\\broker_flow_ledger\\RHPL\\2024-11-20.json",
  "market_day_context": {
    "run_date": "2024-11-20",
    "weekday_name": "Wednesday",
    "is_nepal_trading_weekday": true,
    "holiday_validation_status": "weekday_only_unverified",
    "is_official_holiday": null,
    "holiday_title": null,
    "holiday_source": "https://www.nepalstock.com/api/nots/holiday/list?year=2024",
    "official_holiday_fetch_error": "http_401",
    "override_status": "missing",
    "expected_market_session": true
  },
  "total_pages": 2,
  "total_records": 564,
  "row_count_collected": 564,
  "ledger_written": true,
  "ledger_skipped_reason": null
}
[RUN] RHPL 2024-11-21
{
  "symbol": "RHPL",
  "run_date": "2024-11-21",
  "raw_path": "C:\\Users\\ishwor\\Music\\own-organize\\own-market\\market-gist\\broker_flow_ledger\\raw_merolagani\\RHPL\\2024-11-21.json",
  "ledger_path": "C:\\Users\\ishwor\\Music\\own-organize\\own-market\\market-gist\\broker_flow_ledger\\RHPL\\2024-11-21.json",
  "market_day_context": {
    "run_date": "2024-11-21",
    "weekday_name": "Thursday",
    "is_nepal_trading_weekday": true,
    "holiday_validation_status": "weekday_only_unverified",
    "is_official_holiday": null,
    "holiday_title": null,
    "holiday_source": "https://www.nepalstock.com/api/nots/holiday/list?year=2024",
    "official_holiday_fetch_error": "http_401",
    "override_status": "missing",
    "expected_market_session": true
  },
  "total_pages": 4,
  "total_records": 1557,
  "row_count_collected": 1557,
  "ledger_written": true,
  "ledger_skipped_reason": null
}
[RUN] RHPL 2024-11-24
{
  "symbol": "RHPL",
  "run_date": "2024-11-24",
  "raw_path": "C:\\Users\\ishwor\\Music\\own-organize\\own-market\\market-gist\\broker_flow_ledger\\raw_merolagani\\RHPL\\2024-11-24.json",
  "ledger_path": "C:\\Users\\ishwor\\Music\\own-organize\\own-market\\market-gist\\broker_flow_ledger\\RHPL\\2024-11-24.json",
  "market_day_context": {
    "run_date": "2024-11-24",
    "weekday_name": "Sunday",
    "is_nepal_trading_weekday": true,
    "holiday_validation_status": "weekday_only_unverified",
    "is_official_holiday": null,
    "holiday_title": null,
    "holiday_source": "https://www.nepalstock.com/api/nots/holiday/list?year=2024",
    "official_holiday_fetch_error": "http_401",
    "override_status": "missing",
    "expected_market_session": true
  },
  "total_pages": 3,
  "total_records": 1376,
  "row_count_collected": 1376,
  "ledger_written": true,
  "ledger_skipped_reason": null
}
[RUN] RHPL 2024-11-25
{
  "symbol": "RHPL",
  "run_date": "2024-11-25",
  "raw_path": "C:\\Users\\ishwor\\Music\\own-organize\\own-market\\market-gist\\broker_flow_ledger\\raw_merolagani\\RHPL\\2024-11-25.json",
  "ledger_path": "C:\\Users\\ishwor\\Music\\own-organize\\own-market\\market-gist\\broker_flow_ledger\\RHPL\\2024-11-25.json",
  "market_day_context": {
    "run_date": "2024-11-25",
    "weekday_name": "Monday",
    "is_nepal_trading_weekday": true,
    "holiday_validation_status": "weekday_only_unverified",
    "is_official_holiday": null,
    "holiday_title": null,
    "holiday_source": "https://www.nepalstock.com/api/nots/holiday/list?year=2024",
    "official_holiday_fetch_error": "http_401",
    "override_status": "missing",
    "expected_market_session": true
  },
  "total_pages": 2,
  "total_records": 771,
  "row_count_collected": 771,
  "ledger_written": true,
  "ledger_skipped_reason": null
}
[RUN] RHPL 2024-11-26
{
  "symbol": "RHPL",
  "run_date": "2024-11-26",
  "raw_path": "C:\\Users\\ishwor\\Music\\own-organize\\own-market\\market-gist\\broker_flow_ledger\\raw_merolagani\\RHPL\\2024-11-26.json",
  "ledger_path": "C:\\Users\\ishwor\\Music\\own-organize\\own-market\\market-gist\\broker_flow_ledger\\RHPL\\2024-11-26.json",
  "market_day_context": {
    "run_date": "2024-11-26",
    "weekday_name": "Tuesday",
    "is_nepal_trading_weekday": true,
    "holiday_validation_status": "weekday_only_unverified",
    "is_official_holiday": null,
    "holiday_title": null,
    "holiday_source": "https://www.nepalstock.com/api/nots/holiday/list?year=2024",
    "official_holiday_fetch_error": "http_401",
    "override_status": "missing",
    "expected_market_session": true
  },
  "total_pages": 2,
  "total_records": 891,
  "row_count_collected": 891,
  "ledger_written": true,
  "ledger_skipped_reason": null
}
[RUN] RHPL 2024-11-27
{
  "symbol": "RHPL",
  "run_date": "2024-11-27",
  "raw_path": "C:\\Users\\ishwor\\Music\\own-organize\\own-market\\market-gist\\broker_flow_ledger\\raw_merolagani\\RHPL\\2024-11-27.json",
  "ledger_path": "C:\\Users\\ishwor\\Music\\own-organize\\own-market\\market-gist\\broker_flow_ledger\\RHPL\\2024-11-27.json",
  "market_day_context": {
    "run_date": "2024-11-27",
    "weekday_name": "Wednesday",
    "is_nepal_trading_weekday": true,
    "holiday_validation_status": "weekday_only_unverified",
    "is_official_holiday": null,
    "holiday_title": null,
    "holiday_source": "https://www.nepalstock.com/api/nots/holiday/list?year=2024",
    "official_holiday_fetch_error": "http_401",
    "override_status": "missing",
    "expected_market_session": true
  },
  "total_pages": 4,
  "total_records": 1594,
  "row_count_collected": 1594,
  "ledger_written": true,
  "ledger_skipped_reason": null
}
[RUN] RHPL 2024-11-28
{
  "symbol": "RHPL",
  "run_date": "2024-11-28",
  "raw_path": "C:\\Users\\ishwor\\Music\\own-organize\\own-market\\market-gist\\broker_flow_ledger\\raw_merolagani\\RHPL\\2024-11-28.json",
  "ledger_path": "C:\\Users\\ishwor\\Music\\own-organize\\own-market\\market-gist\\broker_flow_ledger\\RHPL\\2024-11-28.json",
  "market_day_context": {
    "run_date": "2024-11-28",
    "weekday_name": "Thursday",
    "is_nepal_trading_weekday": true,
    "holiday_validation_status": "weekday_only_unverified",
    "is_official_holiday": null,
    "holiday_title": null,
    "holiday_source": "https://www.nepalstock.com/api/nots/holiday/list?year=2024",
    "official_holiday_fetch_error": "http_401",
    "override_status": "missing",
    "expected_market_session": true
  },
  "total_pages": 2,
  "total_records": 876,
  "row_count_collected": 876,
  "ledger_written": true,
  "ledger_skipped_reason": null
}
[RUN] RHPL 2024-12-01
{
  "symbol": "RHPL",
  "run_date": "2024-12-01",
  "raw_path": "C:\\Users\\ishwor\\Music\\own-organize\\own-market\\market-gist\\broker_flow_ledger\\raw_merolagani\\RHPL\\2024-12-01.json",
  "ledger_path": "C:\\Users\\ishwor\\Music\\own-organize\\own-market\\market-gist\\broker_flow_ledger\\RHPL\\2024-12-01.json",
  "market_day_context": {
    "run_date": "2024-12-01",
    "weekday_name": "Sunday",
    "is_nepal_trading_weekday": true,
    "holiday_validation_status": "weekday_only_unverified",
    "is_official_holiday": null,
    "holiday_title": null,
    "holiday_source": "https://www.nepalstock.com/api/nots/holiday/list?year=2024",
    "official_holiday_fetch_error": "http_401",
    "override_status": "missing",
    "expected_market_session": true
  },
  "total_pages": 2,
  "total_records": 698,
  "row_count_collected": 698,
  "ledger_written": true,
  "ledger_skipped_reason": null
}
[RUN] RHPL 2024-12-02
{
  "symbol": "RHPL",
  "run_date": "2024-12-02",
  "raw_path": "C:\\Users\\ishwor\\Music\\own-organize\\own-market\\market-gist\\broker_flow_ledger\\raw_merolagani\\RHPL\\2024-12-02.json",
  "ledger_path": "C:\\Users\\ishwor\\Music\\own-organize\\own-market\\market-gist\\broker_flow_ledger\\RHPL\\2024-12-02.json",
  "market_day_context": {
    "run_date": "2024-12-02",
    "weekday_name": "Monday",
    "is_nepal_trading_weekday": true,
    "holiday_validation_status": "weekday_only_unverified",
    "is_official_holiday": null,
    "holiday_title": null,
    "holiday_source": "https://www.nepalstock.com/api/nots/holiday/list?year=2024",
    "official_holiday_fetch_error": "http_401",
    "override_status": "missing",
    "expected_market_session": true
  },
  "total_pages": 2,
  "total_records": 511,
  "row_count_collected": 511,
  "ledger_written": true,
  "ledger_skipped_reason": null
}
[RUN] RHPL 2024-12-03
{
  "symbol": "RHPL",
  "run_date": "2024-12-03",
  "raw_path": "C:\\Users\\ishwor\\Music\\own-organize\\own-market\\market-gist\\broker_flow_ledger\\raw_merolagani\\RHPL\\2024-12-03.json",
  "ledger_path": "C:\\Users\\ishwor\\Music\\own-organize\\own-market\\market-gist\\broker_flow_ledger\\RHPL\\2024-12-03.json",
  "market_day_context": {
    "run_date": "2024-12-03",
    "weekday_name": "Tuesday",
    "is_nepal_trading_weekday": true,
    "holiday_validation_status": "weekday_only_unverified",
    "is_official_holiday": null,
    "holiday_title": null,
    "holiday_source": "https://www.nepalstock.com/api/nots/holiday/list?year=2024",
    "official_holiday_fetch_error": "http_401",
    "override_status": "missing",
    "expected_market_session": true
  },
  "total_pages": 2,
  "total_records": 758,
  "row_count_collected": 758,
  "ledger_written": true,
  "ledger_skipped_reason": null
}
[RUN] RHPL 2024-12-04
{
  "symbol": "RHPL",
  "run_date": "2024-12-04",
  "raw_path": "C:\\Users\\ishwor\\Music\\own-organize\\own-market\\market-gist\\broker_flow_ledger\\raw_merolagani\\RHPL\\2024-12-04.json",
  "ledger_path": "C:\\Users\\ishwor\\Music\\own-organize\\own-market\\market-gist\\broker_flow_ledger\\RHPL\\2024-12-04.json",
  "market_day_context": {
    "run_date": "2024-12-04",
    "weekday_name": "Wednesday",
    "is_nepal_trading_weekday": true,
    "holiday_validation_status": "weekday_only_unverified",
    "is_official_holiday": null,
    "holiday_title": null,
    "holiday_source": "https://www.nepalstock.com/api/nots/holiday/list?year=2024",
    "official_holiday_fetch_error": "http_401",
    "override_status": "missing",
    "expected_market_session": true
  },
  "total_pages": 3,
  "total_records": 1396,
  "row_count_collected": 1396,
  "ledger_written": true,
  "ledger_skipped_reason": null
}
[RUN] RHPL 2024-12-05
{
  "symbol": "RHPL",
  "run_date": "2024-12-05",
  "raw_path": "C:\\Users\\ishwor\\Music\\own-organize\\own-market\\market-gist\\broker_flow_ledger\\raw_merolagani\\RHPL\\2024-12-05.json",
  "ledger_path": "C:\\Users\\ishwor\\Music\\own-organize\\own-market\\market-gist\\broker_flow_ledger\\RHPL\\2024-12-05.json",
  "market_day_context": {
    "run_date": "2024-12-05",
    "weekday_name": "Thursday",
    "is_nepal_trading_weekday": true,
    "holiday_validation_status": "weekday_only_unverified",
    "is_official_holiday": null,
    "holiday_title": null,
    "holiday_source": "https://www.nepalstock.com/api/nots/holiday/list?year=2024",
    "official_holiday_fetch_error": "http_401",
    "override_status": "missing",
    "expected_market_session": true
  },
  "total_pages": 3,
  "total_records": 1197,
  "row_count_collected": 1197,
  "ledger_written": true,
  "ledger_skipped_reason": null
}
[RUN] RHPL 2024-12-08
{
  "symbol": "RHPL",
  "run_date": "2024-12-08",
  "raw_path": "C:\\Users\\ishwor\\Music\\own-organize\\own-market\\market-gist\\broker_flow_ledger\\raw_merolagani\\RHPL\\2024-12-08.json",
  "ledger_path": "C:\\Users\\ishwor\\Music\\own-organize\\own-market\\market-gist\\broker_flow_ledger\\RHPL\\2024-12-08.json",
  "market_day_context": {
    "run_date": "2024-12-08",
    "weekday_name": "Sunday",
    "is_nepal_trading_weekday": true,
    "holiday_validation_status": "weekday_only_unverified",
    "is_official_holiday": null,
    "holiday_title": null,
    "holiday_source": "https://www.nepalstock.com/api/nots/holiday/list?year=2024",
    "official_holiday_fetch_error": "http_401",
    "override_status": "missing",
    "expected_market_session": true
  },
  "total_pages": 2,
  "total_records": 873,
  "row_count_collected": 873,
  "ledger_written": true,
  "ledger_skipped_reason": null
}
[RUN] RHPL 2024-12-09
{
  "symbol": "RHPL",
  "run_date": "2024-12-09",
  "raw_path": "C:\\Users\\ishwor\\Music\\own-organize\\own-market\\market-gist\\broker_flow_ledger\\raw_merolagani\\RHPL\\2024-12-09.json",
  "ledger_path": "C:\\Users\\ishwor\\Music\\own-organize\\own-market\\market-gist\\broker_flow_ledger\\RHPL\\2024-12-09.json",
  "market_day_context": {
    "run_date": "2024-12-09",
    "weekday_name": "Monday",
    "is_nepal_trading_weekday": true,
    "holiday_validation_status": "weekday_only_unverified",
    "is_official_holiday": null,
    "holiday_title": null,
    "holiday_source": "https://www.nepalstock.com/api/nots/holiday/list?year=2024",
    "official_holiday_fetch_error": "http_401",
    "override_status": "missing",
    "expected_market_session": true
  },
  "total_pages": 1,
  "total_records": 475,
  "row_count_collected": 475,
  "ledger_written": true,
  "ledger_skipped_reason": null
}
[RUN] RHPL 2024-12-10
{
  "symbol": "RHPL",
  "run_date": "2024-12-10",
  "raw_path": "C:\\Users\\ishwor\\Music\\own-organize\\own-market\\market-gist\\broker_flow_ledger\\raw_merolagani\\RHPL\\2024-12-10.json",
  "ledger_path": "C:\\Users\\ishwor\\Music\\own-organize\\own-market\\market-gist\\broker_flow_ledger\\RHPL\\2024-12-10.json",
  "market_day_context": {
    "run_date": "2024-12-10",
    "weekday_name": "Tuesday",
    "is_nepal_trading_weekday": true,
    "holiday_validation_status": "weekday_only_unverified",
    "is_official_holiday": null,
    "holiday_title": null,
    "holiday_source": "https://www.nepalstock.com/api/nots/holiday/list?year=2024",
    "official_holiday_fetch_error": "http_401",
    "override_status": "missing",
    "expected_market_session": true
  },
  "total_pages": 1,
  "total_records": 451,
  "row_count_collected": 451,
  "ledger_written": true,
  "ledger_skipped_reason": null
}
[RUN] RHPL 2024-12-11
{
  "symbol": "RHPL",
  "run_date": "2024-12-11",
  "raw_path": "C:\\Users\\ishwor\\Music\\own-organize\\own-market\\market-gist\\broker_flow_ledger\\raw_merolagani\\RHPL\\2024-12-11.json",
  "ledger_path": "C:\\Users\\ishwor\\Music\\own-organize\\own-market\\market-gist\\broker_flow_ledger\\RHPL\\2024-12-11.json",
  "market_day_context": {
    "run_date": "2024-12-11",
    "weekday_name": "Wednesday",
    "is_nepal_trading_weekday": true,
    "holiday_validation_status": "weekday_only_unverified",
    "is_official_holiday": null,
    "holiday_title": null,
    "holiday_source": "https://www.nepalstock.com/api/nots/holiday/list?year=2024",
    "official_holiday_fetch_error": "http_401",
    "override_status": "missing",
    "expected_market_session": true
  },
  "total_pages": 1,
  "total_records": 440,
  "row_count_collected": 440,
  "ledger_written": true,
  "ledger_skipped_reason": null
}
[RUN] RHPL 2024-12-12
{
  "symbol": "RHPL",
  "run_date": "2024-12-12",
  "raw_path": "C:\\Users\\ishwor\\Music\\own-organize\\own-market\\market-gist\\broker_flow_ledger\\raw_merolagani\\RHPL\\2024-12-12.json",
  "ledger_path": "C:\\Users\\ishwor\\Music\\own-organize\\own-market\\market-gist\\broker_flow_ledger\\RHPL\\2024-12-12.json",
  "market_day_context": {
    "run_date": "2024-12-12",
    "weekday_name": "Thursday",
    "is_nepal_trading_weekday": true,
    "holiday_validation_status": "weekday_only_unverified",
    "is_official_holiday": null,
    "holiday_title": null,
    "holiday_source": "https://www.nepalstock.com/api/nots/holiday/list?year=2024",
    "official_holiday_fetch_error": "http_401",
    "override_status": "missing",
    "expected_market_session": true
  },
  "total_pages": 1,
  "total_records": 390,
  "row_count_collected": 390,
  "ledger_written": true,
  "ledger_skipped_reason": null
}
[RUN] RHPL 2024-12-15
{
  "symbol": "RHPL",
  "run_date": "2024-12-15",
  "raw_path": "C:\\Users\\ishwor\\Music\\own-organize\\own-market\\market-gist\\broker_flow_ledger\\raw_merolagani\\RHPL\\2024-12-15.json",
  "ledger_path": "C:\\Users\\ishwor\\Music\\own-organize\\own-market\\market-gist\\broker_flow_ledger\\RHPL\\2024-12-15.json",
  "market_day_context": {
    "run_date": "2024-12-15",
    "weekday_name": "Sunday",
    "is_nepal_trading_weekday": true,
    "holiday_validation_status": "weekday_only_unverified",
    "is_official_holiday": null,
    "holiday_title": null,
    "holiday_source": "https://www.nepalstock.com/api/nots/holiday/list?year=2024",
    "official_holiday_fetch_error": "http_401",
    "override_status": "missing",
    "expected_market_session": true
  },
  "total_pages": 0,
  "total_records": null,
  "row_count_collected": 0,
  "ledger_written": false,
  "ledger_skipped_reason": "empty_weekday_unverified"
}
[RUN] RHPL 2024-12-16
{
  "symbol": "RHPL",
  "run_date": "2024-12-16",
  "raw_path": "C:\\Users\\ishwor\\Music\\own-organize\\own-market\\market-gist\\broker_flow_ledger\\raw_merolagani\\RHPL\\2024-12-16.json",
  "ledger_path": "C:\\Users\\ishwor\\Music\\own-organize\\own-market\\market-gist\\broker_flow_ledger\\RHPL\\2024-12-16.json",
  "market_day_context": {
    "run_date": "2024-12-16",
    "weekday_name": "Monday",
    "is_nepal_trading_weekday": true,
    "holiday_validation_status": "weekday_only_unverified",
    "is_official_holiday": null,
    "holiday_title": null,
    "holiday_source": "https://www.nepalstock.com/api/nots/holiday/list?year=2024",
    "official_holiday_fetch_error": "http_401",
    "override_status": "missing",
    "expected_market_session": true
  },
  "total_pages": 1,
  "total_records": 403,
  "row_count_collected": 403,
  "ledger_written": true,
  "ledger_skipped_reason": null
}
[RUN] RHPL 2024-12-17
{
  "symbol": "RHPL",
  "run_date": "2024-12-17",
  "raw_path": "C:\\Users\\ishwor\\Music\\own-organize\\own-market\\market-gist\\broker_flow_ledger\\raw_merolagani\\RHPL\\2024-12-17.json",
  "ledger_path": "C:\\Users\\ishwor\\Music\\own-organize\\own-market\\market-gist\\broker_flow_ledger\\RHPL\\2024-12-17.json",
  "market_day_context": {
    "run_date": "2024-12-17",
    "weekday_name": "Tuesday",
    "is_nepal_trading_weekday": true,
    "holiday_validation_status": "weekday_only_unverified",
    "is_official_holiday": null,
    "holiday_title": null,
    "holiday_source": "https://www.nepalstock.com/api/nots/holiday/list?year=2024",
    "official_holiday_fetch_error": "http_401",
    "override_status": "missing",
    "expected_market_session": true
  },
  "total_pages": 1,
  "total_records": 446,
  "row_count_collected": 446,
  "ledger_written": true,
  "ledger_skipped_reason": null
}
[RUN] RHPL 2024-12-18
{
  "symbol": "RHPL",
  "run_date": "2024-12-18",
  "raw_path": "C:\\Users\\ishwor\\Music\\own-organize\\own-market\\market-gist\\broker_flow_ledger\\raw_merolagani\\RHPL\\2024-12-18.json",
  "ledger_path": "C:\\Users\\ishwor\\Music\\own-organize\\own-market\\market-gist\\broker_flow_ledger\\RHPL\\2024-12-18.json",
  "market_day_context": {
    "run_date": "2024-12-18",
    "weekday_name": "Wednesday",
    "is_nepal_trading_weekday": true,
    "holiday_validation_status": "weekday_only_unverified",
    "is_official_holiday": null,
    "holiday_title": null,
    "holiday_source": "https://www.nepalstock.com/api/nots/holiday/list?year=2024",
    "official_holiday_fetch_error": "http_401",
    "override_status": "missing",
    "expected_market_session": true
  },
  "total_pages": 1,
  "total_records": 354,
  "row_count_collected": 354,
  "ledger_written": true,
  "ledger_skipped_reason": null
}
[RUN] RHPL 2024-12-19
{
  "symbol": "RHPL",
  "run_date": "2024-12-19",
  "raw_path": "C:\\Users\\ishwor\\Music\\own-organize\\own-market\\market-gist\\broker_flow_ledger\\raw_merolagani\\RHPL\\2024-12-19.json",
  "ledger_path": "C:\\Users\\ishwor\\Music\\own-organize\\own-market\\market-gist\\broker_flow_ledger\\RHPL\\2024-12-19.json",
  "market_day_context": {
    "run_date": "2024-12-19",
    "weekday_name": "Thursday",
    "is_nepal_trading_weekday": true,
    "holiday_validation_status": "weekday_only_unverified",
    "is_official_holiday": null,
    "holiday_title": null,
    "holiday_source": "https://www.nepalstock.com/api/nots/holiday/list?year=2024",
    "official_holiday_fetch_error": "http_401",
    "override_status": "missing",
    "expected_market_session": true
  },
  "total_pages": 1,
  "total_records": 288,
  "row_count_collected": 288,
  "ledger_written": true,
  "ledger_skipped_reason": null
}
[RUN] RHPL 2024-12-22
{
  "symbol": "RHPL",
  "run_date": "2024-12-22",
  "raw_path": "C:\\Users\\ishwor\\Music\\own-organize\\own-market\\market-gist\\broker_flow_ledger\\raw_merolagani\\RHPL\\2024-12-22.json",
  "ledger_path": "C:\\Users\\ishwor\\Music\\own-organize\\own-market\\market-gist\\broker_flow_ledger\\RHPL\\2024-12-22.json",
  "market_day_context": {
    "run_date": "2024-12-22",
    "weekday_name": "Sunday",
    "is_nepal_trading_weekday": true,
    "holiday_validation_status": "weekday_only_unverified",
    "is_official_holiday": null,
    "holiday_title": null,
    "holiday_source": "https://www.nepalstock.com/api/nots/holiday/list?year=2024",
    "official_holiday_fetch_error": "http_401",
    "override_status": "missing",
    "expected_market_session": true
  },
  "total_pages": 1,
  "total_records": 293,
  "row_count_collected": 293,
  "ledger_written": true,
  "ledger_skipped_reason": null
}
[RUN] RHPL 2024-12-23
{
  "symbol": "RHPL",
  "run_date": "2024-12-23",
  "raw_path": "C:\\Users\\ishwor\\Music\\own-organize\\own-market\\market-gist\\broker_flow_ledger\\raw_merolagani\\RHPL\\2024-12-23.json",
  "ledger_path": "C:\\Users\\ishwor\\Music\\own-organize\\own-market\\market-gist\\broker_flow_ledger\\RHPL\\2024-12-23.json",
  "market_day_context": {
    "run_date": "2024-12-23",
    "weekday_name": "Monday",
    "is_nepal_trading_weekday": true,
    "holiday_validation_status": "weekday_only_unverified",
    "is_official_holiday": null,
    "holiday_title": null,
    "holiday_source": "https://www.nepalstock.com/api/nots/holiday/list?year=2024",
    "official_holiday_fetch_error": "http_401",
    "override_status": "missing",
    "expected_market_session": true
  },
  "total_pages": 1,
  "total_records": 294,
  "row_count_collected": 294,
  "ledger_written": true,
  "ledger_skipped_reason": null
}
[RUN] RHPL 2024-12-24
{
  "symbol": "RHPL",
  "run_date": "2024-12-24",
  "raw_path": "C:\\Users\\ishwor\\Music\\own-organize\\own-market\\market-gist\\broker_flow_ledger\\raw_merolagani\\RHPL\\2024-12-24.json",
  "ledger_path": "C:\\Users\\ishwor\\Music\\own-organize\\own-market\\market-gist\\broker_flow_ledger\\RHPL\\2024-12-24.json",
  "market_day_context": {
    "run_date": "2024-12-24",
    "weekday_name": "Tuesday",
    "is_nepal_trading_weekday": true,
    "holiday_validation_status": "weekday_only_unverified",
    "is_official_holiday": null,
    "holiday_title": null,
    "holiday_source": "https://www.nepalstock.com/api/nots/holiday/list?year=2024",
    "official_holiday_fetch_error": "http_401",
    "override_status": "missing",
    "expected_market_session": true
  },
  "total_pages": 1,
  "total_records": 296,
  "row_count_collected": 296,
  "ledger_written": true,
  "ledger_skipped_reason": null
}
[RUN] RHPL 2024-12-25
{
  "symbol": "RHPL",
  "run_date": "2024-12-25",
  "raw_path": "C:\\Users\\ishwor\\Music\\own-organize\\own-market\\market-gist\\broker_flow_ledger\\raw_merolagani\\RHPL\\2024-12-25.json",
  "ledger_path": "C:\\Users\\ishwor\\Music\\own-organize\\own-market\\market-gist\\broker_flow_ledger\\RHPL\\2024-12-25.json",
  "market_day_context": {
    "run_date": "2024-12-25",
    "weekday_name": "Wednesday",
    "is_nepal_trading_weekday": true,
    "holiday_validation_status": "weekday_only_unverified",
    "is_official_holiday": null,
    "holiday_title": null,
    "holiday_source": "https://www.nepalstock.com/api/nots/holiday/list?year=2024",
    "official_holiday_fetch_error": "http_401",
    "override_status": "missing",
    "expected_market_session": true
  },
  "total_pages": 0,
  "total_records": null,
  "row_count_collected": 0,
  "ledger_written": false,
  "ledger_skipped_reason": "empty_weekday_unverified"
}
[RUN] RHPL 2024-12-26
{
  "symbol": "RHPL",
  "run_date": "2024-12-26",
  "raw_path": "C:\\Users\\ishwor\\Music\\own-organize\\own-market\\market-gist\\broker_flow_ledger\\raw_merolagani\\RHPL\\2024-12-26.json",
  "ledger_path": "C:\\Users\\ishwor\\Music\\own-organize\\own-market\\market-gist\\broker_flow_ledger\\RHPL\\2024-12-26.json",
  "market_day_context": {
    "run_date": "2024-12-26",
    "weekday_name": "Thursday",
    "is_nepal_trading_weekday": true,
    "holiday_validation_status": "weekday_only_unverified",
    "is_official_holiday": null,
    "holiday_title": null,
    "holiday_source": "https://www.nepalstock.com/api/nots/holiday/list?year=2024",
    "official_holiday_fetch_error": "http_401",
    "override_status": "missing",
    "expected_market_session": true
  },
  "total_pages": 1,
  "total_records": 250,
  "row_count_collected": 250,
  "ledger_written": true,
  "ledger_skipped_reason": null
}
[RUN] RHPL 2024-12-29
{
  "symbol": "RHPL",
  "run_date": "2024-12-29",
  "raw_path": "C:\\Users\\ishwor\\Music\\own-organize\\own-market\\market-gist\\broker_flow_ledger\\raw_merolagani\\RHPL\\2024-12-29.json",
  "ledger_path": "C:\\Users\\ishwor\\Music\\own-organize\\own-market\\market-gist\\broker_flow_ledger\\RHPL\\2024-12-29.json",
  "market_day_context": {
    "run_date": "2024-12-29",
    "weekday_name": "Sunday",
    "is_nepal_trading_weekday": true,
    "holiday_validation_status": "weekday_only_unverified",
    "is_official_holiday": null,
    "holiday_title": null,
    "holiday_source": "https://www.nepalstock.com/api/nots/holiday/list?year=2024",
    "official_holiday_fetch_error": "http_401",
    "override_status": "missing",
    "expected_market_session": true
  },
  "total_pages": 1,
  "total_records": 278,
  "row_count_collected": 278,
  "ledger_written": true,
  "ledger_skipped_reason": null
}
[RUN] RHPL 2024-12-30
{
  "symbol": "RHPL",
  "run_date": "2024-12-30",
  "raw_path": "C:\\Users\\ishwor\\Music\\own-organize\\own-market\\market-gist\\broker_flow_ledger\\raw_merolagani\\RHPL\\2024-12-30.json",
  "ledger_path": "C:\\Users\\ishwor\\Music\\own-organize\\own-market\\market-gist\\broker_flow_ledger\\RHPL\\2024-12-30.json",
  "market_day_context": {
    "run_date": "2024-12-30",
    "weekday_name": "Monday",
    "is_nepal_trading_weekday": true,
    "holiday_validation_status": "weekday_only_unverified",
    "is_official_holiday": null,
    "holiday_title": null,
    "holiday_source": "https://www.nepalstock.com/api/nots/holiday/list?year=2024",
    "official_holiday_fetch_error": "http_401",
    "override_status": "missing",
    "expected_market_session": true
  },
  "total_pages": 0,
  "total_records": null,
  "row_count_collected": 0,
  "ledger_written": false,
  "ledger_skipped_reason": "empty_weekday_unverified"
}
[RUN] RHPL 2024-12-31
{
  "symbol": "RHPL",
  "run_date": "2024-12-31",
  "raw_path": "C:\\Users\\ishwor\\Music\\own-organize\\own-market\\market-gist\\broker_flow_ledger\\raw_merolagani\\RHPL\\2024-12-31.json",
  "ledger_path": "C:\\Users\\ishwor\\Music\\own-organize\\own-market\\market-gist\\broker_flow_ledger\\RHPL\\2024-12-31.json",
  "market_day_context": {
    "run_date": "2024-12-31",
    "weekday_name": "Tuesday",
    "is_nepal_trading_weekday": true,
    "holiday_validation_status": "weekday_only_unverified",
    "is_official_holiday": null,
    "holiday_title": null,
    "holiday_source": "https://www.nepalstock.com/api/nots/holiday/list?year=2024",
    "official_holiday_fetch_error": "http_401",
    "override_status": "missing",
    "expected_market_session": true
  },
  "total_pages": 1,
  "total_records": 414,
  "row_count_collected": 414,
  "ledger_written": true,
  "ledger_skipped_reason": null
}
[RUN] RHPL 2025-01-01
{
  "symbol": "RHPL",
  "run_date": "2025-01-01",
  "raw_path": "C:\\Users\\ishwor\\Music\\own-organize\\own-market\\market-gist\\broker_flow_ledger\\raw_merolagani\\RHPL\\2025-01-01.json",
  "ledger_path": "C:\\Users\\ishwor\\Music\\own-organize\\own-market\\market-gist\\broker_flow_ledger\\RHPL\\2025-01-01.json",
  "market_day_context": {
    "run_date": "2025-01-01",
    "weekday_name": "Wednesday",
    "is_nepal_trading_weekday": true,
    "holiday_validation_status": "weekday_only_unverified",
    "is_official_holiday": null,
    "holiday_title": null,
    "holiday_source": "https://www.nepalstock.com/api/nots/holiday/list?year=2025",
    "official_holiday_fetch_error": "http_401",
    "override_status": "missing",
    "expected_market_session": true
  },
  "total_pages": 1,
  "total_records": 303,
  "row_count_collected": 303,
  "ledger_written": true,
  "ledger_skipped_reason": null
}
[RUN] RHPL 2025-01-02
{
  "symbol": "RHPL",
  "run_date": "2025-01-02",
  "raw_path": "C:\\Users\\ishwor\\Music\\own-organize\\own-market\\market-gist\\broker_flow_ledger\\raw_merolagani\\RHPL\\2025-01-02.json",
  "ledger_path": "C:\\Users\\ishwor\\Music\\own-organize\\own-market\\market-gist\\broker_flow_ledger\\RHPL\\2025-01-02.json",
  "market_day_context": {
    "run_date": "2025-01-02",
    "weekday_name": "Thursday",
    "is_nepal_trading_weekday": true,
    "holiday_validation_status": "weekday_only_unverified",
    "is_official_holiday": null,
    "holiday_title": null,
    "holiday_source": "https://www.nepalstock.com/api/nots/holiday/list?year=2025",
    "official_holiday_fetch_error": "http_401",
    "override_status": "missing",
    "expected_market_session": true
  },
  "total_pages": 1,
  "total_records": 229,
  "row_count_collected": 229,
  "ledger_written": true,
  "ledger_skipped_reason": null
}
[RUN] RHPL 2025-01-05
{
  "symbol": "RHPL",
  "run_date": "2025-01-05",
  "raw_path": "C:\\Users\\ishwor\\Music\\own-organize\\own-market\\market-gist\\broker_flow_ledger\\raw_merolagani\\RHPL\\2025-01-05.json",
  "ledger_path": "C:\\Users\\ishwor\\Music\\own-organize\\own-market\\market-gist\\broker_flow_ledger\\RHPL\\2025-01-05.json",
  "market_day_context": {
    "run_date": "2025-01-05",
    "weekday_name": "Sunday",
    "is_nepal_trading_weekday": true,
    "holiday_validation_status": "weekday_only_unverified",
    "is_official_holiday": null,
    "holiday_title": null,
    "holiday_source": "https://www.nepalstock.com/api/nots/holiday/list?year=2025",
    "official_holiday_fetch_error": "http_401",
    "override_status": "missing",
    "expected_market_session": true
  },
  "total_pages": 2,
  "total_records": 730,
  "row_count_collected": 730,
  "ledger_written": true,
  "ledger_skipped_reason": null
}
[RUN] RHPL 2025-01-06
{
  "symbol": "RHPL",
  "run_date": "2025-01-06",
  "raw_path": "C:\\Users\\ishwor\\Music\\own-organize\\own-market\\market-gist\\broker_flow_ledger\\raw_merolagani\\RHPL\\2025-01-06.json",
  "ledger_path": "C:\\Users\\ishwor\\Music\\own-organize\\own-market\\market-gist\\broker_flow_ledger\\RHPL\\2025-01-06.json",
  "market_day_context": {
    "run_date": "2025-01-06",
    "weekday_name": "Monday",
    "is_nepal_trading_weekday": true,
    "holiday_validation_status": "weekday_only_unverified",
    "is_official_holiday": null,
    "holiday_title": null,
    "holiday_source": "https://www.nepalstock.com/api/nots/holiday/list?year=2025",
    "official_holiday_fetch_error": "http_401",
    "override_status": "missing",
    "expected_market_session": true
  },
  "total_pages": 1,
  "total_records": 373,
  "row_count_collected": 373,
  "ledger_written": true,
  "ledger_skipped_reason": null
}
[RUN] RHPL 2025-01-07
{
  "symbol": "RHPL",
  "run_date": "2025-01-07",
  "raw_path": "C:\\Users\\ishwor\\Music\\own-organize\\own-market\\market-gist\\broker_flow_ledger\\raw_merolagani\\RHPL\\2025-01-07.json",
  "ledger_path": "C:\\Users\\ishwor\\Music\\own-organize\\own-market\\market-gist\\broker_flow_ledger\\RHPL\\2025-01-07.json",
  "market_day_context": {
    "run_date": "2025-01-07",
    "weekday_name": "Tuesday",
    "is_nepal_trading_weekday": true,
    "holiday_validation_status": "weekday_only_unverified",
    "is_official_holiday": null,
    "holiday_title": null,
    "holiday_source": "https://www.nepalstock.com/api/nots/holiday/list?year=2025",
    "official_holiday_fetch_error": "http_401",
    "override_status": "missing",
    "expected_market_session": true
  },
  "total_pages": 1,
  "total_records": 349,
  "row_count_collected": 349,
  "ledger_written": true,
  "ledger_skipped_reason": null
}
[RUN] RHPL 2025-01-08
{
  "symbol": "RHPL",
  "run_date": "2025-01-08",
  "raw_path": "C:\\Users\\ishwor\\Music\\own-organize\\own-market\\market-gist\\broker_flow_ledger\\raw_merolagani\\RHPL\\2025-01-08.json",
  "ledger_path": "C:\\Users\\ishwor\\Music\\own-organize\\own-market\\market-gist\\broker_flow_ledger\\RHPL\\2025-01-08.json",
  "market_day_context": {
    "run_date": "2025-01-08",
    "weekday_name": "Wednesday",
    "is_nepal_trading_weekday": true,
    "holiday_validation_status": "weekday_only_unverified",
    "is_official_holiday": null,
    "holiday_title": null,
    "holiday_source": "https://www.nepalstock.com/api/nots/holiday/list?year=2025",
    "official_holiday_fetch_error": "http_401",
    "override_status": "missing",
    "expected_market_session": true
  },
  "total_pages": 1,
  "total_records": 409,
  "row_count_collected": 409,
  "ledger_written": true,
  "ledger_skipped_reason": null
}
[RUN] RHPL 2025-01-09
{
  "symbol": "RHPL",
  "run_date": "2025-01-09",
  "raw_path": "C:\\Users\\ishwor\\Music\\own-organize\\own-market\\market-gist\\broker_flow_ledger\\raw_merolagani\\RHPL\\2025-01-09.json",
  "ledger_path": "C:\\Users\\ishwor\\Music\\own-organize\\own-market\\market-gist\\broker_flow_ledger\\RHPL\\2025-01-09.json",
  "market_day_context": {
    "run_date": "2025-01-09",
    "weekday_name": "Thursday",
    "is_nepal_trading_weekday": true,
    "holiday_validation_status": "weekday_only_unverified",
    "is_official_holiday": null,
    "holiday_title": null,
    "holiday_source": "https://www.nepalstock.com/api/nots/holiday/list?year=2025",
    "official_holiday_fetch_error": "http_401",
    "override_status": "missing",
    "expected_market_session": true
  },
  "total_pages": 1,
  "total_records": 477,
  "row_count_collected": 477,
  "ledger_written": true,
  "ledger_skipped_reason": null
}
[RUN] RHPL 2025-01-12
{
  "symbol": "RHPL",
  "run_date": "2025-01-12",
  "raw_path": "C:\\Users\\ishwor\\Music\\own-organize\\own-market\\market-gist\\broker_flow_ledger\\raw_merolagani\\RHPL\\2025-01-12.json",
  "ledger_path": "C:\\Users\\ishwor\\Music\\own-organize\\own-market\\market-gist\\broker_flow_ledger\\RHPL\\2025-01-12.json",
  "market_day_context": {
    "run_date": "2025-01-12",
    "weekday_name": "Sunday",
    "is_nepal_trading_weekday": true,
    "holiday_validation_status": "weekday_only_unverified",
    "is_official_holiday": null,
    "holiday_title": null,
    "holiday_source": "https://www.nepalstock.com/api/nots/holiday/list?year=2025",
    "official_holiday_fetch_error": "http_401",
    "override_status": "missing",
    "expected_market_session": true
  },
  "total_pages": 1,
  "total_records": 203,
  "row_count_collected": 203,
  "ledger_written": true,
  "ledger_skipped_reason": null
}
[RUN] RHPL 2025-01-13
{
  "symbol": "RHPL",
  "run_date": "2025-01-13",
  "raw_path": "C:\\Users\\ishwor\\Music\\own-organize\\own-market\\market-gist\\broker_flow_ledger\\raw_merolagani\\RHPL\\2025-01-13.json",
  "ledger_path": "C:\\Users\\ishwor\\Music\\own-organize\\own-market\\market-gist\\broker_flow_ledger\\RHPL\\2025-01-13.json",
  "market_day_context": {
    "run_date": "2025-01-13",
    "weekday_name": "Monday",
    "is_nepal_trading_weekday": true,
    "holiday_validation_status": "weekday_only_unverified",
    "is_official_holiday": null,
    "holiday_title": null,
    "holiday_source": "https://www.nepalstock.com/api/nots/holiday/list?year=2025",
    "official_holiday_fetch_error": "http_401",
    "override_status": "missing",
    "expected_market_session": true
  },
  "total_pages": 1,
  "total_records": 324,
  "row_count_collected": 324,
  "ledger_written": true,
  "ledger_skipped_reason": null
}
[RUN] RHPL 2025-01-14
{
  "symbol": "RHPL",
  "run_date": "2025-01-14",
  "raw_path": "C:\\Users\\ishwor\\Music\\own-organize\\own-market\\market-gist\\broker_flow_ledger\\raw_merolagani\\RHPL\\2025-01-14.json",
  "ledger_path": "C:\\Users\\ishwor\\Music\\own-organize\\own-market\\market-gist\\broker_flow_ledger\\RHPL\\2025-01-14.json",
  "market_day_context": {
    "run_date": "2025-01-14",
    "weekday_name": "Tuesday",
    "is_nepal_trading_weekday": true,
    "holiday_validation_status": "weekday_only_unverified",
    "is_official_holiday": null,
    "holiday_title": null,
    "holiday_source": "https://www.nepalstock.com/api/nots/holiday/list?year=2025",
    "official_holiday_fetch_error": "http_401",
    "override_status": "missing",
    "expected_market_session": true
  },
  "total_pages": 0,
  "total_records": null,
  "row_count_collected": 0,
  "ledger_written": false,
  "ledger_skipped_reason": "empty_weekday_unverified"
}
[RUN] RHPL 2025-01-15
{
  "symbol": "RHPL",
  "run_date": "2025-01-15",
  "raw_path": "C:\\Users\\ishwor\\Music\\own-organize\\own-market\\market-gist\\broker_flow_ledger\\raw_merolagani\\RHPL\\2025-01-15.json",
  "ledger_path": "C:\\Users\\ishwor\\Music\\own-organize\\own-market\\market-gist\\broker_flow_ledger\\RHPL\\2025-01-15.json",
  "market_day_context": {
    "run_date": "2025-01-15",
    "weekday_name": "Wednesday",
    "is_nepal_trading_weekday": true,
    "holiday_validation_status": "weekday_only_unverified",
    "is_official_holiday": null,
    "holiday_title": null,
    "holiday_source": "https://www.nepalstock.com/api/nots/holiday/list?year=2025",
    "official_holiday_fetch_error": "http_401",
    "override_status": "missing",
    "expected_market_session": true
  },
  "total_pages": 3,
  "total_records": 1043,
  "row_count_collected": 1043,
  "ledger_written": true,
  "ledger_skipped_reason": null
}
[RUN] RHPL 2025-01-16
{
  "symbol": "RHPL",
  "run_date": "2025-01-16",
  "raw_path": "C:\\Users\\ishwor\\Music\\own-organize\\own-market\\market-gist\\broker_flow_ledger\\raw_merolagani\\RHPL\\2025-01-16.json",
  "ledger_path": "C:\\Users\\ishwor\\Music\\own-organize\\own-market\\market-gist\\broker_flow_ledger\\RHPL\\2025-01-16.json",
  "market_day_context": {
    "run_date": "2025-01-16",
    "weekday_name": "Thursday",
    "is_nepal_trading_weekday": true,
    "holiday_validation_status": "weekday_only_unverified",
    "is_official_holiday": null,
    "holiday_title": null,
    "holiday_source": "https://www.nepalstock.com/api/nots/holiday/list?year=2025",
    "official_holiday_fetch_error": "http_401",
    "override_status": "missing",
    "expected_market_session": true
  },
  "total_pages": 2,
  "total_records": 522,
  "row_count_collected": 522,
  "ledger_written": true,
  "ledger_skipped_reason": null
}
[RUN] RHPL 2025-01-19
{
  "symbol": "RHPL",
  "run_date": "2025-01-19",
  "raw_path": "C:\\Users\\ishwor\\Music\\own-organize\\own-market\\market-gist\\broker_flow_ledger\\raw_merolagani\\RHPL\\2025-01-19.json",
  "ledger_path": "C:\\Users\\ishwor\\Music\\own-organize\\own-market\\market-gist\\broker_flow_ledger\\RHPL\\2025-01-19.json",
  "market_day_context": {
    "run_date": "2025-01-19",
    "weekday_name": "Sunday",
    "is_nepal_trading_weekday": true,
    "holiday_validation_status": "weekday_only_unverified",
    "is_official_holiday": null,
    "holiday_title": null,
    "holiday_source": "https://www.nepalstock.com/api/nots/holiday/list?year=2025",
    "official_holiday_fetch_error": "http_401",
    "override_status": "missing",
    "expected_market_session": true
  },
  "total_pages": 1,
  "total_records": 383,
  "row_count_collected": 383,
  "ledger_written": true,
  "ledger_skipped_reason": null
}
[RUN] RHPL 2025-01-20
{
  "symbol": "RHPL",
  "run_date": "2025-01-20",
  "raw_path": "C:\\Users\\ishwor\\Music\\own-organize\\own-market\\market-gist\\broker_flow_ledger\\raw_merolagani\\RHPL\\2025-01-20.json",
  "ledger_path": "C:\\Users\\ishwor\\Music\\own-organize\\own-market\\market-gist\\broker_flow_ledger\\RHPL\\2025-01-20.json",
  "market_day_context": {
    "run_date": "2025-01-20",
    "weekday_name": "Monday",
    "is_nepal_trading_weekday": true,
    "holiday_validation_status": "weekday_only_unverified",
    "is_official_holiday": null,
    "holiday_title": null,
    "holiday_source": "https://www.nepalstock.com/api/nots/holiday/list?year=2025",
    "official_holiday_fetch_error": "http_401",
    "override_status": "missing",
    "expected_market_session": true
  },
  "total_pages": 2,
  "total_records": 582,
  "row_count_collected": 582,
  "ledger_written": true,
  "ledger_skipped_reason": null
}
[RUN] RHPL 2025-01-21
{
  "symbol": "RHPL",
  "run_date": "2025-01-21",
  "raw_path": "C:\\Users\\ishwor\\Music\\own-organize\\own-market\\market-gist\\broker_flow_ledger\\raw_merolagani\\RHPL\\2025-01-21.json",
  "ledger_path": "C:\\Users\\ishwor\\Music\\own-organize\\own-market\\market-gist\\broker_flow_ledger\\RHPL\\2025-01-21.json",
  "market_day_context": {
    "run_date": "2025-01-21",
    "weekday_name": "Tuesday",
    "is_nepal_trading_weekday": true,
    "holiday_validation_status": "weekday_only_unverified",
    "is_official_holiday": null,
    "holiday_title": null,
    "holiday_source": "https://www.nepalstock.com/api/nots/holiday/list?year=2025",
    "official_holiday_fetch_error": "http_401",
    "override_status": "missing",
    "expected_market_session": true
  },
  "total_pages": 1,
  "total_records": 375,
  "row_count_collected": 375,
  "ledger_written": true,
  "ledger_skipped_reason": null
}
[RUN] RHPL 2025-01-22
{
  "symbol": "RHPL",
  "run_date": "2025-01-22",
  "raw_path": "C:\\Users\\ishwor\\Music\\own-organize\\own-market\\market-gist\\broker_flow_ledger\\raw_merolagani\\RHPL\\2025-01-22.json",
  "ledger_path": "C:\\Users\\ishwor\\Music\\own-organize\\own-market\\market-gist\\broker_flow_ledger\\RHPL\\2025-01-22.json",
  "market_day_context": {
    "run_date": "2025-01-22",
    "weekday_name": "Wednesday",
    "is_nepal_trading_weekday": true,
    "holiday_validation_status": "weekday_only_unverified",
    "is_official_holiday": null,
    "holiday_title": null,
    "holiday_source": "https://www.nepalstock.com/api/nots/holiday/list?year=2025",
    "official_holiday_fetch_error": "http_401",
    "override_status": "missing",
    "expected_market_session": true
  },
  "total_pages": 1,
  "total_records": 403,
  "row_count_collected": 403,
  "ledger_written": true,
  "ledger_skipped_reason": null
}
[RUN] RHPL 2025-01-23
{
  "symbol": "RHPL",
  "run_date": "2025-01-23",
  "raw_path": "C:\\Users\\ishwor\\Music\\own-organize\\own-market\\market-gist\\broker_flow_ledger\\raw_merolagani\\RHPL\\2025-01-23.json",
  "ledger_path": "C:\\Users\\ishwor\\Music\\own-organize\\own-market\\market-gist\\broker_flow_ledger\\RHPL\\2025-01-23.json",
  "market_day_context": {
    "run_date": "2025-01-23",
    "weekday_name": "Thursday",
    "is_nepal_trading_weekday": true,
    "holiday_validation_status": "weekday_only_unverified",
    "is_official_holiday": null,
    "holiday_title": null,
    "holiday_source": "https://www.nepalstock.com/api/nots/holiday/list?year=2025",
    "official_holiday_fetch_error": "http_401",
    "override_status": "missing",
    "expected_market_session": true
  },
  "total_pages": 1,
  "total_records": 410,
  "row_count_collected": 410,
  "ledger_written": true,
  "ledger_skipped_reason": null
}
[RUN] RHPL 2025-01-26
{
  "symbol": "RHPL",
  "run_date": "2025-01-26",
  "raw_path": "C:\\Users\\ishwor\\Music\\own-organize\\own-market\\market-gist\\broker_flow_ledger\\raw_merolagani\\RHPL\\2025-01-26.json",
  "ledger_path": "C:\\Users\\ishwor\\Music\\own-organize\\own-market\\market-gist\\broker_flow_ledger\\RHPL\\2025-01-26.json",
  "market_day_context": {
    "run_date": "2025-01-26",
    "weekday_name": "Sunday",
    "is_nepal_trading_weekday": true,
    "holiday_validation_status": "weekday_only_unverified",
    "is_official_holiday": null,
    "holiday_title": null,
    "holiday_source": "https://www.nepalstock.com/api/nots/holiday/list?year=2025",
    "official_holiday_fetch_error": "http_401",
    "override_status": "missing",
    "expected_market_session": true
  },
  "total_pages": 1,
  "total_records": 362,
  "row_count_collected": 362,
  "ledger_written": true,
  "ledger_skipped_reason": null
}
[RUN] RHPL 2025-01-27
{
  "symbol": "RHPL",
  "run_date": "2025-01-27",
  "raw_path": "C:\\Users\\ishwor\\Music\\own-organize\\own-market\\market-gist\\broker_flow_ledger\\raw_merolagani\\RHPL\\2025-01-27.json",
  "ledger_path": "C:\\Users\\ishwor\\Music\\own-organize\\own-market\\market-gist\\broker_flow_ledger\\RHPL\\2025-01-27.json",
  "market_day_context": {
    "run_date": "2025-01-27",
    "weekday_name": "Monday",
    "is_nepal_trading_weekday": true,
    "holiday_validation_status": "weekday_only_unverified",
    "is_official_holiday": null,
    "holiday_title": null,
    "holiday_source": "https://www.nepalstock.com/api/nots/holiday/list?year=2025",
    "official_holiday_fetch_error": "http_401",
    "override_status": "missing",
    "expected_market_session": true
  },
  "total_pages": 1,
  "total_records": 333,
  "row_count_collected": 333,
  "ledger_written": true,
  "ledger_skipped_reason": null
}
[RUN] RHPL 2025-01-28
{
  "symbol": "RHPL",
  "run_date": "2025-01-28",
  "raw_path": "C:\\Users\\ishwor\\Music\\own-organize\\own-market\\market-gist\\broker_flow_ledger\\raw_merolagani\\RHPL\\2025-01-28.json",
  "ledger_path": "C:\\Users\\ishwor\\Music\\own-organize\\own-market\\market-gist\\broker_flow_ledger\\RHPL\\2025-01-28.json",
  "market_day_context": {
    "run_date": "2025-01-28",
    "weekday_name": "Tuesday",
    "is_nepal_trading_weekday": true,
    "holiday_validation_status": "weekday_only_unverified",
    "is_official_holiday": null,
    "holiday_title": null,
    "holiday_source": "https://www.nepalstock.com/api/nots/holiday/list?year=2025",
    "official_holiday_fetch_error": "http_401",
    "override_status": "missing",
    "expected_market_session": true
  },
  "total_pages": 1,
  "total_records": 412,
  "row_count_collected": 412,
  "ledger_written": true,
  "ledger_skipped_reason": null
}
[RUN] RHPL 2025-01-29
{
  "symbol": "RHPL",
  "run_date": "2025-01-29",
  "raw_path": "C:\\Users\\ishwor\\Music\\own-organize\\own-market\\market-gist\\broker_flow_ledger\\raw_merolagani\\RHPL\\2025-01-29.json",
  "ledger_path": "C:\\Users\\ishwor\\Music\\own-organize\\own-market\\market-gist\\broker_flow_ledger\\RHPL\\2025-01-29.json",
  "market_day_context": {
    "run_date": "2025-01-29",
    "weekday_name": "Wednesday",
    "is_nepal_trading_weekday": true,
    "holiday_validation_status": "weekday_only_unverified",
    "is_official_holiday": null,
    "holiday_title": null,
    "holiday_source": "https://www.nepalstock.com/api/nots/holiday/list?year=2025",
    "official_holiday_fetch_error": "http_401",
    "override_status": "missing",
    "expected_market_session": true
  },
  "total_pages": 0,
  "total_records": null,
  "row_count_collected": 0,
  "ledger_written": false,
  "ledger_skipped_reason": "empty_weekday_unverified"
}
[RUN] RHPL 2025-01-30
{
  "symbol": "RHPL",
  "run_date": "2025-01-30",
  "raw_path": "C:\\Users\\ishwor\\Music\\own-organize\\own-market\\market-gist\\broker_flow_ledger\\raw_merolagani\\RHPL\\2025-01-30.json",
  "ledger_path": "C:\\Users\\ishwor\\Music\\own-organize\\own-market\\market-gist\\broker_flow_ledger\\RHPL\\2025-01-30.json",
  "market_day_context": {
    "run_date": "2025-01-30",
    "weekday_name": "Thursday",
    "is_nepal_trading_weekday": true,
    "holiday_validation_status": "weekday_only_unverified",
    "is_official_holiday": null,
    "holiday_title": null,
    "holiday_source": "https://www.nepalstock.com/api/nots/holiday/list?year=2025",
    "official_holiday_fetch_error": "http_401",
    "override_status": "missing",
    "expected_market_session": true
  },
  "total_pages": 0,
  "total_records": null,
  "row_count_collected": 0,
  "ledger_written": false,
  "ledger_skipped_reason": "empty_weekday_unverified"
}
[RUN] RHPL 2025-02-02
{
  "symbol": "RHPL",
  "run_date": "2025-02-02",
  "raw_path": "C:\\Users\\ishwor\\Music\\own-organize\\own-market\\market-gist\\broker_flow_ledger\\raw_merolagani\\RHPL\\2025-02-02.json",
  "ledger_path": "C:\\Users\\ishwor\\Music\\own-organize\\own-market\\market-gist\\broker_flow_ledger\\RHPL\\2025-02-02.json",
  "market_day_context": {
    "run_date": "2025-02-02",
    "weekday_name": "Sunday",
    "is_nepal_trading_weekday": true,
    "holiday_validation_status": "weekday_only_unverified",
    "is_official_holiday": null,
    "holiday_title": null,
    "holiday_source": "https://www.nepalstock.com/api/nots/holiday/list?year=2025",
    "official_holiday_fetch_error": "http_401",
    "override_status": "missing",
    "expected_market_session": true
  },
  "total_pages": 3,
  "total_records": 1027,
  "row_count_collected": 1027,
  "ledger_written": true,
  "ledger_skipped_reason": null
}
[RUN] RHPL 2025-02-03
{
  "symbol": "RHPL",
  "run_date": "2025-02-03",
  "raw_path": "C:\\Users\\ishwor\\Music\\own-organize\\own-market\\market-gist\\broker_flow_ledger\\raw_merolagani\\RHPL\\2025-02-03.json",
  "ledger_path": "C:\\Users\\ishwor\\Music\\own-organize\\own-market\\market-gist\\broker_flow_ledger\\RHPL\\2025-02-03.json",
  "market_day_context": {
    "run_date": "2025-02-03",
    "weekday_name": "Monday",
    "is_nepal_trading_weekday": true,
    "holiday_validation_status": "weekday_only_unverified",
    "is_official_holiday": null,
    "holiday_title": null,
    "holiday_source": "https://www.nepalstock.com/api/nots/holiday/list?year=2025",
    "official_holiday_fetch_error": "http_401",
    "override_status": "missing",
    "expected_market_session": true
  },
  "total_pages": 3,
  "total_records": 1283,
  "row_count_collected": 1283,
  "ledger_written": true,
  "ledger_skipped_reason": null
}
[RUN] RHPL 2025-02-04
{
  "symbol": "RHPL",
  "run_date": "2025-02-04",
  "raw_path": "C:\\Users\\ishwor\\Music\\own-organize\\own-market\\market-gist\\broker_flow_ledger\\raw_merolagani\\RHPL\\2025-02-04.json",
  "ledger_path": "C:\\Users\\ishwor\\Music\\own-organize\\own-market\\market-gist\\broker_flow_ledger\\RHPL\\2025-02-04.json",
  "market_day_context": {
    "run_date": "2025-02-04",
    "weekday_name": "Tuesday",
    "is_nepal_trading_weekday": true,
    "holiday_validation_status": "weekday_only_unverified",
    "is_official_holiday": null,
    "holiday_title": null,
    "holiday_source": "https://www.nepalstock.com/api/nots/holiday/list?year=2025",
    "official_holiday_fetch_error": "http_401",
    "override_status": "missing",
    "expected_market_session": true
  },
  "total_pages": 1,
  "total_records": 480,
  "row_count_collected": 480,
  "ledger_written": true,
  "ledger_skipped_reason": null
}
[RUN] RHPL 2025-02-05
{
  "symbol": "RHPL",
  "run_date": "2025-02-05",
  "raw_path": "C:\\Users\\ishwor\\Music\\own-organize\\own-market\\market-gist\\broker_flow_ledger\\raw_merolagani\\RHPL\\2025-02-05.json",
  "ledger_path": "C:\\Users\\ishwor\\Music\\own-organize\\own-market\\market-gist\\broker_flow_ledger\\RHPL\\2025-02-05.json",
  "market_day_context": {
    "run_date": "2025-02-05",
    "weekday_name": "Wednesday",
    "is_nepal_trading_weekday": true,
    "holiday_validation_status": "weekday_only_unverified",
    "is_official_holiday": null,
    "holiday_title": null,
    "holiday_source": "https://www.nepalstock.com/api/nots/holiday/list?year=2025",
    "official_holiday_fetch_error": "http_401",
    "override_status": "missing",
    "expected_market_session": true
  },
  "total_pages": 1,
  "total_records": 482,
  "row_count_collected": 482,
  "ledger_written": true,
  "ledger_skipped_reason": null
}
[RUN] RHPL 2025-02-06
{
  "symbol": "RHPL",
  "run_date": "2025-02-06",
  "raw_path": "C:\\Users\\ishwor\\Music\\own-organize\\own-market\\market-gist\\broker_flow_ledger\\raw_merolagani\\RHPL\\2025-02-06.json",
  "ledger_path": "C:\\Users\\ishwor\\Music\\own-organize\\own-market\\market-gist\\broker_flow_ledger\\RHPL\\2025-02-06.json",
  "market_day_context": {
    "run_date": "2025-02-06",
    "weekday_name": "Thursday",
    "is_nepal_trading_weekday": true,
    "holiday_validation_status": "weekday_only_unverified",
    "is_official_holiday": null,
    "holiday_title": null,
    "holiday_source": "https://www.nepalstock.com/api/nots/holiday/list?year=2025",
    "official_holiday_fetch_error": "http_401",
    "override_status": "missing",
    "expected_market_session": true
  },
  "total_pages": 1,
  "total_records": 436,
  "row_count_collected": 436,
  "ledger_written": true,
  "ledger_skipped_reason": null
}
[RUN] RHPL 2025-02-09
{
  "symbol": "RHPL",
  "run_date": "2025-02-09",
  "raw_path": "C:\\Users\\ishwor\\Music\\own-organize\\own-market\\market-gist\\broker_flow_ledger\\raw_merolagani\\RHPL\\2025-02-09.json",
  "ledger_path": "C:\\Users\\ishwor\\Music\\own-organize\\own-market\\market-gist\\broker_flow_ledger\\RHPL\\2025-02-09.json",
  "market_day_context": {
    "run_date": "2025-02-09",
    "weekday_name": "Sunday",
    "is_nepal_trading_weekday": true,
    "holiday_validation_status": "weekday_only_unverified",
    "is_official_holiday": null,
    "holiday_title": null,
    "holiday_source": "https://www.nepalstock.com/api/nots/holiday/list?year=2025",
    "official_holiday_fetch_error": "http_401",
    "override_status": "missing",
    "expected_market_session": true
  },
  "total_pages": 2,
  "total_records": 584,
  "row_count_collected": 584,
  "ledger_written": true,
  "ledger_skipped_reason": null
}
[RUN] RHPL 2025-02-10
{
  "symbol": "RHPL",
  "run_date": "2025-02-10",
  "raw_path": "C:\\Users\\ishwor\\Music\\own-organize\\own-market\\market-gist\\broker_flow_ledger\\raw_merolagani\\RHPL\\2025-02-10.json",
  "ledger_path": "C:\\Users\\ishwor\\Music\\own-organize\\own-market\\market-gist\\broker_flow_ledger\\RHPL\\2025-02-10.json",
  "market_day_context": {
    "run_date": "2025-02-10",
    "weekday_name": "Monday",
    "is_nepal_trading_weekday": true,
    "holiday_validation_status": "weekday_only_unverified",
    "is_official_holiday": null,
    "holiday_title": null,
    "holiday_source": "https://www.nepalstock.com/api/nots/holiday/list?year=2025",
    "official_holiday_fetch_error": "http_401",
    "override_status": "missing",
    "expected_market_session": true
  },
  "total_pages": 1,
  "total_records": 427,
  "row_count_collected": 427,
  "ledger_written": true,
  "ledger_skipped_reason": null
}
[RUN] RHPL 2025-02-11
{
  "symbol": "RHPL",
  "run_date": "2025-02-11",
  "raw_path": "C:\\Users\\ishwor\\Music\\own-organize\\own-market\\market-gist\\broker_flow_ledger\\raw_merolagani\\RHPL\\2025-02-11.json",
  "ledger_path": "C:\\Users\\ishwor\\Music\\own-organize\\own-market\\market-gist\\broker_flow_ledger\\RHPL\\2025-02-11.json",
  "market_day_context": {
    "run_date": "2025-02-11",
    "weekday_name": "Tuesday",
    "is_nepal_trading_weekday": true,
    "holiday_validation_status": "weekday_only_unverified",
    "is_official_holiday": null,
    "holiday_title": null,
    "holiday_source": "https://www.nepalstock.com/api/nots/holiday/list?year=2025",
    "official_holiday_fetch_error": "http_401",
    "override_status": "missing",
    "expected_market_session": true
  },
  "total_pages": 2,
  "total_records": 502,
  "row_count_collected": 502,
  "ledger_written": true,
  "ledger_skipped_reason": null
}
[RUN] RHPL 2025-02-12
{
  "symbol": "RHPL",
  "run_date": "2025-02-12",
  "raw_path": "C:\\Users\\ishwor\\Music\\own-organize\\own-market\\market-gist\\broker_flow_ledger\\raw_merolagani\\RHPL\\2025-02-12.json",
  "ledger_path": "C:\\Users\\ishwor\\Music\\own-organize\\own-market\\market-gist\\broker_flow_ledger\\RHPL\\2025-02-12.json",
  "market_day_context": {
    "run_date": "2025-02-12",
    "weekday_name": "Wednesday",
    "is_nepal_trading_weekday": true,
    "holiday_validation_status": "weekday_only_unverified",
    "is_official_holiday": null,
    "holiday_title": null,
    "holiday_source": "https://www.nepalstock.com/api/nots/holiday/list?year=2025",
    "official_holiday_fetch_error": "http_401",
    "override_status": "missing",
    "expected_market_session": true
  },
  "total_pages": 3,
  "total_records": 1398,
  "row_count_collected": 1398,
  "ledger_written": true,
  "ledger_skipped_reason": null
}
[RUN] RHPL 2025-02-13
{
  "symbol": "RHPL",
  "run_date": "2025-02-13",
  "raw_path": "C:\\Users\\ishwor\\Music\\own-organize\\own-market\\market-gist\\broker_flow_ledger\\raw_merolagani\\RHPL\\2025-02-13.json",
  "ledger_path": "C:\\Users\\ishwor\\Music\\own-organize\\own-market\\market-gist\\broker_flow_ledger\\RHPL\\2025-02-13.json",
  "market_day_context": {
    "run_date": "2025-02-13",
    "weekday_name": "Thursday",
    "is_nepal_trading_weekday": true,
    "holiday_validation_status": "weekday_only_unverified",
    "is_official_holiday": null,
    "holiday_title": null,
    "holiday_source": "https://www.nepalstock.com/api/nots/holiday/list?year=2025",
    "official_holiday_fetch_error": "http_401",
    "override_status": "missing",
    "expected_market_session": true
  },
  "total_pages": 2,
  "total_records": 829,
  "row_count_collected": 829,
  "ledger_written": true,
  "ledger_skipped_reason": null
}
[RUN] RHPL 2025-02-16
{
  "symbol": "RHPL",
  "run_date": "2025-02-16",
  "raw_path": "C:\\Users\\ishwor\\Music\\own-organize\\own-market\\market-gist\\broker_flow_ledger\\raw_merolagani\\RHPL\\2025-02-16.json",
  "ledger_path": "C:\\Users\\ishwor\\Music\\own-organize\\own-market\\market-gist\\broker_flow_ledger\\RHPL\\2025-02-16.json",
  "market_day_context": {
    "run_date": "2025-02-16",
    "weekday_name": "Sunday",
    "is_nepal_trading_weekday": true,
    "holiday_validation_status": "weekday_only_unverified",
    "is_official_holiday": null,
    "holiday_title": null,
    "holiday_source": "https://www.nepalstock.com/api/nots/holiday/list?year=2025",
    "official_holiday_fetch_error": "http_401",
    "override_status": "missing",
    "expected_market_session": true
  },
  "total_pages": 2,
  "total_records": 548,
  "row_count_collected": 548,
  "ledger_written": true,
  "ledger_skipped_reason": null
}
[RUN] RHPL 2025-02-17
{
  "symbol": "RHPL",
  "run_date": "2025-02-17",
  "raw_path": "C:\\Users\\ishwor\\Music\\own-organize\\own-market\\market-gist\\broker_flow_ledger\\raw_merolagani\\RHPL\\2025-02-17.json",
  "ledger_path": "C:\\Users\\ishwor\\Music\\own-organize\\own-market\\market-gist\\broker_flow_ledger\\RHPL\\2025-02-17.json",
  "market_day_context": {
    "run_date": "2025-02-17",
    "weekday_name": "Monday",
    "is_nepal_trading_weekday": true,
    "holiday_validation_status": "weekday_only_unverified",
    "is_official_holiday": null,
    "holiday_title": null,
    "holiday_source": "https://www.nepalstock.com/api/nots/holiday/list?year=2025",
    "official_holiday_fetch_error": "http_401",
    "override_status": "missing",
    "expected_market_session": true
  },
  "total_pages": 2,
  "total_records": 574,
  "row_count_collected": 574,
  "ledger_written": true,
  "ledger_skipped_reason": null
}
[RUN] RHPL 2025-02-18
{
  "symbol": "RHPL",
  "run_date": "2025-02-18",
  "raw_path": "C:\\Users\\ishwor\\Music\\own-organize\\own-market\\market-gist\\broker_flow_ledger\\raw_merolagani\\RHPL\\2025-02-18.json",
  "ledger_path": "C:\\Users\\ishwor\\Music\\own-organize\\own-market\\market-gist\\broker_flow_ledger\\RHPL\\2025-02-18.json",
  "market_day_context": {
    "run_date": "2025-02-18",
    "weekday_name": "Tuesday",
    "is_nepal_trading_weekday": true,
    "holiday_validation_status": "weekday_only_unverified",
    "is_official_holiday": null,
    "holiday_title": null,
    "holiday_source": "https://www.nepalstock.com/api/nots/holiday/list?year=2025",
    "official_holiday_fetch_error": "http_401",
    "override_status": "missing",
    "expected_market_session": true
  },
  "total_pages": 1,
  "total_records": 453,
  "row_count_collected": 453,
  "ledger_written": true,
  "ledger_skipped_reason": null
}
[RUN] RHPL 2025-02-19
{
  "symbol": "RHPL",
  "run_date": "2025-02-19",
  "raw_path": "C:\\Users\\ishwor\\Music\\own-organize\\own-market\\market-gist\\broker_flow_ledger\\raw_merolagani\\RHPL\\2025-02-19.json",
  "ledger_path": "C:\\Users\\ishwor\\Music\\own-organize\\own-market\\market-gist\\broker_flow_ledger\\RHPL\\2025-02-19.json",
  "market_day_context": {
    "run_date": "2025-02-19",
    "weekday_name": "Wednesday",
    "is_nepal_trading_weekday": true,
    "holiday_validation_status": "weekday_only_unverified",
    "is_official_holiday": null,
    "holiday_title": null,
    "holiday_source": "https://www.nepalstock.com/api/nots/holiday/list?year=2025",
    "official_holiday_fetch_error": "http_401",
    "override_status": "missing",
    "expected_market_session": true
  },
  "total_pages": 0,
  "total_records": null,
  "row_count_collected": 0,
  "ledger_written": false,
  "ledger_skipped_reason": "empty_weekday_unverified"
}
[RUN] RHPL 2025-02-20
{
  "symbol": "RHPL",
  "run_date": "2025-02-20",
  "raw_path": "C:\\Users\\ishwor\\Music\\own-organize\\own-market\\market-gist\\broker_flow_ledger\\raw_merolagani\\RHPL\\2025-02-20.json",
  "ledger_path": "C:\\Users\\ishwor\\Music\\own-organize\\own-market\\market-gist\\broker_flow_ledger\\RHPL\\2025-02-20.json",
  "market_day_context": {
    "run_date": "2025-02-20",
    "weekday_name": "Thursday",
    "is_nepal_trading_weekday": true,
    "holiday_validation_status": "weekday_only_unverified",
    "is_official_holiday": null,
    "holiday_title": null,
    "holiday_source": "https://www.nepalstock.com/api/nots/holiday/list?year=2025",
    "official_holiday_fetch_error": "http_401",
    "override_status": "missing",
    "expected_market_session": true
  },
  "total_pages": 1,
  "total_records": 417,
  "row_count_collected": 417,
  "ledger_written": true,
  "ledger_skipped_reason": null
}
[RUN] RHPL 2025-02-23
{
  "symbol": "RHPL",
  "run_date": "2025-02-23",
  "raw_path": "C:\\Users\\ishwor\\Music\\own-organize\\own-market\\market-gist\\broker_flow_ledger\\raw_merolagani\\RHPL\\2025-02-23.json",
  "ledger_path": "C:\\Users\\ishwor\\Music\\own-organize\\own-market\\market-gist\\broker_flow_ledger\\RHPL\\2025-02-23.json",
  "market_day_context": {
    "run_date": "2025-02-23",
    "weekday_name": "Sunday",
    "is_nepal_trading_weekday": true,
    "holiday_validation_status": "weekday_only_unverified",
    "is_official_holiday": null,
    "holiday_title": null,
    "holiday_source": "https://www.nepalstock.com/api/nots/holiday/list?year=2025",
    "official_holiday_fetch_error": "http_401",
    "override_status": "missing",
    "expected_market_session": true
  },
  "total_pages": 1,
  "total_records": 484,
  "row_count_collected": 484,
  "ledger_written": true,
  "ledger_skipped_reason": null
}
[RUN] RHPL 2025-02-24
{
  "symbol": "RHPL",
  "run_date": "2025-02-24",
  "raw_path": "C:\\Users\\ishwor\\Music\\own-organize\\own-market\\market-gist\\broker_flow_ledger\\raw_merolagani\\RHPL\\2025-02-24.json",
  "ledger_path": "C:\\Users\\ishwor\\Music\\own-organize\\own-market\\market-gist\\broker_flow_ledger\\RHPL\\2025-02-24.json",
  "market_day_context": {
    "run_date": "2025-02-24",
    "weekday_name": "Monday",
    "is_nepal_trading_weekday": true,
    "holiday_validation_status": "weekday_only_unverified",
    "is_official_holiday": null,
    "holiday_title": null,
    "holiday_source": "https://www.nepalstock.com/api/nots/holiday/list?year=2025",
    "official_holiday_fetch_error": "http_401",
    "override_status": "missing",
    "expected_market_session": true
  },
  "total_pages": 1,
  "total_records": 399,
  "row_count_collected": 399,
  "ledger_written": true,
  "ledger_skipped_reason": null
}
[RUN] RHPL 2025-02-25
{
  "symbol": "RHPL",
  "run_date": "2025-02-25",
  "raw_path": "C:\\Users\\ishwor\\Music\\own-organize\\own-market\\market-gist\\broker_flow_ledger\\raw_merolagani\\RHPL\\2025-02-25.json",
  "ledger_path": "C:\\Users\\ishwor\\Music\\own-organize\\own-market\\market-gist\\broker_flow_ledger\\RHPL\\2025-02-25.json",
  "market_day_context": {
    "run_date": "2025-02-25",
    "weekday_name": "Tuesday",
    "is_nepal_trading_weekday": true,
    "holiday_validation_status": "weekday_only_unverified",
    "is_official_holiday": null,
    "holiday_title": null,
    "holiday_source": "https://www.nepalstock.com/api/nots/holiday/list?year=2025",
    "official_holiday_fetch_error": "http_401",
    "override_status": "missing",
    "expected_market_session": true
  },
  "total_pages": 1,
  "total_records": 459,
  "row_count_collected": 459,
  "ledger_written": true,
  "ledger_skipped_reason": null
}
[RUN] RHPL 2025-02-26
{
  "symbol": "RHPL",
  "run_date": "2025-02-26",
  "raw_path": "C:\\Users\\ishwor\\Music\\own-organize\\own-market\\market-gist\\broker_flow_ledger\\raw_merolagani\\RHPL\\2025-02-26.json",
  "ledger_path": "C:\\Users\\ishwor\\Music\\own-organize\\own-market\\market-gist\\broker_flow_ledger\\RHPL\\2025-02-26.json",
  "market_day_context": {
    "run_date": "2025-02-26",
    "weekday_name": "Wednesday",
    "is_nepal_trading_weekday": true,
    "holiday_validation_status": "weekday_only_unverified",
    "is_official_holiday": null,
    "holiday_title": null,
    "holiday_source": "https://www.nepalstock.com/api/nots/holiday/list?year=2025",
    "official_holiday_fetch_error": "http_401",
    "override_status": "missing",
    "expected_market_session": true
  },
  "total_pages": 0,
  "total_records": null,
  "row_count_collected": 0,
  "ledger_written": false,
  "ledger_skipped_reason": "empty_weekday_unverified"
}
[RUN] RHPL 2025-02-27
{
  "symbol": "RHPL",
  "run_date": "2025-02-27",
  "raw_path": "C:\\Users\\ishwor\\Music\\own-organize\\own-market\\market-gist\\broker_flow_ledger\\raw_merolagani\\RHPL\\2025-02-27.json",
  "ledger_path": "C:\\Users\\ishwor\\Music\\own-organize\\own-market\\market-gist\\broker_flow_ledger\\RHPL\\2025-02-27.json",
  "market_day_context": {
    "run_date": "2025-02-27",
    "weekday_name": "Thursday",
    "is_nepal_trading_weekday": true,
    "holiday_validation_status": "weekday_only_unverified",
    "is_official_holiday": null,
    "holiday_title": null,
    "holiday_source": "https://www.nepalstock.com/api/nots/holiday/list?year=2025",
    "official_holiday_fetch_error": "http_401",
    "override_status": "missing",
    "expected_market_session": true
  },
  "total_pages": 1,
  "total_records": 390,
  "row_count_collected": 390,
  "ledger_written": true,
  "ledger_skipped_reason": null
}
[RUN] RHPL 2025-03-02
{
  "symbol": "RHPL",
  "run_date": "2025-03-02",
  "raw_path": "C:\\Users\\ishwor\\Music\\own-organize\\own-market\\market-gist\\broker_flow_ledger\\raw_merolagani\\RHPL\\2025-03-02.json",
  "ledger_path": "C:\\Users\\ishwor\\Music\\own-organize\\own-market\\market-gist\\broker_flow_ledger\\RHPL\\2025-03-02.json",
  "market_day_context": {
    "run_date": "2025-03-02",
    "weekday_name": "Sunday",
    "is_nepal_trading_weekday": true,
    "holiday_validation_status": "weekday_only_unverified",
    "is_official_holiday": null,
    "holiday_title": null,
    "holiday_source": "https://www.nepalstock.com/api/nots/holiday/list?year=2025",
    "official_holiday_fetch_error": "http_401",
    "override_status": "missing",
    "expected_market_session": true
  },
  "total_pages": 1,
  "total_records": 495,
  "row_count_collected": 495,
  "ledger_written": true,
  "ledger_skipped_reason": null
}
[RUN] RHPL 2025-03-03
{
  "symbol": "RHPL",
  "run_date": "2025-03-03",
  "raw_path": "C:\\Users\\ishwor\\Music\\own-organize\\own-market\\market-gist\\broker_flow_ledger\\raw_merolagani\\RHPL\\2025-03-03.json",
  "ledger_path": "C:\\Users\\ishwor\\Music\\own-organize\\own-market\\market-gist\\broker_flow_ledger\\RHPL\\2025-03-03.json",
  "market_day_context": {
    "run_date": "2025-03-03",
    "weekday_name": "Monday",
    "is_nepal_trading_weekday": true,
    "holiday_validation_status": "weekday_only_unverified",
    "is_official_holiday": null,
    "holiday_title": null,
    "holiday_source": "https://www.nepalstock.com/api/nots/holiday/list?year=2025",
    "official_holiday_fetch_error": "http_401",
    "override_status": "missing",
    "expected_market_session": true
  },
  "total_pages": 2,
  "total_records": 545,
  "row_count_collected": 545,
  "ledger_written": true,
  "ledger_skipped_reason": null
}
[RUN] RHPL 2025-03-04
{
  "symbol": "RHPL",
  "run_date": "2025-03-04",
  "raw_path": "C:\\Users\\ishwor\\Music\\own-organize\\own-market\\market-gist\\broker_flow_ledger\\raw_merolagani\\RHPL\\2025-03-04.json",
  "ledger_path": "C:\\Users\\ishwor\\Music\\own-organize\\own-market\\market-gist\\broker_flow_ledger\\RHPL\\2025-03-04.json",
  "market_day_context": {
    "run_date": "2025-03-04",
    "weekday_name": "Tuesday",
    "is_nepal_trading_weekday": true,
    "holiday_validation_status": "weekday_only_unverified",
    "is_official_holiday": null,
    "holiday_title": null,
    "holiday_source": "https://www.nepalstock.com/api/nots/holiday/list?year=2025",
    "official_holiday_fetch_error": "http_401",
    "override_status": "missing",
    "expected_market_session": true
  },
  "total_pages": 1,
  "total_records": 493,
  "row_count_collected": 493,
  "ledger_written": true,
  "ledger_skipped_reason": null
}
[RUN] RHPL 2025-03-05
{
  "symbol": "RHPL",
  "run_date": "2025-03-05",
  "raw_path": "C:\\Users\\ishwor\\Music\\own-organize\\own-market\\market-gist\\broker_flow_ledger\\raw_merolagani\\RHPL\\2025-03-05.json",
  "ledger_path": "C:\\Users\\ishwor\\Music\\own-organize\\own-market\\market-gist\\broker_flow_ledger\\RHPL\\2025-03-05.json",
  "market_day_context": {
    "run_date": "2025-03-05",
    "weekday_name": "Wednesday",
    "is_nepal_trading_weekday": true,
    "holiday_validation_status": "weekday_only_unverified",
    "is_official_holiday": null,
    "holiday_title": null,
    "holiday_source": "https://www.nepalstock.com/api/nots/holiday/list?year=2025",
    "official_holiday_fetch_error": "http_401",
    "override_status": "missing",
    "expected_market_session": true
  },
  "total_pages": 1,
  "total_records": 345,
  "row_count_collected": 345,
  "ledger_written": true,
  "ledger_skipped_reason": null
}
[RUN] RHPL 2025-03-06
{
  "symbol": "RHPL",
  "run_date": "2025-03-06",
  "raw_path": "C:\\Users\\ishwor\\Music\\own-organize\\own-market\\market-gist\\broker_flow_ledger\\raw_merolagani\\RHPL\\2025-03-06.json",
  "ledger_path": "C:\\Users\\ishwor\\Music\\own-organize\\own-market\\market-gist\\broker_flow_ledger\\RHPL\\2025-03-06.json",
  "market_day_context": {
    "run_date": "2025-03-06",
    "weekday_name": "Thursday",
    "is_nepal_trading_weekday": true,
    "holiday_validation_status": "weekday_only_unverified",
    "is_official_holiday": null,
    "holiday_title": null,
    "holiday_source": "https://www.nepalstock.com/api/nots/holiday/list?year=2025",
    "official_holiday_fetch_error": "http_401",
    "override_status": "missing",
    "expected_market_session": true
  },
  "total_pages": 1,
  "total_records": 311,
  "row_count_collected": 311,
  "ledger_written": true,
  "ledger_skipped_reason": null
}
[RUN] RHPL 2025-03-09
{
  "symbol": "RHPL",
  "run_date": "2025-03-09",
  "raw_path": "C:\\Users\\ishwor\\Music\\own-organize\\own-market\\market-gist\\broker_flow_ledger\\raw_merolagani\\RHPL\\2025-03-09.json",
  "ledger_path": "C:\\Users\\ishwor\\Music\\own-organize\\own-market\\market-gist\\broker_flow_ledger\\RHPL\\2025-03-09.json",
  "market_day_context": {
    "run_date": "2025-03-09",
    "weekday_name": "Sunday",
    "is_nepal_trading_weekday": true,
    "holiday_validation_status": "weekday_only_unverified",
    "is_official_holiday": null,
    "holiday_title": null,
    "holiday_source": "https://www.nepalstock.com/api/nots/holiday/list?year=2025",
    "official_holiday_fetch_error": "http_401",
    "override_status": "missing",
    "expected_market_session": true
  },
  "total_pages": 1,
  "total_records": 338,
  "row_count_collected": 338,
  "ledger_written": true,
  "ledger_skipped_reason": null
}
[RUN] RHPL 2025-03-10
{
  "symbol": "RHPL",
  "run_date": "2025-03-10",
  "raw_path": "C:\\Users\\ishwor\\Music\\own-organize\\own-market\\market-gist\\broker_flow_ledger\\raw_merolagani\\RHPL\\2025-03-10.json",
  "ledger_path": "C:\\Users\\ishwor\\Music\\own-organize\\own-market\\market-gist\\broker_flow_ledger\\RHPL\\2025-03-10.json",
  "market_day_context": {
    "run_date": "2025-03-10",
    "weekday_name": "Monday",
    "is_nepal_trading_weekday": true,
    "holiday_validation_status": "weekday_only_unverified",
    "is_official_holiday": null,
    "holiday_title": null,
    "holiday_source": "https://www.nepalstock.com/api/nots/holiday/list?year=2025",
    "official_holiday_fetch_error": "http_401",
    "override_status": "missing",
    "expected_market_session": true
  },
  "total_pages": 1,
  "total_records": 316,
  "row_count_collected": 316,
  "ledger_written": true,
  "ledger_skipped_reason": null
}
[RUN] RHPL 2025-03-11
{
  "symbol": "RHPL",
  "run_date": "2025-03-11",
  "raw_path": "C:\\Users\\ishwor\\Music\\own-organize\\own-market\\market-gist\\broker_flow_ledger\\raw_merolagani\\RHPL\\2025-03-11.json",
  "ledger_path": "C:\\Users\\ishwor\\Music\\own-organize\\own-market\\market-gist\\broker_flow_ledger\\RHPL\\2025-03-11.json",
  "market_day_context": {
    "run_date": "2025-03-11",
    "weekday_name": "Tuesday",
    "is_nepal_trading_weekday": true,
    "holiday_validation_status": "weekday_only_unverified",
    "is_official_holiday": null,
    "holiday_title": null,
    "holiday_source": "https://www.nepalstock.com/api/nots/holiday/list?year=2025",
    "official_holiday_fetch_error": "http_401",
    "override_status": "missing",
    "expected_market_session": true
  },
  "total_pages": 1,
  "total_records": 398,
  "row_count_collected": 398,
  "ledger_written": true,
  "ledger_skipped_reason": null
}
[RUN] RHPL 2025-03-12
{
  "symbol": "RHPL",
  "run_date": "2025-03-12",
  "raw_path": "C:\\Users\\ishwor\\Music\\own-organize\\own-market\\market-gist\\broker_flow_ledger\\raw_merolagani\\RHPL\\2025-03-12.json",
  "ledger_path": "C:\\Users\\ishwor\\Music\\own-organize\\own-market\\market-gist\\broker_flow_ledger\\RHPL\\2025-03-12.json",
  "market_day_context": {
    "run_date": "2025-03-12",
    "weekday_name": "Wednesday",
    "is_nepal_trading_weekday": true,
    "holiday_validation_status": "weekday_only_unverified",
    "is_official_holiday": null,
    "holiday_title": null,
    "holiday_source": "https://www.nepalstock.com/api/nots/holiday/list?year=2025",
    "official_holiday_fetch_error": "http_401",
    "override_status": "missing",
    "expected_market_session": true
  },
  "total_pages": 1,
  "total_records": 225,
  "row_count_collected": 225,
  "ledger_written": true,
  "ledger_skipped_reason": null
}
[RUN] RHPL 2025-03-13
{
  "symbol": "RHPL",
  "run_date": "2025-03-13",
  "raw_path": "C:\\Users\\ishwor\\Music\\own-organize\\own-market\\market-gist\\broker_flow_ledger\\raw_merolagani\\RHPL\\2025-03-13.json",
  "ledger_path": "C:\\Users\\ishwor\\Music\\own-organize\\own-market\\market-gist\\broker_flow_ledger\\RHPL\\2025-03-13.json",
  "market_day_context": {
    "run_date": "2025-03-13",
    "weekday_name": "Thursday",
    "is_nepal_trading_weekday": true,
    "holiday_validation_status": "weekday_only_unverified",
    "is_official_holiday": null,
    "holiday_title": null,
    "holiday_source": "https://www.nepalstock.com/api/nots/holiday/list?year=2025",
    "official_holiday_fetch_error": "http_401",
    "override_status": "missing",
    "expected_market_session": true
  },
  "total_pages": 0,
  "total_records": null,
  "row_count_collected": 0,
  "ledger_written": false,
  "ledger_skipped_reason": "empty_weekday_unverified"
}
[RUN] RHPL 2025-03-16
{
  "symbol": "RHPL",
  "run_date": "2025-03-16",
  "raw_path": "C:\\Users\\ishwor\\Music\\own-organize\\own-market\\market-gist\\broker_flow_ledger\\raw_merolagani\\RHPL\\2025-03-16.json",
  "ledger_path": "C:\\Users\\ishwor\\Music\\own-organize\\own-market\\market-gist\\broker_flow_ledger\\RHPL\\2025-03-16.json",
  "market_day_context": {
    "run_date": "2025-03-16",
    "weekday_name": "Sunday",
    "is_nepal_trading_weekday": true,
    "holiday_validation_status": "weekday_only_unverified",
    "is_official_holiday": null,
    "holiday_title": null,
    "holiday_source": "https://www.nepalstock.com/api/nots/holiday/list?year=2025",
    "official_holiday_fetch_error": "http_401",
    "override_status": "missing",
    "expected_market_session": true
  },
  "total_pages": 1,
  "total_records": 272,
  "row_count_collected": 272,
  "ledger_written": true,
  "ledger_skipped_reason": null
}
[RUN] RHPL 2025-03-17
{
  "symbol": "RHPL",
  "run_date": "2025-03-17",
  "raw_path": "C:\\Users\\ishwor\\Music\\own-organize\\own-market\\market-gist\\broker_flow_ledger\\raw_merolagani\\RHPL\\2025-03-17.json",
  "ledger_path": "C:\\Users\\ishwor\\Music\\own-organize\\own-market\\market-gist\\broker_flow_ledger\\RHPL\\2025-03-17.json",
  "market_day_context": {
    "run_date": "2025-03-17",
    "weekday_name": "Monday",
    "is_nepal_trading_weekday": true,
    "holiday_validation_status": "weekday_only_unverified",
    "is_official_holiday": null,
    "holiday_title": null,
    "holiday_source": "https://www.nepalstock.com/api/nots/holiday/list?year=2025",
    "official_holiday_fetch_error": "http_401",
    "override_status": "missing",
    "expected_market_session": true
  },
  "total_pages": 1,
  "total_records": 212,
  "row_count_collected": 212,
  "ledger_written": true,
  "ledger_skipped_reason": null
}
[RUN] RHPL 2025-03-18
{
  "symbol": "RHPL",
  "run_date": "2025-03-18",
  "raw_path": "C:\\Users\\ishwor\\Music\\own-organize\\own-market\\market-gist\\broker_flow_ledger\\raw_merolagani\\RHPL\\2025-03-18.json",
  "ledger_path": "C:\\Users\\ishwor\\Music\\own-organize\\own-market\\market-gist\\broker_flow_ledger\\RHPL\\2025-03-18.json",
  "market_day_context": {
    "run_date": "2025-03-18",
    "weekday_name": "Tuesday",
    "is_nepal_trading_weekday": true,
    "holiday_validation_status": "weekday_only_unverified",
    "is_official_holiday": null,
    "holiday_title": null,
    "holiday_source": "https://www.nepalstock.com/api/nots/holiday/list?year=2025",
    "official_holiday_fetch_error": "http_401",
    "override_status": "missing",
    "expected_market_session": true
  },
  "total_pages": 1,
  "total_records": 154,
  "row_count_collected": 154,
  "ledger_written": true,
  "ledger_skipped_reason": null
}
[RUN] RHPL 2025-03-19
{
  "symbol": "RHPL",
  "run_date": "2025-03-19",
  "raw_path": "C:\\Users\\ishwor\\Music\\own-organize\\own-market\\market-gist\\broker_flow_ledger\\raw_merolagani\\RHPL\\2025-03-19.json",
  "ledger_path": "C:\\Users\\ishwor\\Music\\own-organize\\own-market\\market-gist\\broker_flow_ledger\\RHPL\\2025-03-19.json",
  "market_day_context": {
    "run_date": "2025-03-19",
    "weekday_name": "Wednesday",
    "is_nepal_trading_weekday": true,
    "holiday_validation_status": "weekday_only_unverified",
    "is_official_holiday": null,
    "holiday_title": null,
    "holiday_source": "https://www.nepalstock.com/api/nots/holiday/list?year=2025",
    "official_holiday_fetch_error": "http_401",
    "override_status": "missing",
    "expected_market_session": true
  },
  "total_pages": 1,
  "total_records": 324,
  "row_count_collected": 324,
  "ledger_written": true,
  "ledger_skipped_reason": null
}
[RUN] RHPL 2025-03-20
{
  "symbol": "RHPL",
  "run_date": "2025-03-20",
  "raw_path": "C:\\Users\\ishwor\\Music\\own-organize\\own-market\\market-gist\\broker_flow_ledger\\raw_merolagani\\RHPL\\2025-03-20.json",
  "ledger_path": "C:\\Users\\ishwor\\Music\\own-organize\\own-market\\market-gist\\broker_flow_ledger\\RHPL\\2025-03-20.json",
  "market_day_context": {
    "run_date": "2025-03-20",
    "weekday_name": "Thursday",
    "is_nepal_trading_weekday": true,
    "holiday_validation_status": "weekday_only_unverified",
    "is_official_holiday": null,
    "holiday_title": null,
    "holiday_source": "https://www.nepalstock.com/api/nots/holiday/list?year=2025",
    "official_holiday_fetch_error": "http_401",
    "override_status": "missing",
    "expected_market_session": true
  },
  "total_pages": 1,
  "total_records": 144,
  "row_count_collected": 144,
  "ledger_written": true,
  "ledger_skipped_reason": null
}
[RUN] RHPL 2025-03-23
{
  "symbol": "RHPL",
  "run_date": "2025-03-23",
  "raw_path": "C:\\Users\\ishwor\\Music\\own-organize\\own-market\\market-gist\\broker_flow_ledger\\raw_merolagani\\RHPL\\2025-03-23.json",
  "ledger_path": "C:\\Users\\ishwor\\Music\\own-organize\\own-market\\market-gist\\broker_flow_ledger\\RHPL\\2025-03-23.json",
  "market_day_context": {
    "run_date": "2025-03-23",
    "weekday_name": "Sunday",
    "is_nepal_trading_weekday": true,
    "holiday_validation_status": "weekday_only_unverified",
    "is_official_holiday": null,
    "holiday_title": null,
    "holiday_source": "https://www.nepalstock.com/api/nots/holiday/list?year=2025",
    "official_holiday_fetch_error": "http_401",
    "override_status": "missing",
    "expected_market_session": true
  },
  "total_pages": 1,
  "total_records": 292,
  "row_count_collected": 292,
  "ledger_written": true,
  "ledger_skipped_reason": null
}
[RUN] RHPL 2025-03-24
{
  "symbol": "RHPL",
  "run_date": "2025-03-24",
  "raw_path": "C:\\Users\\ishwor\\Music\\own-organize\\own-market\\market-gist\\broker_flow_ledger\\raw_merolagani\\RHPL\\2025-03-24.json",
  "ledger_path": "C:\\Users\\ishwor\\Music\\own-organize\\own-market\\market-gist\\broker_flow_ledger\\RHPL\\2025-03-24.json",
  "market_day_context": {
    "run_date": "2025-03-24",
    "weekday_name": "Monday",
    "is_nepal_trading_weekday": true,
    "holiday_validation_status": "weekday_only_unverified",
    "is_official_holiday": null,
    "holiday_title": null,
    "holiday_source": "https://www.nepalstock.com/api/nots/holiday/list?year=2025",
    "official_holiday_fetch_error": "http_401",
    "override_status": "missing",
    "expected_market_session": true
  },
  "total_pages": 1,
  "total_records": 240,
  "row_count_collected": 240,
  "ledger_written": true,
  "ledger_skipped_reason": null
}
[RUN] RHPL 2025-03-25
{
  "symbol": "RHPL",
  "run_date": "2025-03-25",
  "raw_path": "C:\\Users\\ishwor\\Music\\own-organize\\own-market\\market-gist\\broker_flow_ledger\\raw_merolagani\\RHPL\\2025-03-25.json",
  "ledger_path": "C:\\Users\\ishwor\\Music\\own-organize\\own-market\\market-gist\\broker_flow_ledger\\RHPL\\2025-03-25.json",
  "market_day_context": {
    "run_date": "2025-03-25",
    "weekday_name": "Tuesday",
    "is_nepal_trading_weekday": true,
    "holiday_validation_status": "weekday_only_unverified",
    "is_official_holiday": null,
    "holiday_title": null,
    "holiday_source": "https://www.nepalstock.com/api/nots/holiday/list?year=2025",
    "official_holiday_fetch_error": "http_401",
    "override_status": "missing",
    "expected_market_session": true
  },
  "total_pages": 1,
  "total_records": 268,
  "row_count_collected": 268,
  "ledger_written": true,
  "ledger_skipped_reason": null
}
[RUN] RHPL 2025-03-26
{
  "symbol": "RHPL",
  "run_date": "2025-03-26",
  "raw_path": "C:\\Users\\ishwor\\Music\\own-organize\\own-market\\market-gist\\broker_flow_ledger\\raw_merolagani\\RHPL\\2025-03-26.json",
  "ledger_path": "C:\\Users\\ishwor\\Music\\own-organize\\own-market\\market-gist\\broker_flow_ledger\\RHPL\\2025-03-26.json",
  "market_day_context": {
    "run_date": "2025-03-26",
    "weekday_name": "Wednesday",
    "is_nepal_trading_weekday": true,
    "holiday_validation_status": "weekday_only_unverified",
    "is_official_holiday": null,
    "holiday_title": null,
    "holiday_source": "https://www.nepalstock.com/api/nots/holiday/list?year=2025",
    "official_holiday_fetch_error": "http_401",
    "override_status": "missing",
    "expected_market_session": true
  },
  "total_pages": 1,
  "total_records": 160,
  "row_count_collected": 160,
  "ledger_written": true,
  "ledger_skipped_reason": null
}
[RUN] RHPL 2025-03-27
{
  "symbol": "RHPL",
  "run_date": "2025-03-27",
  "raw_path": "C:\\Users\\ishwor\\Music\\own-organize\\own-market\\market-gist\\broker_flow_ledger\\raw_merolagani\\RHPL\\2025-03-27.json",
  "ledger_path": "C:\\Users\\ishwor\\Music\\own-organize\\own-market\\market-gist\\broker_flow_ledger\\RHPL\\2025-03-27.json",
  "market_day_context": {
    "run_date": "2025-03-27",
    "weekday_name": "Thursday",
    "is_nepal_trading_weekday": true,
    "holiday_validation_status": "weekday_only_unverified",
    "is_official_holiday": null,
    "holiday_title": null,
    "holiday_source": "https://www.nepalstock.com/api/nots/holiday/list?year=2025",
    "official_holiday_fetch_error": "http_401",
    "override_status": "missing",
    "expected_market_session": true
  },
  "total_pages": 1,
  "total_records": 238,
  "row_count_collected": 238,
  "ledger_written": true,
  "ledger_skipped_reason": null
}
[RUN] RHPL 2025-03-30
{
  "symbol": "RHPL",
  "run_date": "2025-03-30",
  "raw_path": "C:\\Users\\ishwor\\Music\\own-organize\\own-market\\market-gist\\broker_flow_ledger\\raw_merolagani\\RHPL\\2025-03-30.json",
  "ledger_path": "C:\\Users\\ishwor\\Music\\own-organize\\own-market\\market-gist\\broker_flow_ledger\\RHPL\\2025-03-30.json",
  "market_day_context": {
    "run_date": "2025-03-30",
    "weekday_name": "Sunday",
    "is_nepal_trading_weekday": true,
    "holiday_validation_status": "weekday_only_unverified",
    "is_official_holiday": null,
    "holiday_title": null,
    "holiday_source": "https://www.nepalstock.com/api/nots/holiday/list?year=2025",
    "official_holiday_fetch_error": "http_401",
    "override_status": "missing",
    "expected_market_session": true
  },
  "total_pages": 1,
  "total_records": 277,
  "row_count_collected": 277,
  "ledger_written": true,
  "ledger_skipped_reason": null
}
[RUN] RHPL 2025-03-31
{
  "symbol": "RHPL",
  "run_date": "2025-03-31",
  "raw_path": "C:\\Users\\ishwor\\Music\\own-organize\\own-market\\market-gist\\broker_flow_ledger\\raw_merolagani\\RHPL\\2025-03-31.json",
  "ledger_path": "C:\\Users\\ishwor\\Music\\own-organize\\own-market\\market-gist\\broker_flow_ledger\\RHPL\\2025-03-31.json",
  "market_day_context": {
    "run_date": "2025-03-31",
    "weekday_name": "Monday",
    "is_nepal_trading_weekday": true,
    "holiday_validation_status": "weekday_only_unverified",
    "is_official_holiday": null,
    "holiday_title": null,
    "holiday_source": "https://www.nepalstock.com/api/nots/holiday/list?year=2025",
    "official_holiday_fetch_error": "http_401",
    "override_status": "missing",
    "expected_market_session": true
  },
  "total_pages": 0,
  "total_records": null,
  "row_count_collected": 0,
  "ledger_written": false,
  "ledger_skipped_reason": "empty_weekday_unverified"
}
[RUN] RHPL 2025-04-01
{
  "symbol": "RHPL",
  "run_date": "2025-04-01",
  "raw_path": "C:\\Users\\ishwor\\Music\\own-organize\\own-market\\market-gist\\broker_flow_ledger\\raw_merolagani\\RHPL\\2025-04-01.json",
  "ledger_path": "C:\\Users\\ishwor\\Music\\own-organize\\own-market\\market-gist\\broker_flow_ledger\\RHPL\\2025-04-01.json",
  "market_day_context": {
    "run_date": "2025-04-01",
    "weekday_name": "Tuesday",
    "is_nepal_trading_weekday": true,
    "holiday_validation_status": "weekday_only_unverified",
    "is_official_holiday": null,
    "holiday_title": null,
    "holiday_source": "https://www.nepalstock.com/api/nots/holiday/list?year=2025",
    "official_holiday_fetch_error": "http_401",
    "override_status": "missing",
    "expected_market_session": true
  },
  "total_pages": 1,
  "total_records": 213,
  "row_count_collected": 213,
  "ledger_written": true,
  "ledger_skipped_reason": null
}
[RUN] RHPL 2025-04-02
{
  "symbol": "RHPL",
  "run_date": "2025-04-02",
  "raw_path": "C:\\Users\\ishwor\\Music\\own-organize\\own-market\\market-gist\\broker_flow_ledger\\raw_merolagani\\RHPL\\2025-04-02.json",
  "ledger_path": "C:\\Users\\ishwor\\Music\\own-organize\\own-market\\market-gist\\broker_flow_ledger\\RHPL\\2025-04-02.json",
  "market_day_context": {
    "run_date": "2025-04-02",
    "weekday_name": "Wednesday",
    "is_nepal_trading_weekday": true,
    "holiday_validation_status": "weekday_only_unverified",
    "is_official_holiday": null,
    "holiday_title": null,
    "holiday_source": "https://www.nepalstock.com/api/nots/holiday/list?year=2025",
    "official_holiday_fetch_error": "http_401",
    "override_status": "missing",
    "expected_market_session": true
  },
  "total_pages": 1,
  "total_records": 130,
  "row_count_collected": 130,
  "ledger_written": true,
  "ledger_skipped_reason": null
}
[RUN] RHPL 2025-04-03
{
  "symbol": "RHPL",
  "run_date": "2025-04-03",
  "raw_path": "C:\\Users\\ishwor\\Music\\own-organize\\own-market\\market-gist\\broker_flow_ledger\\raw_merolagani\\RHPL\\2025-04-03.json",
  "ledger_path": "C:\\Users\\ishwor\\Music\\own-organize\\own-market\\market-gist\\broker_flow_ledger\\RHPL\\2025-04-03.json",
  "market_day_context": {
    "run_date": "2025-04-03",
    "weekday_name": "Thursday",
    "is_nepal_trading_weekday": true,
    "holiday_validation_status": "weekday_only_unverified",
    "is_official_holiday": null,
    "holiday_title": null,
    "holiday_source": "https://www.nepalstock.com/api/nots/holiday/list?year=2025",
    "official_holiday_fetch_error": "http_401",
    "override_status": "missing",
    "expected_market_session": true
  },
  "total_pages": 1,
  "total_records": 177,
  "row_count_collected": 177,
  "ledger_written": true,
  "ledger_skipped_reason": null
}
[RUN] RHPL 2025-04-06
{
  "symbol": "RHPL",
  "run_date": "2025-04-06",
  "raw_path": "C:\\Users\\ishwor\\Music\\own-organize\\own-market\\market-gist\\broker_flow_ledger\\raw_merolagani\\RHPL\\2025-04-06.json",
  "ledger_path": "C:\\Users\\ishwor\\Music\\own-organize\\own-market\\market-gist\\broker_flow_ledger\\RHPL\\2025-04-06.json",
  "market_day_context": {
    "run_date": "2025-04-06",
    "weekday_name": "Sunday",
    "is_nepal_trading_weekday": true,
    "holiday_validation_status": "weekday_only_unverified",
    "is_official_holiday": null,
    "holiday_title": null,
    "holiday_source": "https://www.nepalstock.com/api/nots/holiday/list?year=2025",
    "official_holiday_fetch_error": "http_401",
    "override_status": "missing",
    "expected_market_session": true
  },
  "total_pages": 0,
  "total_records": null,
  "row_count_collected": 0,
  "ledger_written": false,
  "ledger_skipped_reason": "empty_weekday_unverified"
}
[RUN] RHPL 2025-04-07
{
  "symbol": "RHPL",
  "run_date": "2025-04-07",
  "raw_path": "C:\\Users\\ishwor\\Music\\own-organize\\own-market\\market-gist\\broker_flow_ledger\\raw_merolagani\\RHPL\\2025-04-07.json",
  "ledger_path": "C:\\Users\\ishwor\\Music\\own-organize\\own-market\\market-gist\\broker_flow_ledger\\RHPL\\2025-04-07.json",
  "market_day_context": {
    "run_date": "2025-04-07",
    "weekday_name": "Monday",
    "is_nepal_trading_weekday": true,
    "holiday_validation_status": "weekday_only_unverified",
    "is_official_holiday": null,
    "holiday_title": null,
    "holiday_source": "https://www.nepalstock.com/api/nots/holiday/list?year=2025",
    "official_holiday_fetch_error": "http_401",
    "override_status": "missing",
    "expected_market_session": true
  },
  "total_pages": 1,
  "total_records": 110,
  "row_count_collected": 110,
  "ledger_written": true,
  "ledger_skipped_reason": null
}
[RUN] RHPL 2025-04-08
{
  "symbol": "RHPL",
  "run_date": "2025-04-08",
  "raw_path": "C:\\Users\\ishwor\\Music\\own-organize\\own-market\\market-gist\\broker_flow_ledger\\raw_merolagani\\RHPL\\2025-04-08.json",
  "ledger_path": "C:\\Users\\ishwor\\Music\\own-organize\\own-market\\market-gist\\broker_flow_ledger\\RHPL\\2025-04-08.json",
  "market_day_context": {
    "run_date": "2025-04-08",
    "weekday_name": "Tuesday",
    "is_nepal_trading_weekday": true,
    "holiday_validation_status": "weekday_only_unverified",
    "is_official_holiday": null,
    "holiday_title": null,
    "holiday_source": "https://www.nepalstock.com/api/nots/holiday/list?year=2025",
    "official_holiday_fetch_error": "http_401",
    "override_status": "missing",
    "expected_market_session": true
  },
  "total_pages": 1,
  "total_records": 158,
  "row_count_collected": 158,
  "ledger_written": true,
  "ledger_skipped_reason": null
}
[RUN] RHPL 2025-04-09
{
  "symbol": "RHPL",
  "run_date": "2025-04-09",
  "raw_path": "C:\\Users\\ishwor\\Music\\own-organize\\own-market\\market-gist\\broker_flow_ledger\\raw_merolagani\\RHPL\\2025-04-09.json",
  "ledger_path": "C:\\Users\\ishwor\\Music\\own-organize\\own-market\\market-gist\\broker_flow_ledger\\RHPL\\2025-04-09.json",
  "market_day_context": {
    "run_date": "2025-04-09",
    "weekday_name": "Wednesday",
    "is_nepal_trading_weekday": true,
    "holiday_validation_status": "weekday_only_unverified",
    "is_official_holiday": null,
    "holiday_title": null,
    "holiday_source": "https://www.nepalstock.com/api/nots/holiday/list?year=2025",
    "official_holiday_fetch_error": "http_401",
    "override_status": "missing",
    "expected_market_session": true
  },
  "total_pages": 1,
  "total_records": 148,
  "row_count_collected": 148,
  "ledger_written": true,
  "ledger_skipped_reason": null
}
[RUN] RHPL 2025-04-10
{
  "symbol": "RHPL",
  "run_date": "2025-04-10",
  "raw_path": "C:\\Users\\ishwor\\Music\\own-organize\\own-market\\market-gist\\broker_flow_ledger\\raw_merolagani\\RHPL\\2025-04-10.json",
  "ledger_path": "C:\\Users\\ishwor\\Music\\own-organize\\own-market\\market-gist\\broker_flow_ledger\\RHPL\\2025-04-10.json",
  "market_day_context": {
    "run_date": "2025-04-10",
    "weekday_name": "Thursday",
    "is_nepal_trading_weekday": true,
    "holiday_validation_status": "weekday_only_unverified",
    "is_official_holiday": null,
    "holiday_title": null,
    "holiday_source": "https://www.nepalstock.com/api/nots/holiday/list?year=2025",
    "official_holiday_fetch_error": "http_401",
    "override_status": "missing",
    "expected_market_session": true
  },
  "total_pages": 1,
  "total_records": 159,
  "row_count_collected": 159,
  "ledger_written": true,
  "ledger_skipped_reason": null
}
[RUN] RHPL 2025-04-13
{
  "symbol": "RHPL",
  "run_date": "2025-04-13",
  "raw_path": "C:\\Users\\ishwor\\Music\\own-organize\\own-market\\market-gist\\broker_flow_ledger\\raw_merolagani\\RHPL\\2025-04-13.json",
  "ledger_path": "C:\\Users\\ishwor\\Music\\own-organize\\own-market\\market-gist\\broker_flow_ledger\\RHPL\\2025-04-13.json",
  "market_day_context": {
    "run_date": "2025-04-13",
    "weekday_name": "Sunday",
    "is_nepal_trading_weekday": true,
    "holiday_validation_status": "weekday_only_unverified",
    "is_official_holiday": null,
    "holiday_title": null,
    "holiday_source": "https://www.nepalstock.com/api/nots/holiday/list?year=2025",
    "official_holiday_fetch_error": "http_401",
    "override_status": "missing",
    "expected_market_session": true
  },
  "total_pages": 1,
  "total_records": 218,
  "row_count_collected": 218,
  "ledger_written": true,
  "ledger_skipped_reason": null
}
[RUN] RHPL 2025-04-14
{
  "symbol": "RHPL",
  "run_date": "2025-04-14",
  "raw_path": "C:\\Users\\ishwor\\Music\\own-organize\\own-market\\market-gist\\broker_flow_ledger\\raw_merolagani\\RHPL\\2025-04-14.json",
  "ledger_path": "C:\\Users\\ishwor\\Music\\own-organize\\own-market\\market-gist\\broker_flow_ledger\\RHPL\\2025-04-14.json",
  "market_day_context": {
    "run_date": "2025-04-14",
    "weekday_name": "Monday",
    "is_nepal_trading_weekday": true,
    "holiday_validation_status": "weekday_only_unverified",
    "is_official_holiday": null,
    "holiday_title": null,
    "holiday_source": "https://www.nepalstock.com/api/nots/holiday/list?year=2025",
    "official_holiday_fetch_error": "http_401",
    "override_status": "missing",
    "expected_market_session": true
  },
  "total_pages": 0,
  "total_records": null,
  "row_count_collected": 0,
  "ledger_written": false,
  "ledger_skipped_reason": "empty_weekday_unverified"
}
[RUN] RHPL 2025-04-15
{
  "symbol": "RHPL",
  "run_date": "2025-04-15",
  "raw_path": "C:\\Users\\ishwor\\Music\\own-organize\\own-market\\market-gist\\broker_flow_ledger\\raw_merolagani\\RHPL\\2025-04-15.json",
  "ledger_path": "C:\\Users\\ishwor\\Music\\own-organize\\own-market\\market-gist\\broker_flow_ledger\\RHPL\\2025-04-15.json",
  "market_day_context": {
    "run_date": "2025-04-15",
    "weekday_name": "Tuesday",
    "is_nepal_trading_weekday": true,
    "holiday_validation_status": "weekday_only_unverified",
    "is_official_holiday": null,
    "holiday_title": null,
    "holiday_source": "https://www.nepalstock.com/api/nots/holiday/list?year=2025",
    "official_holiday_fetch_error": "http_401",
    "override_status": "missing",
    "expected_market_session": true
  },
  "total_pages": 1,
  "total_records": 263,
  "row_count_collected": 263,
  "ledger_written": true,
  "ledger_skipped_reason": null
}
[RUN] RHPL 2025-04-16
{
  "symbol": "RHPL",
  "run_date": "2025-04-16",
  "raw_path": "C:\\Users\\ishwor\\Music\\own-organize\\own-market\\market-gist\\broker_flow_ledger\\raw_merolagani\\RHPL\\2025-04-16.json",
  "ledger_path": "C:\\Users\\ishwor\\Music\\own-organize\\own-market\\market-gist\\broker_flow_ledger\\RHPL\\2025-04-16.json",
  "market_day_context": {
    "run_date": "2025-04-16",
    "weekday_name": "Wednesday",
    "is_nepal_trading_weekday": true,
    "holiday_validation_status": "weekday_only_unverified",
    "is_official_holiday": null,
    "holiday_title": null,
    "holiday_source": "https://www.nepalstock.com/api/nots/holiday/list?year=2025",
    "official_holiday_fetch_error": "http_401",
    "override_status": "missing",
    "expected_market_session": true
  },
  "total_pages": 1,
  "total_records": 338,
  "row_count_collected": 338,
  "ledger_written": true,
  "ledger_skipped_reason": null
}
[RUN] RHPL 2025-04-17
{
  "symbol": "RHPL",
  "run_date": "2025-04-17",
  "raw_path": "C:\\Users\\ishwor\\Music\\own-organize\\own-market\\market-gist\\broker_flow_ledger\\raw_merolagani\\RHPL\\2025-04-17.json",
  "ledger_path": "C:\\Users\\ishwor\\Music\\own-organize\\own-market\\market-gist\\broker_flow_ledger\\RHPL\\2025-04-17.json",
  "market_day_context": {
    "run_date": "2025-04-17",
    "weekday_name": "Thursday",
    "is_nepal_trading_weekday": true,
    "holiday_validation_status": "weekday_only_unverified",
    "is_official_holiday": null,
    "holiday_title": null,
    "holiday_source": "https://www.nepalstock.com/api/nots/holiday/list?year=2025",
    "official_holiday_fetch_error": "http_401",
    "override_status": "missing",
    "expected_market_session": true
  },
  "total_pages": 1,
  "total_records": 403,
  "row_count_collected": 403,
  "ledger_written": true,
  "ledger_skipped_reason": null
}
[RUN] RHPL 2025-04-20
{
  "symbol": "RHPL",
  "run_date": "2025-04-20",
  "raw_path": "C:\\Users\\ishwor\\Music\\own-organize\\own-market\\market-gist\\broker_flow_ledger\\raw_merolagani\\RHPL\\2025-04-20.json",
  "ledger_path": "C:\\Users\\ishwor\\Music\\own-organize\\own-market\\market-gist\\broker_flow_ledger\\RHPL\\2025-04-20.json",
  "market_day_context": {
    "run_date": "2025-04-20",
    "weekday_name": "Sunday",
    "is_nepal_trading_weekday": true,
    "holiday_validation_status": "weekday_only_unverified",
    "is_official_holiday": null,
    "holiday_title": null,
    "holiday_source": "https://www.nepalstock.com/api/nots/holiday/list?year=2025",
    "official_holiday_fetch_error": "http_401",
    "override_status": "missing",
    "expected_market_session": true
  },
  "total_pages": 1,
  "total_records": 206,
  "row_count_collected": 206,
  "ledger_written": true,
  "ledger_skipped_reason": null
}
[RUN] RHPL 2025-04-21
{
  "symbol": "RHPL",
  "run_date": "2025-04-21",
  "raw_path": "C:\\Users\\ishwor\\Music\\own-organize\\own-market\\market-gist\\broker_flow_ledger\\raw_merolagani\\RHPL\\2025-04-21.json",
  "ledger_path": "C:\\Users\\ishwor\\Music\\own-organize\\own-market\\market-gist\\broker_flow_ledger\\RHPL\\2025-04-21.json",
  "market_day_context": {
    "run_date": "2025-04-21",
    "weekday_name": "Monday",
    "is_nepal_trading_weekday": true,
    "holiday_validation_status": "weekday_only_unverified",
    "is_official_holiday": null,
    "holiday_title": null,
    "holiday_source": "https://www.nepalstock.com/api/nots/holiday/list?year=2025",
    "official_holiday_fetch_error": "http_401",
    "override_status": "missing",
    "expected_market_session": true
  },
  "total_pages": 1,
  "total_records": 402,
  "row_count_collected": 402,
  "ledger_written": true,
  "ledger_skipped_reason": null
}
[RUN] RHPL 2025-04-22
{
  "symbol": "RHPL",
  "run_date": "2025-04-22",
  "raw_path": "C:\\Users\\ishwor\\Music\\own-organize\\own-market\\market-gist\\broker_flow_ledger\\raw_merolagani\\RHPL\\2025-04-22.json",
  "ledger_path": "C:\\Users\\ishwor\\Music\\own-organize\\own-market\\market-gist\\broker_flow_ledger\\RHPL\\2025-04-22.json",
  "market_day_context": {
    "run_date": "2025-04-22",
    "weekday_name": "Tuesday",
    "is_nepal_trading_weekday": true,
    "holiday_validation_status": "weekday_only_unverified",
    "is_official_holiday": null,
    "holiday_title": null,
    "holiday_source": "https://www.nepalstock.com/api/nots/holiday/list?year=2025",
    "official_holiday_fetch_error": "http_401",
    "override_status": "missing",
    "expected_market_session": true
  },
  "total_pages": 1,
  "total_records": 371,
  "row_count_collected": 371,
  "ledger_written": true,
  "ledger_skipped_reason": null
}
[RUN] RHPL 2025-04-23
{
  "symbol": "RHPL",
  "run_date": "2025-04-23",
  "raw_path": "C:\\Users\\ishwor\\Music\\own-organize\\own-market\\market-gist\\broker_flow_ledger\\raw_merolagani\\RHPL\\2025-04-23.json",
  "ledger_path": "C:\\Users\\ishwor\\Music\\own-organize\\own-market\\market-gist\\broker_flow_ledger\\RHPL\\2025-04-23.json",
  "market_day_context": {
    "run_date": "2025-04-23",
    "weekday_name": "Wednesday",
    "is_nepal_trading_weekday": true,
    "holiday_validation_status": "weekday_only_unverified",
    "is_official_holiday": null,
    "holiday_title": null,
    "holiday_source": "https://www.nepalstock.com/api/nots/holiday/list?year=2025",
    "official_holiday_fetch_error": "http_401",
    "override_status": "missing",
    "expected_market_session": true
  },
  "total_pages": 1,
  "total_records": 188,
  "row_count_collected": 188,
  "ledger_written": true,
  "ledger_skipped_reason": null
}
[RUN] RHPL 2025-04-24
{
  "symbol": "RHPL",
  "run_date": "2025-04-24",
  "raw_path": "C:\\Users\\ishwor\\Music\\own-organize\\own-market\\market-gist\\broker_flow_ledger\\raw_merolagani\\RHPL\\2025-04-24.json",
  "ledger_path": "C:\\Users\\ishwor\\Music\\own-organize\\own-market\\market-gist\\broker_flow_ledger\\RHPL\\2025-04-24.json",
  "market_day_context": {
    "run_date": "2025-04-24",
    "weekday_name": "Thursday",
    "is_nepal_trading_weekday": true,
    "holiday_validation_status": "weekday_only_unverified",
    "is_official_holiday": null,
    "holiday_title": null,
    "holiday_source": "https://www.nepalstock.com/api/nots/holiday/list?year=2025",
    "official_holiday_fetch_error": "http_401",
    "override_status": "missing",
    "expected_market_session": true
  },
  "total_pages": 1,
  "total_records": 283,
  "row_count_collected": 283,
  "ledger_written": true,
  "ledger_skipped_reason": null
}
[RUN] RHPL 2025-04-27
{
  "symbol": "RHPL",
  "run_date": "2025-04-27",
  "raw_path": "C:\\Users\\ishwor\\Music\\own-organize\\own-market\\market-gist\\broker_flow_ledger\\raw_merolagani\\RHPL\\2025-04-27.json",
  "ledger_path": "C:\\Users\\ishwor\\Music\\own-organize\\own-market\\market-gist\\broker_flow_ledger\\RHPL\\2025-04-27.json",
  "market_day_context": {
    "run_date": "2025-04-27",
    "weekday_name": "Sunday",
    "is_nepal_trading_weekday": true,
    "holiday_validation_status": "weekday_only_unverified",
    "is_official_holiday": null,
    "holiday_title": null,
    "holiday_source": "https://www.nepalstock.com/api/nots/holiday/list?year=2025",
    "official_holiday_fetch_error": "http_401",
    "override_status": "missing",
    "expected_market_session": true
  },
  "total_pages": 1,
  "total_records": 244,
  "row_count_collected": 244,
  "ledger_written": true,
  "ledger_skipped_reason": null
}
[RUN] RHPL 2025-04-28
{
  "symbol": "RHPL",
  "run_date": "2025-04-28",
  "raw_path": "C:\\Users\\ishwor\\Music\\own-organize\\own-market\\market-gist\\broker_flow_ledger\\raw_merolagani\\RHPL\\2025-04-28.json",
  "ledger_path": "C:\\Users\\ishwor\\Music\\own-organize\\own-market\\market-gist\\broker_flow_ledger\\RHPL\\2025-04-28.json",
  "market_day_context": {
    "run_date": "2025-04-28",
    "weekday_name": "Monday",
    "is_nepal_trading_weekday": true,
    "holiday_validation_status": "weekday_only_unverified",
    "is_official_holiday": null,
    "holiday_title": null,
    "holiday_source": "https://www.nepalstock.com/api/nots/holiday/list?year=2025",
    "official_holiday_fetch_error": "http_401",
    "override_status": "missing",
    "expected_market_session": true
  },
  "total_pages": 1,
  "total_records": 272,
  "row_count_collected": 272,
  "ledger_written": true,
  "ledger_skipped_reason": null
}
[RUN] RHPL 2025-04-29
{
  "symbol": "RHPL",
  "run_date": "2025-04-29",
  "raw_path": "C:\\Users\\ishwor\\Music\\own-organize\\own-market\\market-gist\\broker_flow_ledger\\raw_merolagani\\RHPL\\2025-04-29.json",
  "ledger_path": "C:\\Users\\ishwor\\Music\\own-organize\\own-market\\market-gist\\broker_flow_ledger\\RHPL\\2025-04-29.json",
  "market_day_context": {
    "run_date": "2025-04-29",
    "weekday_name": "Tuesday",
    "is_nepal_trading_weekday": true,
    "holiday_validation_status": "weekday_only_unverified",
    "is_official_holiday": null,
    "holiday_title": null,
    "holiday_source": "https://www.nepalstock.com/api/nots/holiday/list?year=2025",
    "official_holiday_fetch_error": "http_401",
    "override_status": "missing",
    "expected_market_session": true
  },
  "total_pages": 2,
  "total_records": 879,
  "row_count_collected": 879,
  "ledger_written": true,
  "ledger_skipped_reason": null
}
[RUN] RHPL 2025-04-30
{
  "symbol": "RHPL",
  "run_date": "2025-04-30",
  "raw_path": "C:\\Users\\ishwor\\Music\\own-organize\\own-market\\market-gist\\broker_flow_ledger\\raw_merolagani\\RHPL\\2025-04-30.json",
  "ledger_path": "C:\\Users\\ishwor\\Music\\own-organize\\own-market\\market-gist\\broker_flow_ledger\\RHPL\\2025-04-30.json",
  "market_day_context": {
    "run_date": "2025-04-30",
    "weekday_name": "Wednesday",
    "is_nepal_trading_weekday": true,
    "holiday_validation_status": "weekday_only_unverified",
    "is_official_holiday": null,
    "holiday_title": null,
    "holiday_source": "https://www.nepalstock.com/api/nots/holiday/list?year=2025",
    "official_holiday_fetch_error": "http_401",
    "override_status": "missing",
    "expected_market_session": true
  },
  "total_pages": 1,
  "total_records": 299,
  "row_count_collected": 299,
  "ledger_written": true,
  "ledger_skipped_reason": null
}
[RUN] RHPL 2025-05-01
{
  "symbol": "RHPL",
  "run_date": "2025-05-01",
  "raw_path": "C:\\Users\\ishwor\\Music\\own-organize\\own-market\\market-gist\\broker_flow_ledger\\raw_merolagani\\RHPL\\2025-05-01.json",
  "ledger_path": "C:\\Users\\ishwor\\Music\\own-organize\\own-market\\market-gist\\broker_flow_ledger\\RHPL\\2025-05-01.json",
  "market_day_context": {
    "run_date": "2025-05-01",
    "weekday_name": "Thursday",
    "is_nepal_trading_weekday": true,
    "holiday_validation_status": "weekday_only_unverified",
    "is_official_holiday": null,
    "holiday_title": null,
    "holiday_source": "https://www.nepalstock.com/api/nots/holiday/list?year=2025",
    "official_holiday_fetch_error": "http_401",
    "override_status": "missing",
    "expected_market_session": true
  },
  "total_pages": 0,
  "total_records": null,
  "row_count_collected": 0,
  "ledger_written": false,
  "ledger_skipped_reason": "empty_weekday_unverified"
}
[RUN] RHPL 2025-05-04
{
  "symbol": "RHPL",
  "run_date": "2025-05-04",
  "raw_path": "C:\\Users\\ishwor\\Music\\own-organize\\own-market\\market-gist\\broker_flow_ledger\\raw_merolagani\\RHPL\\2025-05-04.json",
  "ledger_path": "C:\\Users\\ishwor\\Music\\own-organize\\own-market\\market-gist\\broker_flow_ledger\\RHPL\\2025-05-04.json",
  "market_day_context": {
    "run_date": "2025-05-04",
    "weekday_name": "Sunday",
    "is_nepal_trading_weekday": true,
    "holiday_validation_status": "weekday_only_unverified",
    "is_official_holiday": null,
    "holiday_title": null,
    "holiday_source": "https://www.nepalstock.com/api/nots/holiday/list?year=2025",
    "official_holiday_fetch_error": "http_401",
    "override_status": "missing",
    "expected_market_session": true
  },
  "total_pages": 1,
  "total_records": 289,
  "row_count_collected": 289,
  "ledger_written": true,
  "ledger_skipped_reason": null
}
[RUN] RHPL 2025-05-05
{
  "symbol": "RHPL",
  "run_date": "2025-05-05",
  "raw_path": "C:\\Users\\ishwor\\Music\\own-organize\\own-market\\market-gist\\broker_flow_ledger\\raw_merolagani\\RHPL\\2025-05-05.json",
  "ledger_path": "C:\\Users\\ishwor\\Music\\own-organize\\own-market\\market-gist\\broker_flow_ledger\\RHPL\\2025-05-05.json",
  "market_day_context": {
    "run_date": "2025-05-05",
    "weekday_name": "Monday",
    "is_nepal_trading_weekday": true,
    "holiday_validation_status": "weekday_only_unverified",
    "is_official_holiday": null,
    "holiday_title": null,
    "holiday_source": "https://www.nepalstock.com/api/nots/holiday/list?year=2025",
    "official_holiday_fetch_error": "http_401",
    "override_status": "missing",
    "expected_market_session": true
  },
  "total_pages": 1,
  "total_records": 223,
  "row_count_collected": 223,
  "ledger_written": true,
  "ledger_skipped_reason": null
}
[RUN] RHPL 2025-05-06
{
  "symbol": "RHPL",
  "run_date": "2025-05-06",
  "raw_path": "C:\\Users\\ishwor\\Music\\own-organize\\own-market\\market-gist\\broker_flow_ledger\\raw_merolagani\\RHPL\\2025-05-06.json",
  "ledger_path": "C:\\Users\\ishwor\\Music\\own-organize\\own-market\\market-gist\\broker_flow_ledger\\RHPL\\2025-05-06.json",
  "market_day_context": {
    "run_date": "2025-05-06",
    "weekday_name": "Tuesday",
    "is_nepal_trading_weekday": true,
    "holiday_validation_status": "weekday_only_unverified",
    "is_official_holiday": null,
    "holiday_title": null,
    "holiday_source": "https://www.nepalstock.com/api/nots/holiday/list?year=2025",
    "official_holiday_fetch_error": "http_401",
    "override_status": "missing",
    "expected_market_session": true
  },
  "total_pages": 1,
  "total_records": 276,
  "row_count_collected": 276,
  "ledger_written": true,
  "ledger_skipped_reason": null
}
[RUN] RHPL 2025-05-07
{
  "symbol": "RHPL",
  "run_date": "2025-05-07",
  "raw_path": "C:\\Users\\ishwor\\Music\\own-organize\\own-market\\market-gist\\broker_flow_ledger\\raw_merolagani\\RHPL\\2025-05-07.json",
  "ledger_path": "C:\\Users\\ishwor\\Music\\own-organize\\own-market\\market-gist\\broker_flow_ledger\\RHPL\\2025-05-07.json",
  "market_day_context": {
    "run_date": "2025-05-07",
    "weekday_name": "Wednesday",
    "is_nepal_trading_weekday": true,
    "holiday_validation_status": "weekday_only_unverified",
    "is_official_holiday": null,
    "holiday_title": null,
    "holiday_source": "https://www.nepalstock.com/api/nots/holiday/list?year=2025",
    "official_holiday_fetch_error": "http_401",
    "override_status": "missing",
    "expected_market_session": true
  },
  "total_pages": 2,
  "total_records": 567,
  "row_count_collected": 567,
  "ledger_written": true,
  "ledger_skipped_reason": null
}
[RUN] RHPL 2025-05-08
{
  "symbol": "RHPL",
  "run_date": "2025-05-08",
  "raw_path": "C:\\Users\\ishwor\\Music\\own-organize\\own-market\\market-gist\\broker_flow_ledger\\raw_merolagani\\RHPL\\2025-05-08.json",
  "ledger_path": "C:\\Users\\ishwor\\Music\\own-organize\\own-market\\market-gist\\broker_flow_ledger\\RHPL\\2025-05-08.json",
  "market_day_context": {
    "run_date": "2025-05-08",
    "weekday_name": "Thursday",
    "is_nepal_trading_weekday": true,
    "holiday_validation_status": "weekday_only_unverified",
    "is_official_holiday": null,
    "holiday_title": null,
    "holiday_source": "https://www.nepalstock.com/api/nots/holiday/list?year=2025",
    "official_holiday_fetch_error": "http_401",
    "override_status": "missing",
    "expected_market_session": true
  },
  "total_pages": 1,
  "total_records": 310,
  "row_count_collected": 310,
  "ledger_written": true,
  "ledger_skipped_reason": null
}
[RUN] RHPL 2025-05-11
{
  "symbol": "RHPL",
  "run_date": "2025-05-11",
  "raw_path": "C:\\Users\\ishwor\\Music\\own-organize\\own-market\\market-gist\\broker_flow_ledger\\raw_merolagani\\RHPL\\2025-05-11.json",
  "ledger_path": "C:\\Users\\ishwor\\Music\\own-organize\\own-market\\market-gist\\broker_flow_ledger\\RHPL\\2025-05-11.json",
  "market_day_context": {
    "run_date": "2025-05-11",
    "weekday_name": "Sunday",
    "is_nepal_trading_weekday": true,
    "holiday_validation_status": "weekday_only_unverified",
    "is_official_holiday": null,
    "holiday_title": null,
    "holiday_source": "https://www.nepalstock.com/api/nots/holiday/list?year=2025",
    "official_holiday_fetch_error": "http_401",
    "override_status": "missing",
    "expected_market_session": true
  },
  "total_pages": 1,
  "total_records": 256,
  "row_count_collected": 256,
  "ledger_written": true,
  "ledger_skipped_reason": null
}
[RUN] RHPL 2025-05-12
{
  "symbol": "RHPL",
  "run_date": "2025-05-12",
  "raw_path": "C:\\Users\\ishwor\\Music\\own-organize\\own-market\\market-gist\\broker_flow_ledger\\raw_merolagani\\RHPL\\2025-05-12.json",
  "ledger_path": "C:\\Users\\ishwor\\Music\\own-organize\\own-market\\market-gist\\broker_flow_ledger\\RHPL\\2025-05-12.json",
  "market_day_context": {
    "run_date": "2025-05-12",
    "weekday_name": "Monday",
    "is_nepal_trading_weekday": true,
    "holiday_validation_status": "weekday_only_unverified",
    "is_official_holiday": null,
    "holiday_title": null,
    "holiday_source": "https://www.nepalstock.com/api/nots/holiday/list?year=2025",
    "official_holiday_fetch_error": "http_401",
    "override_status": "missing",
    "expected_market_session": true
  },
  "total_pages": 0,
  "total_records": null,
  "row_count_collected": 0,
  "ledger_written": false,
  "ledger_skipped_reason": "empty_weekday_unverified"
}
[RUN] RHPL 2025-05-13
{
  "symbol": "RHPL",
  "run_date": "2025-05-13",
  "raw_path": "C:\\Users\\ishwor\\Music\\own-organize\\own-market\\market-gist\\broker_flow_ledger\\raw_merolagani\\RHPL\\2025-05-13.json",
  "ledger_path": "C:\\Users\\ishwor\\Music\\own-organize\\own-market\\market-gist\\broker_flow_ledger\\RHPL\\2025-05-13.json",
  "market_day_context": {
    "run_date": "2025-05-13",
    "weekday_name": "Tuesday",
    "is_nepal_trading_weekday": true,
    "holiday_validation_status": "weekday_only_unverified",
    "is_official_holiday": null,
    "holiday_title": null,
    "holiday_source": "https://www.nepalstock.com/api/nots/holiday/list?year=2025",
    "official_holiday_fetch_error": "http_401",
    "override_status": "missing",
    "expected_market_session": true
  },
  "total_pages": 1,
  "total_records": 257,
  "row_count_collected": 257,
  "ledger_written": true,
  "ledger_skipped_reason": null
}
[RUN] RHPL 2025-05-14
{
  "symbol": "RHPL",
  "run_date": "2025-05-14",
  "raw_path": "C:\\Users\\ishwor\\Music\\own-organize\\own-market\\market-gist\\broker_flow_ledger\\raw_merolagani\\RHPL\\2025-05-14.json",
  "ledger_path": "C:\\Users\\ishwor\\Music\\own-organize\\own-market\\market-gist\\broker_flow_ledger\\RHPL\\2025-05-14.json",
  "market_day_context": {
    "run_date": "2025-05-14",
    "weekday_name": "Wednesday",
    "is_nepal_trading_weekday": true,
    "holiday_validation_status": "weekday_only_unverified",
    "is_official_holiday": null,
    "holiday_title": null,
    "holiday_source": "https://www.nepalstock.com/api/nots/holiday/list?year=2025",
    "official_holiday_fetch_error": "http_401",
    "override_status": "missing",
    "expected_market_session": true
  },
  "total_pages": 1,
  "total_records": 239,
  "row_count_collected": 239,
  "ledger_written": true,
  "ledger_skipped_reason": null
}
[RUN] RHPL 2025-05-15
{
  "symbol": "RHPL",
  "run_date": "2025-05-15",
  "raw_path": "C:\\Users\\ishwor\\Music\\own-organize\\own-market\\market-gist\\broker_flow_ledger\\raw_merolagani\\RHPL\\2025-05-15.json",
  "ledger_path": "C:\\Users\\ishwor\\Music\\own-organize\\own-market\\market-gist\\broker_flow_ledger\\RHPL\\2025-05-15.json",
  "market_day_context": {
    "run_date": "2025-05-15",
    "weekday_name": "Thursday",
    "is_nepal_trading_weekday": true,
    "holiday_validation_status": "weekday_only_unverified",
    "is_official_holiday": null,
    "holiday_title": null,
    "holiday_source": "https://www.nepalstock.com/api/nots/holiday/list?year=2025",
    "official_holiday_fetch_error": "http_401",
    "override_status": "missing",
    "expected_market_session": true
  },
  "total_pages": 1,
  "total_records": 236,
  "row_count_collected": 236,
  "ledger_written": true,
  "ledger_skipped_reason": null
}
[RUN] RHPL 2025-05-18
{
  "symbol": "RHPL",
  "run_date": "2025-05-18",
  "raw_path": "C:\\Users\\ishwor\\Music\\own-organize\\own-market\\market-gist\\broker_flow_ledger\\raw_merolagani\\RHPL\\2025-05-18.json",
  "ledger_path": "C:\\Users\\ishwor\\Music\\own-organize\\own-market\\market-gist\\broker_flow_ledger\\RHPL\\2025-05-18.json",
  "market_day_context": {
    "run_date": "2025-05-18",
    "weekday_name": "Sunday",
    "is_nepal_trading_weekday": true,
    "holiday_validation_status": "weekday_only_unverified",
    "is_official_holiday": null,
    "holiday_title": null,
    "holiday_source": "https://www.nepalstock.com/api/nots/holiday/list?year=2025",
    "official_holiday_fetch_error": "http_401",
    "override_status": "missing",
    "expected_market_session": true
  },
  "total_pages": 1,
  "total_records": 182,
  "row_count_collected": 182,
  "ledger_written": true,
  "ledger_skipped_reason": null
}
[RUN] RHPL 2025-05-19
{
  "symbol": "RHPL",
  "run_date": "2025-05-19",
  "raw_path": "C:\\Users\\ishwor\\Music\\own-organize\\own-market\\market-gist\\broker_flow_ledger\\raw_merolagani\\RHPL\\2025-05-19.json",
  "ledger_path": "C:\\Users\\ishwor\\Music\\own-organize\\own-market\\market-gist\\broker_flow_ledger\\RHPL\\2025-05-19.json",
  "market_day_context": {
    "run_date": "2025-05-19",
    "weekday_name": "Monday",
    "is_nepal_trading_weekday": true,
    "holiday_validation_status": "weekday_only_unverified",
    "is_official_holiday": null,
    "holiday_title": null,
    "holiday_source": "https://www.nepalstock.com/api/nots/holiday/list?year=2025",
    "official_holiday_fetch_error": "http_401",
    "override_status": "missing",
    "expected_market_session": true
  },
  "total_pages": 1,
  "total_records": 201,
  "row_count_collected": 201,
  "ledger_written": true,
  "ledger_skipped_reason": null
}
[RUN] RHPL 2025-05-20
{
  "symbol": "RHPL",
  "run_date": "2025-05-20",
  "raw_path": "C:\\Users\\ishwor\\Music\\own-organize\\own-market\\market-gist\\broker_flow_ledger\\raw_merolagani\\RHPL\\2025-05-20.json",
  "ledger_path": "C:\\Users\\ishwor\\Music\\own-organize\\own-market\\market-gist\\broker_flow_ledger\\RHPL\\2025-05-20.json",
  "market_day_context": {
    "run_date": "2025-05-20",
    "weekday_name": "Tuesday",
    "is_nepal_trading_weekday": true,
    "holiday_validation_status": "weekday_only_unverified",
    "is_official_holiday": null,
    "holiday_title": null,
    "holiday_source": "https://www.nepalstock.com/api/nots/holiday/list?year=2025",
    "official_holiday_fetch_error": "http_401",
    "override_status": "missing",
    "expected_market_session": true
  },
  "total_pages": 1,
  "total_records": 223,
  "row_count_collected": 223,
  "ledger_written": true,
  "ledger_skipped_reason": null
}
[RUN] RHPL 2025-05-21
{
  "symbol": "RHPL",
  "run_date": "2025-05-21",
  "raw_path": "C:\\Users\\ishwor\\Music\\own-organize\\own-market\\market-gist\\broker_flow_ledger\\raw_merolagani\\RHPL\\2025-05-21.json",
  "ledger_path": "C:\\Users\\ishwor\\Music\\own-organize\\own-market\\market-gist\\broker_flow_ledger\\RHPL\\2025-05-21.json",
  "market_day_context": {
    "run_date": "2025-05-21",
    "weekday_name": "Wednesday",
    "is_nepal_trading_weekday": true,
    "holiday_validation_status": "weekday_only_unverified",
    "is_official_holiday": null,
    "holiday_title": null,
    "holiday_source": "https://www.nepalstock.com/api/nots/holiday/list?year=2025",
    "official_holiday_fetch_error": "http_401",
    "override_status": "missing",
    "expected_market_session": true
  },
  "total_pages": 1,
  "total_records": 207,
  "row_count_collected": 207,
  "ledger_written": true,
  "ledger_skipped_reason": null
}
[RUN] RHPL 2025-05-22
{
  "symbol": "RHPL",
  "run_date": "2025-05-22",
  "raw_path": "C:\\Users\\ishwor\\Music\\own-organize\\own-market\\market-gist\\broker_flow_ledger\\raw_merolagani\\RHPL\\2025-05-22.json",
  "ledger_path": "C:\\Users\\ishwor\\Music\\own-organize\\own-market\\market-gist\\broker_flow_ledger\\RHPL\\2025-05-22.json",
  "market_day_context": {
    "run_date": "2025-05-22",
    "weekday_name": "Thursday",
    "is_nepal_trading_weekday": true,
    "holiday_validation_status": "weekday_only_unverified",
    "is_official_holiday": null,
    "holiday_title": null,
    "holiday_source": "https://www.nepalstock.com/api/nots/holiday/list?year=2025",
    "official_holiday_fetch_error": "http_401",
    "override_status": "missing",
    "expected_market_session": true
  },
  "total_pages": 1,
  "total_records": 210,
  "row_count_collected": 210,
  "ledger_written": true,
  "ledger_skipped_reason": null
}
[RUN] RHPL 2025-05-25
{
  "symbol": "RHPL",
  "run_date": "2025-05-25",
  "raw_path": "C:\\Users\\ishwor\\Music\\own-organize\\own-market\\market-gist\\broker_flow_ledger\\raw_merolagani\\RHPL\\2025-05-25.json",
  "ledger_path": "C:\\Users\\ishwor\\Music\\own-organize\\own-market\\market-gist\\broker_flow_ledger\\RHPL\\2025-05-25.json",
  "market_day_context": {
    "run_date": "2025-05-25",
    "weekday_name": "Sunday",
    "is_nepal_trading_weekday": true,
    "holiday_validation_status": "weekday_only_unverified",
    "is_official_holiday": null,
    "holiday_title": null,
    "holiday_source": "https://www.nepalstock.com/api/nots/holiday/list?year=2025",
    "official_holiday_fetch_error": "http_401",
    "override_status": "missing",
    "expected_market_session": true
  },
  "total_pages": 1,
  "total_records": 175,
  "row_count_collected": 175,
  "ledger_written": true,
  "ledger_skipped_reason": null
}
[RUN] RHPL 2025-05-26
{
  "symbol": "RHPL",
  "run_date": "2025-05-26",
  "raw_path": "C:\\Users\\ishwor\\Music\\own-organize\\own-market\\market-gist\\broker_flow_ledger\\raw_merolagani\\RHPL\\2025-05-26.json",
  "ledger_path": "C:\\Users\\ishwor\\Music\\own-organize\\own-market\\market-gist\\broker_flow_ledger\\RHPL\\2025-05-26.json",
  "market_day_context": {
    "run_date": "2025-05-26",
    "weekday_name": "Monday",
    "is_nepal_trading_weekday": true,
    "holiday_validation_status": "weekday_only_unverified",
    "is_official_holiday": null,
    "holiday_title": null,
    "holiday_source": "https://www.nepalstock.com/api/nots/holiday/list?year=2025",
    "official_holiday_fetch_error": "http_401",
    "override_status": "missing",
    "expected_market_session": true
  },
  "total_pages": 1,
  "total_records": 166,
  "row_count_collected": 166,
  "ledger_written": true,
  "ledger_skipped_reason": null
}
[RUN] RHPL 2025-05-27
{
  "symbol": "RHPL",
  "run_date": "2025-05-27",
  "raw_path": "C:\\Users\\ishwor\\Music\\own-organize\\own-market\\market-gist\\broker_flow_ledger\\raw_merolagani\\RHPL\\2025-05-27.json",
  "ledger_path": "C:\\Users\\ishwor\\Music\\own-organize\\own-market\\market-gist\\broker_flow_ledger\\RHPL\\2025-05-27.json",
  "market_day_context": {
    "run_date": "2025-05-27",
    "weekday_name": "Tuesday",
    "is_nepal_trading_weekday": true,
    "holiday_validation_status": "weekday_only_unverified",
    "is_official_holiday": null,
    "holiday_title": null,
    "holiday_source": "https://www.nepalstock.com/api/nots/holiday/list?year=2025",
    "official_holiday_fetch_error": "http_401",
    "override_status": "missing",
    "expected_market_session": true
  },
  "total_pages": 1,
  "total_records": 169,
  "row_count_collected": 169,
  "ledger_written": true,
  "ledger_skipped_reason": null
}
[RUN] RHPL 2025-05-28
{
  "symbol": "RHPL",
  "run_date": "2025-05-28",
  "raw_path": "C:\\Users\\ishwor\\Music\\own-organize\\own-market\\market-gist\\broker_flow_ledger\\raw_merolagani\\RHPL\\2025-05-28.json",
  "ledger_path": "C:\\Users\\ishwor\\Music\\own-organize\\own-market\\market-gist\\broker_flow_ledger\\RHPL\\2025-05-28.json",
  "market_day_context": {
    "run_date": "2025-05-28",
    "weekday_name": "Wednesday",
    "is_nepal_trading_weekday": true,
    "holiday_validation_status": "weekday_only_unverified",
    "is_official_holiday": null,
    "holiday_title": null,
    "holiday_source": "https://www.nepalstock.com/api/nots/holiday/list?year=2025",
    "official_holiday_fetch_error": "http_401",
    "override_status": "missing",
    "expected_market_session": true
  },
  "total_pages": 1,
  "total_records": 192,
  "row_count_collected": 192,
  "ledger_written": true,
  "ledger_skipped_reason": null
}
[RUN] RHPL 2025-05-29
{
  "symbol": "RHPL",
  "run_date": "2025-05-29",
  "raw_path": "C:\\Users\\ishwor\\Music\\own-organize\\own-market\\market-gist\\broker_flow_ledger\\raw_merolagani\\RHPL\\2025-05-29.json",
  "ledger_path": "C:\\Users\\ishwor\\Music\\own-organize\\own-market\\market-gist\\broker_flow_ledger\\RHPL\\2025-05-29.json",
  "market_day_context": {
    "run_date": "2025-05-29",
    "weekday_name": "Thursday",
    "is_nepal_trading_weekday": true,
    "holiday_validation_status": "weekday_only_unverified",
    "is_official_holiday": null,
    "holiday_title": null,
    "holiday_source": "https://www.nepalstock.com/api/nots/holiday/list?year=2025",
    "official_holiday_fetch_error": "http_401",
    "override_status": "missing",
    "expected_market_session": true
  },
  "total_pages": 0,
  "total_records": null,
  "row_count_collected": 0,
  "ledger_written": false,
  "ledger_skipped_reason": "empty_weekday_unverified"
}
[RUN] RHPL 2025-06-01
{
  "symbol": "RHPL",
  "run_date": "2025-06-01",
  "raw_path": "C:\\Users\\ishwor\\Music\\own-organize\\own-market\\market-gist\\broker_flow_ledger\\raw_merolagani\\RHPL\\2025-06-01.json",
  "ledger_path": "C:\\Users\\ishwor\\Music\\own-organize\\own-market\\market-gist\\broker_flow_ledger\\RHPL\\2025-06-01.json",
  "market_day_context": {
    "run_date": "2025-06-01",
    "weekday_name": "Sunday",
    "is_nepal_trading_weekday": true,
    "holiday_validation_status": "weekday_only_unverified",
    "is_official_holiday": null,
    "holiday_title": null,
    "holiday_source": "https://www.nepalstock.com/api/nots/holiday/list?year=2025",
    "official_holiday_fetch_error": "http_401",
    "override_status": "missing",
    "expected_market_session": true
  },
  "total_pages": 0,
  "total_records": null,
  "row_count_collected": 0,
  "ledger_written": false,
  "ledger_skipped_reason": "empty_weekday_unverified"
}
[RUN] RHPL 2025-06-02
{
  "symbol": "RHPL",
  "run_date": "2025-06-02",
  "raw_path": "C:\\Users\\ishwor\\Music\\own-organize\\own-market\\market-gist\\broker_flow_ledger\\raw_merolagani\\RHPL\\2025-06-02.json",
  "ledger_path": "C:\\Users\\ishwor\\Music\\own-organize\\own-market\\market-gist\\broker_flow_ledger\\RHPL\\2025-06-02.json",
  "market_day_context": {
    "run_date": "2025-06-02",
    "weekday_name": "Monday",
    "is_nepal_trading_weekday": true,
    "holiday_validation_status": "weekday_only_unverified",
    "is_official_holiday": null,
    "holiday_title": null,
    "holiday_source": "https://www.nepalstock.com/api/nots/holiday/list?year=2025",
    "official_holiday_fetch_error": "http_401",
    "override_status": "missing",
    "expected_market_session": true
  },
  "total_pages": 1,
  "total_records": 249,
  "row_count_collected": 249,
  "ledger_written": true,
  "ledger_skipped_reason": null
}
[RUN] RHPL 2025-06-03
{
  "symbol": "RHPL",
  "run_date": "2025-06-03",
  "raw_path": "C:\\Users\\ishwor\\Music\\own-organize\\own-market\\market-gist\\broker_flow_ledger\\raw_merolagani\\RHPL\\2025-06-03.json",
  "ledger_path": "C:\\Users\\ishwor\\Music\\own-organize\\own-market\\market-gist\\broker_flow_ledger\\RHPL\\2025-06-03.json",
  "market_day_context": {
    "run_date": "2025-06-03",
    "weekday_name": "Tuesday",
    "is_nepal_trading_weekday": true,
    "holiday_validation_status": "weekday_only_unverified",
    "is_official_holiday": null,
    "holiday_title": null,
    "holiday_source": "https://www.nepalstock.com/api/nots/holiday/list?year=2025",
    "official_holiday_fetch_error": "http_401",
    "override_status": "missing",
    "expected_market_session": true
  },
  "total_pages": 1,
  "total_records": 179,
  "row_count_collected": 179,
  "ledger_written": true,
  "ledger_skipped_reason": null
}
[RUN] RHPL 2025-06-04
{
  "symbol": "RHPL",
  "run_date": "2025-06-04",
  "raw_path": "C:\\Users\\ishwor\\Music\\own-organize\\own-market\\market-gist\\broker_flow_ledger\\raw_merolagani\\RHPL\\2025-06-04.json",
  "ledger_path": "C:\\Users\\ishwor\\Music\\own-organize\\own-market\\market-gist\\broker_flow_ledger\\RHPL\\2025-06-04.json",
  "market_day_context": {
    "run_date": "2025-06-04",
    "weekday_name": "Wednesday",
    "is_nepal_trading_weekday": true,
    "holiday_validation_status": "weekday_only_unverified",
    "is_official_holiday": null,
    "holiday_title": null,
    "holiday_source": "https://www.nepalstock.com/api/nots/holiday/list?year=2025",
    "official_holiday_fetch_error": "http_401",
    "override_status": "missing",
    "expected_market_session": true
  },
  "total_pages": 1,
  "total_records": 166,
  "row_count_collected": 166,
  "ledger_written": true,
  "ledger_skipped_reason": null
}
[RUN] RHPL 2025-06-05
{
  "symbol": "RHPL",
  "run_date": "2025-06-05",
  "raw_path": "C:\\Users\\ishwor\\Music\\own-organize\\own-market\\market-gist\\broker_flow_ledger\\raw_merolagani\\RHPL\\2025-06-05.json",
  "ledger_path": "C:\\Users\\ishwor\\Music\\own-organize\\own-market\\market-gist\\broker_flow_ledger\\RHPL\\2025-06-05.json",
  "market_day_context": {
    "run_date": "2025-06-05",
    "weekday_name": "Thursday",
    "is_nepal_trading_weekday": true,
    "holiday_validation_status": "weekday_only_unverified",
    "is_official_holiday": null,
    "holiday_title": null,
    "holiday_source": "https://www.nepalstock.com/api/nots/holiday/list?year=2025",
    "official_holiday_fetch_error": "http_401",
    "override_status": "missing",
    "expected_market_session": true
  },
  "total_pages": 1,
  "total_records": 247,
  "row_count_collected": 247,
  "ledger_written": true,
  "ledger_skipped_reason": null
}
[RUN] RHPL 2025-06-08
{
  "symbol": "RHPL",
  "run_date": "2025-06-08",
  "raw_path": "C:\\Users\\ishwor\\Music\\own-organize\\own-market\\market-gist\\broker_flow_ledger\\raw_merolagani\\RHPL\\2025-06-08.json",
  "ledger_path": "C:\\Users\\ishwor\\Music\\own-organize\\own-market\\market-gist\\broker_flow_ledger\\RHPL\\2025-06-08.json",
  "market_day_context": {
    "run_date": "2025-06-08",
    "weekday_name": "Sunday",
    "is_nepal_trading_weekday": true,
    "holiday_validation_status": "weekday_only_unverified",
    "is_official_holiday": null,
    "holiday_title": null,
    "holiday_source": "https://www.nepalstock.com/api/nots/holiday/list?year=2025",
    "official_holiday_fetch_error": "http_401",
    "override_status": "missing",
    "expected_market_session": true
  },
  "total_pages": 1,
  "total_records": 391,
  "row_count_collected": 391,
  "ledger_written": true,
  "ledger_skipped_reason": null
}
[RUN] RHPL 2025-06-09
{
  "symbol": "RHPL",
  "run_date": "2025-06-09",
  "raw_path": "C:\\Users\\ishwor\\Music\\own-organize\\own-market\\market-gist\\broker_flow_ledger\\raw_merolagani\\RHPL\\2025-06-09.json",
  "ledger_path": "C:\\Users\\ishwor\\Music\\own-organize\\own-market\\market-gist\\broker_flow_ledger\\RHPL\\2025-06-09.json",
  "market_day_context": {
    "run_date": "2025-06-09",
    "weekday_name": "Monday",
    "is_nepal_trading_weekday": true,
    "holiday_validation_status": "weekday_only_unverified",
    "is_official_holiday": null,
    "holiday_title": null,
    "holiday_source": "https://www.nepalstock.com/api/nots/holiday/list?year=2025",
    "official_holiday_fetch_error": "http_401",
    "override_status": "missing",
    "expected_market_session": true
  },
  "total_pages": 1,
  "total_records": 222,
  "row_count_collected": 222,
  "ledger_written": true,
  "ledger_skipped_reason": null
}
[RUN] RHPL 2025-06-10
{
  "symbol": "RHPL",
  "run_date": "2025-06-10",
  "raw_path": "C:\\Users\\ishwor\\Music\\own-organize\\own-market\\market-gist\\broker_flow_ledger\\raw_merolagani\\RHPL\\2025-06-10.json",
  "ledger_path": "C:\\Users\\ishwor\\Music\\own-organize\\own-market\\market-gist\\broker_flow_ledger\\RHPL\\2025-06-10.json",
  "market_day_context": {
    "run_date": "2025-06-10",
    "weekday_name": "Tuesday",
    "is_nepal_trading_weekday": true,
    "holiday_validation_status": "weekday_only_unverified",
    "is_official_holiday": null,
    "holiday_title": null,
    "holiday_source": "https://www.nepalstock.com/api/nots/holiday/list?year=2025",
    "official_holiday_fetch_error": "http_401",
    "override_status": "missing",
    "expected_market_session": true
  },
  "total_pages": 1,
  "total_records": 241,
  "row_count_collected": 241,
  "ledger_written": true,
  "ledger_skipped_reason": null
}
[RUN] RHPL 2025-06-11
{
  "symbol": "RHPL",
  "run_date": "2025-06-11",
  "raw_path": "C:\\Users\\ishwor\\Music\\own-organize\\own-market\\market-gist\\broker_flow_ledger\\raw_merolagani\\RHPL\\2025-06-11.json",
  "ledger_path": "C:\\Users\\ishwor\\Music\\own-organize\\own-market\\market-gist\\broker_flow_ledger\\RHPL\\2025-06-11.json",
  "market_day_context": {
    "run_date": "2025-06-11",
    "weekday_name": "Wednesday",
    "is_nepal_trading_weekday": true,
    "holiday_validation_status": "weekday_only_unverified",
    "is_official_holiday": null,
    "holiday_title": null,
    "holiday_source": "https://www.nepalstock.com/api/nots/holiday/list?year=2025",
    "official_holiday_fetch_error": "http_401",
    "override_status": "missing",
    "expected_market_session": true
  },
  "total_pages": 1,
  "total_records": 245,
  "row_count_collected": 245,
  "ledger_written": true,
  "ledger_skipped_reason": null
}
[RUN] RHPL 2025-06-12
{
  "symbol": "RHPL",
  "run_date": "2025-06-12",
  "raw_path": "C:\\Users\\ishwor\\Music\\own-organize\\own-market\\market-gist\\broker_flow_ledger\\raw_merolagani\\RHPL\\2025-06-12.json",
  "ledger_path": "C:\\Users\\ishwor\\Music\\own-organize\\own-market\\market-gist\\broker_flow_ledger\\RHPL\\2025-06-12.json",
  "market_day_context": {
    "run_date": "2025-06-12",
    "weekday_name": "Thursday",
    "is_nepal_trading_weekday": true,
    "holiday_validation_status": "weekday_only_unverified",
    "is_official_holiday": null,
    "holiday_title": null,
    "holiday_source": "https://www.nepalstock.com/api/nots/holiday/list?year=2025",
    "official_holiday_fetch_error": "http_401",
    "override_status": "missing",
    "expected_market_session": true
  },
  "total_pages": 3,
  "total_records": 1043,
  "row_count_collected": 1043,
  "ledger_written": true,
  "ledger_skipped_reason": null
}
[RUN] RHPL 2025-06-15
{
  "symbol": "RHPL",
  "run_date": "2025-06-15",
  "raw_path": "C:\\Users\\ishwor\\Music\\own-organize\\own-market\\market-gist\\broker_flow_ledger\\raw_merolagani\\RHPL\\2025-06-15.json",
  "ledger_path": "C:\\Users\\ishwor\\Music\\own-organize\\own-market\\market-gist\\broker_flow_ledger\\RHPL\\2025-06-15.json",
  "market_day_context": {
    "run_date": "2025-06-15",
    "weekday_name": "Sunday",
    "is_nepal_trading_weekday": true,
    "holiday_validation_status": "weekday_only_unverified",
    "is_official_holiday": null,
    "holiday_title": null,
    "holiday_source": "https://www.nepalstock.com/api/nots/holiday/list?year=2025",
    "official_holiday_fetch_error": "http_401",
    "override_status": "missing",
    "expected_market_session": true
  },
  "total_pages": 2,
  "total_records": 898,
  "row_count_collected": 898,
  "ledger_written": true,
  "ledger_skipped_reason": null
}
[RUN] RHPL 2025-06-16
{
  "symbol": "RHPL",
  "run_date": "2025-06-16",
  "raw_path": "C:\\Users\\ishwor\\Music\\own-organize\\own-market\\market-gist\\broker_flow_ledger\\raw_merolagani\\RHPL\\2025-06-16.json",
  "ledger_path": "C:\\Users\\ishwor\\Music\\own-organize\\own-market\\market-gist\\broker_flow_ledger\\RHPL\\2025-06-16.json",
  "market_day_context": {
    "run_date": "2025-06-16",
    "weekday_name": "Monday",
    "is_nepal_trading_weekday": true,
    "holiday_validation_status": "weekday_only_unverified",
    "is_official_holiday": null,
    "holiday_title": null,
    "holiday_source": "https://www.nepalstock.com/api/nots/holiday/list?year=2025",
    "official_holiday_fetch_error": "http_401",
    "override_status": "missing",
    "expected_market_session": true
  },
  "total_pages": 2,
  "total_records": 829,
  "row_count_collected": 829,
  "ledger_written": true,
  "ledger_skipped_reason": null
}
[RUN] RHPL 2025-06-17
{
  "symbol": "RHPL",
  "run_date": "2025-06-17",
  "raw_path": "C:\\Users\\ishwor\\Music\\own-organize\\own-market\\market-gist\\broker_flow_ledger\\raw_merolagani\\RHPL\\2025-06-17.json",
  "ledger_path": "C:\\Users\\ishwor\\Music\\own-organize\\own-market\\market-gist\\broker_flow_ledger\\RHPL\\2025-06-17.json",
  "market_day_context": {
    "run_date": "2025-06-17",
    "weekday_name": "Tuesday",
    "is_nepal_trading_weekday": true,
    "holiday_validation_status": "weekday_only_unverified",
    "is_official_holiday": null,
    "holiday_title": null,
    "holiday_source": "https://www.nepalstock.com/api/nots/holiday/list?year=2025",
    "official_holiday_fetch_error": "http_401",
    "override_status": "missing",
    "expected_market_session": true
  },
  "total_pages": 1,
  "total_records": 465,
  "row_count_collected": 465,
  "ledger_written": true,
  "ledger_skipped_reason": null
}
[RUN] RHPL 2025-06-18
{
  "symbol": "RHPL",
  "run_date": "2025-06-18",
  "raw_path": "C:\\Users\\ishwor\\Music\\own-organize\\own-market\\market-gist\\broker_flow_ledger\\raw_merolagani\\RHPL\\2025-06-18.json",
  "ledger_path": "C:\\Users\\ishwor\\Music\\own-organize\\own-market\\market-gist\\broker_flow_ledger\\RHPL\\2025-06-18.json",
  "market_day_context": {
    "run_date": "2025-06-18",
    "weekday_name": "Wednesday",
    "is_nepal_trading_weekday": true,
    "holiday_validation_status": "weekday_only_unverified",
    "is_official_holiday": null,
    "holiday_title": null,
    "holiday_source": "https://www.nepalstock.com/api/nots/holiday/list?year=2025",
    "official_holiday_fetch_error": "http_401",
    "override_status": "missing",
    "expected_market_session": true
  },
  "total_pages": 2,
  "total_records": 843,
  "row_count_collected": 843,
  "ledger_written": true,
  "ledger_skipped_reason": null
}
[RUN] RHPL 2025-06-19
{
  "symbol": "RHPL",
  "run_date": "2025-06-19",
  "raw_path": "C:\\Users\\ishwor\\Music\\own-organize\\own-market\\market-gist\\broker_flow_ledger\\raw_merolagani\\RHPL\\2025-06-19.json",
  "ledger_path": "C:\\Users\\ishwor\\Music\\own-organize\\own-market\\market-gist\\broker_flow_ledger\\RHPL\\2025-06-19.json",
  "market_day_context": {
    "run_date": "2025-06-19",
    "weekday_name": "Thursday",
    "is_nepal_trading_weekday": true,
    "holiday_validation_status": "weekday_only_unverified",
    "is_official_holiday": null,
    "holiday_title": null,
    "holiday_source": "https://www.nepalstock.com/api/nots/holiday/list?year=2025",
    "official_holiday_fetch_error": "http_401",
    "override_status": "missing",
    "expected_market_session": true
  },
  "total_pages": 3,
  "total_records": 1259,
  "row_count_collected": 1259,
  "ledger_written": true,
  "ledger_skipped_reason": null
}
[RUN] RHPL 2025-06-22
{
  "symbol": "RHPL",
  "run_date": "2025-06-22",
  "raw_path": "C:\\Users\\ishwor\\Music\\own-organize\\own-market\\market-gist\\broker_flow_ledger\\raw_merolagani\\RHPL\\2025-06-22.json",
  "ledger_path": "C:\\Users\\ishwor\\Music\\own-organize\\own-market\\market-gist\\broker_flow_ledger\\RHPL\\2025-06-22.json",
  "market_day_context": {
    "run_date": "2025-06-22",
    "weekday_name": "Sunday",
    "is_nepal_trading_weekday": true,
    "holiday_validation_status": "weekday_only_unverified",
    "is_official_holiday": null,
    "holiday_title": null,
    "holiday_source": "https://www.nepalstock.com/api/nots/holiday/list?year=2025",
    "official_holiday_fetch_error": "http_401",
    "override_status": "missing",
    "expected_market_session": true
  },
  "total_pages": 2,
  "total_records": 732,
  "row_count_collected": 732,
  "ledger_written": true,
  "ledger_skipped_reason": null
}
[RUN] RHPL 2025-06-23
{
  "symbol": "RHPL",
  "run_date": "2025-06-23",
  "raw_path": "C:\\Users\\ishwor\\Music\\own-organize\\own-market\\market-gist\\broker_flow_ledger\\raw_merolagani\\RHPL\\2025-06-23.json",
  "ledger_path": "C:\\Users\\ishwor\\Music\\own-organize\\own-market\\market-gist\\broker_flow_ledger\\RHPL\\2025-06-23.json",
  "market_day_context": {
    "run_date": "2025-06-23",
    "weekday_name": "Monday",
    "is_nepal_trading_weekday": true,
    "holiday_validation_status": "weekday_only_unverified",
    "is_official_holiday": null,
    "holiday_title": null,
    "holiday_source": "https://www.nepalstock.com/api/nots/holiday/list?year=2025",
    "official_holiday_fetch_error": "http_401",
    "override_status": "missing",
    "expected_market_session": true
  },
  "total_pages": 1,
  "total_records": 362,
  "row_count_collected": 362,
  "ledger_written": true,
  "ledger_skipped_reason": null
}
[RUN] RHPL 2025-06-24
{
  "symbol": "RHPL",
  "run_date": "2025-06-24",
  "raw_path": "C:\\Users\\ishwor\\Music\\own-organize\\own-market\\market-gist\\broker_flow_ledger\\raw_merolagani\\RHPL\\2025-06-24.json",
  "ledger_path": "C:\\Users\\ishwor\\Music\\own-organize\\own-market\\market-gist\\broker_flow_ledger\\RHPL\\2025-06-24.json",
  "market_day_context": {
    "run_date": "2025-06-24",
    "weekday_name": "Tuesday",
    "is_nepal_trading_weekday": true,
    "holiday_validation_status": "weekday_only_unverified",
    "is_official_holiday": null,
    "holiday_title": null,
    "holiday_source": "https://www.nepalstock.com/api/nots/holiday/list?year=2025",
    "official_holiday_fetch_error": "http_401",
    "override_status": "missing",
    "expected_market_session": true
  },
  "total_pages": 1,
  "total_records": 401,
  "row_count_collected": 401,
  "ledger_written": true,
  "ledger_skipped_reason": null
}
[RUN] RHPL 2025-06-25
{
  "symbol": "RHPL",
  "run_date": "2025-06-25",
  "raw_path": "C:\\Users\\ishwor\\Music\\own-organize\\own-market\\market-gist\\broker_flow_ledger\\raw_merolagani\\RHPL\\2025-06-25.json",
  "ledger_path": "C:\\Users\\ishwor\\Music\\own-organize\\own-market\\market-gist\\broker_flow_ledger\\RHPL\\2025-06-25.json",
  "market_day_context": {
    "run_date": "2025-06-25",
    "weekday_name": "Wednesday",
    "is_nepal_trading_weekday": true,
    "holiday_validation_status": "weekday_only_unverified",
    "is_official_holiday": null,
    "holiday_title": null,
    "holiday_source": "https://www.nepalstock.com/api/nots/holiday/list?year=2025",
    "official_holiday_fetch_error": "http_401",
    "override_status": "missing",
    "expected_market_session": true
  },
  "total_pages": 1,
  "total_records": 218,
  "row_count_collected": 218,
  "ledger_written": true,
  "ledger_skipped_reason": null
}
[RUN] RHPL 2025-06-26
{
  "symbol": "RHPL",
  "run_date": "2025-06-26",
  "raw_path": "C:\\Users\\ishwor\\Music\\own-organize\\own-market\\market-gist\\broker_flow_ledger\\raw_merolagani\\RHPL\\2025-06-26.json",
  "ledger_path": "C:\\Users\\ishwor\\Music\\own-organize\\own-market\\market-gist\\broker_flow_ledger\\RHPL\\2025-06-26.json",
  "market_day_context": {
    "run_date": "2025-06-26",
    "weekday_name": "Thursday",
    "is_nepal_trading_weekday": true,
    "holiday_validation_status": "weekday_only_unverified",
    "is_official_holiday": null,
    "holiday_title": null,
    "holiday_source": "https://www.nepalstock.com/api/nots/holiday/list?year=2025",
    "official_holiday_fetch_error": "http_401",
    "override_status": "missing",
    "expected_market_session": true
  },
  "total_pages": 1,
  "total_records": 429,
  "row_count_collected": 429,
  "ledger_written": true,
  "ledger_skipped_reason": null
}
[RUN] RHPL 2025-06-29
{
  "symbol": "RHPL",
  "run_date": "2025-06-29",
  "raw_path": "C:\\Users\\ishwor\\Music\\own-organize\\own-market\\market-gist\\broker_flow_ledger\\raw_merolagani\\RHPL\\2025-06-29.json",
  "ledger_path": "C:\\Users\\ishwor\\Music\\own-organize\\own-market\\market-gist\\broker_flow_ledger\\RHPL\\2025-06-29.json",
  "market_day_context": {
    "run_date": "2025-06-29",
    "weekday_name": "Sunday",
    "is_nepal_trading_weekday": true,
    "holiday_validation_status": "weekday_only_unverified",
    "is_official_holiday": null,
    "holiday_title": null,
    "holiday_source": "https://www.nepalstock.com/api/nots/holiday/list?year=2025",
    "official_holiday_fetch_error": "http_401",
    "override_status": "missing",
    "expected_market_session": true
  },
  "total_pages": 1,
  "total_records": 390,
  "row_count_collected": 390,
  "ledger_written": true,
  "ledger_skipped_reason": null
}
[RUN] RHPL 2025-06-30
{
  "symbol": "RHPL",
  "run_date": "2025-06-30",
  "raw_path": "C:\\Users\\ishwor\\Music\\own-organize\\own-market\\market-gist\\broker_flow_ledger\\raw_merolagani\\RHPL\\2025-06-30.json",
  "ledger_path": "C:\\Users\\ishwor\\Music\\own-organize\\own-market\\market-gist\\broker_flow_ledger\\RHPL\\2025-06-30.json",
  "market_day_context": {
    "run_date": "2025-06-30",
    "weekday_name": "Monday",
    "is_nepal_trading_weekday": true,
    "holiday_validation_status": "weekday_only_unverified",
    "is_official_holiday": null,
    "holiday_title": null,
    "holiday_source": "https://www.nepalstock.com/api/nots/holiday/list?year=2025",
    "official_holiday_fetch_error": "http_401",
    "override_status": "missing",
    "expected_market_session": true
  },
  "total_pages": 1,
  "total_records": 248,
  "row_count_collected": 248,
  "ledger_written": true,
  "ledger_skipped_reason": null
}
[RUN] RHPL 2025-07-01
{
  "symbol": "RHPL",
  "run_date": "2025-07-01",
  "raw_path": "C:\\Users\\ishwor\\Music\\own-organize\\own-market\\market-gist\\broker_flow_ledger\\raw_merolagani\\RHPL\\2025-07-01.json",
  "ledger_path": "C:\\Users\\ishwor\\Music\\own-organize\\own-market\\market-gist\\broker_flow_ledger\\RHPL\\2025-07-01.json",
  "market_day_context": {
    "run_date": "2025-07-01",
    "weekday_name": "Tuesday",
    "is_nepal_trading_weekday": true,
    "holiday_validation_status": "weekday_only_unverified",
    "is_official_holiday": null,
    "holiday_title": null,
    "holiday_source": "https://www.nepalstock.com/api/nots/holiday/list?year=2025",
    "official_holiday_fetch_error": "http_401",
    "override_status": "missing",
    "expected_market_session": true
  },
  "total_pages": 1,
  "total_records": 310,
  "row_count_collected": 310,
  "ledger_written": true,
  "ledger_skipped_reason": null
}
[RUN] RHPL 2025-07-02
{
  "symbol": "RHPL",
  "run_date": "2025-07-02",
  "raw_path": "C:\\Users\\ishwor\\Music\\own-organize\\own-market\\market-gist\\broker_flow_ledger\\raw_merolagani\\RHPL\\2025-07-02.json",
  "ledger_path": "C:\\Users\\ishwor\\Music\\own-organize\\own-market\\market-gist\\broker_flow_ledger\\RHPL\\2025-07-02.json",
  "market_day_context": {
    "run_date": "2025-07-02",
    "weekday_name": "Wednesday",
    "is_nepal_trading_weekday": true,
    "holiday_validation_status": "weekday_only_unverified",
    "is_official_holiday": null,
    "holiday_title": null,
    "holiday_source": "https://www.nepalstock.com/api/nots/holiday/list?year=2025",
    "official_holiday_fetch_error": "http_401",
    "override_status": "missing",
    "expected_market_session": true
  },
  "total_pages": 1,
  "total_records": 246,
  "row_count_collected": 246,
  "ledger_written": true,
  "ledger_skipped_reason": null
}
[RUN] RHPL 2025-07-03
{
  "symbol": "RHPL",
  "run_date": "2025-07-03",
  "raw_path": "C:\\Users\\ishwor\\Music\\own-organize\\own-market\\market-gist\\broker_flow_ledger\\raw_merolagani\\RHPL\\2025-07-03.json",
  "ledger_path": "C:\\Users\\ishwor\\Music\\own-organize\\own-market\\market-gist\\broker_flow_ledger\\RHPL\\2025-07-03.json",
  "market_day_context": {
    "run_date": "2025-07-03",
    "weekday_name": "Thursday",
    "is_nepal_trading_weekday": true,
    "holiday_validation_status": "weekday_only_unverified",
    "is_official_holiday": null,
    "holiday_title": null,
    "holiday_source": "https://www.nepalstock.com/api/nots/holiday/list?year=2025",
    "official_holiday_fetch_error": "http_401",
    "override_status": "missing",
    "expected_market_session": true
  },
  "total_pages": 1,
  "total_records": 313,
  "row_count_collected": 313,
  "ledger_written": true,
  "ledger_skipped_reason": null
}
[RUN] RHPL 2025-07-06
{
  "symbol": "RHPL",
  "run_date": "2025-07-06",
  "raw_path": "C:\\Users\\ishwor\\Music\\own-organize\\own-market\\market-gist\\broker_flow_ledger\\raw_merolagani\\RHPL\\2025-07-06.json",
  "ledger_path": "C:\\Users\\ishwor\\Music\\own-organize\\own-market\\market-gist\\broker_flow_ledger\\RHPL\\2025-07-06.json",
  "market_day_context": {
    "run_date": "2025-07-06",
    "weekday_name": "Sunday",
    "is_nepal_trading_weekday": true,
    "holiday_validation_status": "weekday_only_unverified",
    "is_official_holiday": null,
    "holiday_title": null,
    "holiday_source": "https://www.nepalstock.com/api/nots/holiday/list?year=2025",
    "official_holiday_fetch_error": "http_401",
    "override_status": "missing",
    "expected_market_session": true
  },
  "total_pages": 1,
  "total_records": 377,
  "row_count_collected": 377,
  "ledger_written": true,
  "ledger_skipped_reason": null
}
[RUN] RHPL 2025-07-07
{
  "symbol": "RHPL",
  "run_date": "2025-07-07",
  "raw_path": "C:\\Users\\ishwor\\Music\\own-organize\\own-market\\market-gist\\broker_flow_ledger\\raw_merolagani\\RHPL\\2025-07-07.json",
  "ledger_path": "C:\\Users\\ishwor\\Music\\own-organize\\own-market\\market-gist\\broker_flow_ledger\\RHPL\\2025-07-07.json",
  "market_day_context": {
    "run_date": "2025-07-07",
    "weekday_name": "Monday",
    "is_nepal_trading_weekday": true,
    "holiday_validation_status": "weekday_only_unverified",
    "is_official_holiday": null,
    "holiday_title": null,
    "holiday_source": "https://www.nepalstock.com/api/nots/holiday/list?year=2025",
    "official_holiday_fetch_error": "http_401",
    "override_status": "missing",
    "expected_market_session": true
  },
  "total_pages": 1,
  "total_records": 243,
  "row_count_collected": 243,
  "ledger_written": true,
  "ledger_skipped_reason": null
}
[RUN] RHPL 2025-07-08
{
  "symbol": "RHPL",
  "run_date": "2025-07-08",
  "raw_path": "C:\\Users\\ishwor\\Music\\own-organize\\own-market\\market-gist\\broker_flow_ledger\\raw_merolagani\\RHPL\\2025-07-08.json",
  "ledger_path": "C:\\Users\\ishwor\\Music\\own-organize\\own-market\\market-gist\\broker_flow_ledger\\RHPL\\2025-07-08.json",
  "market_day_context": {
    "run_date": "2025-07-08",
    "weekday_name": "Tuesday",
    "is_nepal_trading_weekday": true,
    "holiday_validation_status": "weekday_only_unverified",
    "is_official_holiday": null,
    "holiday_title": null,
    "holiday_source": "https://www.nepalstock.com/api/nots/holiday/list?year=2025",
    "official_holiday_fetch_error": "http_401",
    "override_status": "missing",
    "expected_market_session": true
  },
  "total_pages": 4,
  "total_records": 1752,
  "row_count_collected": 1752,
  "ledger_written": true,
  "ledger_skipped_reason": null
}
[RUN] RHPL 2025-07-09
{
  "symbol": "RHPL",
  "run_date": "2025-07-09",
  "raw_path": "C:\\Users\\ishwor\\Music\\own-organize\\own-market\\market-gist\\broker_flow_ledger\\raw_merolagani\\RHPL\\2025-07-09.json",
  "ledger_path": "C:\\Users\\ishwor\\Music\\own-organize\\own-market\\market-gist\\broker_flow_ledger\\RHPL\\2025-07-09.json",
  "market_day_context": {
    "run_date": "2025-07-09",
    "weekday_name": "Wednesday",
    "is_nepal_trading_weekday": true,
    "holiday_validation_status": "weekday_only_unverified",
    "is_official_holiday": null,
    "holiday_title": null,
    "holiday_source": "https://www.nepalstock.com/api/nots/holiday/list?year=2025",
    "official_holiday_fetch_error": "http_401",
    "override_status": "missing",
    "expected_market_session": true
  },
  "total_pages": 2,
  "total_records": 721,
  "row_count_collected": 721,
  "ledger_written": true,
  "ledger_skipped_reason": null
}
[RUN] RHPL 2025-07-10
{
  "symbol": "RHPL",
  "run_date": "2025-07-10",
  "raw_path": "C:\\Users\\ishwor\\Music\\own-organize\\own-market\\market-gist\\broker_flow_ledger\\raw_merolagani\\RHPL\\2025-07-10.json",
  "ledger_path": "C:\\Users\\ishwor\\Music\\own-organize\\own-market\\market-gist\\broker_flow_ledger\\RHPL\\2025-07-10.json",
  "market_day_context": {
    "run_date": "2025-07-10",
    "weekday_name": "Thursday",
    "is_nepal_trading_weekday": true,
    "holiday_validation_status": "weekday_only_unverified",
    "is_official_holiday": null,
    "holiday_title": null,
    "holiday_source": "https://www.nepalstock.com/api/nots/holiday/list?year=2025",
    "official_holiday_fetch_error": "http_401",
    "override_status": "missing",
    "expected_market_session": true
  },
  "total_pages": 2,
  "total_records": 946,
  "row_count_collected": 946,
  "ledger_written": true,
  "ledger_skipped_reason": null
}
[RUN] RHPL 2025-07-13
{
  "symbol": "RHPL",
  "run_date": "2025-07-13",
  "raw_path": "C:\\Users\\ishwor\\Music\\own-organize\\own-market\\market-gist\\broker_flow_ledger\\raw_merolagani\\RHPL\\2025-07-13.json",
  "ledger_path": "C:\\Users\\ishwor\\Music\\own-organize\\own-market\\market-gist\\broker_flow_ledger\\RHPL\\2025-07-13.json",
  "market_day_context": {
    "run_date": "2025-07-13",
    "weekday_name": "Sunday",
    "is_nepal_trading_weekday": true,
    "holiday_validation_status": "weekday_only_unverified",
    "is_official_holiday": null,
    "holiday_title": null,
    "holiday_source": "https://www.nepalstock.com/api/nots/holiday/list?year=2025",
    "official_holiday_fetch_error": "http_401",
    "override_status": "missing",
    "expected_market_session": true
  },
  "total_pages": 2,
  "total_records": 936,
  "row_count_collected": 936,
  "ledger_written": true,
  "ledger_skipped_reason": null
}
[RUN] RHPL 2025-07-14
{
  "symbol": "RHPL",
  "run_date": "2025-07-14",
  "raw_path": "C:\\Users\\ishwor\\Music\\own-organize\\own-market\\market-gist\\broker_flow_ledger\\raw_merolagani\\RHPL\\2025-07-14.json",
  "ledger_path": "C:\\Users\\ishwor\\Music\\own-organize\\own-market\\market-gist\\broker_flow_ledger\\RHPL\\2025-07-14.json",
  "market_day_context": {
    "run_date": "2025-07-14",
    "weekday_name": "Monday",
    "is_nepal_trading_weekday": true,
    "holiday_validation_status": "weekday_only_unverified",
    "is_official_holiday": null,
    "holiday_title": null,
    "holiday_source": "https://www.nepalstock.com/api/nots/holiday/list?year=2025",
    "official_holiday_fetch_error": "http_401",
    "override_status": "missing",
    "expected_market_session": true
  },
  "total_pages": 2,
  "total_records": 591,
  "row_count_collected": 591,
  "ledger_written": true,
  "ledger_skipped_reason": null
}
[RUN] RHPL 2025-07-15
{
  "symbol": "RHPL",
  "run_date": "2025-07-15",
  "raw_path": "C:\\Users\\ishwor\\Music\\own-organize\\own-market\\market-gist\\broker_flow_ledger\\raw_merolagani\\RHPL\\2025-07-15.json",
  "ledger_path": "C:\\Users\\ishwor\\Music\\own-organize\\own-market\\market-gist\\broker_flow_ledger\\RHPL\\2025-07-15.json",
  "market_day_context": {
    "run_date": "2025-07-15",
    "weekday_name": "Tuesday",
    "is_nepal_trading_weekday": true,
    "holiday_validation_status": "weekday_only_unverified",
    "is_official_holiday": null,
    "holiday_title": null,
    "holiday_source": "https://www.nepalstock.com/api/nots/holiday/list?year=2025",
    "official_holiday_fetch_error": "http_401",
    "override_status": "missing",
    "expected_market_session": true
  },
  "total_pages": 1,
  "total_records": 248,
  "row_count_collected": 248,
  "ledger_written": true,
  "ledger_skipped_reason": null
}
[RUN] RHPL 2025-07-16
{
  "symbol": "RHPL",
  "run_date": "2025-07-16",
  "raw_path": "C:\\Users\\ishwor\\Music\\own-organize\\own-market\\market-gist\\broker_flow_ledger\\raw_merolagani\\RHPL\\2025-07-16.json",
  "ledger_path": "C:\\Users\\ishwor\\Music\\own-organize\\own-market\\market-gist\\broker_flow_ledger\\RHPL\\2025-07-16.json",
  "market_day_context": {
    "run_date": "2025-07-16",
    "weekday_name": "Wednesday",
    "is_nepal_trading_weekday": true,
    "holiday_validation_status": "weekday_only_unverified",
    "is_official_holiday": null,
    "holiday_title": null,
    "holiday_source": "https://www.nepalstock.com/api/nots/holiday/list?year=2025",
    "official_holiday_fetch_error": "http_401",
    "override_status": "missing",
    "expected_market_session": true
  },
  "total_pages": 1,
  "total_records": 393,
  "row_count_collected": 393,
  "ledger_written": true,
  "ledger_skipped_reason": null
}
[RUN] RHPL 2025-07-17
{
  "symbol": "RHPL",
  "run_date": "2025-07-17",
  "raw_path": "C:\\Users\\ishwor\\Music\\own-organize\\own-market\\market-gist\\broker_flow_ledger\\raw_merolagani\\RHPL\\2025-07-17.json",
  "ledger_path": "C:\\Users\\ishwor\\Music\\own-organize\\own-market\\market-gist\\broker_flow_ledger\\RHPL\\2025-07-17.json",
  "market_day_context": {
    "run_date": "2025-07-17",
    "weekday_name": "Thursday",
    "is_nepal_trading_weekday": true,
    "holiday_validation_status": "weekday_only_unverified",
    "is_official_holiday": null,
    "holiday_title": null,
    "holiday_source": "https://www.nepalstock.com/api/nots/holiday/list?year=2025",
    "official_holiday_fetch_error": "http_401",
    "override_status": "missing",
    "expected_market_session": true
  },
  "total_pages": 2,
  "total_records": 728,
  "row_count_collected": 728,
  "ledger_written": true,
  "ledger_skipped_reason": null
}
[RUN] RHPL 2025-07-20
{
  "symbol": "RHPL",
  "run_date": "2025-07-20",
  "raw_path": "C:\\Users\\ishwor\\Music\\own-organize\\own-market\\market-gist\\broker_flow_ledger\\raw_merolagani\\RHPL\\2025-07-20.json",
  "ledger_path": "C:\\Users\\ishwor\\Music\\own-organize\\own-market\\market-gist\\broker_flow_ledger\\RHPL\\2025-07-20.json",
  "market_day_context": {
    "run_date": "2025-07-20",
    "weekday_name": "Sunday",
    "is_nepal_trading_weekday": true,
    "holiday_validation_status": "weekday_only_unverified",
    "is_official_holiday": null,
    "holiday_title": null,
    "holiday_source": "https://www.nepalstock.com/api/nots/holiday/list?year=2025",
    "official_holiday_fetch_error": "http_401",
    "override_status": "missing",
    "expected_market_session": true
  },
  "total_pages": 2,
  "total_records": 861,
  "row_count_collected": 861,
  "ledger_written": true,
  "ledger_skipped_reason": null
}
[RUN] RHPL 2025-07-21
{
  "symbol": "RHPL",
  "run_date": "2025-07-21",
  "raw_path": "C:\\Users\\ishwor\\Music\\own-organize\\own-market\\market-gist\\broker_flow_ledger\\raw_merolagani\\RHPL\\2025-07-21.json",
  "ledger_path": "C:\\Users\\ishwor\\Music\\own-organize\\own-market\\market-gist\\broker_flow_ledger\\RHPL\\2025-07-21.json",
  "market_day_context": {
    "run_date": "2025-07-21",
    "weekday_name": "Monday",
    "is_nepal_trading_weekday": true,
    "holiday_validation_status": "weekday_only_unverified",
    "is_official_holiday": null,
    "holiday_title": null,
    "holiday_source": "https://www.nepalstock.com/api/nots/holiday/list?year=2025",
    "official_holiday_fetch_error": "http_401",
    "override_status": "missing",
    "expected_market_session": true
  },
  "total_pages": 1,
  "total_records": 405,
  "row_count_collected": 405,
  "ledger_written": true,
  "ledger_skipped_reason": null
}
[RUN] RHPL 2025-07-22
{
  "symbol": "RHPL",
  "run_date": "2025-07-22",
  "raw_path": "C:\\Users\\ishwor\\Music\\own-organize\\own-market\\market-gist\\broker_flow_ledger\\raw_merolagani\\RHPL\\2025-07-22.json",
  "ledger_path": "C:\\Users\\ishwor\\Music\\own-organize\\own-market\\market-gist\\broker_flow_ledger\\RHPL\\2025-07-22.json",
  "market_day_context": {
    "run_date": "2025-07-22",
    "weekday_name": "Tuesday",
    "is_nepal_trading_weekday": true,
    "holiday_validation_status": "weekday_only_unverified",
    "is_official_holiday": null,
    "holiday_title": null,
    "holiday_source": "https://www.nepalstock.com/api/nots/holiday/list?year=2025",
    "official_holiday_fetch_error": "http_401",
    "override_status": "missing",
    "expected_market_session": true
  },
  "total_pages": 2,
  "total_records": 592,
  "row_count_collected": 592,
  "ledger_written": true,
  "ledger_skipped_reason": null
}
[RUN] RHPL 2025-07-23
{
  "symbol": "RHPL",
  "run_date": "2025-07-23",
  "raw_path": "C:\\Users\\ishwor\\Music\\own-organize\\own-market\\market-gist\\broker_flow_ledger\\raw_merolagani\\RHPL\\2025-07-23.json",
  "ledger_path": "C:\\Users\\ishwor\\Music\\own-organize\\own-market\\market-gist\\broker_flow_ledger\\RHPL\\2025-07-23.json",
  "market_day_context": {
    "run_date": "2025-07-23",
    "weekday_name": "Wednesday",
    "is_nepal_trading_weekday": true,
    "holiday_validation_status": "weekday_only_unverified",
    "is_official_holiday": null,
    "holiday_title": null,
    "holiday_source": "https://www.nepalstock.com/api/nots/holiday/list?year=2025",
    "official_holiday_fetch_error": "http_401",
    "override_status": "missing",
    "expected_market_session": true
  },
  "total_pages": 2,
  "total_records": 508,
  "row_count_collected": 508,
  "ledger_written": true,
  "ledger_skipped_reason": null
}
[RUN] RHPL 2025-07-24
{
  "symbol": "RHPL",
  "run_date": "2025-07-24",
  "raw_path": "C:\\Users\\ishwor\\Music\\own-organize\\own-market\\market-gist\\broker_flow_ledger\\raw_merolagani\\RHPL\\2025-07-24.json",
  "ledger_path": "C:\\Users\\ishwor\\Music\\own-organize\\own-market\\market-gist\\broker_flow_ledger\\RHPL\\2025-07-24.json",
  "market_day_context": {
    "run_date": "2025-07-24",
    "weekday_name": "Thursday",
    "is_nepal_trading_weekday": true,
    "holiday_validation_status": "weekday_only_unverified",
    "is_official_holiday": null,
    "holiday_title": null,
    "holiday_source": "https://www.nepalstock.com/api/nots/holiday/list?year=2025",
    "official_holiday_fetch_error": "http_401",
    "override_status": "missing",
    "expected_market_session": true
  },
  "total_pages": 2,
  "total_records": 657,
  "row_count_collected": 657,
  "ledger_written": true,
  "ledger_skipped_reason": null
}
[RUN] RHPL 2025-07-27
{
  "symbol": "RHPL",
  "run_date": "2025-07-27",
  "raw_path": "C:\\Users\\ishwor\\Music\\own-organize\\own-market\\market-gist\\broker_flow_ledger\\raw_merolagani\\RHPL\\2025-07-27.json",
  "ledger_path": "C:\\Users\\ishwor\\Music\\own-organize\\own-market\\market-gist\\broker_flow_ledger\\RHPL\\2025-07-27.json",
  "market_day_context": {
    "run_date": "2025-07-27",
    "weekday_name": "Sunday",
    "is_nepal_trading_weekday": true,
    "holiday_validation_status": "weekday_only_unverified",
    "is_official_holiday": null,
    "holiday_title": null,
    "holiday_source": "https://www.nepalstock.com/api/nots/holiday/list?year=2025",
    "official_holiday_fetch_error": "http_401",
    "override_status": "missing",
    "expected_market_session": true
  },
  "total_pages": 2,
  "total_records": 752,
  "row_count_collected": 752,
  "ledger_written": true,
  "ledger_skipped_reason": null
}
[RUN] RHPL 2025-07-28
{
  "symbol": "RHPL",
  "run_date": "2025-07-28",
  "raw_path": "C:\\Users\\ishwor\\Music\\own-organize\\own-market\\market-gist\\broker_flow_ledger\\raw_merolagani\\RHPL\\2025-07-28.json",
  "ledger_path": "C:\\Users\\ishwor\\Music\\own-organize\\own-market\\market-gist\\broker_flow_ledger\\RHPL\\2025-07-28.json",
  "market_day_context": {
    "run_date": "2025-07-28",
    "weekday_name": "Monday",
    "is_nepal_trading_weekday": true,
    "holiday_validation_status": "weekday_only_unverified",
    "is_official_holiday": null,
    "holiday_title": null,
    "holiday_source": "https://www.nepalstock.com/api/nots/holiday/list?year=2025",
    "official_holiday_fetch_error": "http_401",
    "override_status": "missing",
    "expected_market_session": true
  },
  "total_pages": 2,
  "total_records": 556,
  "row_count_collected": 556,
  "ledger_written": true,
  "ledger_skipped_reason": null
}
[RUN] RHPL 2025-07-29
{
  "symbol": "RHPL",
  "run_date": "2025-07-29",
  "raw_path": "C:\\Users\\ishwor\\Music\\own-organize\\own-market\\market-gist\\broker_flow_ledger\\raw_merolagani\\RHPL\\2025-07-29.json",
  "ledger_path": "C:\\Users\\ishwor\\Music\\own-organize\\own-market\\market-gist\\broker_flow_ledger\\RHPL\\2025-07-29.json",
  "market_day_context": {
    "run_date": "2025-07-29",
    "weekday_name": "Tuesday",
    "is_nepal_trading_weekday": true,
    "holiday_validation_status": "weekday_only_unverified",
    "is_official_holiday": null,
    "holiday_title": null,
    "holiday_source": "https://www.nepalstock.com/api/nots/holiday/list?year=2025",
    "official_holiday_fetch_error": "http_401",
    "override_status": "missing",
    "expected_market_session": true
  },
  "total_pages": 2,
  "total_records": 556,
  "row_count_collected": 556,
  "ledger_written": true,
  "ledger_skipped_reason": null
}
[RUN] RHPL 2025-07-30
{
  "symbol": "RHPL",
  "run_date": "2025-07-30",
  "raw_path": "C:\\Users\\ishwor\\Music\\own-organize\\own-market\\market-gist\\broker_flow_ledger\\raw_merolagani\\RHPL\\2025-07-30.json",
  "ledger_path": "C:\\Users\\ishwor\\Music\\own-organize\\own-market\\market-gist\\broker_flow_ledger\\RHPL\\2025-07-30.json",
  "market_day_context": {
    "run_date": "2025-07-30",
    "weekday_name": "Wednesday",
    "is_nepal_trading_weekday": true,
    "holiday_validation_status": "weekday_only_unverified",
    "is_official_holiday": null,
    "holiday_title": null,
    "holiday_source": "https://www.nepalstock.com/api/nots/holiday/list?year=2025",
    "official_holiday_fetch_error": "http_401",
    "override_status": "missing",
    "expected_market_session": true
  },
  "total_pages": 2,
  "total_records": 596,
  "row_count_collected": 596,
  "ledger_written": true,
  "ledger_skipped_reason": null
}
[RUN] RHPL 2025-07-31
{
  "symbol": "RHPL",
  "run_date": "2025-07-31",
  "raw_path": "C:\\Users\\ishwor\\Music\\own-organize\\own-market\\market-gist\\broker_flow_ledger\\raw_merolagani\\RHPL\\2025-07-31.json",
  "ledger_path": "C:\\Users\\ishwor\\Music\\own-organize\\own-market\\market-gist\\broker_flow_ledger\\RHPL\\2025-07-31.json",
  "market_day_context": {
    "run_date": "2025-07-31",
    "weekday_name": "Thursday",
    "is_nepal_trading_weekday": true,
    "holiday_validation_status": "weekday_only_unverified",
    "is_official_holiday": null,
    "holiday_title": null,
    "holiday_source": "https://www.nepalstock.com/api/nots/holiday/list?year=2025",
    "official_holiday_fetch_error": "http_401",
    "override_status": "missing",
    "expected_market_session": true
  },
  "total_pages": 1,
  "total_records": 462,
  "row_count_collected": 462,
  "ledger_written": true,
  "ledger_skipped_reason": null
}
[RUN] RHPL 2025-08-03
{
  "symbol": "RHPL",
  "run_date": "2025-08-03",
  "raw_path": "C:\\Users\\ishwor\\Music\\own-organize\\own-market\\market-gist\\broker_flow_ledger\\raw_merolagani\\RHPL\\2025-08-03.json",
  "ledger_path": "C:\\Users\\ishwor\\Music\\own-organize\\own-market\\market-gist\\broker_flow_ledger\\RHPL\\2025-08-03.json",
  "market_day_context": {
    "run_date": "2025-08-03",
    "weekday_name": "Sunday",
    "is_nepal_trading_weekday": true,
    "holiday_validation_status": "weekday_only_unverified",
    "is_official_holiday": null,
    "holiday_title": null,
    "holiday_source": "https://www.nepalstock.com/api/nots/holiday/list?year=2025",
    "official_holiday_fetch_error": "http_401",
    "override_status": "missing",
    "expected_market_session": true
  },
  "total_pages": 1,
  "total_records": 372,
  "row_count_collected": 372,
  "ledger_written": true,
  "ledger_skipped_reason": null
}
[RUN] RHPL 2025-08-04
{
  "symbol": "RHPL",
  "run_date": "2025-08-04",
  "raw_path": "C:\\Users\\ishwor\\Music\\own-organize\\own-market\\market-gist\\broker_flow_ledger\\raw_merolagani\\RHPL\\2025-08-04.json",
  "ledger_path": "C:\\Users\\ishwor\\Music\\own-organize\\own-market\\market-gist\\broker_flow_ledger\\RHPL\\2025-08-04.json",
  "market_day_context": {
    "run_date": "2025-08-04",
    "weekday_name": "Monday",
    "is_nepal_trading_weekday": true,
    "holiday_validation_status": "weekday_only_unverified",
    "is_official_holiday": null,
    "holiday_title": null,
    "holiday_source": "https://www.nepalstock.com/api/nots/holiday/list?year=2025",
    "official_holiday_fetch_error": "http_401",
    "override_status": "missing",
    "expected_market_session": true
  },
  "total_pages": 1,
  "total_records": 291,
  "row_count_collected": 291,
  "ledger_written": true,
  "ledger_skipped_reason": null
}
[RUN] RHPL 2025-08-05
{
  "symbol": "RHPL",
  "run_date": "2025-08-05",
  "raw_path": "C:\\Users\\ishwor\\Music\\own-organize\\own-market\\market-gist\\broker_flow_ledger\\raw_merolagani\\RHPL\\2025-08-05.json",
  "ledger_path": "C:\\Users\\ishwor\\Music\\own-organize\\own-market\\market-gist\\broker_flow_ledger\\RHPL\\2025-08-05.json",
  "market_day_context": {
    "run_date": "2025-08-05",
    "weekday_name": "Tuesday",
    "is_nepal_trading_weekday": true,
    "holiday_validation_status": "weekday_only_unverified",
    "is_official_holiday": null,
    "holiday_title": null,
    "holiday_source": "https://www.nepalstock.com/api/nots/holiday/list?year=2025",
    "official_holiday_fetch_error": "http_401",
    "override_status": "missing",
    "expected_market_session": true
  },
  "total_pages": 1,
  "total_records": 305,
  "row_count_collected": 305,
  "ledger_written": true,
  "ledger_skipped_reason": null
}
[RUN] RHPL 2025-08-06
{
  "symbol": "RHPL",
  "run_date": "2025-08-06",
  "raw_path": "C:\\Users\\ishwor\\Music\\own-organize\\own-market\\market-gist\\broker_flow_ledger\\raw_merolagani\\RHPL\\2025-08-06.json",
  "ledger_path": "C:\\Users\\ishwor\\Music\\own-organize\\own-market\\market-gist\\broker_flow_ledger\\RHPL\\2025-08-06.json",
  "market_day_context": {
    "run_date": "2025-08-06",
    "weekday_name": "Wednesday",
    "is_nepal_trading_weekday": true,
    "holiday_validation_status": "weekday_only_unverified",
    "is_official_holiday": null,
    "holiday_title": null,
    "holiday_source": "https://www.nepalstock.com/api/nots/holiday/list?year=2025",
    "official_holiday_fetch_error": "http_401",
    "override_status": "missing",
    "expected_market_session": true
  },
  "total_pages": 1,
  "total_records": 279,
  "row_count_collected": 279,
  "ledger_written": true,
  "ledger_skipped_reason": null
}
[RUN] RHPL 2025-08-07
{
  "symbol": "RHPL",
  "run_date": "2025-08-07",
  "raw_path": "C:\\Users\\ishwor\\Music\\own-organize\\own-market\\market-gist\\broker_flow_ledger\\raw_merolagani\\RHPL\\2025-08-07.json",
  "ledger_path": "C:\\Users\\ishwor\\Music\\own-organize\\own-market\\market-gist\\broker_flow_ledger\\RHPL\\2025-08-07.json",
  "market_day_context": {
    "run_date": "2025-08-07",
    "weekday_name": "Thursday",
    "is_nepal_trading_weekday": true,
    "holiday_validation_status": "weekday_only_unverified",
    "is_official_holiday": null,
    "holiday_title": null,
    "holiday_source": "https://www.nepalstock.com/api/nots/holiday/list?year=2025",
    "official_holiday_fetch_error": "http_401",
    "override_status": "missing",
    "expected_market_session": true
  },
  "total_pages": 1,
  "total_records": 467,
  "row_count_collected": 467,
  "ledger_written": true,
  "ledger_skipped_reason": null
}
[RUN] RHPL 2025-08-10
{
  "symbol": "RHPL",
  "run_date": "2025-08-10",
  "raw_path": "C:\\Users\\ishwor\\Music\\own-organize\\own-market\\market-gist\\broker_flow_ledger\\raw_merolagani\\RHPL\\2025-08-10.json",
  "ledger_path": "C:\\Users\\ishwor\\Music\\own-organize\\own-market\\market-gist\\broker_flow_ledger\\RHPL\\2025-08-10.json",
  "market_day_context": {
    "run_date": "2025-08-10",
    "weekday_name": "Sunday",
    "is_nepal_trading_weekday": true,
    "holiday_validation_status": "weekday_only_unverified",
    "is_official_holiday": null,
    "holiday_title": null,
    "holiday_source": "https://www.nepalstock.com/api/nots/holiday/list?year=2025",
    "official_holiday_fetch_error": "http_401",
    "override_status": "missing",
    "expected_market_session": true
  },
  "total_pages": 0,
  "total_records": null,
  "row_count_collected": 0,
  "ledger_written": false,
  "ledger_skipped_reason": "empty_weekday_unverified"
}
[RUN] RHPL 2025-08-11
{
  "symbol": "RHPL",
  "run_date": "2025-08-11",
  "raw_path": "C:\\Users\\ishwor\\Music\\own-organize\\own-market\\market-gist\\broker_flow_ledger\\raw_merolagani\\RHPL\\2025-08-11.json",
  "ledger_path": "C:\\Users\\ishwor\\Music\\own-organize\\own-market\\market-gist\\broker_flow_ledger\\RHPL\\2025-08-11.json",
  "market_day_context": {
    "run_date": "2025-08-11",
    "weekday_name": "Monday",
    "is_nepal_trading_weekday": true,
    "holiday_validation_status": "weekday_only_unverified",
    "is_official_holiday": null,
    "holiday_title": null,
    "holiday_source": "https://www.nepalstock.com/api/nots/holiday/list?year=2025",
    "official_holiday_fetch_error": "http_401",
    "override_status": "missing",
    "expected_market_session": true
  },
  "total_pages": 2,
  "total_records": 656,
  "row_count_collected": 656,
  "ledger_written": true,
  "ledger_skipped_reason": null
}
[RUN] RHPL 2025-08-12
{
  "symbol": "RHPL",
  "run_date": "2025-08-12",
  "raw_path": "C:\\Users\\ishwor\\Music\\own-organize\\own-market\\market-gist\\broker_flow_ledger\\raw_merolagani\\RHPL\\2025-08-12.json",
  "ledger_path": "C:\\Users\\ishwor\\Music\\own-organize\\own-market\\market-gist\\broker_flow_ledger\\RHPL\\2025-08-12.json",
  "market_day_context": {
    "run_date": "2025-08-12",
    "weekday_name": "Tuesday",
    "is_nepal_trading_weekday": true,
    "holiday_validation_status": "weekday_only_unverified",
    "is_official_holiday": null,
    "holiday_title": null,
    "holiday_source": "https://www.nepalstock.com/api/nots/holiday/list?year=2025",
    "official_holiday_fetch_error": "http_401",
    "override_status": "missing",
    "expected_market_session": true
  },
  "total_pages": 1,
  "total_records": 448,
  "row_count_collected": 448,
  "ledger_written": true,
  "ledger_skipped_reason": null
}
[RUN] RHPL 2025-08-13
{
  "symbol": "RHPL",
  "run_date": "2025-08-13",
  "raw_path": "C:\\Users\\ishwor\\Music\\own-organize\\own-market\\market-gist\\broker_flow_ledger\\raw_merolagani\\RHPL\\2025-08-13.json",
  "ledger_path": "C:\\Users\\ishwor\\Music\\own-organize\\own-market\\market-gist\\broker_flow_ledger\\RHPL\\2025-08-13.json",
  "market_day_context": {
    "run_date": "2025-08-13",
    "weekday_name": "Wednesday",
    "is_nepal_trading_weekday": true,
    "holiday_validation_status": "weekday_only_unverified",
    "is_official_holiday": null,
    "holiday_title": null,
    "holiday_source": "https://www.nepalstock.com/api/nots/holiday/list?year=2025",
    "official_holiday_fetch_error": "http_401",
    "override_status": "missing",
    "expected_market_session": true
  },
  "total_pages": 1,
  "total_records": 252,
  "row_count_collected": 252,
  "ledger_written": true,
  "ledger_skipped_reason": null
}
[RUN] RHPL 2025-08-14
{
  "symbol": "RHPL",
  "run_date": "2025-08-14",
  "raw_path": "C:\\Users\\ishwor\\Music\\own-organize\\own-market\\market-gist\\broker_flow_ledger\\raw_merolagani\\RHPL\\2025-08-14.json",
  "ledger_path": "C:\\Users\\ishwor\\Music\\own-organize\\own-market\\market-gist\\broker_flow_ledger\\RHPL\\2025-08-14.json",
  "market_day_context": {
    "run_date": "2025-08-14",
    "weekday_name": "Thursday",
    "is_nepal_trading_weekday": true,
    "holiday_validation_status": "weekday_only_unverified",
    "is_official_holiday": null,
    "holiday_title": null,
    "holiday_source": "https://www.nepalstock.com/api/nots/holiday/list?year=2025",
    "official_holiday_fetch_error": "http_401",
    "override_status": "missing",
    "expected_market_session": true
  },
  "total_pages": 1,
  "total_records": 291,
  "row_count_collected": 291,
  "ledger_written": true,
  "ledger_skipped_reason": null
}
[RUN] RHPL 2025-08-17
{
  "symbol": "RHPL",
  "run_date": "2025-08-17",
  "raw_path": "C:\\Users\\ishwor\\Music\\own-organize\\own-market\\market-gist\\broker_flow_ledger\\raw_merolagani\\RHPL\\2025-08-17.json",
  "ledger_path": "C:\\Users\\ishwor\\Music\\own-organize\\own-market\\market-gist\\broker_flow_ledger\\RHPL\\2025-08-17.json",
  "market_day_context": {
    "run_date": "2025-08-17",
    "weekday_name": "Sunday",
    "is_nepal_trading_weekday": true,
    "holiday_validation_status": "weekday_only_unverified",
    "is_official_holiday": null,
    "holiday_title": null,
    "holiday_source": "https://www.nepalstock.com/api/nots/holiday/list?year=2025",
    "official_holiday_fetch_error": "http_401",
    "override_status": "missing",
    "expected_market_session": true
  },
  "total_pages": 1,
  "total_records": 331,
  "row_count_collected": 331,
  "ledger_written": true,
  "ledger_skipped_reason": null
}
[RUN] RHPL 2025-08-18
{
  "symbol": "RHPL",
  "run_date": "2025-08-18",
  "raw_path": "C:\\Users\\ishwor\\Music\\own-organize\\own-market\\market-gist\\broker_flow_ledger\\raw_merolagani\\RHPL\\2025-08-18.json",
  "ledger_path": "C:\\Users\\ishwor\\Music\\own-organize\\own-market\\market-gist\\broker_flow_ledger\\RHPL\\2025-08-18.json",
  "market_day_context": {
    "run_date": "2025-08-18",
    "weekday_name": "Monday",
    "is_nepal_trading_weekday": true,
    "holiday_validation_status": "weekday_only_unverified",
    "is_official_holiday": null,
    "holiday_title": null,
    "holiday_source": "https://www.nepalstock.com/api/nots/holiday/list?year=2025",
    "official_holiday_fetch_error": "http_401",
    "override_status": "missing",
    "expected_market_session": true
  },
  "total_pages": 1,
  "total_records": 251,
  "row_count_collected": 251,
  "ledger_written": true,
  "ledger_skipped_reason": null
}
[RUN] RHPL 2025-08-19
{
  "symbol": "RHPL",
  "run_date": "2025-08-19",
  "raw_path": "C:\\Users\\ishwor\\Music\\own-organize\\own-market\\market-gist\\broker_flow_ledger\\raw_merolagani\\RHPL\\2025-08-19.json",
  "ledger_path": "C:\\Users\\ishwor\\Music\\own-organize\\own-market\\market-gist\\broker_flow_ledger\\RHPL\\2025-08-19.json",
  "market_day_context": {
    "run_date": "2025-08-19",
    "weekday_name": "Tuesday",
    "is_nepal_trading_weekday": true,
    "holiday_validation_status": "weekday_only_unverified",
    "is_official_holiday": null,
    "holiday_title": null,
    "holiday_source": "https://www.nepalstock.com/api/nots/holiday/list?year=2025",
    "official_holiday_fetch_error": "http_401",
    "override_status": "missing",
    "expected_market_session": true
  },
  "total_pages": 1,
  "total_records": 213,
  "row_count_collected": 213,
  "ledger_written": true,
  "ledger_skipped_reason": null
}
[RUN] RHPL 2025-08-20
{
  "symbol": "RHPL",
  "run_date": "2025-08-20",
  "raw_path": "C:\\Users\\ishwor\\Music\\own-organize\\own-market\\market-gist\\broker_flow_ledger\\raw_merolagani\\RHPL\\2025-08-20.json",
  "ledger_path": "C:\\Users\\ishwor\\Music\\own-organize\\own-market\\market-gist\\broker_flow_ledger\\RHPL\\2025-08-20.json",
  "market_day_context": {
    "run_date": "2025-08-20",
    "weekday_name": "Wednesday",
    "is_nepal_trading_weekday": true,
    "holiday_validation_status": "weekday_only_unverified",
    "is_official_holiday": null,
    "holiday_title": null,
    "holiday_source": "https://www.nepalstock.com/api/nots/holiday/list?year=2025",
    "official_holiday_fetch_error": "http_401",
    "override_status": "missing",
    "expected_market_session": true
  },
  "total_pages": 2,
  "total_records": 509,
  "row_count_collected": 509,
  "ledger_written": true,
  "ledger_skipped_reason": null
}
[RUN] RHPL 2025-08-21
{
  "symbol": "RHPL",
  "run_date": "2025-08-21",
  "raw_path": "C:\\Users\\ishwor\\Music\\own-organize\\own-market\\market-gist\\broker_flow_ledger\\raw_merolagani\\RHPL\\2025-08-21.json",
  "ledger_path": "C:\\Users\\ishwor\\Music\\own-organize\\own-market\\market-gist\\broker_flow_ledger\\RHPL\\2025-08-21.json",
  "market_day_context": {
    "run_date": "2025-08-21",
    "weekday_name": "Thursday",
    "is_nepal_trading_weekday": true,
    "holiday_validation_status": "weekday_only_unverified",
    "is_official_holiday": null,
    "holiday_title": null,
    "holiday_source": "https://www.nepalstock.com/api/nots/holiday/list?year=2025",
    "official_holiday_fetch_error": "http_401",
    "override_status": "missing",
    "expected_market_session": true
  },
  "total_pages": 3,
  "total_records": 1221,
  "row_count_collected": 1221,
  "ledger_written": true,
  "ledger_skipped_reason": null
}
[RUN] RHPL 2025-08-24
{
  "symbol": "RHPL",
  "run_date": "2025-08-24",
  "raw_path": "C:\\Users\\ishwor\\Music\\own-organize\\own-market\\market-gist\\broker_flow_ledger\\raw_merolagani\\RHPL\\2025-08-24.json",
  "ledger_path": "C:\\Users\\ishwor\\Music\\own-organize\\own-market\\market-gist\\broker_flow_ledger\\RHPL\\2025-08-24.json",
  "market_day_context": {
    "run_date": "2025-08-24",
    "weekday_name": "Sunday",
    "is_nepal_trading_weekday": true,
    "holiday_validation_status": "weekday_only_unverified",
    "is_official_holiday": null,
    "holiday_title": null,
    "holiday_source": "https://www.nepalstock.com/api/nots/holiday/list?year=2025",
    "official_holiday_fetch_error": "http_401",
    "override_status": "missing",
    "expected_market_session": true
  },
  "total_pages": 2,
  "total_records": 540,
  "row_count_collected": 540,
  "ledger_written": true,
  "ledger_skipped_reason": null
}
[RUN] RHPL 2025-08-25
{
  "symbol": "RHPL",
  "run_date": "2025-08-25",
  "raw_path": "C:\\Users\\ishwor\\Music\\own-organize\\own-market\\market-gist\\broker_flow_ledger\\raw_merolagani\\RHPL\\2025-08-25.json",
  "ledger_path": "C:\\Users\\ishwor\\Music\\own-organize\\own-market\\market-gist\\broker_flow_ledger\\RHPL\\2025-08-25.json",
  "market_day_context": {
    "run_date": "2025-08-25",
    "weekday_name": "Monday",
    "is_nepal_trading_weekday": true,
    "holiday_validation_status": "weekday_only_unverified",
    "is_official_holiday": null,
    "holiday_title": null,
    "holiday_source": "https://www.nepalstock.com/api/nots/holiday/list?year=2025",
    "official_holiday_fetch_error": "http_401",
    "override_status": "missing",
    "expected_market_session": true
  },
  "total_pages": 1,
  "total_records": 333,
  "row_count_collected": 333,
  "ledger_written": true,
  "ledger_skipped_reason": null
}
[RUN] RHPL 2025-08-26
{
  "symbol": "RHPL",
  "run_date": "2025-08-26",
  "raw_path": "C:\\Users\\ishwor\\Music\\own-organize\\own-market\\market-gist\\broker_flow_ledger\\raw_merolagani\\RHPL\\2025-08-26.json",
  "ledger_path": "C:\\Users\\ishwor\\Music\\own-organize\\own-market\\market-gist\\broker_flow_ledger\\RHPL\\2025-08-26.json",
  "market_day_context": {
    "run_date": "2025-08-26",
    "weekday_name": "Tuesday",
    "is_nepal_trading_weekday": true,
    "holiday_validation_status": "weekday_only_unverified",
    "is_official_holiday": null,
    "holiday_title": null,
    "holiday_source": "https://www.nepalstock.com/api/nots/holiday/list?year=2025",
    "official_holiday_fetch_error": "http_401",
    "override_status": "missing",
    "expected_market_session": true
  },
  "total_pages": 1,
  "total_records": 164,
  "row_count_collected": 164,
  "ledger_written": true,
  "ledger_skipped_reason": null
}
[RUN] RHPL 2025-08-27
{
  "symbol": "RHPL",
  "run_date": "2025-08-27",
  "raw_path": "C:\\Users\\ishwor\\Music\\own-organize\\own-market\\market-gist\\broker_flow_ledger\\raw_merolagani\\RHPL\\2025-08-27.json",
  "ledger_path": "C:\\Users\\ishwor\\Music\\own-organize\\own-market\\market-gist\\broker_flow_ledger\\RHPL\\2025-08-27.json",
  "market_day_context": {
    "run_date": "2025-08-27",
    "weekday_name": "Wednesday",
    "is_nepal_trading_weekday": true,
    "holiday_validation_status": "weekday_only_unverified",
    "is_official_holiday": null,
    "holiday_title": null,
    "holiday_source": "https://www.nepalstock.com/api/nots/holiday/list?year=2025",
    "official_holiday_fetch_error": "http_401",
    "override_status": "missing",
    "expected_market_session": true
  },
  "total_pages": 1,
  "total_records": 307,
  "row_count_collected": 307,
  "ledger_written": true,
  "ledger_skipped_reason": null
}
[RUN] RHPL 2025-08-28
{
  "symbol": "RHPL",
  "run_date": "2025-08-28",
  "raw_path": "C:\\Users\\ishwor\\Music\\own-organize\\own-market\\market-gist\\broker_flow_ledger\\raw_merolagani\\RHPL\\2025-08-28.json",
  "ledger_path": "C:\\Users\\ishwor\\Music\\own-organize\\own-market\\market-gist\\broker_flow_ledger\\RHPL\\2025-08-28.json",
  "market_day_context": {
    "run_date": "2025-08-28",
    "weekday_name": "Thursday",
    "is_nepal_trading_weekday": true,
    "holiday_validation_status": "weekday_only_unverified",
    "is_official_holiday": null,
    "holiday_title": null,
    "holiday_source": "https://www.nepalstock.com/api/nots/holiday/list?year=2025",
    "official_holiday_fetch_error": "http_401",
    "override_status": "missing",
    "expected_market_session": true
  },
  "total_pages": 1,
  "total_records": 365,
  "row_count_collected": 365,
  "ledger_written": true,
  "ledger_skipped_reason": null
}
[RUN] RHPL 2025-08-31
{
  "symbol": "RHPL",
  "run_date": "2025-08-31",
  "raw_path": "C:\\Users\\ishwor\\Music\\own-organize\\own-market\\market-gist\\broker_flow_ledger\\raw_merolagani\\RHPL\\2025-08-31.json",
  "ledger_path": "C:\\Users\\ishwor\\Music\\own-organize\\own-market\\market-gist\\broker_flow_ledger\\RHPL\\2025-08-31.json",
  "market_day_context": {
    "run_date": "2025-08-31",
    "weekday_name": "Sunday",
    "is_nepal_trading_weekday": true,
    "holiday_validation_status": "weekday_only_unverified",
    "is_official_holiday": null,
    "holiday_title": null,
    "holiday_source": "https://www.nepalstock.com/api/nots/holiday/list?year=2025",
    "official_holiday_fetch_error": "http_401",
    "override_status": "missing",
    "expected_market_session": true
  },
  "total_pages": 2,
  "total_records": 588,
  "row_count_collected": 588,
  "ledger_written": true,
  "ledger_skipped_reason": null
}
[RUN] RHPL 2025-09-01
{
  "symbol": "RHPL",
  "run_date": "2025-09-01",
  "raw_path": "C:\\Users\\ishwor\\Music\\own-organize\\own-market\\market-gist\\broker_flow_ledger\\raw_merolagani\\RHPL\\2025-09-01.json",
  "ledger_path": "C:\\Users\\ishwor\\Music\\own-organize\\own-market\\market-gist\\broker_flow_ledger\\RHPL\\2025-09-01.json",
  "market_day_context": {
    "run_date": "2025-09-01",
    "weekday_name": "Monday",
    "is_nepal_trading_weekday": true,
    "holiday_validation_status": "weekday_only_unverified",
    "is_official_holiday": null,
    "holiday_title": null,
    "holiday_source": "https://www.nepalstock.com/api/nots/holiday/list?year=2025",
    "official_holiday_fetch_error": "http_401",
    "override_status": "missing",
    "expected_market_session": true
  },
  "total_pages": 1,
  "total_records": 274,
  "row_count_collected": 274,
  "ledger_written": true,
  "ledger_skipped_reason": null
}
[RUN] RHPL 2025-09-02
{
  "symbol": "RHPL",
  "run_date": "2025-09-02",
  "raw_path": "C:\\Users\\ishwor\\Music\\own-organize\\own-market\\market-gist\\broker_flow_ledger\\raw_merolagani\\RHPL\\2025-09-02.json",
  "ledger_path": "C:\\Users\\ishwor\\Music\\own-organize\\own-market\\market-gist\\broker_flow_ledger\\RHPL\\2025-09-02.json",
  "market_day_context": {
    "run_date": "2025-09-02",
    "weekday_name": "Tuesday",
    "is_nepal_trading_weekday": true,
    "holiday_validation_status": "weekday_only_unverified",
    "is_official_holiday": null,
    "holiday_title": null,
    "holiday_source": "https://www.nepalstock.com/api/nots/holiday/list?year=2025",
    "official_holiday_fetch_error": "http_401",
    "override_status": "missing",
    "expected_market_session": true
  },
  "total_pages": 1,
  "total_records": 187,
  "row_count_collected": 187,
  "ledger_written": true,
  "ledger_skipped_reason": null
}
[RUN] RHPL 2025-09-03
{
  "symbol": "RHPL",
  "run_date": "2025-09-03",
  "raw_path": "C:\\Users\\ishwor\\Music\\own-organize\\own-market\\market-gist\\broker_flow_ledger\\raw_merolagani\\RHPL\\2025-09-03.json",
  "ledger_path": "C:\\Users\\ishwor\\Music\\own-organize\\own-market\\market-gist\\broker_flow_ledger\\RHPL\\2025-09-03.json",
  "market_day_context": {
    "run_date": "2025-09-03",
    "weekday_name": "Wednesday",
    "is_nepal_trading_weekday": true,
    "holiday_validation_status": "weekday_only_unverified",
    "is_official_holiday": null,
    "holiday_title": null,
    "holiday_source": "https://www.nepalstock.com/api/nots/holiday/list?year=2025",
    "official_holiday_fetch_error": "http_401",
    "override_status": "missing",
    "expected_market_session": true
  },
  "total_pages": 1,
  "total_records": 269,
  "row_count_collected": 269,
  "ledger_written": true,
  "ledger_skipped_reason": null
}
[RUN] RHPL 2025-09-04
{
  "symbol": "RHPL",
  "run_date": "2025-09-04",
  "raw_path": "C:\\Users\\ishwor\\Music\\own-organize\\own-market\\market-gist\\broker_flow_ledger\\raw_merolagani\\RHPL\\2025-09-04.json",
  "ledger_path": "C:\\Users\\ishwor\\Music\\own-organize\\own-market\\market-gist\\broker_flow_ledger\\RHPL\\2025-09-04.json",
  "market_day_context": {
    "run_date": "2025-09-04",
    "weekday_name": "Thursday",
    "is_nepal_trading_weekday": true,
    "holiday_validation_status": "weekday_only_unverified",
    "is_official_holiday": null,
    "holiday_title": null,
    "holiday_source": "https://www.nepalstock.com/api/nots/holiday/list?year=2025",
    "official_holiday_fetch_error": "http_401",
    "override_status": "missing",
    "expected_market_session": true
  },
  "total_pages": 1,
  "total_records": 313,
  "row_count_collected": 313,
  "ledger_written": true,
  "ledger_skipped_reason": null
}
[RUN] RHPL 2025-09-07
{
  "symbol": "RHPL",
  "run_date": "2025-09-07",
  "raw_path": "C:\\Users\\ishwor\\Music\\own-organize\\own-market\\market-gist\\broker_flow_ledger\\raw_merolagani\\RHPL\\2025-09-07.json",
  "ledger_path": "C:\\Users\\ishwor\\Music\\own-organize\\own-market\\market-gist\\broker_flow_ledger\\RHPL\\2025-09-07.json",
  "market_day_context": {
    "run_date": "2025-09-07",
    "weekday_name": "Sunday",
    "is_nepal_trading_weekday": true,
    "holiday_validation_status": "weekday_only_unverified",
    "is_official_holiday": null,
    "holiday_title": null,
    "holiday_source": "https://www.nepalstock.com/api/nots/holiday/list?year=2025",
    "official_holiday_fetch_error": "http_401",
    "override_status": "missing",
    "expected_market_session": true
  },
  "total_pages": 1,
  "total_records": 216,
  "row_count_collected": 216,
  "ledger_written": true,
  "ledger_skipped_reason": null
}
[RUN] RHPL 2025-09-08
{
  "symbol": "RHPL",
  "run_date": "2025-09-08",
  "raw_path": "C:\\Users\\ishwor\\Music\\own-organize\\own-market\\market-gist\\broker_flow_ledger\\raw_merolagani\\RHPL\\2025-09-08.json",
  "ledger_path": "C:\\Users\\ishwor\\Music\\own-organize\\own-market\\market-gist\\broker_flow_ledger\\RHPL\\2025-09-08.json",
  "market_day_context": {
    "run_date": "2025-09-08",
    "weekday_name": "Monday",
    "is_nepal_trading_weekday": true,
    "holiday_validation_status": "weekday_only_unverified",
    "is_official_holiday": null,
    "holiday_title": null,
    "holiday_source": "https://www.nepalstock.com/api/nots/holiday/list?year=2025",
    "official_holiday_fetch_error": "http_401",
    "override_status": "missing",
    "expected_market_session": true
  },
  "total_pages": 1,
  "total_records": 164,
  "row_count_collected": 164,
  "ledger_written": true,
  "ledger_skipped_reason": null
}
[RUN] RHPL 2025-09-09
{
  "symbol": "RHPL",
  "run_date": "2025-09-09",
  "raw_path": "C:\\Users\\ishwor\\Music\\own-organize\\own-market\\market-gist\\broker_flow_ledger\\raw_merolagani\\RHPL\\2025-09-09.json",
  "ledger_path": "C:\\Users\\ishwor\\Music\\own-organize\\own-market\\market-gist\\broker_flow_ledger\\RHPL\\2025-09-09.json",
  "market_day_context": {
    "run_date": "2025-09-09",
    "weekday_name": "Tuesday",
    "is_nepal_trading_weekday": true,
    "holiday_validation_status": "weekday_only_unverified",
    "is_official_holiday": null,
    "holiday_title": null,
    "holiday_source": "https://www.nepalstock.com/api/nots/holiday/list?year=2025",
    "official_holiday_fetch_error": "http_401",
    "override_status": "missing",
    "expected_market_session": true
  },
  "total_pages": 0,
  "total_records": null,
  "row_count_collected": 0,
  "ledger_written": false,
  "ledger_skipped_reason": "empty_weekday_unverified"
}
[RUN] RHPL 2025-09-10
{
  "symbol": "RHPL",
  "run_date": "2025-09-10",
  "raw_path": "C:\\Users\\ishwor\\Music\\own-organize\\own-market\\market-gist\\broker_flow_ledger\\raw_merolagani\\RHPL\\2025-09-10.json",
  "ledger_path": "C:\\Users\\ishwor\\Music\\own-organize\\own-market\\market-gist\\broker_flow_ledger\\RHPL\\2025-09-10.json",
  "market_day_context": {
    "run_date": "2025-09-10",
    "weekday_name": "Wednesday",
    "is_nepal_trading_weekday": true,
    "holiday_validation_status": "weekday_only_unverified",
    "is_official_holiday": null,
    "holiday_title": null,
    "holiday_source": "https://www.nepalstock.com/api/nots/holiday/list?year=2025",
    "official_holiday_fetch_error": "http_401",
    "override_status": "missing",
    "expected_market_session": true
  },
  "total_pages": 0,
  "total_records": null,
  "row_count_collected": 0,
  "ledger_written": false,
  "ledger_skipped_reason": "empty_weekday_unverified"
}
[RUN] RHPL 2025-09-11
{
  "symbol": "RHPL",
  "run_date": "2025-09-11",
  "raw_path": "C:\\Users\\ishwor\\Music\\own-organize\\own-market\\market-gist\\broker_flow_ledger\\raw_merolagani\\RHPL\\2025-09-11.json",
  "ledger_path": "C:\\Users\\ishwor\\Music\\own-organize\\own-market\\market-gist\\broker_flow_ledger\\RHPL\\2025-09-11.json",
  "market_day_context": {
    "run_date": "2025-09-11",
    "weekday_name": "Thursday",
    "is_nepal_trading_weekday": true,
    "holiday_validation_status": "weekday_only_unverified",
    "is_official_holiday": null,
    "holiday_title": null,
    "holiday_source": "https://www.nepalstock.com/api/nots/holiday/list?year=2025",
    "official_holiday_fetch_error": "http_401",
    "override_status": "missing",
    "expected_market_session": true
  },
  "total_pages": 0,
  "total_records": null,
  "row_count_collected": 0,
  "ledger_written": false,
  "ledger_skipped_reason": "empty_weekday_unverified"
}
[RUN] RHPL 2025-09-14
{
  "symbol": "RHPL",
  "run_date": "2025-09-14",
  "raw_path": "C:\\Users\\ishwor\\Music\\own-organize\\own-market\\market-gist\\broker_flow_ledger\\raw_merolagani\\RHPL\\2025-09-14.json",
  "ledger_path": "C:\\Users\\ishwor\\Music\\own-organize\\own-market\\market-gist\\broker_flow_ledger\\RHPL\\2025-09-14.json",
  "market_day_context": {
    "run_date": "2025-09-14",
    "weekday_name": "Sunday",
    "is_nepal_trading_weekday": true,
    "holiday_validation_status": "weekday_only_unverified",
    "is_official_holiday": null,
    "holiday_title": null,
    "holiday_source": "https://www.nepalstock.com/api/nots/holiday/list?year=2025",
    "official_holiday_fetch_error": "http_401",
    "override_status": "missing",
    "expected_market_session": true
  },
  "total_pages": 0,
  "total_records": null,
  "row_count_collected": 0,
  "ledger_written": false,
  "ledger_skipped_reason": "empty_weekday_unverified"
}
[RUN] RHPL 2025-09-15
{
  "symbol": "RHPL",
  "run_date": "2025-09-15",
  "raw_path": "C:\\Users\\ishwor\\Music\\own-organize\\own-market\\market-gist\\broker_flow_ledger\\raw_merolagani\\RHPL\\2025-09-15.json",
  "ledger_path": "C:\\Users\\ishwor\\Music\\own-organize\\own-market\\market-gist\\broker_flow_ledger\\RHPL\\2025-09-15.json",
  "market_day_context": {
    "run_date": "2025-09-15",
    "weekday_name": "Monday",
    "is_nepal_trading_weekday": true,
    "holiday_validation_status": "weekday_only_unverified",
    "is_official_holiday": null,
    "holiday_title": null,
    "holiday_source": "https://www.nepalstock.com/api/nots/holiday/list?year=2025",
    "official_holiday_fetch_error": "http_401",
    "override_status": "missing",
    "expected_market_session": true
  },
  "total_pages": 0,
  "total_records": null,
  "row_count_collected": 0,
  "ledger_written": false,
  "ledger_skipped_reason": "empty_weekday_unverified"
}
[RUN] RHPL 2025-09-16
{
  "symbol": "RHPL",
  "run_date": "2025-09-16",
  "raw_path": "C:\\Users\\ishwor\\Music\\own-organize\\own-market\\market-gist\\broker_flow_ledger\\raw_merolagani\\RHPL\\2025-09-16.json",
  "ledger_path": "C:\\Users\\ishwor\\Music\\own-organize\\own-market\\market-gist\\broker_flow_ledger\\RHPL\\2025-09-16.json",
  "market_day_context": {
    "run_date": "2025-09-16",
    "weekday_name": "Tuesday",
    "is_nepal_trading_weekday": true,
    "holiday_validation_status": "weekday_only_unverified",
    "is_official_holiday": null,
    "holiday_title": null,
    "holiday_source": "https://www.nepalstock.com/api/nots/holiday/list?year=2025",
    "official_holiday_fetch_error": "http_401",
    "override_status": "missing",
    "expected_market_session": true
  },
  "total_pages": 0,
  "total_records": null,
  "row_count_collected": 0,
  "ledger_written": false,
  "ledger_skipped_reason": "empty_weekday_unverified"
}
[RUN] RHPL 2025-09-17
{
  "symbol": "RHPL",
  "run_date": "2025-09-17",
  "raw_path": "C:\\Users\\ishwor\\Music\\own-organize\\own-market\\market-gist\\broker_flow_ledger\\raw_merolagani\\RHPL\\2025-09-17.json",
  "ledger_path": "C:\\Users\\ishwor\\Music\\own-organize\\own-market\\market-gist\\broker_flow_ledger\\RHPL\\2025-09-17.json",
  "market_day_context": {
    "run_date": "2025-09-17",
    "weekday_name": "Wednesday",
    "is_nepal_trading_weekday": true,
    "holiday_validation_status": "weekday_only_unverified",
    "is_official_holiday": null,
    "holiday_title": null,
    "holiday_source": "https://www.nepalstock.com/api/nots/holiday/list?year=2025",
    "official_holiday_fetch_error": "http_401",
    "override_status": "missing",
    "expected_market_session": true
  },
  "total_pages": 0,
  "total_records": null,
  "row_count_collected": 0,
  "ledger_written": false,
  "ledger_skipped_reason": "empty_weekday_unverified"
}
[RUN] RHPL 2025-09-18
{
  "symbol": "RHPL",
  "run_date": "2025-09-18",
  "raw_path": "C:\\Users\\ishwor\\Music\\own-organize\\own-market\\market-gist\\broker_flow_ledger\\raw_merolagani\\RHPL\\2025-09-18.json",
  "ledger_path": "C:\\Users\\ishwor\\Music\\own-organize\\own-market\\market-gist\\broker_flow_ledger\\RHPL\\2025-09-18.json",
  "market_day_context": {
    "run_date": "2025-09-18",
    "weekday_name": "Thursday",
    "is_nepal_trading_weekday": true,
    "holiday_validation_status": "weekday_only_unverified",
    "is_official_holiday": null,
    "holiday_title": null,
    "holiday_source": "https://www.nepalstock.com/api/nots/holiday/list?year=2025",
    "official_holiday_fetch_error": "http_401",
    "override_status": "missing",
    "expected_market_session": true
  },
  "total_pages": 1,
  "total_records": 2,
  "row_count_collected": 2,
  "ledger_written": true,
  "ledger_skipped_reason": null
}
[RUN] RHPL 2025-09-21
{
  "symbol": "RHPL",
  "run_date": "2025-09-21",
  "raw_path": "C:\\Users\\ishwor\\Music\\own-organize\\own-market\\market-gist\\broker_flow_ledger\\raw_merolagani\\RHPL\\2025-09-21.json",
  "ledger_path": "C:\\Users\\ishwor\\Music\\own-organize\\own-market\\market-gist\\broker_flow_ledger\\RHPL\\2025-09-21.json",
  "market_day_context": {
    "run_date": "2025-09-21",
    "weekday_name": "Sunday",
    "is_nepal_trading_weekday": true,
    "holiday_validation_status": "weekday_only_unverified",
    "is_official_holiday": null,
    "holiday_title": null,
    "holiday_source": "https://www.nepalstock.com/api/nots/holiday/list?year=2025",
    "official_holiday_fetch_error": "http_401",
    "override_status": "missing",
    "expected_market_session": true
  },
  "total_pages": 2,
  "total_records": 563,
  "row_count_collected": 563,
  "ledger_written": true,
  "ledger_skipped_reason": null
}
[RUN] RHPL 2025-09-22
{
  "symbol": "RHPL",
  "run_date": "2025-09-22",
  "raw_path": "C:\\Users\\ishwor\\Music\\own-organize\\own-market\\market-gist\\broker_flow_ledger\\raw_merolagani\\RHPL\\2025-09-22.json",
  "ledger_path": "C:\\Users\\ishwor\\Music\\own-organize\\own-market\\market-gist\\broker_flow_ledger\\RHPL\\2025-09-22.json",
  "market_day_context": {
    "run_date": "2025-09-22",
    "weekday_name": "Monday",
    "is_nepal_trading_weekday": true,
    "holiday_validation_status": "weekday_only_unverified",
    "is_official_holiday": null,
    "holiday_title": null,
    "holiday_source": "https://www.nepalstock.com/api/nots/holiday/list?year=2025",
    "official_holiday_fetch_error": "http_401",
    "override_status": "missing",
    "expected_market_session": true
  },
  "total_pages": 0,
  "total_records": null,
  "row_count_collected": 0,
  "ledger_written": false,
  "ledger_skipped_reason": "empty_weekday_unverified"
}
[RUN] RHPL 2025-09-23
{
  "symbol": "RHPL",
  "run_date": "2025-09-23",
  "raw_path": "C:\\Users\\ishwor\\Music\\own-organize\\own-market\\market-gist\\broker_flow_ledger\\raw_merolagani\\RHPL\\2025-09-23.json",
  "ledger_path": "C:\\Users\\ishwor\\Music\\own-organize\\own-market\\market-gist\\broker_flow_ledger\\RHPL\\2025-09-23.json",
  "market_day_context": {
    "run_date": "2025-09-23",
    "weekday_name": "Tuesday",
    "is_nepal_trading_weekday": true,
    "holiday_validation_status": "weekday_only_unverified",
    "is_official_holiday": null,
    "holiday_title": null,
    "holiday_source": "https://www.nepalstock.com/api/nots/holiday/list?year=2025",
    "official_holiday_fetch_error": "http_401",
    "override_status": "missing",
    "expected_market_session": true
  },
  "total_pages": 1,
  "total_records": 266,
  "row_count_collected": 266,
  "ledger_written": true,
  "ledger_skipped_reason": null
}
[RUN] RHPL 2025-09-24
{
  "symbol": "RHPL",
  "run_date": "2025-09-24",
  "raw_path": "C:\\Users\\ishwor\\Music\\own-organize\\own-market\\market-gist\\broker_flow_ledger\\raw_merolagani\\RHPL\\2025-09-24.json",
  "ledger_path": "C:\\Users\\ishwor\\Music\\own-organize\\own-market\\market-gist\\broker_flow_ledger\\RHPL\\2025-09-24.json",
  "market_day_context": {
    "run_date": "2025-09-24",
    "weekday_name": "Wednesday",
    "is_nepal_trading_weekday": true,
    "holiday_validation_status": "weekday_only_unverified",
    "is_official_holiday": null,
    "holiday_title": null,
    "holiday_source": "https://www.nepalstock.com/api/nots/holiday/list?year=2025",
    "official_holiday_fetch_error": "http_401",
    "override_status": "missing",
    "expected_market_session": true
  },
  "total_pages": 1,
  "total_records": 148,
  "row_count_collected": 148,
  "ledger_written": true,
  "ledger_skipped_reason": null
}
[RUN] RHPL 2025-09-25
{
  "symbol": "RHPL",
  "run_date": "2025-09-25",
  "raw_path": "C:\\Users\\ishwor\\Music\\own-organize\\own-market\\market-gist\\broker_flow_ledger\\raw_merolagani\\RHPL\\2025-09-25.json",
  "ledger_path": "C:\\Users\\ishwor\\Music\\own-organize\\own-market\\market-gist\\broker_flow_ledger\\RHPL\\2025-09-25.json",
  "market_day_context": {
    "run_date": "2025-09-25",
    "weekday_name": "Thursday",
    "is_nepal_trading_weekday": true,
    "holiday_validation_status": "weekday_only_unverified",
    "is_official_holiday": null,
    "holiday_title": null,
    "holiday_source": "https://www.nepalstock.com/api/nots/holiday/list?year=2025",
    "official_holiday_fetch_error": "http_401",
    "override_status": "missing",
    "expected_market_session": true
  },
  "total_pages": 1,
  "total_records": 148,
  "row_count_collected": 148,
  "ledger_written": true,
  "ledger_skipped_reason": null
}
[RUN] RHPL 2025-09-28
{
  "symbol": "RHPL",
  "run_date": "2025-09-28",
  "raw_path": "C:\\Users\\ishwor\\Music\\own-organize\\own-market\\market-gist\\broker_flow_ledger\\raw_merolagani\\RHPL\\2025-09-28.json",
  "ledger_path": "C:\\Users\\ishwor\\Music\\own-organize\\own-market\\market-gist\\broker_flow_ledger\\RHPL\\2025-09-28.json",
  "market_day_context": {
    "run_date": "2025-09-28",
    "weekday_name": "Sunday",
    "is_nepal_trading_weekday": true,
    "holiday_validation_status": "weekday_only_unverified",
    "is_official_holiday": null,
    "holiday_title": null,
    "holiday_source": "https://www.nepalstock.com/api/nots/holiday/list?year=2025",
    "official_holiday_fetch_error": "http_401",
    "override_status": "missing",
    "expected_market_session": true
  },
  "total_pages": 1,
  "total_records": 117,
  "row_count_collected": 117,
  "ledger_written": true,
  "ledger_skipped_reason": null
}
[RUN] RHPL 2025-09-29
{
  "symbol": "RHPL",
  "run_date": "2025-09-29",
  "raw_path": "C:\\Users\\ishwor\\Music\\own-organize\\own-market\\market-gist\\broker_flow_ledger\\raw_merolagani\\RHPL\\2025-09-29.json",
  "ledger_path": "C:\\Users\\ishwor\\Music\\own-organize\\own-market\\market-gist\\broker_flow_ledger\\RHPL\\2025-09-29.json",
  "market_day_context": {
    "run_date": "2025-09-29",
    "weekday_name": "Monday",
    "is_nepal_trading_weekday": true,
    "holiday_validation_status": "weekday_only_unverified",
    "is_official_holiday": null,
    "holiday_title": null,
    "holiday_source": "https://www.nepalstock.com/api/nots/holiday/list?year=2025",
    "official_holiday_fetch_error": "http_401",
    "override_status": "missing",
    "expected_market_session": true
  },
  "total_pages": 0,
  "total_records": null,
  "row_count_collected": 0,
  "ledger_written": false,
  "ledger_skipped_reason": "empty_weekday_unverified"
}
[RUN] RHPL 2025-09-30
{
  "symbol": "RHPL",
  "run_date": "2025-09-30",
  "raw_path": "C:\\Users\\ishwor\\Music\\own-organize\\own-market\\market-gist\\broker_flow_ledger\\raw_merolagani\\RHPL\\2025-09-30.json",
  "ledger_path": "C:\\Users\\ishwor\\Music\\own-organize\\own-market\\market-gist\\broker_flow_ledger\\RHPL\\2025-09-30.json",
  "market_day_context": {
    "run_date": "2025-09-30",
    "weekday_name": "Tuesday",
    "is_nepal_trading_weekday": true,
    "holiday_validation_status": "weekday_only_unverified",
    "is_official_holiday": null,
    "holiday_title": null,
    "holiday_source": "https://www.nepalstock.com/api/nots/holiday/list?year=2025",
    "official_holiday_fetch_error": "http_401",
    "override_status": "missing",
    "expected_market_session": true
  },
  "total_pages": 0,
  "total_records": null,
  "row_count_collected": 0,
  "ledger_written": false,
  "ledger_skipped_reason": "empty_weekday_unverified"
}
[RUN] RHPL 2025-10-01
{
  "symbol": "RHPL",
  "run_date": "2025-10-01",
  "raw_path": "C:\\Users\\ishwor\\Music\\own-organize\\own-market\\market-gist\\broker_flow_ledger\\raw_merolagani\\RHPL\\2025-10-01.json",
  "ledger_path": "C:\\Users\\ishwor\\Music\\own-organize\\own-market\\market-gist\\broker_flow_ledger\\RHPL\\2025-10-01.json",
  "market_day_context": {
    "run_date": "2025-10-01",
    "weekday_name": "Wednesday",
    "is_nepal_trading_weekday": true,
    "holiday_validation_status": "weekday_only_unverified",
    "is_official_holiday": null,
    "holiday_title": null,
    "holiday_source": "https://www.nepalstock.com/api/nots/holiday/list?year=2025",
    "official_holiday_fetch_error": "http_401",
    "override_status": "missing",
    "expected_market_session": true
  },
  "total_pages": 0,
  "total_records": null,
  "row_count_collected": 0,
  "ledger_written": false,
  "ledger_skipped_reason": "empty_weekday_unverified"
}
[RUN] RHPL 2025-10-02
{
  "symbol": "RHPL",
  "run_date": "2025-10-02",
  "raw_path": "C:\\Users\\ishwor\\Music\\own-organize\\own-market\\market-gist\\broker_flow_ledger\\raw_merolagani\\RHPL\\2025-10-02.json",
  "ledger_path": "C:\\Users\\ishwor\\Music\\own-organize\\own-market\\market-gist\\broker_flow_ledger\\RHPL\\2025-10-02.json",
  "market_day_context": {
    "run_date": "2025-10-02",
    "weekday_name": "Thursday",
    "is_nepal_trading_weekday": true,
    "holiday_validation_status": "weekday_only_unverified",
    "is_official_holiday": null,
    "holiday_title": null,
    "holiday_source": "https://www.nepalstock.com/api/nots/holiday/list?year=2025",
    "official_holiday_fetch_error": "http_401",
    "override_status": "missing",
    "expected_market_session": true
  },
  "total_pages": 0,
  "total_records": null,
  "row_count_collected": 0,
  "ledger_written": false,
  "ledger_skipped_reason": "empty_weekday_unverified"
}
[RUN] RHPL 2025-10-05
{
  "symbol": "RHPL",
  "run_date": "2025-10-05",
  "raw_path": "C:\\Users\\ishwor\\Music\\own-organize\\own-market\\market-gist\\broker_flow_ledger\\raw_merolagani\\RHPL\\2025-10-05.json",
  "ledger_path": "C:\\Users\\ishwor\\Music\\own-organize\\own-market\\market-gist\\broker_flow_ledger\\RHPL\\2025-10-05.json",
  "market_day_context": {
    "run_date": "2025-10-05",
    "weekday_name": "Sunday",
    "is_nepal_trading_weekday": true,
    "holiday_validation_status": "weekday_only_unverified",
    "is_official_holiday": null,
    "holiday_title": null,
    "holiday_source": "https://www.nepalstock.com/api/nots/holiday/list?year=2025",
    "official_holiday_fetch_error": "http_401",
    "override_status": "missing",
    "expected_market_session": true
  },
  "total_pages": 0,
  "total_records": null,
  "row_count_collected": 0,
  "ledger_written": false,
  "ledger_skipped_reason": "empty_weekday_unverified"
}
[RUN] RHPL 2025-10-06
{
  "symbol": "RHPL",
  "run_date": "2025-10-06",
  "raw_path": "C:\\Users\\ishwor\\Music\\own-organize\\own-market\\market-gist\\broker_flow_ledger\\raw_merolagani\\RHPL\\2025-10-06.json",
  "ledger_path": "C:\\Users\\ishwor\\Music\\own-organize\\own-market\\market-gist\\broker_flow_ledger\\RHPL\\2025-10-06.json",
  "market_day_context": {
    "run_date": "2025-10-06",
    "weekday_name": "Monday",
    "is_nepal_trading_weekday": true,
    "holiday_validation_status": "weekday_only_unverified",
    "is_official_holiday": null,
    "holiday_title": null,
    "holiday_source": "https://www.nepalstock.com/api/nots/holiday/list?year=2025",
    "official_holiday_fetch_error": "http_401",
    "override_status": "missing",
    "expected_market_session": true
  },
  "total_pages": 0,
  "total_records": null,
  "row_count_collected": 0,
  "ledger_written": false,
  "ledger_skipped_reason": "empty_weekday_unverified"
}
[RUN] RHPL 2025-10-07
{
  "symbol": "RHPL",
  "run_date": "2025-10-07",
  "raw_path": "C:\\Users\\ishwor\\Music\\own-organize\\own-market\\market-gist\\broker_flow_ledger\\raw_merolagani\\RHPL\\2025-10-07.json",
  "ledger_path": "C:\\Users\\ishwor\\Music\\own-organize\\own-market\\market-gist\\broker_flow_ledger\\RHPL\\2025-10-07.json",
  "market_day_context": {
    "run_date": "2025-10-07",
    "weekday_name": "Tuesday",
    "is_nepal_trading_weekday": true,
    "holiday_validation_status": "weekday_only_unverified",
    "is_official_holiday": null,
    "holiday_title": null,
    "holiday_source": "https://www.nepalstock.com/api/nots/holiday/list?year=2025",
    "official_holiday_fetch_error": "http_401",
    "override_status": "missing",
    "expected_market_session": true
  },
  "total_pages": 1,
  "total_records": 218,
  "row_count_collected": 218,
  "ledger_written": true,
  "ledger_skipped_reason": null
}
[RUN] RHPL 2025-10-08
{
  "symbol": "RHPL",
  "run_date": "2025-10-08",
  "raw_path": "C:\\Users\\ishwor\\Music\\own-organize\\own-market\\market-gist\\broker_flow_ledger\\raw_merolagani\\RHPL\\2025-10-08.json",
  "ledger_path": "C:\\Users\\ishwor\\Music\\own-organize\\own-market\\market-gist\\broker_flow_ledger\\RHPL\\2025-10-08.json",
  "market_day_context": {
    "run_date": "2025-10-08",
    "weekday_name": "Wednesday",
    "is_nepal_trading_weekday": true,
    "holiday_validation_status": "weekday_only_unverified",
    "is_official_holiday": null,
    "holiday_title": null,
    "holiday_source": "https://www.nepalstock.com/api/nots/holiday/list?year=2025",
    "official_holiday_fetch_error": "http_401",
    "override_status": "missing",
    "expected_market_session": true
  },
  "total_pages": 1,
  "total_records": 279,
  "row_count_collected": 279,
  "ledger_written": true,
  "ledger_skipped_reason": null
}
[RUN] RHPL 2025-10-09
{
  "symbol": "RHPL",
  "run_date": "2025-10-09",
  "raw_path": "C:\\Users\\ishwor\\Music\\own-organize\\own-market\\market-gist\\broker_flow_ledger\\raw_merolagani\\RHPL\\2025-10-09.json",
  "ledger_path": "C:\\Users\\ishwor\\Music\\own-organize\\own-market\\market-gist\\broker_flow_ledger\\RHPL\\2025-10-09.json",
  "market_day_context": {
    "run_date": "2025-10-09",
    "weekday_name": "Thursday",
    "is_nepal_trading_weekday": true,
    "holiday_validation_status": "weekday_only_unverified",
    "is_official_holiday": null,
    "holiday_title": null,
    "holiday_source": "https://www.nepalstock.com/api/nots/holiday/list?year=2025",
    "official_holiday_fetch_error": "http_401",
    "override_status": "missing",
    "expected_market_session": true
  },
  "total_pages": 1,
  "total_records": 227,
  "row_count_collected": 227,
  "ledger_written": true,
  "ledger_skipped_reason": null
}
[RUN] RHPL 2025-10-12
{
  "symbol": "RHPL",
  "run_date": "2025-10-12",
  "raw_path": "C:\\Users\\ishwor\\Music\\own-organize\\own-market\\market-gist\\broker_flow_ledger\\raw_merolagani\\RHPL\\2025-10-12.json",
  "ledger_path": "C:\\Users\\ishwor\\Music\\own-organize\\own-market\\market-gist\\broker_flow_ledger\\RHPL\\2025-10-12.json",
  "market_day_context": {
    "run_date": "2025-10-12",
    "weekday_name": "Sunday",
    "is_nepal_trading_weekday": true,
    "holiday_validation_status": "weekday_only_unverified",
    "is_official_holiday": null,
    "holiday_title": null,
    "holiday_source": "https://www.nepalstock.com/api/nots/holiday/list?year=2025",
    "official_holiday_fetch_error": "http_401",
    "override_status": "missing",
    "expected_market_session": true
  },
  "total_pages": 1,
  "total_records": 288,
  "row_count_collected": 288,
  "ledger_written": true,
  "ledger_skipped_reason": null
}
[RUN] RHPL 2025-10-13
{
  "symbol": "RHPL",
  "run_date": "2025-10-13",
  "raw_path": "C:\\Users\\ishwor\\Music\\own-organize\\own-market\\market-gist\\broker_flow_ledger\\raw_merolagani\\RHPL\\2025-10-13.json",
  "ledger_path": "C:\\Users\\ishwor\\Music\\own-organize\\own-market\\market-gist\\broker_flow_ledger\\RHPL\\2025-10-13.json",
  "market_day_context": {
    "run_date": "2025-10-13",
    "weekday_name": "Monday",
    "is_nepal_trading_weekday": true,
    "holiday_validation_status": "weekday_only_unverified",
    "is_official_holiday": null,
    "holiday_title": null,
    "holiday_source": "https://www.nepalstock.com/api/nots/holiday/list?year=2025",
    "official_holiday_fetch_error": "http_401",
    "override_status": "missing",
    "expected_market_session": true
  },
  "total_pages": 1,
  "total_records": 183,
  "row_count_collected": 183,
  "ledger_written": true,
  "ledger_skipped_reason": null
}
[RUN] RHPL 2025-10-14
{
  "symbol": "RHPL",
  "run_date": "2025-10-14",
  "raw_path": "C:\\Users\\ishwor\\Music\\own-organize\\own-market\\market-gist\\broker_flow_ledger\\raw_merolagani\\RHPL\\2025-10-14.json",
  "ledger_path": "C:\\Users\\ishwor\\Music\\own-organize\\own-market\\market-gist\\broker_flow_ledger\\RHPL\\2025-10-14.json",
  "market_day_context": {
    "run_date": "2025-10-14",
    "weekday_name": "Tuesday",
    "is_nepal_trading_weekday": true,
    "holiday_validation_status": "weekday_only_unverified",
    "is_official_holiday": null,
    "holiday_title": null,
    "holiday_source": "https://www.nepalstock.com/api/nots/holiday/list?year=2025",
    "official_holiday_fetch_error": "http_401",
    "override_status": "missing",
    "expected_market_session": true
  },
  "total_pages": 1,
  "total_records": 153,
  "row_count_collected": 153,
  "ledger_written": true,
  "ledger_skipped_reason": null
}
[RUN] RHPL 2025-10-15
{
  "symbol": "RHPL",
  "run_date": "2025-10-15",
  "raw_path": "C:\\Users\\ishwor\\Music\\own-organize\\own-market\\market-gist\\broker_flow_ledger\\raw_merolagani\\RHPL\\2025-10-15.json",
  "ledger_path": "C:\\Users\\ishwor\\Music\\own-organize\\own-market\\market-gist\\broker_flow_ledger\\RHPL\\2025-10-15.json",
  "market_day_context": {
    "run_date": "2025-10-15",
    "weekday_name": "Wednesday",
    "is_nepal_trading_weekday": true,
    "holiday_validation_status": "weekday_only_unverified",
    "is_official_holiday": null,
    "holiday_title": null,
    "holiday_source": "https://www.nepalstock.com/api/nots/holiday/list?year=2025",
    "official_holiday_fetch_error": "http_401",
    "override_status": "missing",
    "expected_market_session": true
  },
  "total_pages": 1,
  "total_records": 268,
  "row_count_collected": 268,
  "ledger_written": true,
  "ledger_skipped_reason": null
}
[RUN] RHPL 2025-10-16
{
  "symbol": "RHPL",
  "run_date": "2025-10-16",
  "raw_path": "C:\\Users\\ishwor\\Music\\own-organize\\own-market\\market-gist\\broker_flow_ledger\\raw_merolagani\\RHPL\\2025-10-16.json",
  "ledger_path": "C:\\Users\\ishwor\\Music\\own-organize\\own-market\\market-gist\\broker_flow_ledger\\RHPL\\2025-10-16.json",
  "market_day_context": {
    "run_date": "2025-10-16",
    "weekday_name": "Thursday",
    "is_nepal_trading_weekday": true,
    "holiday_validation_status": "weekday_only_unverified",
    "is_official_holiday": null,
    "holiday_title": null,
    "holiday_source": "https://www.nepalstock.com/api/nots/holiday/list?year=2025",
    "official_holiday_fetch_error": "http_401",
    "override_status": "missing",
    "expected_market_session": true
  },
  "total_pages": 1,
  "total_records": 143,
  "row_count_collected": 143,
  "ledger_written": true,
  "ledger_skipped_reason": null
}
[RUN] RHPL 2025-10-19
{
  "symbol": "RHPL",
  "run_date": "2025-10-19",
  "raw_path": "C:\\Users\\ishwor\\Music\\own-organize\\own-market\\market-gist\\broker_flow_ledger\\raw_merolagani\\RHPL\\2025-10-19.json",
  "ledger_path": "C:\\Users\\ishwor\\Music\\own-organize\\own-market\\market-gist\\broker_flow_ledger\\RHPL\\2025-10-19.json",
  "market_day_context": {
    "run_date": "2025-10-19",
    "weekday_name": "Sunday",
    "is_nepal_trading_weekday": true,
    "holiday_validation_status": "weekday_only_unverified",
    "is_official_holiday": null,
    "holiday_title": null,
    "holiday_source": "https://www.nepalstock.com/api/nots/holiday/list?year=2025",
    "official_holiday_fetch_error": "http_401",
    "override_status": "missing",
    "expected_market_session": true
  },
  "total_pages": 1,
  "total_records": 147,
  "row_count_collected": 147,
  "ledger_written": true,
  "ledger_skipped_reason": null
}
[RUN] RHPL 2025-10-20
{
  "symbol": "RHPL",
  "run_date": "2025-10-20",
  "raw_path": "C:\\Users\\ishwor\\Music\\own-organize\\own-market\\market-gist\\broker_flow_ledger\\raw_merolagani\\RHPL\\2025-10-20.json",
  "ledger_path": "C:\\Users\\ishwor\\Music\\own-organize\\own-market\\market-gist\\broker_flow_ledger\\RHPL\\2025-10-20.json",
  "market_day_context": {
    "run_date": "2025-10-20",
    "weekday_name": "Monday",
    "is_nepal_trading_weekday": true,
    "holiday_validation_status": "weekday_only_unverified",
    "is_official_holiday": null,
    "holiday_title": null,
    "holiday_source": "https://www.nepalstock.com/api/nots/holiday/list?year=2025",
    "official_holiday_fetch_error": "http_401",
    "override_status": "missing",
    "expected_market_session": true
  },
  "total_pages": 0,
  "total_records": null,
  "row_count_collected": 0,
  "ledger_written": false,
  "ledger_skipped_reason": "empty_weekday_unverified"
}
[RUN] RHPL 2025-10-21
{
  "symbol": "RHPL",
  "run_date": "2025-10-21",
  "raw_path": "C:\\Users\\ishwor\\Music\\own-organize\\own-market\\market-gist\\broker_flow_ledger\\raw_merolagani\\RHPL\\2025-10-21.json",
  "ledger_path": "C:\\Users\\ishwor\\Music\\own-organize\\own-market\\market-gist\\broker_flow_ledger\\RHPL\\2025-10-21.json",
  "market_day_context": {
    "run_date": "2025-10-21",
    "weekday_name": "Tuesday",
    "is_nepal_trading_weekday": true,
    "holiday_validation_status": "weekday_only_unverified",
    "is_official_holiday": null,
    "holiday_title": null,
    "holiday_source": "https://www.nepalstock.com/api/nots/holiday/list?year=2025",
    "official_holiday_fetch_error": "http_401",
    "override_status": "missing",
    "expected_market_session": true
  },
  "total_pages": 0,
  "total_records": null,
  "row_count_collected": 0,
  "ledger_written": false,
  "ledger_skipped_reason": "empty_weekday_unverified"
}
[RUN] RHPL 2025-10-22
{
  "symbol": "RHPL",
  "run_date": "2025-10-22",
  "raw_path": "C:\\Users\\ishwor\\Music\\own-organize\\own-market\\market-gist\\broker_flow_ledger\\raw_merolagani\\RHPL\\2025-10-22.json",
  "ledger_path": "C:\\Users\\ishwor\\Music\\own-organize\\own-market\\market-gist\\broker_flow_ledger\\RHPL\\2025-10-22.json",
  "market_day_context": {
    "run_date": "2025-10-22",
    "weekday_name": "Wednesday",
    "is_nepal_trading_weekday": true,
    "holiday_validation_status": "weekday_only_unverified",
    "is_official_holiday": null,
    "holiday_title": null,
    "holiday_source": "https://www.nepalstock.com/api/nots/holiday/list?year=2025",
    "official_holiday_fetch_error": "http_401",
    "override_status": "missing",
    "expected_market_session": true
  },
  "total_pages": 0,
  "total_records": null,
  "row_count_collected": 0,
  "ledger_written": false,
  "ledger_skipped_reason": "empty_weekday_unverified"
}
[RUN] RHPL 2025-10-23
{
  "symbol": "RHPL",
  "run_date": "2025-10-23",
  "raw_path": "C:\\Users\\ishwor\\Music\\own-organize\\own-market\\market-gist\\broker_flow_ledger\\raw_merolagani\\RHPL\\2025-10-23.json",
  "ledger_path": "C:\\Users\\ishwor\\Music\\own-organize\\own-market\\market-gist\\broker_flow_ledger\\RHPL\\2025-10-23.json",
  "market_day_context": {
    "run_date": "2025-10-23",
    "weekday_name": "Thursday",
    "is_nepal_trading_weekday": true,
    "holiday_validation_status": "weekday_only_unverified",
    "is_official_holiday": null,
    "holiday_title": null,
    "holiday_source": "https://www.nepalstock.com/api/nots/holiday/list?year=2025",
    "official_holiday_fetch_error": "http_401",
    "override_status": "missing",
    "expected_market_session": true
  },
  "total_pages": 0,
  "total_records": null,
  "row_count_collected": 0,
  "ledger_written": false,
  "ledger_skipped_reason": "empty_weekday_unverified"
}
[RUN] RHPL 2025-10-26
{
  "symbol": "RHPL",
  "run_date": "2025-10-26",
  "raw_path": "C:\\Users\\ishwor\\Music\\own-organize\\own-market\\market-gist\\broker_flow_ledger\\raw_merolagani\\RHPL\\2025-10-26.json",
  "ledger_path": "C:\\Users\\ishwor\\Music\\own-organize\\own-market\\market-gist\\broker_flow_ledger\\RHPL\\2025-10-26.json",
  "market_day_context": {
    "run_date": "2025-10-26",
    "weekday_name": "Sunday",
    "is_nepal_trading_weekday": true,
    "holiday_validation_status": "weekday_only_unverified",
    "is_official_holiday": null,
    "holiday_title": null,
    "holiday_source": "https://www.nepalstock.com/api/nots/holiday/list?year=2025",
    "official_holiday_fetch_error": "http_401",
    "override_status": "missing",
    "expected_market_session": true
  },
  "total_pages": 1,
  "total_records": 153,
  "row_count_collected": 153,
  "ledger_written": true,
  "ledger_skipped_reason": null
}
[RUN] RHPL 2025-10-27
{
  "symbol": "RHPL",
  "run_date": "2025-10-27",
  "raw_path": "C:\\Users\\ishwor\\Music\\own-organize\\own-market\\market-gist\\broker_flow_ledger\\raw_merolagani\\RHPL\\2025-10-27.json",
  "ledger_path": "C:\\Users\\ishwor\\Music\\own-organize\\own-market\\market-gist\\broker_flow_ledger\\RHPL\\2025-10-27.json",
  "market_day_context": {
    "run_date": "2025-10-27",
    "weekday_name": "Monday",
    "is_nepal_trading_weekday": true,
    "holiday_validation_status": "weekday_only_unverified",
    "is_official_holiday": null,
    "holiday_title": null,
    "holiday_source": "https://www.nepalstock.com/api/nots/holiday/list?year=2025",
    "official_holiday_fetch_error": "http_401",
    "override_status": "missing",
    "expected_market_session": true
  },
  "total_pages": 0,
  "total_records": null,
  "row_count_collected": 0,
  "ledger_written": false,
  "ledger_skipped_reason": "empty_weekday_unverified"
}
[RUN] RHPL 2025-10-28
{
  "symbol": "RHPL",
  "run_date": "2025-10-28",
  "raw_path": "C:\\Users\\ishwor\\Music\\own-organize\\own-market\\market-gist\\broker_flow_ledger\\raw_merolagani\\RHPL\\2025-10-28.json",
  "ledger_path": "C:\\Users\\ishwor\\Music\\own-organize\\own-market\\market-gist\\broker_flow_ledger\\RHPL\\2025-10-28.json",
  "market_day_context": {
    "run_date": "2025-10-28",
    "weekday_name": "Tuesday",
    "is_nepal_trading_weekday": true,
    "holiday_validation_status": "weekday_only_unverified",
    "is_official_holiday": null,
    "holiday_title": null,
    "holiday_source": "https://www.nepalstock.com/api/nots/holiday/list?year=2025",
    "official_holiday_fetch_error": "http_401",
    "override_status": "missing",
    "expected_market_session": true
  },
  "total_pages": 1,
  "total_records": 213,
  "row_count_collected": 213,
  "ledger_written": true,
  "ledger_skipped_reason": null
}
[RUN] RHPL 2025-10-29
{
  "symbol": "RHPL",
  "run_date": "2025-10-29",
  "raw_path": "C:\\Users\\ishwor\\Music\\own-organize\\own-market\\market-gist\\broker_flow_ledger\\raw_merolagani\\RHPL\\2025-10-29.json",
  "ledger_path": "C:\\Users\\ishwor\\Music\\own-organize\\own-market\\market-gist\\broker_flow_ledger\\RHPL\\2025-10-29.json",
  "market_day_context": {
    "run_date": "2025-10-29",
    "weekday_name": "Wednesday",
    "is_nepal_trading_weekday": true,
    "holiday_validation_status": "weekday_only_unverified",
    "is_official_holiday": null,
    "holiday_title": null,
    "holiday_source": "https://www.nepalstock.com/api/nots/holiday/list?year=2025",
    "official_holiday_fetch_error": "http_401",
    "override_status": "missing",
    "expected_market_session": true
  },
  "total_pages": 1,
  "total_records": 196,
  "row_count_collected": 196,
  "ledger_written": true,
  "ledger_skipped_reason": null
}
[RUN] RHPL 2025-10-30
{
  "symbol": "RHPL",
  "run_date": "2025-10-30",
  "raw_path": "C:\\Users\\ishwor\\Music\\own-organize\\own-market\\market-gist\\broker_flow_ledger\\raw_merolagani\\RHPL\\2025-10-30.json",
  "ledger_path": "C:\\Users\\ishwor\\Music\\own-organize\\own-market\\market-gist\\broker_flow_ledger\\RHPL\\2025-10-30.json",
  "market_day_context": {
    "run_date": "2025-10-30",
    "weekday_name": "Thursday",
    "is_nepal_trading_weekday": true,
    "holiday_validation_status": "weekday_only_unverified",
    "is_official_holiday": null,
    "holiday_title": null,
    "holiday_source": "https://www.nepalstock.com/api/nots/holiday/list?year=2025",
    "official_holiday_fetch_error": "http_401",
    "override_status": "missing",
    "expected_market_session": true
  },
  "total_pages": 1,
  "total_records": 178,
  "row_count_collected": 178,
  "ledger_written": true,
  "ledger_skipped_reason": null
}
[RUN] RHPL 2025-11-02
{
  "symbol": "RHPL",
  "run_date": "2025-11-02",
  "raw_path": "C:\\Users\\ishwor\\Music\\own-organize\\own-market\\market-gist\\broker_flow_ledger\\raw_merolagani\\RHPL\\2025-11-02.json",
  "ledger_path": "C:\\Users\\ishwor\\Music\\own-organize\\own-market\\market-gist\\broker_flow_ledger\\RHPL\\2025-11-02.json",
  "market_day_context": {
    "run_date": "2025-11-02",
    "weekday_name": "Sunday",
    "is_nepal_trading_weekday": true,
    "holiday_validation_status": "weekday_only_unverified",
    "is_official_holiday": null,
    "holiday_title": null,
    "holiday_source": "https://www.nepalstock.com/api/nots/holiday/list?year=2025",
    "official_holiday_fetch_error": "http_401",
    "override_status": "missing",
    "expected_market_session": true
  },
  "total_pages": 1,
  "total_records": 217,
  "row_count_collected": 217,
  "ledger_written": true,
  "ledger_skipped_reason": null
}
[RUN] RHPL 2025-11-03
{
  "symbol": "RHPL",
  "run_date": "2025-11-03",
  "raw_path": "C:\\Users\\ishwor\\Music\\own-organize\\own-market\\market-gist\\broker_flow_ledger\\raw_merolagani\\RHPL\\2025-11-03.json",
  "ledger_path": "C:\\Users\\ishwor\\Music\\own-organize\\own-market\\market-gist\\broker_flow_ledger\\RHPL\\2025-11-03.json",
  "market_day_context": {
    "run_date": "2025-11-03",
    "weekday_name": "Monday",
    "is_nepal_trading_weekday": true,
    "holiday_validation_status": "weekday_only_unverified",
    "is_official_holiday": null,
    "holiday_title": null,
    "holiday_source": "https://www.nepalstock.com/api/nots/holiday/list?year=2025",
    "official_holiday_fetch_error": "http_401",
    "override_status": "missing",
    "expected_market_session": true
  },
  "total_pages": 1,
  "total_records": 183,
  "row_count_collected": 183,
  "ledger_written": true,
  "ledger_skipped_reason": null
}
[RUN] RHPL 2025-11-04
{
  "symbol": "RHPL",
  "run_date": "2025-11-04",
  "raw_path": "C:\\Users\\ishwor\\Music\\own-organize\\own-market\\market-gist\\broker_flow_ledger\\raw_merolagani\\RHPL\\2025-11-04.json",
  "ledger_path": "C:\\Users\\ishwor\\Music\\own-organize\\own-market\\market-gist\\broker_flow_ledger\\RHPL\\2025-11-04.json",
  "market_day_context": {
    "run_date": "2025-11-04",
    "weekday_name": "Tuesday",
    "is_nepal_trading_weekday": true,
    "holiday_validation_status": "weekday_only_unverified",
    "is_official_holiday": null,
    "holiday_title": null,
    "holiday_source": "https://www.nepalstock.com/api/nots/holiday/list?year=2025",
    "official_holiday_fetch_error": "http_401",
    "override_status": "missing",
    "expected_market_session": true
  },
  "total_pages": 1,
  "total_records": 175,
  "row_count_collected": 175,
  "ledger_written": true,
  "ledger_skipped_reason": null
}
[RUN] RHPL 2025-11-05
{
  "symbol": "RHPL",
  "run_date": "2025-11-05",
  "raw_path": "C:\\Users\\ishwor\\Music\\own-organize\\own-market\\market-gist\\broker_flow_ledger\\raw_merolagani\\RHPL\\2025-11-05.json",
  "ledger_path": "C:\\Users\\ishwor\\Music\\own-organize\\own-market\\market-gist\\broker_flow_ledger\\RHPL\\2025-11-05.json",
  "market_day_context": {
    "run_date": "2025-11-05",
    "weekday_name": "Wednesday",
    "is_nepal_trading_weekday": true,
    "holiday_validation_status": "weekday_only_unverified",
    "is_official_holiday": null,
    "holiday_title": null,
    "holiday_source": "https://www.nepalstock.com/api/nots/holiday/list?year=2025",
    "official_holiday_fetch_error": "http_401",
    "override_status": "missing",
    "expected_market_session": true
  },
  "total_pages": 1,
  "total_records": 108,
  "row_count_collected": 108,
  "ledger_written": true,
  "ledger_skipped_reason": null
}
[RUN] RHPL 2025-11-06
{
  "symbol": "RHPL",
  "run_date": "2025-11-06",
  "raw_path": "C:\\Users\\ishwor\\Music\\own-organize\\own-market\\market-gist\\broker_flow_ledger\\raw_merolagani\\RHPL\\2025-11-06.json",
  "ledger_path": "C:\\Users\\ishwor\\Music\\own-organize\\own-market\\market-gist\\broker_flow_ledger\\RHPL\\2025-11-06.json",
  "market_day_context": {
    "run_date": "2025-11-06",
    "weekday_name": "Thursday",
    "is_nepal_trading_weekday": true,
    "holiday_validation_status": "weekday_only_unverified",
    "is_official_holiday": null,
    "holiday_title": null,
    "holiday_source": "https://www.nepalstock.com/api/nots/holiday/list?year=2025",
    "official_holiday_fetch_error": "http_401",
    "override_status": "missing",
    "expected_market_session": true
  },
  "total_pages": 1,
  "total_records": 164,
  "row_count_collected": 164,
  "ledger_written": true,
  "ledger_skipped_reason": null
}
[RUN] RHPL 2025-11-09
{
  "symbol": "RHPL",
  "run_date": "2025-11-09",
  "raw_path": "C:\\Users\\ishwor\\Music\\own-organize\\own-market\\market-gist\\broker_flow_ledger\\raw_merolagani\\RHPL\\2025-11-09.json",
  "ledger_path": "C:\\Users\\ishwor\\Music\\own-organize\\own-market\\market-gist\\broker_flow_ledger\\RHPL\\2025-11-09.json",
  "market_day_context": {
    "run_date": "2025-11-09",
    "weekday_name": "Sunday",
    "is_nepal_trading_weekday": true,
    "holiday_validation_status": "weekday_only_unverified",
    "is_official_holiday": null,
    "holiday_title": null,
    "holiday_source": "https://www.nepalstock.com/api/nots/holiday/list?year=2025",
    "official_holiday_fetch_error": "http_401",
    "override_status": "missing",
    "expected_market_session": true
  },
  "total_pages": 1,
  "total_records": 117,
  "row_count_collected": 117,
  "ledger_written": true,
  "ledger_skipped_reason": null
}
[RUN] RHPL 2025-11-10
{
  "symbol": "RHPL",
  "run_date": "2025-11-10",
  "raw_path": "C:\\Users\\ishwor\\Music\\own-organize\\own-market\\market-gist\\broker_flow_ledger\\raw_merolagani\\RHPL\\2025-11-10.json",
  "ledger_path": "C:\\Users\\ishwor\\Music\\own-organize\\own-market\\market-gist\\broker_flow_ledger\\RHPL\\2025-11-10.json",
  "market_day_context": {
    "run_date": "2025-11-10",
    "weekday_name": "Monday",
    "is_nepal_trading_weekday": true,
    "holiday_validation_status": "weekday_only_unverified",
    "is_official_holiday": null,
    "holiday_title": null,
    "holiday_source": "https://www.nepalstock.com/api/nots/holiday/list?year=2025",
    "official_holiday_fetch_error": "http_401",
    "override_status": "missing",
    "expected_market_session": true
  },
  "total_pages": 1,
  "total_records": 120,
  "row_count_collected": 120,
  "ledger_written": true,
  "ledger_skipped_reason": null
}
[RUN] RHPL 2025-11-11
{
  "symbol": "RHPL",
  "run_date": "2025-11-11",
  "raw_path": "C:\\Users\\ishwor\\Music\\own-organize\\own-market\\market-gist\\broker_flow_ledger\\raw_merolagani\\RHPL\\2025-11-11.json",
  "ledger_path": "C:\\Users\\ishwor\\Music\\own-organize\\own-market\\market-gist\\broker_flow_ledger\\RHPL\\2025-11-11.json",
  "market_day_context": {
    "run_date": "2025-11-11",
    "weekday_name": "Tuesday",
    "is_nepal_trading_weekday": true,
    "holiday_validation_status": "weekday_only_unverified",
    "is_official_holiday": null,
    "holiday_title": null,
    "holiday_source": "https://www.nepalstock.com/api/nots/holiday/list?year=2025",
    "official_holiday_fetch_error": "http_401",
    "override_status": "missing",
    "expected_market_session": true
  },
  "total_pages": 1,
  "total_records": 247,
  "row_count_collected": 247,
  "ledger_written": true,
  "ledger_skipped_reason": null
}
[RUN] RHPL 2025-11-12
{
  "symbol": "RHPL",
  "run_date": "2025-11-12",
  "raw_path": "C:\\Users\\ishwor\\Music\\own-organize\\own-market\\market-gist\\broker_flow_ledger\\raw_merolagani\\RHPL\\2025-11-12.json",
  "ledger_path": "C:\\Users\\ishwor\\Music\\own-organize\\own-market\\market-gist\\broker_flow_ledger\\RHPL\\2025-11-12.json",
  "market_day_context": {
    "run_date": "2025-11-12",
    "weekday_name": "Wednesday",
    "is_nepal_trading_weekday": true,
    "holiday_validation_status": "weekday_only_unverified",
    "is_official_holiday": null,
    "holiday_title": null,
    "holiday_source": "https://www.nepalstock.com/api/nots/holiday/list?year=2025",
    "official_holiday_fetch_error": "http_401",
    "override_status": "missing",
    "expected_market_session": true
  },
  "total_pages": 1,
  "total_records": 158,
  "row_count_collected": 158,
  "ledger_written": true,
  "ledger_skipped_reason": null
}
[RUN] RHPL 2025-11-13
{
  "symbol": "RHPL",
  "run_date": "2025-11-13",
  "raw_path": "C:\\Users\\ishwor\\Music\\own-organize\\own-market\\market-gist\\broker_flow_ledger\\raw_merolagani\\RHPL\\2025-11-13.json",
  "ledger_path": "C:\\Users\\ishwor\\Music\\own-organize\\own-market\\market-gist\\broker_flow_ledger\\RHPL\\2025-11-13.json",
  "market_day_context": {
    "run_date": "2025-11-13",
    "weekday_name": "Thursday",
    "is_nepal_trading_weekday": true,
    "holiday_validation_status": "weekday_only_unverified",
    "is_official_holiday": null,
    "holiday_title": null,
    "holiday_source": "https://www.nepalstock.com/api/nots/holiday/list?year=2025",
    "official_holiday_fetch_error": "http_401",
    "override_status": "missing",
    "expected_market_session": true
  },
  "total_pages": 1,
  "total_records": 136,
  "row_count_collected": 136,
  "ledger_written": true,
  "ledger_skipped_reason": null
}
[RUN] RHPL 2025-11-16
{
  "symbol": "RHPL",
  "run_date": "2025-11-16",
  "raw_path": "C:\\Users\\ishwor\\Music\\own-organize\\own-market\\market-gist\\broker_flow_ledger\\raw_merolagani\\RHPL\\2025-11-16.json",
  "ledger_path": "C:\\Users\\ishwor\\Music\\own-organize\\own-market\\market-gist\\broker_flow_ledger\\RHPL\\2025-11-16.json",
  "market_day_context": {
    "run_date": "2025-11-16",
    "weekday_name": "Sunday",
    "is_nepal_trading_weekday": true,
    "holiday_validation_status": "weekday_only_unverified",
    "is_official_holiday": null,
    "holiday_title": null,
    "holiday_source": "https://www.nepalstock.com/api/nots/holiday/list?year=2025",
    "official_holiday_fetch_error": "http_401",
    "override_status": "missing",
    "expected_market_session": true
  },
  "total_pages": 1,
  "total_records": 140,
  "row_count_collected": 140,
  "ledger_written": true,
  "ledger_skipped_reason": null
}
[RUN] RHPL 2025-11-17
{
  "symbol": "RHPL",
  "run_date": "2025-11-17",
  "raw_path": "C:\\Users\\ishwor\\Music\\own-organize\\own-market\\market-gist\\broker_flow_ledger\\raw_merolagani\\RHPL\\2025-11-17.json",
  "ledger_path": "C:\\Users\\ishwor\\Music\\own-organize\\own-market\\market-gist\\broker_flow_ledger\\RHPL\\2025-11-17.json",
  "market_day_context": {
    "run_date": "2025-11-17",
    "weekday_name": "Monday",
    "is_nepal_trading_weekday": true,
    "holiday_validation_status": "weekday_only_unverified",
    "is_official_holiday": null,
    "holiday_title": null,
    "holiday_source": "https://www.nepalstock.com/api/nots/holiday/list?year=2025",
    "official_holiday_fetch_error": "http_401",
    "override_status": "missing",
    "expected_market_session": true
  },
  "total_pages": 1,
  "total_records": 129,
  "row_count_collected": 129,
  "ledger_written": true,
  "ledger_skipped_reason": null
}
[RUN] RHPL 2025-11-18
{
  "symbol": "RHPL",
  "run_date": "2025-11-18",
  "raw_path": "C:\\Users\\ishwor\\Music\\own-organize\\own-market\\market-gist\\broker_flow_ledger\\raw_merolagani\\RHPL\\2025-11-18.json",
  "ledger_path": "C:\\Users\\ishwor\\Music\\own-organize\\own-market\\market-gist\\broker_flow_ledger\\RHPL\\2025-11-18.json",
  "market_day_context": {
    "run_date": "2025-11-18",
    "weekday_name": "Tuesday",
    "is_nepal_trading_weekday": true,
    "holiday_validation_status": "weekday_only_unverified",
    "is_official_holiday": null,
    "holiday_title": null,
    "holiday_source": "https://www.nepalstock.com/api/nots/holiday/list?year=2025",
    "official_holiday_fetch_error": "http_401",
    "override_status": "missing",
    "expected_market_session": true
  },
  "total_pages": 1,
  "total_records": 146,
  "row_count_collected": 146,
  "ledger_written": true,
  "ledger_skipped_reason": null
}
[RUN] RHPL 2025-11-19
{
  "symbol": "RHPL",
  "run_date": "2025-11-19",
  "raw_path": "C:\\Users\\ishwor\\Music\\own-organize\\own-market\\market-gist\\broker_flow_ledger\\raw_merolagani\\RHPL\\2025-11-19.json",
  "ledger_path": "C:\\Users\\ishwor\\Music\\own-organize\\own-market\\market-gist\\broker_flow_ledger\\RHPL\\2025-11-19.json",
  "market_day_context": {
    "run_date": "2025-11-19",
    "weekday_name": "Wednesday",
    "is_nepal_trading_weekday": true,
    "holiday_validation_status": "weekday_only_unverified",
    "is_official_holiday": null,
    "holiday_title": null,
    "holiday_source": "https://www.nepalstock.com/api/nots/holiday/list?year=2025",
    "official_holiday_fetch_error": "http_401",
    "override_status": "missing",
    "expected_market_session": true
  },
  "total_pages": 1,
  "total_records": 170,
  "row_count_collected": 170,
  "ledger_written": true,
  "ledger_skipped_reason": null
}
[RUN] RHPL 2025-11-20
{
  "symbol": "RHPL",
  "run_date": "2025-11-20",
  "raw_path": "C:\\Users\\ishwor\\Music\\own-organize\\own-market\\market-gist\\broker_flow_ledger\\raw_merolagani\\RHPL\\2025-11-20.json",
  "ledger_path": "C:\\Users\\ishwor\\Music\\own-organize\\own-market\\market-gist\\broker_flow_ledger\\RHPL\\2025-11-20.json",
  "market_day_context": {
    "run_date": "2025-11-20",
    "weekday_name": "Thursday",
    "is_nepal_trading_weekday": true,
    "holiday_validation_status": "weekday_only_unverified",
    "is_official_holiday": null,
    "holiday_title": null,
    "holiday_source": "https://www.nepalstock.com/api/nots/holiday/list?year=2025",
    "official_holiday_fetch_error": "http_401",
    "override_status": "missing",
    "expected_market_session": true
  },
  "total_pages": 1,
  "total_records": 158,
  "row_count_collected": 158,
  "ledger_written": true,
  "ledger_skipped_reason": null
}
[RUN] RHPL 2025-11-23
{
  "symbol": "RHPL",
  "run_date": "2025-11-23",
  "raw_path": "C:\\Users\\ishwor\\Music\\own-organize\\own-market\\market-gist\\broker_flow_ledger\\raw_merolagani\\RHPL\\2025-11-23.json",
  "ledger_path": "C:\\Users\\ishwor\\Music\\own-organize\\own-market\\market-gist\\broker_flow_ledger\\RHPL\\2025-11-23.json",
  "market_day_context": {
    "run_date": "2025-11-23",
    "weekday_name": "Sunday",
    "is_nepal_trading_weekday": true,
    "holiday_validation_status": "weekday_only_unverified",
    "is_official_holiday": null,
    "holiday_title": null,
    "holiday_source": "https://www.nepalstock.com/api/nots/holiday/list?year=2025",
    "official_holiday_fetch_error": "http_401",
    "override_status": "missing",
    "expected_market_session": true
  },
  "total_pages": 1,
  "total_records": 245,
  "row_count_collected": 245,
  "ledger_written": true,
  "ledger_skipped_reason": null
}
[RUN] RHPL 2025-11-24
{
  "symbol": "RHPL",
  "run_date": "2025-11-24",
  "raw_path": "C:\\Users\\ishwor\\Music\\own-organize\\own-market\\market-gist\\broker_flow_ledger\\raw_merolagani\\RHPL\\2025-11-24.json",
  "ledger_path": "C:\\Users\\ishwor\\Music\\own-organize\\own-market\\market-gist\\broker_flow_ledger\\RHPL\\2025-11-24.json",
  "market_day_context": {
    "run_date": "2025-11-24",
    "weekday_name": "Monday",
    "is_nepal_trading_weekday": true,
    "holiday_validation_status": "weekday_only_unverified",
    "is_official_holiday": null,
    "holiday_title": null,
    "holiday_source": "https://www.nepalstock.com/api/nots/holiday/list?year=2025",
    "official_holiday_fetch_error": "http_401",
    "override_status": "missing",
    "expected_market_session": true
  },
  "total_pages": 1,
  "total_records": 178,
  "row_count_collected": 178,
  "ledger_written": true,
  "ledger_skipped_reason": null
}
[RUN] RHPL 2025-11-25
{
  "symbol": "RHPL",
  "run_date": "2025-11-25",
  "raw_path": "C:\\Users\\ishwor\\Music\\own-organize\\own-market\\market-gist\\broker_flow_ledger\\raw_merolagani\\RHPL\\2025-11-25.json",
  "ledger_path": "C:\\Users\\ishwor\\Music\\own-organize\\own-market\\market-gist\\broker_flow_ledger\\RHPL\\2025-11-25.json",
  "market_day_context": {
    "run_date": "2025-11-25",
    "weekday_name": "Tuesday",
    "is_nepal_trading_weekday": true,
    "holiday_validation_status": "weekday_only_unverified",
    "is_official_holiday": null,
    "holiday_title": null,
    "holiday_source": "https://www.nepalstock.com/api/nots/holiday/list?year=2025",
    "official_holiday_fetch_error": "http_401",
    "override_status": "missing",
    "expected_market_session": true
  },
  "total_pages": 1,
  "total_records": 119,
  "row_count_collected": 119,
  "ledger_written": true,
  "ledger_skipped_reason": null
}
[RUN] RHPL 2025-11-26
{
  "symbol": "RHPL",
  "run_date": "2025-11-26",
  "raw_path": "C:\\Users\\ishwor\\Music\\own-organize\\own-market\\market-gist\\broker_flow_ledger\\raw_merolagani\\RHPL\\2025-11-26.json",
  "ledger_path": "C:\\Users\\ishwor\\Music\\own-organize\\own-market\\market-gist\\broker_flow_ledger\\RHPL\\2025-11-26.json",
  "market_day_context": {
    "run_date": "2025-11-26",
    "weekday_name": "Wednesday",
    "is_nepal_trading_weekday": true,
    "holiday_validation_status": "weekday_only_unverified",
    "is_official_holiday": null,
    "holiday_title": null,
    "holiday_source": "https://www.nepalstock.com/api/nots/holiday/list?year=2025",
    "official_holiday_fetch_error": "http_401",
    "override_status": "missing",
    "expected_market_session": true
  },
  "total_pages": 1,
  "total_records": 170,
  "row_count_collected": 170,
  "ledger_written": true,
  "ledger_skipped_reason": null
}
[RUN] RHPL 2025-11-27
{
  "symbol": "RHPL",
  "run_date": "2025-11-27",
  "raw_path": "C:\\Users\\ishwor\\Music\\own-organize\\own-market\\market-gist\\broker_flow_ledger\\raw_merolagani\\RHPL\\2025-11-27.json",
  "ledger_path": "C:\\Users\\ishwor\\Music\\own-organize\\own-market\\market-gist\\broker_flow_ledger\\RHPL\\2025-11-27.json",
  "market_day_context": {
    "run_date": "2025-11-27",
    "weekday_name": "Thursday",
    "is_nepal_trading_weekday": true,
    "holiday_validation_status": "weekday_only_unverified",
    "is_official_holiday": null,
    "holiday_title": null,
    "holiday_source": "https://www.nepalstock.com/api/nots/holiday/list?year=2025",
    "official_holiday_fetch_error": "http_401",
    "override_status": "missing",
    "expected_market_session": true
  },
  "total_pages": 1,
  "total_records": 160,
  "row_count_collected": 160,
  "ledger_written": true,
  "ledger_skipped_reason": null
}
[RUN] RHPL 2025-11-30
{
  "symbol": "RHPL",
  "run_date": "2025-11-30",
  "raw_path": "C:\\Users\\ishwor\\Music\\own-organize\\own-market\\market-gist\\broker_flow_ledger\\raw_merolagani\\RHPL\\2025-11-30.json",
  "ledger_path": "C:\\Users\\ishwor\\Music\\own-organize\\own-market\\market-gist\\broker_flow_ledger\\RHPL\\2025-11-30.json",
  "market_day_context": {
    "run_date": "2025-11-30",
    "weekday_name": "Sunday",
    "is_nepal_trading_weekday": true,
    "holiday_validation_status": "weekday_only_unverified",
    "is_official_holiday": null,
    "holiday_title": null,
    "holiday_source": "https://www.nepalstock.com/api/nots/holiday/list?year=2025",
    "official_holiday_fetch_error": "http_401",
    "override_status": "missing",
    "expected_market_session": true
  },
  "total_pages": 1,
  "total_records": 235,
  "row_count_collected": 235,
  "ledger_written": true,
  "ledger_skipped_reason": null
}
[RUN] RHPL 2025-12-01
{
  "symbol": "RHPL",
  "run_date": "2025-12-01",
  "raw_path": "C:\\Users\\ishwor\\Music\\own-organize\\own-market\\market-gist\\broker_flow_ledger\\raw_merolagani\\RHPL\\2025-12-01.json",
  "ledger_path": "C:\\Users\\ishwor\\Music\\own-organize\\own-market\\market-gist\\broker_flow_ledger\\RHPL\\2025-12-01.json",
  "market_day_context": {
    "run_date": "2025-12-01",
    "weekday_name": "Monday",
    "is_nepal_trading_weekday": true,
    "holiday_validation_status": "weekday_only_unverified",
    "is_official_holiday": null,
    "holiday_title": null,
    "holiday_source": "https://www.nepalstock.com/api/nots/holiday/list?year=2025",
    "official_holiday_fetch_error": "http_401",
    "override_status": "missing",
    "expected_market_session": true
  },
  "total_pages": 1,
  "total_records": 125,
  "row_count_collected": 125,
  "ledger_written": true,
  "ledger_skipped_reason": null
}
[RUN] RHPL 2025-12-02
{
  "symbol": "RHPL",
  "run_date": "2025-12-02",
  "raw_path": "C:\\Users\\ishwor\\Music\\own-organize\\own-market\\market-gist\\broker_flow_ledger\\raw_merolagani\\RHPL\\2025-12-02.json",
  "ledger_path": "C:\\Users\\ishwor\\Music\\own-organize\\own-market\\market-gist\\broker_flow_ledger\\RHPL\\2025-12-02.json",
  "market_day_context": {
    "run_date": "2025-12-02",
    "weekday_name": "Tuesday",
    "is_nepal_trading_weekday": true,
    "holiday_validation_status": "weekday_only_unverified",
    "is_official_holiday": null,
    "holiday_title": null,
    "holiday_source": "https://www.nepalstock.com/api/nots/holiday/list?year=2025",
    "official_holiday_fetch_error": "http_401",
    "override_status": "missing",
    "expected_market_session": true
  },
  "total_pages": 3,
  "total_records": 1264,
  "row_count_collected": 1264,
  "ledger_written": true,
  "ledger_skipped_reason": null
}
[RUN] RHPL 2025-12-03
{
  "symbol": "RHPL",
  "run_date": "2025-12-03",
  "raw_path": "C:\\Users\\ishwor\\Music\\own-organize\\own-market\\market-gist\\broker_flow_ledger\\raw_merolagani\\RHPL\\2025-12-03.json",
  "ledger_path": "C:\\Users\\ishwor\\Music\\own-organize\\own-market\\market-gist\\broker_flow_ledger\\RHPL\\2025-12-03.json",
  "market_day_context": {
    "run_date": "2025-12-03",
    "weekday_name": "Wednesday",
    "is_nepal_trading_weekday": true,
    "holiday_validation_status": "weekday_only_unverified",
    "is_official_holiday": null,
    "holiday_title": null,
    "holiday_source": "https://www.nepalstock.com/api/nots/holiday/list?year=2025",
    "official_holiday_fetch_error": "http_401",
    "override_status": "missing",
    "expected_market_session": true
  },
  "total_pages": 1,
  "total_records": 430,
  "row_count_collected": 430,
  "ledger_written": true,
  "ledger_skipped_reason": null
}
[RUN] RHPL 2025-12-04
{
  "symbol": "RHPL",
  "run_date": "2025-12-04",
  "raw_path": "C:\\Users\\ishwor\\Music\\own-organize\\own-market\\market-gist\\broker_flow_ledger\\raw_merolagani\\RHPL\\2025-12-04.json",
  "ledger_path": "C:\\Users\\ishwor\\Music\\own-organize\\own-market\\market-gist\\broker_flow_ledger\\RHPL\\2025-12-04.json",
  "market_day_context": {
    "run_date": "2025-12-04",
    "weekday_name": "Thursday",
    "is_nepal_trading_weekday": true,
    "holiday_validation_status": "weekday_only_unverified",
    "is_official_holiday": null,
    "holiday_title": null,
    "holiday_source": "https://www.nepalstock.com/api/nots/holiday/list?year=2025",
    "official_holiday_fetch_error": "http_401",
    "override_status": "missing",
    "expected_market_session": true
  },
  "total_pages": 0,
  "total_records": null,
  "row_count_collected": 0,
  "ledger_written": false,
  "ledger_skipped_reason": "empty_weekday_unverified"
}
[RUN] RHPL 2025-12-07
{
  "symbol": "RHPL",
  "run_date": "2025-12-07",
  "raw_path": "C:\\Users\\ishwor\\Music\\own-organize\\own-market\\market-gist\\broker_flow_ledger\\raw_merolagani\\RHPL\\2025-12-07.json",
  "ledger_path": "C:\\Users\\ishwor\\Music\\own-organize\\own-market\\market-gist\\broker_flow_ledger\\RHPL\\2025-12-07.json",
  "market_day_context": {
    "run_date": "2025-12-07",
    "weekday_name": "Sunday",
    "is_nepal_trading_weekday": true,
    "holiday_validation_status": "weekday_only_unverified",
    "is_official_holiday": null,
    "holiday_title": null,
    "holiday_source": "https://www.nepalstock.com/api/nots/holiday/list?year=2025",
    "official_holiday_fetch_error": "http_401",
    "override_status": "missing",
    "expected_market_session": true
  },
  "total_pages": 1,
  "total_records": 347,
  "row_count_collected": 347,
  "ledger_written": true,
  "ledger_skipped_reason": null
}
[RUN] RHPL 2025-12-08
{
  "symbol": "RHPL",
  "run_date": "2025-12-08",
  "raw_path": "C:\\Users\\ishwor\\Music\\own-organize\\own-market\\market-gist\\broker_flow_ledger\\raw_merolagani\\RHPL\\2025-12-08.json",
  "ledger_path": "C:\\Users\\ishwor\\Music\\own-organize\\own-market\\market-gist\\broker_flow_ledger\\RHPL\\2025-12-08.json",
  "market_day_context": {
    "run_date": "2025-12-08",
    "weekday_name": "Monday",
    "is_nepal_trading_weekday": true,
    "holiday_validation_status": "weekday_only_unverified",
    "is_official_holiday": null,
    "holiday_title": null,
    "holiday_source": "https://www.nepalstock.com/api/nots/holiday/list?year=2025",
    "official_holiday_fetch_error": "http_401",
    "override_status": "missing",
    "expected_market_session": true
  },
  "total_pages": 1,
  "total_records": 221,
  "row_count_collected": 221,
  "ledger_written": true,
  "ledger_skipped_reason": null
}
[RUN] RHPL 2025-12-09
{
  "symbol": "RHPL",
  "run_date": "2025-12-09",
  "raw_path": "C:\\Users\\ishwor\\Music\\own-organize\\own-market\\market-gist\\broker_flow_ledger\\raw_merolagani\\RHPL\\2025-12-09.json",
  "ledger_path": "C:\\Users\\ishwor\\Music\\own-organize\\own-market\\market-gist\\broker_flow_ledger\\RHPL\\2025-12-09.json",
  "market_day_context": {
    "run_date": "2025-12-09",
    "weekday_name": "Tuesday",
    "is_nepal_trading_weekday": true,
    "holiday_validation_status": "weekday_only_unverified",
    "is_official_holiday": null,
    "holiday_title": null,
    "holiday_source": "https://www.nepalstock.com/api/nots/holiday/list?year=2025",
    "official_holiday_fetch_error": "http_401",
    "override_status": "missing",
    "expected_market_session": true
  },
  "total_pages": 1,
  "total_records": 195,
  "row_count_collected": 195,
  "ledger_written": true,
  "ledger_skipped_reason": null
}
[RUN] RHPL 2025-12-10
{
  "symbol": "RHPL",
  "run_date": "2025-12-10",
  "raw_path": "C:\\Users\\ishwor\\Music\\own-organize\\own-market\\market-gist\\broker_flow_ledger\\raw_merolagani\\RHPL\\2025-12-10.json",
  "ledger_path": "C:\\Users\\ishwor\\Music\\own-organize\\own-market\\market-gist\\broker_flow_ledger\\RHPL\\2025-12-10.json",
  "market_day_context": {
    "run_date": "2025-12-10",
    "weekday_name": "Wednesday",
    "is_nepal_trading_weekday": true,
    "holiday_validation_status": "weekday_only_unverified",
    "is_official_holiday": null,
    "holiday_title": null,
    "holiday_source": "https://www.nepalstock.com/api/nots/holiday/list?year=2025",
    "official_holiday_fetch_error": "http_401",
    "override_status": "missing",
    "expected_market_session": true
  },
  "total_pages": 1,
  "total_records": 162,
  "row_count_collected": 162,
  "ledger_written": true,
  "ledger_skipped_reason": null
}
[RUN] RHPL 2025-12-11
{
  "symbol": "RHPL",
  "run_date": "2025-12-11",
  "raw_path": "C:\\Users\\ishwor\\Music\\own-organize\\own-market\\market-gist\\broker_flow_ledger\\raw_merolagani\\RHPL\\2025-12-11.json",
  "ledger_path": "C:\\Users\\ishwor\\Music\\own-organize\\own-market\\market-gist\\broker_flow_ledger\\RHPL\\2025-12-11.json",
  "market_day_context": {
    "run_date": "2025-12-11",
    "weekday_name": "Thursday",
    "is_nepal_trading_weekday": true,
    "holiday_validation_status": "weekday_only_unverified",
    "is_official_holiday": null,
    "holiday_title": null,
    "holiday_source": "https://www.nepalstock.com/api/nots/holiday/list?year=2025",
    "official_holiday_fetch_error": "http_401",
    "override_status": "missing",
    "expected_market_session": true
  },
  "total_pages": 1,
  "total_records": 127,
  "row_count_collected": 127,
  "ledger_written": true,
  "ledger_skipped_reason": null
}
[RUN] RHPL 2025-12-14
{
  "symbol": "RHPL",
  "run_date": "2025-12-14",
  "raw_path": "C:\\Users\\ishwor\\Music\\own-organize\\own-market\\market-gist\\broker_flow_ledger\\raw_merolagani\\RHPL\\2025-12-14.json",
  "ledger_path": "C:\\Users\\ishwor\\Music\\own-organize\\own-market\\market-gist\\broker_flow_ledger\\RHPL\\2025-12-14.json",
  "market_day_context": {
    "run_date": "2025-12-14",
    "weekday_name": "Sunday",
    "is_nepal_trading_weekday": true,
    "holiday_validation_status": "weekday_only_unverified",
    "is_official_holiday": null,
    "holiday_title": null,
    "holiday_source": "https://www.nepalstock.com/api/nots/holiday/list?year=2025",
    "official_holiday_fetch_error": "http_401",
    "override_status": "missing",
    "expected_market_session": true
  },
  "total_pages": 1,
  "total_records": 202,
  "row_count_collected": 202,
  "ledger_written": true,
  "ledger_skipped_reason": null
}
[RUN] RHPL 2025-12-15
{
  "symbol": "RHPL",
  "run_date": "2025-12-15",
  "raw_path": "C:\\Users\\ishwor\\Music\\own-organize\\own-market\\market-gist\\broker_flow_ledger\\raw_merolagani\\RHPL\\2025-12-15.json",
  "ledger_path": "C:\\Users\\ishwor\\Music\\own-organize\\own-market\\market-gist\\broker_flow_ledger\\RHPL\\2025-12-15.json",
  "market_day_context": {
    "run_date": "2025-12-15",
    "weekday_name": "Monday",
    "is_nepal_trading_weekday": true,
    "holiday_validation_status": "weekday_only_unverified",
    "is_official_holiday": null,
    "holiday_title": null,
    "holiday_source": "https://www.nepalstock.com/api/nots/holiday/list?year=2025",
    "official_holiday_fetch_error": "http_401",
    "override_status": "missing",
    "expected_market_session": true
  },
  "total_pages": 1,
  "total_records": 142,
  "row_count_collected": 142,
  "ledger_written": true,
  "ledger_skipped_reason": null
}
[RUN] RHPL 2025-12-16
{
  "symbol": "RHPL",
  "run_date": "2025-12-16",
  "raw_path": "C:\\Users\\ishwor\\Music\\own-organize\\own-market\\market-gist\\broker_flow_ledger\\raw_merolagani\\RHPL\\2025-12-16.json",
  "ledger_path": "C:\\Users\\ishwor\\Music\\own-organize\\own-market\\market-gist\\broker_flow_ledger\\RHPL\\2025-12-16.json",
  "market_day_context": {
    "run_date": "2025-12-16",
    "weekday_name": "Tuesday",
    "is_nepal_trading_weekday": true,
    "holiday_validation_status": "weekday_only_unverified",
    "is_official_holiday": null,
    "holiday_title": null,
    "holiday_source": "https://www.nepalstock.com/api/nots/holiday/list?year=2025",
    "official_holiday_fetch_error": "http_401",
    "override_status": "missing",
    "expected_market_session": true
  },
  "total_pages": 1,
  "total_records": 158,
  "row_count_collected": 158,
  "ledger_written": true,
  "ledger_skipped_reason": null
}
[RUN] RHPL 2025-12-17
{
  "symbol": "RHPL",
  "run_date": "2025-12-17",
  "raw_path": "C:\\Users\\ishwor\\Music\\own-organize\\own-market\\market-gist\\broker_flow_ledger\\raw_merolagani\\RHPL\\2025-12-17.json",
  "ledger_path": "C:\\Users\\ishwor\\Music\\own-organize\\own-market\\market-gist\\broker_flow_ledger\\RHPL\\2025-12-17.json",
  "market_day_context": {
    "run_date": "2025-12-17",
    "weekday_name": "Wednesday",
    "is_nepal_trading_weekday": true,
    "holiday_validation_status": "weekday_only_unverified",
    "is_official_holiday": null,
    "holiday_title": null,
    "holiday_source": "https://www.nepalstock.com/api/nots/holiday/list?year=2025",
    "official_holiday_fetch_error": "http_401",
    "override_status": "missing",
    "expected_market_session": true
  },
  "total_pages": 1,
  "total_records": 188,
  "row_count_collected": 188,
  "ledger_written": true,
  "ledger_skipped_reason": null
}
[RUN] RHPL 2025-12-18
{
  "symbol": "RHPL",
  "run_date": "2025-12-18",
  "raw_path": "C:\\Users\\ishwor\\Music\\own-organize\\own-market\\market-gist\\broker_flow_ledger\\raw_merolagani\\RHPL\\2025-12-18.json",
  "ledger_path": "C:\\Users\\ishwor\\Music\\own-organize\\own-market\\market-gist\\broker_flow_ledger\\RHPL\\2025-12-18.json",
  "market_day_context": {
    "run_date": "2025-12-18",
    "weekday_name": "Thursday",
    "is_nepal_trading_weekday": true,
    "holiday_validation_status": "weekday_only_unverified",
    "is_official_holiday": null,
    "holiday_title": null,
    "holiday_source": "https://www.nepalstock.com/api/nots/holiday/list?year=2025",
    "official_holiday_fetch_error": "http_401",
    "override_status": "missing",
    "expected_market_session": true
  },
  "total_pages": 1,
  "total_records": 201,
  "row_count_collected": 201,
  "ledger_written": true,
  "ledger_skipped_reason": null
}
[RUN] RHPL 2025-12-21
{
  "symbol": "RHPL",
  "run_date": "2025-12-21",
  "raw_path": "C:\\Users\\ishwor\\Music\\own-organize\\own-market\\market-gist\\broker_flow_ledger\\raw_merolagani\\RHPL\\2025-12-21.json",
  "ledger_path": "C:\\Users\\ishwor\\Music\\own-organize\\own-market\\market-gist\\broker_flow_ledger\\RHPL\\2025-12-21.json",
  "market_day_context": {
    "run_date": "2025-12-21",
    "weekday_name": "Sunday",
    "is_nepal_trading_weekday": true,
    "holiday_validation_status": "weekday_only_unverified",
    "is_official_holiday": null,
    "holiday_title": null,
    "holiday_source": "https://www.nepalstock.com/api/nots/holiday/list?year=2025",
    "official_holiday_fetch_error": "http_401",
    "override_status": "missing",
    "expected_market_session": true
  },
  "total_pages": 1,
  "total_records": 177,
  "row_count_collected": 177,
  "ledger_written": true,
  "ledger_skipped_reason": null
}
[RUN] RHPL 2025-12-22
{
  "symbol": "RHPL",
  "run_date": "2025-12-22",
  "raw_path": "C:\\Users\\ishwor\\Music\\own-organize\\own-market\\market-gist\\broker_flow_ledger\\raw_merolagani\\RHPL\\2025-12-22.json",
  "ledger_path": "C:\\Users\\ishwor\\Music\\own-organize\\own-market\\market-gist\\broker_flow_ledger\\RHPL\\2025-12-22.json",
  "market_day_context": {
    "run_date": "2025-12-22",
    "weekday_name": "Monday",
    "is_nepal_trading_weekday": true,
    "holiday_validation_status": "weekday_only_unverified",
    "is_official_holiday": null,
    "holiday_title": null,
    "holiday_source": "https://www.nepalstock.com/api/nots/holiday/list?year=2025",
    "official_holiday_fetch_error": "http_401",
    "override_status": "missing",
    "expected_market_session": true
  },
  "total_pages": 1,
  "total_records": 163,
  "row_count_collected": 163,
  "ledger_written": true,
  "ledger_skipped_reason": null
}
[RUN] RHPL 2025-12-23
{
  "symbol": "RHPL",
  "run_date": "2025-12-23",
  "raw_path": "C:\\Users\\ishwor\\Music\\own-organize\\own-market\\market-gist\\broker_flow_ledger\\raw_merolagani\\RHPL\\2025-12-23.json",
  "ledger_path": "C:\\Users\\ishwor\\Music\\own-organize\\own-market\\market-gist\\broker_flow_ledger\\RHPL\\2025-12-23.json",
  "market_day_context": {
    "run_date": "2025-12-23",
    "weekday_name": "Tuesday",
    "is_nepal_trading_weekday": true,
    "holiday_validation_status": "weekday_only_unverified",
    "is_official_holiday": null,
    "holiday_title": null,
    "holiday_source": "https://www.nepalstock.com/api/nots/holiday/list?year=2025",
    "official_holiday_fetch_error": "http_401",
    "override_status": "missing",
    "expected_market_session": true
  },
  "total_pages": 1,
  "total_records": 152,
  "row_count_collected": 152,
  "ledger_written": true,
  "ledger_skipped_reason": null
}
[RUN] RHPL 2025-12-24
{
  "symbol": "RHPL",
  "run_date": "2025-12-24",
  "raw_path": "C:\\Users\\ishwor\\Music\\own-organize\\own-market\\market-gist\\broker_flow_ledger\\raw_merolagani\\RHPL\\2025-12-24.json",
  "ledger_path": "C:\\Users\\ishwor\\Music\\own-organize\\own-market\\market-gist\\broker_flow_ledger\\RHPL\\2025-12-24.json",
  "market_day_context": {
    "run_date": "2025-12-24",
    "weekday_name": "Wednesday",
    "is_nepal_trading_weekday": true,
    "holiday_validation_status": "weekday_only_unverified",
    "is_official_holiday": null,
    "holiday_title": null,
    "holiday_source": "https://www.nepalstock.com/api/nots/holiday/list?year=2025",
    "official_holiday_fetch_error": "http_401",
    "override_status": "missing",
    "expected_market_session": true
  },
  "total_pages": 1,
  "total_records": 120,
  "row_count_collected": 120,
  "ledger_written": true,
  "ledger_skipped_reason": null
}
[RUN] RHPL 2025-12-25
{
  "symbol": "RHPL",
  "run_date": "2025-12-25",
  "raw_path": "C:\\Users\\ishwor\\Music\\own-organize\\own-market\\market-gist\\broker_flow_ledger\\raw_merolagani\\RHPL\\2025-12-25.json",
  "ledger_path": "C:\\Users\\ishwor\\Music\\own-organize\\own-market\\market-gist\\broker_flow_ledger\\RHPL\\2025-12-25.json",
  "market_day_context": {
    "run_date": "2025-12-25",
    "weekday_name": "Thursday",
    "is_nepal_trading_weekday": true,
    "holiday_validation_status": "weekday_only_unverified",
    "is_official_holiday": null,
    "holiday_title": null,
    "holiday_source": "https://www.nepalstock.com/api/nots/holiday/list?year=2025",
    "official_holiday_fetch_error": "http_401",
    "override_status": "missing",
    "expected_market_session": true
  },
  "total_pages": 0,
  "total_records": null,
  "row_count_collected": 0,
  "ledger_written": false,
  "ledger_skipped_reason": "empty_weekday_unverified"
}
[RUN] RHPL 2025-12-28
{
  "symbol": "RHPL",
  "run_date": "2025-12-28",
  "raw_path": "C:\\Users\\ishwor\\Music\\own-organize\\own-market\\market-gist\\broker_flow_ledger\\raw_merolagani\\RHPL\\2025-12-28.json",
  "ledger_path": "C:\\Users\\ishwor\\Music\\own-organize\\own-market\\market-gist\\broker_flow_ledger\\RHPL\\2025-12-28.json",
  "market_day_context": {
    "run_date": "2025-12-28",
    "weekday_name": "Sunday",
    "is_nepal_trading_weekday": true,
    "holiday_validation_status": "weekday_only_unverified",
    "is_official_holiday": null,
    "holiday_title": null,
    "holiday_source": "https://www.nepalstock.com/api/nots/holiday/list?year=2025",
    "official_holiday_fetch_error": "http_401",
    "override_status": "missing",
    "expected_market_session": true
  },
  "total_pages": 1,
  "total_records": 210,
  "row_count_collected": 210,
  "ledger_written": true,
  "ledger_skipped_reason": null
}
[RUN] RHPL 2025-12-29
{
  "symbol": "RHPL",
  "run_date": "2025-12-29",
  "raw_path": "C:\\Users\\ishwor\\Music\\own-organize\\own-market\\market-gist\\broker_flow_ledger\\raw_merolagani\\RHPL\\2025-12-29.json",
  "ledger_path": "C:\\Users\\ishwor\\Music\\own-organize\\own-market\\market-gist\\broker_flow_ledger\\RHPL\\2025-12-29.json",
  "market_day_context": {
    "run_date": "2025-12-29",
    "weekday_name": "Monday",
    "is_nepal_trading_weekday": true,
    "holiday_validation_status": "weekday_only_unverified",
    "is_official_holiday": null,
    "holiday_title": null,
    "holiday_source": "https://www.nepalstock.com/api/nots/holiday/list?year=2025",
    "official_holiday_fetch_error": "http_401",
    "override_status": "missing",
    "expected_market_session": true
  },
  "total_pages": 1,
  "total_records": 118,
  "row_count_collected": 118,
  "ledger_written": true,
  "ledger_skipped_reason": null
}
[RUN] RHPL 2025-12-30
{
  "symbol": "RHPL",
  "run_date": "2025-12-30",
  "raw_path": "C:\\Users\\ishwor\\Music\\own-organize\\own-market\\market-gist\\broker_flow_ledger\\raw_merolagani\\RHPL\\2025-12-30.json",
  "ledger_path": "C:\\Users\\ishwor\\Music\\own-organize\\own-market\\market-gist\\broker_flow_ledger\\RHPL\\2025-12-30.json",
  "market_day_context": {
    "run_date": "2025-12-30",
    "weekday_name": "Tuesday",
    "is_nepal_trading_weekday": true,
    "holiday_validation_status": "weekday_only_unverified",
    "is_official_holiday": null,
    "holiday_title": null,
    "holiday_source": "https://www.nepalstock.com/api/nots/holiday/list?year=2025",
    "official_holiday_fetch_error": "http_401",
    "override_status": "missing",
    "expected_market_session": true
  },
  "total_pages": 0,
  "total_records": null,
  "row_count_collected": 0,
  "ledger_written": false,
  "ledger_skipped_reason": "empty_weekday_unverified"
}
[RUN] RHPL 2025-12-31
{
  "symbol": "RHPL",
  "run_date": "2025-12-31",
  "raw_path": "C:\\Users\\ishwor\\Music\\own-organize\\own-market\\market-gist\\broker_flow_ledger\\raw_merolagani\\RHPL\\2025-12-31.json",
  "ledger_path": "C:\\Users\\ishwor\\Music\\own-organize\\own-market\\market-gist\\broker_flow_ledger\\RHPL\\2025-12-31.json",
  "market_day_context": {
    "run_date": "2025-12-31",
    "weekday_name": "Wednesday",
    "is_nepal_trading_weekday": true,
    "holiday_validation_status": "weekday_only_unverified",
    "is_official_holiday": null,
    "holiday_title": null,
    "holiday_source": "https://www.nepalstock.com/api/nots/holiday/list?year=2025",
    "official_holiday_fetch_error": "http_401",
    "override_status": "missing",
    "expected_market_session": true
  },
  "total_pages": 1,
  "total_records": 152,
  "row_count_collected": 152,
  "ledger_written": true,
  "ledger_skipped_reason": null
}
{
  "symbols": [
    "RHPL"
  ],
  "start_date": "2023-01-01",
  "end_date": "2025-12-31",
  "results": 784,
  "raw_written": 784,
  "ledgers_written": 684
}
