symbol,resolution,ts,datetime_np,date_np,open,high,low,close,volume
BHCL,1min,1774775699,2026-03-29 14:59,2026-03-29,591,591,590.5,590.5,270
BHCL,1min,1774847749,2026-03-30 11:00,2026-03-30,582.1,582.1,582.1,582.1,10
BHCL,1min,1774847874,2026-03-30 11:02,2026-03-30,582.1,583.2,582.1,583.2,20
BHCL,1min,1774847921,2026-03-30 11:03,2026-03-30,583.2,584,583.2,584,60
BHCL,1min,1774847979,2026-03-30 11:04,2026-03-30,584,591,584,591,204
BHCL,1min,1774848104,2026-03-30 11:06,2026-03-30,591,591,585,585,1032
BHCL,1min,1774848138,2026-03-30 11:07,2026-03-30,585,585,585,585,10
BHCL,1min,1774848197,2026-03-30 11:08,2026-03-30,585,585.1,585,585.1,10
BHCL,1min,1774848286,2026-03-30 11:09,2026-03-30,585.1,585.2,585.1,585.2,10
BHCL,1min,1774848318,2026-03-30 11:10,2026-03-30,585.2,588,585.2,588,50
BHCL,1min,1774848445,2026-03-30 11:12,2026-03-30,588,590,588,590,325
BHCL,1min,1774848505,2026-03-30 11:13,2026-03-30,590,590,585.2,585.2,10
BHCL,1min,1774848580,2026-03-30 11:14,2026-03-30,585.2,586,585.2,586,30
BHCL,1min,1774848620,2026-03-30 11:15,2026-03-30,586,591,586,591,100
BHCL,1min,1774848751,2026-03-30 11:17,2026-03-30,591,591,587.5,587.5,10
BHCL,1min,1774848885,2026-03-30 11:19,2026-03-30,587.5,594,587.5,594,220
BHCL,1min,1774848952,2026-03-30 11:20,2026-03-30,594,594,588.2,588.2,20
BHCL,1min,1774849001,2026-03-30 11:21,2026-03-30,588.2,588.6,588.2,588.6,10
BHCL,1min,1774849038,2026-03-30 11:22,2026-03-30,588.6,591,588.6,591,100
BHCL,1min,1774849139,2026-03-30 11:23,2026-03-30,591,591,589,589,730
BHCL,1min,1774849182,2026-03-30 11:24,2026-03-30,589,590,589,590,120
BHCL,1min,1774849248,2026-03-30 11:25,2026-03-30,590,593,586,593,1040
BHCL,1min,1774849319,2026-03-30 11:26,2026-03-30,593,593.9,593,593.9,470
BHCL,1min,1774849431,2026-03-30 11:28,2026-03-30,593.9,593.9,586.1,586.1,40
BHCL,1min,1774849464,2026-03-30 11:29,2026-03-30,586.1,586.1,586.1,586.1,20
BHCL,1min,1774849549,2026-03-30 11:30,2026-03-30,586.1,586.1,586.1,586.1,35
BHCL,1min,1774849641,2026-03-30 11:32,2026-03-30,586.1,587,586.1,587,190
BHCL,1min,1774849701,2026-03-30 11:33,2026-03-30,587,587,586.3,586.3,120
BHCL,1min,1774849797,2026-03-30 11:34,2026-03-30,586.3,591,586.3,591,140
BHCL,1min,1774849810,2026-03-30 11:35,2026-03-30,591,591.8,591,591.8,10
BHCL,1min,1774850030,2026-03-30 11:38,2026-03-30,591.8,591.8,591,591,10
BHCL,1min,1774850135,2026-03-30 11:40,2026-03-30,591,591,586.4,586.4,10
BHCL,1min,1774850265,2026-03-30 11:42,2026-03-30,586.4,586.4,586.4,586.4,0
BHCL,1min,1774850325,2026-03-30 11:43,2026-03-30,586.4,586.4,586.4,586.4,30
BHCL,1min,1774850361,2026-03-30 11:44,2026-03-30,586.4,586.4,586.4,586.4,10
BHCL,1min,1774850518,2026-03-30 11:46,2026-03-30,586.4,586.4,586.4,586.4,20
BHCL,1min,1774850564,2026-03-30 11:47,2026-03-30,586.4,586.4,586.4,586.4,30
BHCL,1min,1774850597,2026-03-30 11:48,2026-03-30,586.4,586.5,586.4,586.5,10
BHCL,1min,1774850668,2026-03-30 11:49,2026-03-30,586.5,586.7,586.5,586.7,0
BHCL,1min,1774850751,2026-03-30 11:50,2026-03-30,586.7,587,586.7,587,30
BHCL,1min,1774850804,2026-03-30 11:51,2026-03-30,587,587,587,587,30
BHCL,1min,1774850841,2026-03-30 11:52,2026-03-30,587,587.1,587,587.1,100
BHCL,1min,1774850923,2026-03-30 11:53,2026-03-30,587.1,587.1,587,587,120
BHCL,1min,1774850990,2026-03-30 11:54,2026-03-30,587,588,587,588,40
BHCL,1min,1774851053,2026-03-30 11:55,2026-03-30,588,591,587,591,210
BHCL,1min,1774851093,2026-03-30 11:56,2026-03-30,591,591,587.1,587.1,10
BHCL,1min,1774851156,2026-03-30 11:57,2026-03-30,587.1,589,587.1,589,40
BHCL,1min,1774851238,2026-03-30 11:58,2026-03-30,589,589,589,589,10
BHCL,1min,1774851357,2026-03-30 12:00,2026-03-30,589,592,589,592,442
BHCL,1min,1774851395,2026-03-30 12:01,2026-03-30,592,592,592,592,20
BHCL,1min,1774851429,2026-03-30 12:02,2026-03-30,592,592,592,592,20
BHCL,1min,1774851521,2026-03-30 12:03,2026-03-30,592,592,592,592,20
BHCL,1min,1774851574,2026-03-30 12:04,2026-03-30,592,592,592,592,10
BHCL,1min,1774851614,2026-03-30 12:05,2026-03-30,592,592,592,592,20
BHCL,1min,1774851687,2026-03-30 12:06,2026-03-30,592,593,592,592.1,91
BHCL,1min,1774851842,2026-03-30 12:09,2026-03-30,592.1,592.6,592.1,592.6,20
BHCL,1min,1774851929,2026-03-30 12:10,2026-03-30,592.6,593,592.6,593,20
BHCL,1min,1774851974,2026-03-30 12:11,2026-03-30,593,593,593,593,10
BHCL,1min,1774852066,2026-03-30 12:12,2026-03-30,593,593.9,593,593.9,10
BHCL,1min,1774852127,2026-03-30 12:13,2026-03-30,593.9,593.9,593.1,593.1,10
BHCL,1min,1774852155,2026-03-30 12:14,2026-03-30,593.1,594,593.1,594,50
BHCL,1min,1774852317,2026-03-30 12:16,2026-03-30,594,594,594,594,30
BHCL,1min,1774852377,2026-03-30 12:17,2026-03-30,594,594,594,594,10
BHCL,1min,1774852432,2026-03-30 12:18,2026-03-30,594,594,594,594,119
BHCL,1min,1774852455,2026-03-30 12:19,2026-03-30,594,594,594,594,50
BHCL,1min,1774852558,2026-03-30 12:20,2026-03-30,594,594,594,594,20
BHCL,1min,1774852667,2026-03-30 12:22,2026-03-30,594,595,594,594,322
BHCL,1min,1774852773,2026-03-30 12:24,2026-03-30,594,595.6,594,595.6,160
BHCL,1min,1774852810,2026-03-30 12:25,2026-03-30,595.6,596,595.6,596,10
BHCL,1min,1774852897,2026-03-30 12:26,2026-03-30,596,596,594,594,10
BHCL,1min,1774852964,2026-03-30 12:27,2026-03-30,594,594,594,594,30
BHCL,1min,1774853013,2026-03-30 12:28,2026-03-30,594,597,594,597,220
BHCL,1min,1774853069,2026-03-30 12:29,2026-03-30,597,598,597,598,180
BHCL,1min,1774853184,2026-03-30 12:31,2026-03-30,598,598,594.2,594.2,20
BHCL,1min,1774853397,2026-03-30 12:34,2026-03-30,594.2,595,594.2,595,885
BHCL,1min,1774853428,2026-03-30 12:35,2026-03-30,595,595,594.2,594.2,20
BHCL,1min,1774853519,2026-03-30 12:36,2026-03-30,594.2,594.2,593.1,593.1,300
BHCL,1min,1774853530,2026-03-30 12:37,2026-03-30,593.1,593.1,593.1,593.1,10
BHCL,1min,1774853610,2026-03-30 12:38,2026-03-30,593.1,593.1,593,593,510
BHCL,1min,1774853689,2026-03-30 12:39,2026-03-30,593,593,593,593,1000
BHCL,1min,1774853745,2026-03-30 12:40,2026-03-30,593,593,593,593,500
BHCL,1min,1774853785,2026-03-30 12:41,2026-03-30,593,596,593,593,120
BHCL,1min,1774853879,2026-03-30 12:42,2026-03-30,593,593,593,593,10
BHCL,1min,1774853927,2026-03-30 12:43,2026-03-30,593,596,593,596,210
BHCL,1min,1774853994,2026-03-30 12:44,2026-03-30,596,596,592.2,592.2,120
BHCL,1min,1774854020,2026-03-30 12:45,2026-03-30,592.2,592.2,592.2,592.2,20
BHCL,1min,1774854095,2026-03-30 12:46,2026-03-30,592.2,593,592.2,593,10
BHCL,1min,1774854176,2026-03-30 12:47,2026-03-30,593,593,593,593,30
BHCL,1min,1774854235,2026-03-30 12:48,2026-03-30,593,597,593,593.2,70
BHCL,1min,1774854252,2026-03-30 12:49,2026-03-30,593.2,593.2,593.2,593.2,20
BHCL,1min,1774854358,2026-03-30 12:50,2026-03-30,593.2,593.2,593.2,593.2,20
BHCL,1min,1774854378,2026-03-30 12:51,2026-03-30,593.2,593.2,593.2,593.2,10
BHCL,1min,1774854525,2026-03-30 12:53,2026-03-30,593.2,595,593.2,595,20
BHCL,1min,1774854577,2026-03-30 12:54,2026-03-30,595,596,593.2,596,30
BHCL,1min,1774854652,2026-03-30 12:55,2026-03-30,596,596,596,596,10
BHCL,1min,1774854714,2026-03-30 12:56,2026-03-30,596,597,596,597,0
BHCL,1min,1774854733,2026-03-30 12:57,2026-03-30,597,597,593.2,593.2,0
BHCL,1min,1774854876,2026-03-30 12:59,2026-03-30,593.2,593.2,593.2,593.2,312
BHCL,1min,1774854985,2026-03-30 13:01,2026-03-30,593.2,595.9,593.2,595.9,0
BHCL,1min,1774855039,2026-03-30 13:02,2026-03-30,595.9,595.9,593.1,593.1,20
BHCL,1min,1774855165,2026-03-30 13:04,2026-03-30,593.1,595,593.1,593.2,20
BHCL,1min,1774855277,2026-03-30 13:06,2026-03-30,593.2,593.2,593.2,593.2,10
BHCL,1min,1774855416,2026-03-30 13:08,2026-03-30,593.2,593.2,593.2,593.2,20
BHCL,1min,1774855463,2026-03-30 13:09,2026-03-30,593.2,594,593.2,594,40
BHCL,1min,1774855553,2026-03-30 13:10,2026-03-30,594,594,593.2,593.2,40
BHCL,1min,1774855615,2026-03-30 13:11,2026-03-30,593.2,593.2,593,593,1743
BHCL,1min,1774855659,2026-03-30 13:12,2026-03-30,593,593,593,593,0
BHCL,1min,1774855691,2026-03-30 13:13,2026-03-30,593,593,593,593,0
BHCL,1min,1774855780,2026-03-30 13:14,2026-03-30,593,593,593,593,99
BHCL,1min,1774855903,2026-03-30 13:16,2026-03-30,593,593,593,593,65
BHCL,1min,1774855974,2026-03-30 13:17,2026-03-30,593,593,593,593,30
BHCL,1min,1774855987,2026-03-30 13:18,2026-03-30,593,593,593,593,0
BHCL,1min,1774856070,2026-03-30 13:19,2026-03-30,593,593,592.2,592.2,233
BHCL,1min,1774856132,2026-03-30 13:20,2026-03-30,592.2,592.2,592.2,592.2,20
BHCL,1min,1774856195,2026-03-30 13:21,2026-03-30,592.2,592.2,590,590,1000
BHCL,1min,1774856298,2026-03-30 13:23,2026-03-30,590,590,590,590,210
BHCL,1min,1774856372,2026-03-30 13:24,2026-03-30,590,590,590,590,600
BHCL,1min,1774856494,2026-03-30 13:26,2026-03-30,590,590,590,590,85
BHCL,1min,1774856585,2026-03-30 13:28,2026-03-30,590,590,589,589,30
BHCL,1min,1774856645,2026-03-30 13:29,2026-03-30,589,589,585,585,2000
BHCL,1min,1774856755,2026-03-30 13:30,2026-03-30,585,585,585,585,10
BHCL,1min,1774856791,2026-03-30 13:31,2026-03-30,585,585,585,585,10
BHCL,1min,1774856906,2026-03-30 13:33,2026-03-30,585,585,585,585,0
BHCL,1min,1774856989,2026-03-30 13:34,2026-03-30,585,585,585,585,40
BHCL,1min,1774857052,2026-03-30 13:35,2026-03-30,585,585,585,585,20
BHCL,1min,1774857097,2026-03-30 13:36,2026-03-30,585,585,585,585,10
BHCL,1min,1774857285,2026-03-30 13:39,2026-03-30,585,585.2,585,585.2,410
BHCL,1min,1774857307,2026-03-30 13:40,2026-03-30,585.2,585.2,585.2,585.2,10
BHCL,1min,1774857398,2026-03-30 13:41,2026-03-30,585.2,586,585.2,586,10
BHCL,1min,1774857453,2026-03-30 13:42,2026-03-30,586,586,585.2,585.2,0
BHCL,1min,1774857533,2026-03-30 13:43,2026-03-30,585.2,585.2,585.2,585.2,410
BHCL,1min,1774857584,2026-03-30 13:44,2026-03-30,585.2,585.2,585,585,505
BHCL,1min,1774857709,2026-03-30 13:46,2026-03-30,585,585,584,584.1,40
BHCL,1min,1774857735,2026-03-30 13:47,2026-03-30,584.1,584.1,584.1,584.1,10
BHCL,1min,1774857823,2026-03-30 13:48,2026-03-30,584.1,584.1,584.1,584.1,20
BHCL,1min,1774857891,2026-03-30 13:49,2026-03-30,584.1,584.1,584.1,584.1,10
BHCL,1min,1774857952,2026-03-30 13:50,2026-03-30,584.1,584.1,584.1,584.1,110
BHCL,1min,1774857991,2026-03-30 13:51,2026-03-30,584.1,585.3,584.1,585.3,40
BHCL,1min,1774858120,2026-03-30 13:53,2026-03-30,585.3,585.3,584.2,584.2,20
BHCL,1min,1774858193,2026-03-30 13:54,2026-03-30,584.2,585,584.2,585,20
BHCL,1min,1774858243,2026-03-30 13:55,2026-03-30,585,585,585,585,10
BHCL,1min,1774858282,2026-03-30 13:56,2026-03-30,585,585,585,585,10
BHCL,1min,1774858353,2026-03-30 13:57,2026-03-30,585,585,585,585,20
BHCL,1min,1774858407,2026-03-30 13:58,2026-03-30,585,585,584,584,1077
BHCL,1min,1774858555,2026-03-30 14:00,2026-03-30,584,584,584,584,50
BHCL,1min,1774858661,2026-03-30 14:02,2026-03-30,584,584,583.2,583.2,362
BHCL,1min,1774858739,2026-03-30 14:03,2026-03-30,583.2,585,583,583,850
BHCL,1min,1774858793,2026-03-30 14:04,2026-03-30,583,583,582.5,582.5,60
BHCL,1min,1774858823,2026-03-30 14:05,2026-03-30,582.5,582.5,582.1,582.1,330
BHCL,1min,1774858918,2026-03-30 14:06,2026-03-30,582.1,582.1,582,582,20
BHCL,1min,1774858964,2026-03-30 14:07,2026-03-30,582,582,580,580,732
BHCL,1min,1774859030,2026-03-30 14:08,2026-03-30,580,580.2,580,580.2,0
BHCL,1min,1774859072,2026-03-30 14:09,2026-03-30,580.2,580.2,580.2,580.2,30
BHCL,1min,1774859154,2026-03-30 14:10,2026-03-30,580.2,580.5,580.2,580.5,205
BHCL,1min,1774859171,2026-03-30 14:11,2026-03-30,580.5,580.5,580.2,580.5,1075
BHCL,1min,1774859266,2026-03-30 14:12,2026-03-30,580.5,580.5,580.5,580.5,20
BHCL,1min,1774859326,2026-03-30 14:13,2026-03-30,580.5,580.5,580.2,580.2,555
BHCL,1min,1774859367,2026-03-30 14:14,2026-03-30,580.2,580.2,580.1,580.2,30
BHCL,1min,1774859444,2026-03-30 14:15,2026-03-30,580.2,580.2,580,580,802
BHCL,1min,1774859568,2026-03-30 14:17,2026-03-30,580,580.1,580,580.1,10
BHCL,1min,1774859630,2026-03-30 14:18,2026-03-30,580.1,580.2,580.1,580.2,30
BHCL,1min,1774859679,2026-03-30 14:19,2026-03-30,580.2,581,580.2,581,40
BHCL,1min,1774859758,2026-03-30 14:20,2026-03-30,581,581,580,580,4490
BHCL,1min,1774859793,2026-03-30 14:21,2026-03-30,580,580,580,580,338
BHCL,1min,1774859874,2026-03-30 14:22,2026-03-30,580,580,580,580,380
BHCL,1min,1774859881,2026-03-30 14:23,2026-03-30,580,580,580,580,10
BHCL,1min,1774859956,2026-03-30 14:24,2026-03-30,580,580,579.3,579.3,500
BHCL,1min,1774860053,2026-03-30 14:25,2026-03-30,579.3,580,579.3,580,150
BHCL,1min,1774860077,2026-03-30 14:26,2026-03-30,580,580,580,580,20
BHCL,1min,1774860173,2026-03-30 14:27,2026-03-30,580,580,580,580,20
BHCL,1min,1774860225,2026-03-30 14:28,2026-03-30,580,580,580,580,1013
BHCL,1min,1774860246,2026-03-30 14:29,2026-03-30,580,580,580,580,10
BHCL,1min,1774860351,2026-03-30 14:30,2026-03-30,580,581,580,581,305
BHCL,1min,1774860393,2026-03-30 14:31,2026-03-30,581,581,581,581,10
BHCL,1min,1774860500,2026-03-30 14:33,2026-03-30,581,581.1,581,581.1,10
BHCL,1min,1774860576,2026-03-30 14:34,2026-03-30,581.1,581.2,581.1,581.2,10
BHCL,1min,1774860658,2026-03-30 14:35,2026-03-30,581.2,581.2,581,581,110
BHCL,1min,1774860748,2026-03-30 14:37,2026-03-30,581,581,581,581,10
BHCL,1min,1774860836,2026-03-30 14:38,2026-03-30,581,582,581,581,100
BHCL,1min,1774860887,2026-03-30 14:39,2026-03-30,581,581,580.2,580.2,695
BHCL,1min,1774860955,2026-03-30 14:40,2026-03-30,580.2,581,580.2,581,35
BHCL,1min,1774860996,2026-03-30 14:41,2026-03-30,581,581,580.3,580.3,10
BHCL,1min,1774861072,2026-03-30 14:42,2026-03-30,580.3,582,580.3,582,100
BHCL,1min,1774861109,2026-03-30 14:43,2026-03-30,582,582,580.3,580.4,319
BHCL,1min,1774861184,2026-03-30 14:44,2026-03-30,580.4,580.4,580.1,580.1,200
BHCL,1min,1774861257,2026-03-30 14:45,2026-03-30,580.1,581,580.1,581,30
BHCL,1min,1774861363,2026-03-30 14:47,2026-03-30,581,581,580.1,580.1,120
BHCL,1min,1774861402,2026-03-30 14:48,2026-03-30,580.1,580.1,580.1,580.1,10
BHCL,1min,1774861478,2026-03-30 14:49,2026-03-30,580.1,580.1,580.1,580.1,530
BHCL,1min,1774861548,2026-03-30 14:50,2026-03-30,580.1,580.1,580,580,856
BHCL,1min,1774861610,2026-03-30 14:51,2026-03-30,580,580,580,580,156
BHCL,1min,1774861651,2026-03-30 14:52,2026-03-30,580,580,579.4,579.4,14
BHCL,1min,1774861724,2026-03-30 14:53,2026-03-30,579.4,579.4,579.3,579.4,670
BHCL,1min,1774861755,2026-03-30 14:54,2026-03-30,579.4,579.4,579.2,579.2,200
BHCL,1min,1774861855,2026-03-30 14:55,2026-03-30,579.2,582,579.2,580,860
BHCL,1min,1774861909,2026-03-30 14:56,2026-03-30,580,582,579.2,582,585
BHCL,1min,1774861971,2026-03-30 14:57,2026-03-30,582,582,580,580,330
BHCL,1min,1774862014,2026-03-30 14:58,2026-03-30,580,581,580,581,25
BHCL,1min,1774862099,2026-03-30 14:59,2026-03-30,581,584.6,580,584.6,632
BHCL,1min,1774934389,2026-03-31 11:04,2026-03-31,584.6,584.6,584.6,584.6,10
BHCL,1min,1774934430,2026-03-31 11:05,2026-03-31,584.6,584.6,584.6,584.6,10
BHCL,1min,1774934501,2026-03-31 11:06,2026-03-31,584.6,584.6,584.6,584.6,10
BHCL,1min,1774934587,2026-03-31 11:08,2026-03-31,584.6,585,584.6,585,10
BHCL,1min,1774934698,2026-03-31 11:09,2026-03-31,585,593,585,590,200
BHCL,1min,1774934818,2026-03-31 11:11,2026-03-31,590,590,585.1,585.2,56
BHCL,1min,1774934844,2026-03-31 11:12,2026-03-31,585.2,585.3,585.2,585.3,0
BHCL,1min,1774934937,2026-03-31 11:13,2026-03-31,585.3,587,585.3,587,90
BHCL,1min,1774934995,2026-03-31 11:14,2026-03-31,587,587,587,587,100
BHCL,1min,1774935016,2026-03-31 11:15,2026-03-31,587,590,587,590,84
BHCL,1min,1774935114,2026-03-31 11:16,2026-03-31,590,590,585,585,2500
BHCL,1min,1774935172,2026-03-31 11:17,2026-03-31,585,585,585,585,1130
BHCL,1min,1774935232,2026-03-31 11:18,2026-03-31,585,586,585,586,20
BHCL,1min,1774935271,2026-03-31 11:19,2026-03-31,586,586,585,585,130
BHCL,1min,1774935315,2026-03-31 11:20,2026-03-31,585,585.1,585,585.1,10
BHCL,1min,1774935478,2026-03-31 11:22,2026-03-31,585.1,585.1,585,585.1,20
BHCL,1min,1774935512,2026-03-31 11:23,2026-03-31,585.1,585.1,585.1,585.1,10
BHCL,1min,1774935702,2026-03-31 11:26,2026-03-31,585.1,585.1,585,585,450
BHCL,1min,1774935754,2026-03-31 11:27,2026-03-31,585,585,584.6,584.6,70
BHCL,1min,1774935784,2026-03-31 11:28,2026-03-31,584.6,584.6,584.6,584.6,0
BHCL,1min,1774935951,2026-03-31 11:30,2026-03-31,584.6,584.6,580,580,50
BHCL,1min,1774936138,2026-03-31 11:33,2026-03-31,580,580.1,580,580,180
BHCL,1min,1774936198,2026-03-31 11:34,2026-03-31,580,580,580,580,30
BHCL,1min,1774936236,2026-03-31 11:35,2026-03-31,580,580,580,580,10
BHCL,1min,1774936285,2026-03-31 11:36,2026-03-31,580,580,579,579,90
BHCL,1min,1774936328,2026-03-31 11:37,2026-03-31,579,579,578,578,0
BHCL,1min,1774936413,2026-03-31 11:38,2026-03-31,578,578,578,578,195
BHCL,1min,1774936488,2026-03-31 11:39,2026-03-31,578,578,578,578,20
BHCL,1min,1774936531,2026-03-31 11:40,2026-03-31,578,579,578,579,10
BHCL,1min,1774936619,2026-03-31 11:41,2026-03-31,579,579,577,577,65
BHCL,1min,1774936649,2026-03-31 11:42,2026-03-31,577,577,577,577,320
BHCL,1min,1774936716,2026-03-31 11:43,2026-03-31,577,577,577,577,10
BHCL,1min,1774936849,2026-03-31 11:45,2026-03-31,577,577,577,577,0
BHCL,1min,1774936910,2026-03-31 11:46,2026-03-31,577,577,577,577,630
BHCL,1min,1774936928,2026-03-31 11:47,2026-03-31,577,577,577,577,413
BHCL,1min,1774937033,2026-03-31 11:48,2026-03-31,577,577,575,576.1,710
BHCL,1min,1774937088,2026-03-31 11:49,2026-03-31,576.1,576.1,575,575,800
BHCL,1min,1774937150,2026-03-31 11:50,2026-03-31,575,576,574,574,354
BHCL,1min,1774937208,2026-03-31 11:51,2026-03-31,574,574,574,574,449
BHCL,1min,1774937252,2026-03-31 11:52,2026-03-31,574,574,573.4,573.4,0
BHCL,1min,1774937280,2026-03-31 11:53,2026-03-31,573.4,573.4,570,570,0
BHCL,1min,1774937397,2026-03-31 11:54,2026-03-31,570,570.4,570,570.4,1240
BHCL,1min,1774937429,2026-03-31 11:55,2026-03-31,570.4,570.4,570.2,570.2,209
BHCL,1min,1774937484,2026-03-31 11:56,2026-03-31,570.2,571,570.2,571,0
BHCL,1min,1774937574,2026-03-31 11:57,2026-03-31,571,571,571,571,547
BHCL,1min,1774937597,2026-03-31 11:58,2026-03-31,571,571,571,571,10
BHCL,1min,1774937696,2026-03-31 11:59,2026-03-31,571,571,571,571,40
BHCL,1min,1774937750,2026-03-31 12:00,2026-03-31,571,571,570.2,570.2,620
BHCL,1min,1774937812,2026-03-31 12:01,2026-03-31,570.2,571.9,570.2,571.9,190
BHCL,1min,1774937846,2026-03-31 12:02,2026-03-31,571.9,571.9,570.1,570.1,1150
BHCL,1min,1774937904,2026-03-31 12:03,2026-03-31,570.1,570.1,570,570,158
BHCL,1min,1774937994,2026-03-31 12:04,2026-03-31,570,570,569,569,298
BHCL,1min,1774938059,2026-03-31 12:05,2026-03-31,569,569,568,568.2,83
BHCL,1min,1774938113,2026-03-31 12:06,2026-03-31,568.2,568.2,568.2,568.2,10
BHCL,1min,1774938155,2026-03-31 12:07,2026-03-31,568.2,570,568.2,569,510
BHCL,1min,1774938221,2026-03-31 12:08,2026-03-31,569,570,569,570,496
BHCL,1min,1774938273,2026-03-31 12:09,2026-03-31,570,570.1,570,570,174
BHCL,1min,1774938348,2026-03-31 12:10,2026-03-31,570,574,568.5,574,393
BHCL,1min,1774938409,2026-03-31 12:11,2026-03-31,574,574,574,574,60
BHCL,1min,1774938458,2026-03-31 12:12,2026-03-31,574,574,570,570,145
BHCL,1min,1774938528,2026-03-31 12:13,2026-03-31,570,570,568.5,568.5,1010
BHCL,1min,1774938572,2026-03-31 12:14,2026-03-31,568.5,570,568.5,570,20
BHCL,1min,1774938630,2026-03-31 12:15,2026-03-31,570,574,570,574,110
BHCL,1min,1774938713,2026-03-31 12:16,2026-03-31,574,576,574,576,180
BHCL,1min,1774938770,2026-03-31 12:17,2026-03-31,576,576,575,575,30
BHCL,1min,1774938788,2026-03-31 12:18,2026-03-31,575,575,575,575,10
BHCL,1min,1774938937,2026-03-31 12:20,2026-03-31,575,577,575,575,270
BHCL,1min,1774939155,2026-03-31 12:24,2026-03-31,575,575,570.5,570.5,10
BHCL,1min,1774939258,2026-03-31 12:25,2026-03-31,570.5,570.5,570.5,570.5,10
BHCL,1min,1774939271,2026-03-31 12:26,2026-03-31,570.5,570.5,570.4,570.4,350
BHCL,1min,1774939377,2026-03-31 12:27,2026-03-31,570.4,570.4,570.4,570.4,20
BHCL,1min,1774939433,2026-03-31 12:28,2026-03-31,570.4,571,570.4,571,10
BHCL,1min,1774939550,2026-03-31 12:30,2026-03-31,571,571,571,571,20
BHCL,1min,1774939739,2026-03-31 12:33,2026-03-31,571,572,571,572,40
BHCL,1min,1774939770,2026-03-31 12:34,2026-03-31,572,575,571.2,575,770
BHCL,1min,1774939852,2026-03-31 12:35,2026-03-31,575,577,575,575,30
BHCL,1min,1774939868,2026-03-31 12:36,2026-03-31,575,575,575,575,10
BHCL,1min,1774939969,2026-03-31 12:37,2026-03-31,575,575,575,575,10
BHCL,1min,1774940065,2026-03-31 12:39,2026-03-31,575,575.1,575,575.1,10
BHCL,1min,1774940121,2026-03-31 12:40,2026-03-31,575.1,575.1,575.1,575.1,20
BHCL,1min,1774940204,2026-03-31 12:41,2026-03-31,575.1,575.1,575.1,575.1,20
BHCL,1min,1774940246,2026-03-31 12:42,2026-03-31,575.1,575.1,575.1,575.1,0
BHCL,1min,1774940335,2026-03-31 12:43,2026-03-31,575.1,576,575,576,590
BHCL,1min,1774940387,2026-03-31 12:44,2026-03-31,576,576.1,576,576,0
BHCL,1min,1774940430,2026-03-31 12:45,2026-03-31,576,576.5,576,576.5,120
BHCL,1min,1774940514,2026-03-31 12:46,2026-03-31,576.5,576.5,576,576,10
BHCL,1min,1774940574,2026-03-31 12:47,2026-03-31,576,578,576,578,20
BHCL,1min,1774940622,2026-03-31 12:48,2026-03-31,578,578,578,578,0
BHCL,1min,1774940692,2026-03-31 12:49,2026-03-31,578,578,578,578,30
BHCL,1min,1774940751,2026-03-31 12:50,2026-03-31,578,578,578,578,20
BHCL,1min,1774940812,2026-03-31 12:51,2026-03-31,578,579,578,578,185
BHCL,1min,1774940849,2026-03-31 12:52,2026-03-31,578,578,578,578,10
BHCL,1min,1774940976,2026-03-31 12:54,2026-03-31,578,579.8,578,579.8,610
BHCL,1min,1774941037,2026-03-31 12:55,2026-03-31,579.8,580,579.8,580,0
BHCL,1min,1774941119,2026-03-31 12:56,2026-03-31,580,580,580,580,716
BHCL,1min,1774941236,2026-03-31 12:58,2026-03-31,580,582,580,582,870
BHCL,1min,1774941266,2026-03-31 12:59,2026-03-31,582,588,582,588,1030
BHCL,1min,1774941539,2026-03-31 13:03,2026-03-31,588,588,588,588,120
BHCL,1min,1774941656,2026-03-31 13:05,2026-03-31,588,589,585,585,120
BHCL,1min,1774941675,2026-03-31 13:06,2026-03-31,585,588,585,588,10
BHCL,1min,1774941726,2026-03-31 13:07,2026-03-31,588,588,588,588,90
BHCL,1min,1774941814,2026-03-31 13:08,2026-03-31,588,588,585.1,585.1,100
BHCL,1min,1774941883,2026-03-31 13:09,2026-03-31,585.1,585.1,585,585,1035
BHCL,1min,1774941954,2026-03-31 13:10,2026-03-31,585,585,582,582,1610
BHCL,1min,1774942006,2026-03-31 13:11,2026-03-31,582,582,582,582,140
BHCL,1min,1774942056,2026-03-31 13:12,2026-03-31,582,582,582,582,3015
BHCL,1min,1774942096,2026-03-31 13:13,2026-03-31,582,582.1,582,582.1,20
BHCL,1min,1774942192,2026-03-31 13:14,2026-03-31,582.1,582.1,582.1,582.1,20
BHCL,1min,1774942282,2026-03-31 13:16,2026-03-31,582.1,582.1,582.1,582.1,10
BHCL,1min,1774942377,2026-03-31 13:17,2026-03-31,582.1,582.1,582,582,60
BHCL,1min,1774942424,2026-03-31 13:18,2026-03-31,582,582,582,582,71
BHCL,1min,1774942451,2026-03-31 13:19,2026-03-31,582,582,582,582,10
BHCL,1min,1774942603,2026-03-31 13:21,2026-03-31,582,582,582,582,50
BHCL,1min,1774942670,2026-03-31 13:22,2026-03-31,582,582,582,582,110
BHCL,1min,1774942737,2026-03-31 13:23,2026-03-31,582,582,582,582,20
BHCL,1min,1774942788,2026-03-31 13:24,2026-03-31,582,582,582,582,20
BHCL,1min,1774942879,2026-03-31 13:26,2026-03-31,582,582,582,582,0
BHCL,1min,1774943095,2026-03-31 13:29,2026-03-31,582,582,581,581,400
BHCL,1min,1774943281,2026-03-31 13:33,2026-03-31,581,581,581,581,10
BHCL,1min,1774943347,2026-03-31 13:34,2026-03-31,581,581,581,581,10
BHCL,1min,1774943435,2026-03-31 13:35,2026-03-31,581,581,581,581,10
BHCL,1min,1774943483,2026-03-31 13:36,2026-03-31,581,583,581,583,25
BHCL,1min,1774943682,2026-03-31 13:39,2026-03-31,583,583,581,581,142
BHCL,1min,1774943749,2026-03-31 13:40,2026-03-31,581,581,581,581,0
BHCL,1min,1774943920,2026-03-31 13:43,2026-03-31,581,581.1,581,581.1,20
BHCL,1min,1774944044,2026-03-31 13:45,2026-03-31,581.1,584,581.1,584,231
BHCL,1min,1774944104,2026-03-31 13:46,2026-03-31,584,584,583,583,10
BHCL,1min,1774944202,2026-03-31 13:48,2026-03-31,583,584,583,584,10
BHCL,1min,1774944248,2026-03-31 13:49,2026-03-31,584,585,584,585,10
BHCL,1min,1774944417,2026-03-31 13:51,2026-03-31,585,585,581,581,325
BHCL,1min,1774944467,2026-03-31 13:52,2026-03-31,581,581,581,581,0
BHCL,1min,1774944485,2026-03-31 13:53,2026-03-31,581,581,581,581,0
BHCL,1min,1774944653,2026-03-31 13:55,2026-03-31,581,581,581,581,140
BHCL,1min,1774944709,2026-03-31 13:56,2026-03-31,581,581,581,581,510
BHCL,1min,1774944779,2026-03-31 13:57,2026-03-31,581,581,581,581,10
BHCL,1min,1774944826,2026-03-31 13:58,2026-03-31,581,581,581,581,20
BHCL,1min,1774944874,2026-03-31 13:59,2026-03-31,581,590,581,581.1,1020
BHCL,1min,1774944986,2026-03-31 14:01,2026-03-31,581.1,581.1,581,581,20
BHCL,1min,1774945049,2026-03-31 14:02,2026-03-31,581,581,581,581,10
BHCL,1min,1774945089,2026-03-31 14:03,2026-03-31,581,581,581,581,10
BHCL,1min,1774945253,2026-03-31 14:05,2026-03-31,581,581.1,581,581.1,10
BHCL,1min,1774945548,2026-03-31 14:10,2026-03-31,581.1,581.1,581.1,581.1,10
BHCL,1min,1774945610,2026-03-31 14:11,2026-03-31,581.1,588.8,581.1,588.8,110
BHCL,1min,1774945632,2026-03-31 14:12,2026-03-31,588.8,588.8,588.8,588.8,200
BHCL,1min,1774945828,2026-03-31 14:15,2026-03-31,588.8,588.8,587.8,587.8,70
BHCL,1min,1774945992,2026-03-31 14:18,2026-03-31,587.8,587.8,581.2,581.2,10
BHCL,1min,1774946085,2026-03-31 14:19,2026-03-31,581.2,581.5,581.2,581.5,0
BHCL,1min,1774946113,2026-03-31 14:20,2026-03-31,581.5,581.5,581.5,581.5,20
BHCL,1min,1774946179,2026-03-31 14:21,2026-03-31,581.5,581.5,581.5,581.5,10
BHCL,1min,1774946265,2026-03-31 14:22,2026-03-31,581.5,582,581.5,582,0
BHCL,1min,1774946286,2026-03-31 14:23,2026-03-31,582,582,581.5,581.5,30
BHCL,1min,1774946561,2026-03-31 14:27,2026-03-31,581.5,582,581.5,582,10
BHCL,1min,1774946601,2026-03-31 14:28,2026-03-31,582,582,582,582,20
BHCL,1min,1774946676,2026-03-31 14:29,2026-03-31,582,582,582,582,10
BHCL,1min,1774946758,2026-03-31 14:30,2026-03-31,582,583,582,583,20
BHCL,1min,1774946879,2026-03-31 14:32,2026-03-31,583,583,583,583,10
BHCL,1min,1774946925,2026-03-31 14:33,2026-03-31,583,583.3,583,583.3,20
BHCL,1min,1774946976,2026-03-31 14:34,2026-03-31,583.3,584,583.3,584,10
BHCL,1min,1774947058,2026-03-31 14:35,2026-03-31,584,585,584,585,50
BHCL,1min,1774947208,2026-03-31 14:38,2026-03-31,585,587,585,587,250
BHCL,1min,1774947281,2026-03-31 14:39,2026-03-31,587,587,585,585,1330
BHCL,1min,1774947399,2026-03-31 14:41,2026-03-31,585,587.9,585,587.9,50
BHCL,1min,1774947523,2026-03-31 14:43,2026-03-31,587.9,589,587.9,589,150
BHCL,1min,1774947591,2026-03-31 14:44,2026-03-31,589,589,589,589,50
BHCL,1min,1774947600,2026-03-31 14:45,2026-03-31,589,589.6,589,589.6,100
BHCL,1min,1774947717,2026-03-31 14:46,2026-03-31,589.6,589.6,585,585,520
BHCL,1min,1774947777,2026-03-31 14:47,2026-03-31,585,585,585,585,10
BHCL,1min,1774947917,2026-03-31 14:50,2026-03-31,585,585.2,585,585.2,10
BHCL,1min,1774947963,2026-03-31 14:51,2026-03-31,585.2,587,585.2,587,29
BHCL,1min,1774948048,2026-03-31 14:52,2026-03-31,587,587,587,587,20
BHCL,1min,1774948189,2026-03-31 14:54,2026-03-31,587,588,585.3,587,53
BHCL,1min,1774948246,2026-03-31 14:55,2026-03-31,587,588,587,588,217
BHCL,1min,1774948313,2026-03-31 14:56,2026-03-31,588,588,587,587,412
BHCL,1min,1774948376,2026-03-31 14:57,2026-03-31,587,587,587,587,460
BHCL,1min,1774948429,2026-03-31 14:58,2026-03-31,587,588,587,587,471
BHCL,1min,1774948499,2026-03-31 14:59,2026-03-31,587,587,585.2,586,235
BHCL,1min,1775020906,2026-04-01 11:06,2026-04-01,586,586,586,586,50
BHCL,1min,1775021210,2026-04-01 11:11,2026-04-01,586,586,586,586,130
BHCL,1min,1775021262,2026-04-01 11:12,2026-04-01,586,586,582,582,10
BHCL,1min,1775021314,2026-04-01 11:13,2026-04-01,582,582,580.1,580.1,550
BHCL,1min,1775021467,2026-04-01 11:16,2026-04-01,580.1,580.1,580.1,580.1,10
BHCL,1min,1775021551,2026-04-01 11:17,2026-04-01,580.1,580.1,580.1,580.1,40
BHCL,1min,1775021639,2026-04-01 11:18,2026-04-01,580.1,580.2,580.1,580.2,120
BHCL,1min,1775021684,2026-04-01 11:19,2026-04-01,580.2,581,580.2,581,10
BHCL,1min,1775021756,2026-04-01 11:20,2026-04-01,581,581,579,579,200
BHCL,1min,1775021808,2026-04-01 11:21,2026-04-01,579,581,579,581,20
BHCL,1min,1775021923,2026-04-01 11:23,2026-04-01,581,582,581,582,0
BHCL,1min,1775022195,2026-04-01 11:28,2026-04-01,582,582,580.2,580.2,140
BHCL,1min,1775022269,2026-04-01 11:29,2026-04-01,580.2,581,580.2,581,210
BHCL,1min,1775022359,2026-04-01 11:30,2026-04-01,581,581,581,581,10
BHCL,1min,1775022535,2026-04-01 11:33,2026-04-01,581,581.5,581,581.5,69
BHCL,1min,1775022555,2026-04-01 11:34,2026-04-01,581.5,581.5,581.5,581.5,10
BHCL,1min,1775022657,2026-04-01 11:35,2026-04-01,581.5,585,581.5,585,40
BHCL,1min,1775022662,2026-04-01 11:36,2026-04-01,585,585,581.8,581.8,10
BHCL,1min,1775022769,2026-04-01 11:37,2026-04-01,581.8,583,581.8,583,30
BHCL,1min,1775022919,2026-04-01 11:40,2026-04-01,583,583,582.1,582.1,41
BHCL,1min,1775022969,2026-04-01 11:41,2026-04-01,582.1,583,582.1,583,10
BHCL,1min,1775023197,2026-04-01 11:44,2026-04-01,583,583,582.1,582.1,10
BHCL,1min,1775023230,2026-04-01 11:45,2026-04-01,582.1,582.1,582.1,582.1,10
BHCL,1min,1775023297,2026-04-01 11:46,2026-04-01,582.1,582.1,582.1,582.1,10
BHCL,1min,1775023331,2026-04-01 11:47,2026-04-01,582.1,582.1,581.6,581.6,0
BHCL,1min,1775023413,2026-04-01 11:48,2026-04-01,581.6,582,581.6,582,437
BHCL,1min,1775023463,2026-04-01 11:49,2026-04-01,582,582,581.6,581.6,10
BHCL,1min,1775023534,2026-04-01 11:50,2026-04-01,581.6,581.6,580,580,1173
BHCL,1min,1775023596,2026-04-01 11:51,2026-04-01,580,580,579,579,97
BHCL,1min,1775023709,2026-04-01 11:53,2026-04-01,579,579,579,579,0
BHCL,1min,1775023796,2026-04-01 11:54,2026-04-01,579,580,579,580,30
BHCL,1min,1775023852,2026-04-01 11:55,2026-04-01,580,580,580,580,30
BHCL,1min,1775023911,2026-04-01 11:56,2026-04-01,580,580,580,580,10
BHCL,1min,1775023960,2026-04-01 11:57,2026-04-01,580,580,580,580,40
BHCL,1min,1775024254,2026-04-01 12:02,2026-04-01,580,580,579,579,0
BHCL,1min,1775024306,2026-04-01 12:03,2026-04-01,579,579,578,578,1210
BHCL,1min,1775024391,2026-04-01 12:04,2026-04-01,578,578,575,575,330
BHCL,1min,1775024620,2026-04-01 12:08,2026-04-01,575,575.4,575,575.4,10
BHCL,1min,1775024660,2026-04-01 12:09,2026-04-01,575.4,575.5,575.4,575.5,10
BHCL,1min,1775024770,2026-04-01 12:11,2026-04-01,575.5,579.1,575.5,579.1,30
BHCL,1min,1775025050,2026-04-01 12:15,2026-04-01,579.1,579.1,576.1,576.1,10
BHCL,1min,1775025090,2026-04-01 12:16,2026-04-01,576.1,579,576.1,579,100
BHCL,1min,1775025162,2026-04-01 12:17,2026-04-01,579,579,576.1,576.1,10
BHCL,1min,1775025220,2026-04-01 12:18,2026-04-01,576.1,579,576.1,579,290
BHCL,1min,1775025274,2026-04-01 12:19,2026-04-01,579,579,579,579,10
BHCL,1min,1775025339,2026-04-01 12:20,2026-04-01,579,579,579,579,30
BHCL,1min,1775025403,2026-04-01 12:21,2026-04-01,579,579,579,579,300
BHCL,1min,1775025462,2026-04-01 12:22,2026-04-01,579,579,576.1,576.1,140
BHCL,1min,1775025492,2026-04-01 12:23,2026-04-01,576.1,576.1,576.1,576.1,10
BHCL,1min,1775025567,2026-04-01 12:24,2026-04-01,576.1,576.1,576,576,10
BHCL,1min,1775025638,2026-04-01 12:25,2026-04-01,576,576,576,576,10
BHCL,1min,1775025845,2026-04-01 12:29,2026-04-01,576,576.5,576,576.5,0
BHCL,1min,1775026043,2026-04-01 12:32,2026-04-01,576.5,576.5,576.5,576.5,20
BHCL,1min,1775026106,2026-04-01 12:33,2026-04-01,576.5,576.5,575,575,810
BHCL,1min,1775026145,2026-04-01 12:34,2026-04-01,575,577,575,577,20
BHCL,1min,1775026238,2026-04-01 12:35,2026-04-01,577,577.5,577,577.5,10
BHCL,1min,1775026363,2026-04-01 12:37,2026-04-01,577.5,577.5,575,575,10
BHCL,1min,1775026399,2026-04-01 12:38,2026-04-01,575,577,575,577,30
BHCL,1min,1775026616,2026-04-01 12:41,2026-04-01,577,577,576.3,576.3,10
BHCL,1min,1775026682,2026-04-01 12:43,2026-04-01,576.3,576.3,576.3,576.3,10
BHCL,1min,1775026817,2026-04-01 12:45,2026-04-01,576.3,576.5,576.3,576.5,10
BHCL,1min,1775026872,2026-04-01 12:46,2026-04-01,576.5,576.5,576.4,576.4,0
BHCL,1min,1775026948,2026-04-01 12:47,2026-04-01,576.4,576.4,576.4,576.4,20
BHCL,1min,1775027029,2026-04-01 12:48,2026-04-01,576.4,576.4,576.3,576.3,0
BHCL,1min,1775027095,2026-04-01 12:49,2026-04-01,576.3,576.3,574.3,574.3,1526
BHCL,1min,1775027146,2026-04-01 12:50,2026-04-01,574.3,576.3,574.3,576.3,224
BHCL,1min,1775027240,2026-04-01 12:52,2026-04-01,576.3,576.3,574.5,574.5,10
BHCL,1min,1775027499,2026-04-01 12:56,2026-04-01,574.5,576,574.5,576,110
BHCL,1min,1775027573,2026-04-01 12:57,2026-04-01,576,577,576,577,30
BHCL,1min,1775027676,2026-04-01 12:59,2026-04-01,577,577,576,576,500
BHCL,1min,1775027707,2026-04-01 13:00,2026-04-01,576,576,576,576,30
BHCL,1min,1775027873,2026-04-01 13:02,2026-04-01,576,576.1,576,576.1,20
BHCL,1min,1775027890,2026-04-01 13:03,2026-04-01,576.1,576.1,576.1,576.1,20
BHCL,1min,1775027977,2026-04-01 13:04,2026-04-01,576.1,576.1,576,576,340
BHCL,1min,1775028023,2026-04-01 13:05,2026-04-01,576,576,576,576,70
BHCL,1min,1775028067,2026-04-01 13:06,2026-04-01,576,576,575,575,10
BHCL,1min,1775028151,2026-04-01 13:07,2026-04-01,575,575,575,575,10
BHCL,1min,1775028222,2026-04-01 13:08,2026-04-01,575,575,575,575,305
BHCL,1min,1775028468,2026-04-01 13:12,2026-04-01,575,575,574.3,575,936
BHCL,1min,1775028495,2026-04-01 13:13,2026-04-01,575,575,574,574,30
BHCL,1min,1775028718,2026-04-01 13:16,2026-04-01,574,574,571.4,571.4,10
BHCL,1min,1775028761,2026-04-01 13:17,2026-04-01,571.4,575,571.3,575,60
BHCL,1min,1775029349,2026-04-01 13:27,2026-04-01,575,575,572,572,0
BHCL,1min,1775029429,2026-04-01 13:28,2026-04-01,572,573,572,573,20
BHCL,1min,1775029447,2026-04-01 13:29,2026-04-01,573,573,572,572,10
BHCL,1min,1775029526,2026-04-01 13:30,2026-04-01,572,572,572,572,10
BHCL,1min,1775029593,2026-04-01 13:31,2026-04-01,572,572.1,572,572.1,20
BHCL,1min,1775029797,2026-04-01 13:34,2026-04-01,572.1,574,572.1,574,20
BHCL,1min,1775029900,2026-04-01 13:36,2026-04-01,574,575,574,574,465
BHCL,1min,1775029951,2026-04-01 13:37,2026-04-01,574,574,574,574,10
BHCL,1min,1775030028,2026-04-01 13:38,2026-04-01,574,574,573,573,20
BHCL,1min,1775030041,2026-04-01 13:39,2026-04-01,573,574,573,574,10
BHCL,1min,1775030172,2026-04-01 13:41,2026-04-01,574,574,573,573,10
BHCL,1min,1775030311,2026-04-01 13:43,2026-04-01,573,573.2,573,573.2,10
BHCL,1min,1775030353,2026-04-01 13:44,2026-04-01,573.2,573.2,573.2,573.2,10
BHCL,1min,1775030407,2026-04-01 13:45,2026-04-01,573.2,573.2,573.2,573.2,10
BHCL,1min,1775030740,2026-04-01 13:50,2026-04-01,573.2,574,573.2,574,10
BHCL,1min,1775030816,2026-04-01 13:51,2026-04-01,574,574,573.1,574,135
BHCL,1min,1775030867,2026-04-01 13:52,2026-04-01,574,574,573.1,573.1,10
BHCL,1min,1775030890,2026-04-01 13:53,2026-04-01,573.1,573.1,573,573,45
BHCL,1min,1775030986,2026-04-01 13:54,2026-04-01,573,573,572,572,140
BHCL,1min,1775031108,2026-04-01 13:56,2026-04-01,572,572,571.5,571.5,210
BHCL,1min,1775031184,2026-04-01 13:58,2026-04-01,571.5,573,571.5,573,10
BHCL,1min,1775031357,2026-04-01 14:00,2026-04-01,573,573,571.7,571.7,10
BHCL,1min,1775031398,2026-04-01 14:01,2026-04-01,571.7,572,571.7,572,20
BHCL,1min,1775031536,2026-04-01 14:03,2026-04-01,572,572,571.6,571.6,20
BHCL,1min,1775031593,2026-04-01 14:04,2026-04-01,571.6,571.6,571.3,571.3,200
BHCL,1min,1775031635,2026-04-01 14:05,2026-04-01,571.3,571.3,571,571,0
BHCL,1min,1775031670,2026-04-01 14:06,2026-04-01,571,571,571,571,209
BHCL,1min,1775031763,2026-04-01 14:07,2026-04-01,571,571,570,570,810
BHCL,1min,1775031836,2026-04-01 14:08,2026-04-01,570,570,569.4,569.4,750
BHCL,1min,1775031867,2026-04-01 14:09,2026-04-01,569.4,569.4,568.6,568.6,371
BHCL,1min,1775031953,2026-04-01 14:10,2026-04-01,568.6,568.6,566,566,2020
BHCL,1min,1775031979,2026-04-01 14:11,2026-04-01,566,566.1,566,566.1,500
BHCL,1min,1775032071,2026-04-01 14:12,2026-04-01,566.1,568.6,566.1,566.3,735
BHCL,1min,1775032123,2026-04-01 14:13,2026-04-01,566.3,568,566.3,568,10
BHCL,1min,1775032161,2026-04-01 14:14,2026-04-01,568,568,566.4,566.4,0
BHCL,1min,1775032234,2026-04-01 14:15,2026-04-01,566.4,566.5,566.4,566.5,1150
BHCL,1min,1775032305,2026-04-01 14:16,2026-04-01,566.5,567,566.5,567,320
BHCL,1min,1775032371,2026-04-01 14:17,2026-04-01,567,567,566.3,567,755
BHCL,1min,1775032436,2026-04-01 14:18,2026-04-01,567,567,566.3,566.3,210
BHCL,1min,1775032498,2026-04-01 14:19,2026-04-01,566.3,567,566.3,566.3,220
BHCL,1min,1775032538,2026-04-01 14:20,2026-04-01,566.3,567,566.3,567,487
BHCL,1min,1775032613,2026-04-01 14:21,2026-04-01,567,567,566.3,566.5,110
BHCL,1min,1775032695,2026-04-01 14:23,2026-04-01,566.5,566.5,565,566.5,3111
BHCL,1min,1775032758,2026-04-01 14:24,2026-04-01,566.5,566.5,565,565,10
BHCL,1min,1775032905,2026-04-01 14:26,2026-04-01,565,565.5,565,565.5,168
BHCL,1min,1775032968,2026-04-01 14:27,2026-04-01,565.5,565.5,565,565,810
BHCL,1min,1775033034,2026-04-01 14:28,2026-04-01,565,566.5,565,565,515
BHCL,1min,1775033080,2026-04-01 14:29,2026-04-01,565,565.1,565,565.1,10
BHCL,1min,1775033154,2026-04-01 14:30,2026-04-01,565.1,565.1,565,565,1390
BHCL,1min,1775033193,2026-04-01 14:31,2026-04-01,565,565,564.5,564.5,370
BHCL,1min,1775033243,2026-04-01 14:32,2026-04-01,564.5,564.5,564.5,564.5,20
BHCL,1min,1775033326,2026-04-01 14:33,2026-04-01,564.5,565,564.5,565,405
BHCL,1min,1775033392,2026-04-01 14:34,2026-04-01,565,567,565,567,60
BHCL,1min,1775033439,2026-04-01 14:35,2026-04-01,567,567,565,565,410
BHCL,1min,1775033484,2026-04-01 14:36,2026-04-01,565,565,565,565,0
BHCL,1min,1775033534,2026-04-01 14:37,2026-04-01,565,565,565,565,320
BHCL,1min,1775033637,2026-04-01 14:38,2026-04-01,565,568,565,568,90
BHCL,1min,1775033698,2026-04-01 14:39,2026-04-01,568,570,565.1,565.1,1020
BHCL,1min,1775033916,2026-04-01 14:43,2026-04-01,565.1,567,565.1,567,10
BHCL,1min,1775033970,2026-04-01 14:44,2026-04-01,567,570,567,570,330
BHCL,1min,1775034054,2026-04-01 14:45,2026-04-01,570,574.8,570,574.8,500
BHCL,1min,1775034062,2026-04-01 14:46,2026-04-01,574.8,574.8,574.8,574.8,100
BHCL,1min,1775034135,2026-04-01 14:47,2026-04-01,574.8,574.8,574,574,0
BHCL,1min,1775034198,2026-04-01 14:48,2026-04-01,574,574,570,570,602
BHCL,1min,1775034280,2026-04-01 14:49,2026-04-01,570,570,568.1,568.1,1280
BHCL,1min,1775034332,2026-04-01 14:50,2026-04-01,568.1,568.1,566.5,566.5,30
BHCL,1min,1775034381,2026-04-01 14:51,2026-04-01,566.5,566.5,566.5,566.5,100
BHCL,1min,1775034457,2026-04-01 14:52,2026-04-01,566.5,566.5,566.5,566.5,10
BHCL,1min,1775034534,2026-04-01 14:53,2026-04-01,566.5,566.5,566,566,990
BHCL,1min,1775034585,2026-04-01 14:54,2026-04-01,566,566,566,566,1277
BHCL,1min,1775034653,2026-04-01 14:55,2026-04-01,566,566,565.1,566,660
BHCL,1min,1775034687,2026-04-01 14:56,2026-04-01,566,567,566,567,69
BHCL,1min,1775034799,2026-04-01 14:58,2026-04-01,567,567,566,566,100
BHCL,1min,1775034899,2026-04-01 14:59,2026-04-01,566,570,565.1,565.1,1175
BHCL,1min,1775106946,2026-04-02 11:00,2026-04-02,566,566,566,566,10
BHCL,1min,1775107030,2026-04-02 11:02,2026-04-02,566,566,566,566,48
BHCL,1min,1775107139,2026-04-02 11:03,2026-04-02,566,566,563,563,170
BHCL,1min,1775107176,2026-04-02 11:04,2026-04-02,563,563,560,560,60
BHCL,1min,1775107232,2026-04-02 11:05,2026-04-02,560,560,553.8,553.8,60
BHCL,1min,1775107309,2026-04-02 11:06,2026-04-02,553.8,553.8,552,553.1,270
BHCL,1min,1775107341,2026-04-02 11:07,2026-04-02,553.1,553.1,542,542,1260
BHCL,1min,1775107431,2026-04-02 11:08,2026-04-02,542,542,540,540,110
BHCL,1min,1775107559,2026-04-02 11:10,2026-04-02,540,550,540,550,540
BHCL,1min,1775107616,2026-04-02 11:11,2026-04-02,550,550.8,546,550.8,610
BHCL,1min,1775107663,2026-04-02 11:12,2026-04-02,550.8,550.8,550.8,550.8,470
BHCL,1min,1775107737,2026-04-02 11:13,2026-04-02,550.8,553.1,550.8,553,730
BHCL,1min,1775107757,2026-04-02 11:14,2026-04-02,553,553.1,553,553.1,210
BHCL,1min,1775107855,2026-04-02 11:15,2026-04-02,553.1,555,553.1,555,60
BHCL,1min,1775107909,2026-04-02 11:16,2026-04-02,555,559.9,553,559.9,120
BHCL,1min,1775107942,2026-04-02 11:17,2026-04-02,559.9,559.9,545,545,1000
BHCL,1min,1775108033,2026-04-02 11:18,2026-04-02,545,550,545,550,100
BHCL,1min,1775108076,2026-04-02 11:19,2026-04-02,550,550,548,548,10
BHCL,1min,1775108112,2026-04-02 11:20,2026-04-02,548,550,548,550,10
BHCL,1min,1775108212,2026-04-02 11:21,2026-04-02,550,550,550,550,110
BHCL,1min,1775108279,2026-04-02 11:22,2026-04-02,550,555,550,555,10
BHCL,1min,1775108396,2026-04-02 11:24,2026-04-02,555,560,555,560,594
BHCL,1min,1775108456,2026-04-02 11:25,2026-04-02,560,561,560,560.1,130
BHCL,1min,1775108519,2026-04-02 11:26,2026-04-02,560.1,563,560.1,563,375
BHCL,1min,1775108571,2026-04-02 11:27,2026-04-02,563,565,560,560,308
BHCL,1min,1775108609,2026-04-02 11:28,2026-04-02,560,571.2,560,571.2,1460
BHCL,1min,1775108695,2026-04-02 11:29,2026-04-02,571.2,571.2,564,564,500
BHCL,1min,1775108734,2026-04-02 11:30,2026-04-02,564,564,560,564,50
BHCL,1min,1775108808,2026-04-02 11:31,2026-04-02,564,564,560,560,10
BHCL,1min,1775108867,2026-04-02 11:32,2026-04-02,560,560,560,560,703
BHCL,1min,1775108943,2026-04-02 11:34,2026-04-02,560,560,555,555,580
BHCL,1min,1775109043,2026-04-02 11:35,2026-04-02,555,555,555,555,710
BHCL,1min,1775109106,2026-04-02 11:36,2026-04-02,555,556,555,555,40
BHCL,1min,1775109150,2026-04-02 11:37,2026-04-02,555,555,555,555,20
BHCL,1min,1775109283,2026-04-02 11:39,2026-04-02,555,555,551.2,551.2,30
BHCL,1min,1775109474,2026-04-02 11:42,2026-04-02,551.2,552.3,551.2,552.3,10
BHCL,1min,1775109559,2026-04-02 11:44,2026-04-02,552.3,553,552.3,553,10
BHCL,1min,1775109607,2026-04-02 11:45,2026-04-02,553,560,553,560,0
BHCL,1min,1775109704,2026-04-02 11:46,2026-04-02,560,560,560,560,500
BHCL,1min,1775109758,2026-04-02 11:47,2026-04-02,560,560,560,560,20
BHCL,1min,1775109834,2026-04-02 11:48,2026-04-02,560,560,560,560,80
BHCL,1min,1775109848,2026-04-02 11:49,2026-04-02,560,564,560,564,35
BHCL,1min,1775110060,2026-04-02 11:52,2026-04-02,564,564,563.9,563.9,30
BHCL,1min,1775110191,2026-04-02 11:54,2026-04-02,563.9,563.9,563,563,57
BHCL,1min,1775110375,2026-04-02 11:57,2026-04-02,563,563,563,563,300
BHCL,1min,1775110542,2026-04-02 12:00,2026-04-02,563,563,563,563,337
BHCL,1min,1775110604,2026-04-02 12:01,2026-04-02,563,563,563,563,163
BHCL,1min,1775110642,2026-04-02 12:02,2026-04-02,563,564,562,562,130
BHCL,1min,1775110718,2026-04-02 12:03,2026-04-02,562,563,562,563,20
BHCL,1min,1775111037,2026-04-02 12:08,2026-04-02,563,563,560,560,840
BHCL,1min,1775111290,2026-04-02 12:13,2026-04-02,560,560,558,558,20
BHCL,1min,1775111363,2026-04-02 12:14,2026-04-02,558,563,558,563,100
BHCL,1min,1775111525,2026-04-02 12:17,2026-04-02,563,563,562,562,100
BHCL,1min,1775111598,2026-04-02 12:18,2026-04-02,562,562,557.3,557.3,0
BHCL,1min,1775111729,2026-04-02 12:20,2026-04-02,557.3,557.6,557.3,557.6,10
BHCL,1min,1775111786,2026-04-02 12:21,2026-04-02,557.6,557.6,557.6,557.6,20
BHCL,1min,1775111837,2026-04-02 12:22,2026-04-02,557.6,557.6,557.6,557.6,70
BHCL,1min,1775111944,2026-04-02 12:24,2026-04-02,557.6,562.9,557.6,562.9,10
BHCL,1min,1775112111,2026-04-02 12:26,2026-04-02,562.9,563,562.9,563,100
BHCL,1min,1775112176,2026-04-02 12:27,2026-04-02,563,563,562.9,562.9,310
BHCL,1min,1775112255,2026-04-02 12:29,2026-04-02,562.9,562.9,560,560,710
BHCL,1min,1775112362,2026-04-02 12:31,2026-04-02,560,560,559.9,559.9,200
BHCL,1min,1775112475,2026-04-02 12:32,2026-04-02,559.9,559.9,557.9,557.9,20
BHCL,1min,1775112530,2026-04-02 12:33,2026-04-02,557.9,557.9,557,557,401
BHCL,1min,1775112593,2026-04-02 12:34,2026-04-02,557,558,557,558,100
BHCL,1min,1775112779,2026-04-02 12:37,2026-04-02,558,558,557.3,557.3,10
BHCL,1min,1775112830,2026-04-02 12:38,2026-04-02,557.3,562,557.3,562,30
BHCL,1min,1775112899,2026-04-02 12:39,2026-04-02,562,562,557,557,290
BHCL,1min,1775113010,2026-04-02 12:41,2026-04-02,557,558,557,558,20
BHCL,1min,1775113078,2026-04-02 12:42,2026-04-02,558,558.1,558,558,0
BHCL,1min,1775113086,2026-04-02 12:43,2026-04-02,558,558,558,558,0
BHCL,1min,1775113251,2026-04-02 12:45,2026-04-02,558,562,558,558.1,289
BHCL,1min,1775113298,2026-04-02 12:46,2026-04-02,558.1,558.1,558.1,558.1,70
BHCL,1min,1775113378,2026-04-02 12:47,2026-04-02,558.1,558.3,558.1,558.3,20
BHCL,1min,1775113537,2026-04-02 12:50,2026-04-02,558.3,559,558.3,559,10
BHCL,1min,1775113570,2026-04-02 12:51,2026-04-02,559,562,559,562,50
BHCL,1min,1775113625,2026-04-02 12:52,2026-04-02,562,562,562,562,10
BHCL,1min,1775113714,2026-04-02 12:53,2026-04-02,562,563,562,563,30
BHCL,1min,1775113841,2026-04-02 12:55,2026-04-02,563,563,563,563,210
BHCL,1min,1775113974,2026-04-02 12:57,2026-04-02,563,563.9,563,563.9,40
BHCL,1min,1775114000,2026-04-02 12:58,2026-04-02,563.9,564,563.9,564,365
BHCL,1min,1775114120,2026-04-02 13:00,2026-04-02,564,566,564,566,230
BHCL,1min,1775114200,2026-04-02 13:01,2026-04-02,566,569,566,569,50
BHCL,1min,1775114336,2026-04-02 13:03,2026-04-02,569,569,567,569,20
BHCL,1min,1775114488,2026-04-02 13:06,2026-04-02,569,570,569,570,90
BHCL,1min,1775114587,2026-04-02 13:08,2026-04-02,570,570,568.1,568.1,20
BHCL,1min,1775114749,2026-04-02 13:10,2026-04-02,568.1,570,568.1,570,0
BHCL,1min,1775114804,2026-04-02 13:11,2026-04-02,570,570,570,570,20
BHCL,1min,1775114844,2026-04-02 13:12,2026-04-02,570,570,568,568,109
BHCL,1min,1775114975,2026-04-02 13:14,2026-04-02,568,568,565.1,565.1,475
BHCL,1min,1775115007,2026-04-02 13:15,2026-04-02,565.1,570,565.1,570,100
BHCL,1min,1775115238,2026-04-02 13:18,2026-04-02,570,570,565.1,565.1,125
BHCL,1min,1775115261,2026-04-02 13:19,2026-04-02,565.1,565.1,565,565,185
BHCL,1min,1775115351,2026-04-02 13:20,2026-04-02,565,568,565,568,120
BHCL,1min,1775115417,2026-04-02 13:21,2026-04-02,568,568,564,564,460
BHCL,1min,1775115442,2026-04-02 13:22,2026-04-02,564,564,564,564,10
BHCL,1min,1775115553,2026-04-02 13:24,2026-04-02,564,565,564,565,10
BHCL,1min,1775115636,2026-04-02 13:25,2026-04-02,565,565,563,563,502
BHCL,1min,1775115701,2026-04-02 13:26,2026-04-02,563,563,561.3,563,328
BHCL,1min,1775115732,2026-04-02 13:27,2026-04-02,563,563,563,563,20
BHCL,1min,1775115875,2026-04-02 13:29,2026-04-02,563,563,563,563,10
BHCL,1min,1775116111,2026-04-02 13:33,2026-04-02,563,565,563,565,10
BHCL,1min,1775116307,2026-04-02 13:36,2026-04-02,565,565,565,565,0
BHCL,1min,1775116400,2026-04-02 13:38,2026-04-02,565,568,565,568,30
BHCL,1min,1775116483,2026-04-02 13:39,2026-04-02,568,568,568,568,70
BHCL,1min,1775116556,2026-04-02 13:40,2026-04-02,568,568,568,568,280
BHCL,1min,1775116607,2026-04-02 13:41,2026-04-02,568,568,565,565,10
BHCL,1min,1775116674,2026-04-02 13:42,2026-04-02,565,565,565,565,30
BHCL,1min,1775116821,2026-04-02 13:45,2026-04-02,565,565,565,565,10
BHCL,1min,1775116929,2026-04-02 13:47,2026-04-02,565,565,565,565,10
BHCL,1min,1775117035,2026-04-02 13:48,2026-04-02,565,568.9,565,566,95
BHCL,1min,1775117083,2026-04-02 13:49,2026-04-02,566,566,565,565,970
BHCL,1min,1775117137,2026-04-02 13:50,2026-04-02,565,565,563.2,563.2,10
BHCL,1min,1775117256,2026-04-02 13:52,2026-04-02,563.2,563.2,563,563.1,80
BHCL,1min,1775117397,2026-04-02 13:54,2026-04-02,563.1,563.1,563.1,563.1,200
BHCL,1min,1775117416,2026-04-02 13:55,2026-04-02,563.1,563.1,563,563,152
BHCL,1min,1775117519,2026-04-02 13:56,2026-04-02,563,563,563,563,10
BHCL,1min,1775117595,2026-04-02 13:58,2026-04-02,563,563,560.2,560.2,50
BHCL,1min,1775117666,2026-04-02 13:59,2026-04-02,560.2,560.2,560.2,560.2,10
BHCL,1min,1775117745,2026-04-02 14:00,2026-04-02,560.2,560.2,560.1,560.1,10
BHCL,1min,1775117774,2026-04-02 14:01,2026-04-02,560.1,560.1,560,560,453
BHCL,1min,1775117879,2026-04-02 14:02,2026-04-02,560,560,560,560,10
BHCL,1min,1775117980,2026-04-02 14:04,2026-04-02,560,560,560,560,0
BHCL,1min,1775118007,2026-04-02 14:05,2026-04-02,560,560,558.5,558.5,20
BHCL,1min,1775118088,2026-04-02 14:06,2026-04-02,558.5,558.5,558.5,558.5,10
BHCL,1min,1775118220,2026-04-02 14:08,2026-04-02,558.5,558.5,558,558,50
BHCL,1min,1775118253,2026-04-02 14:09,2026-04-02,558,560,558,560,800
BHCL,1min,1775118347,2026-04-02 14:10,2026-04-02,560,560,560,560,306
BHCL,1min,1775118521,2026-04-02 14:13,2026-04-02,560,561,560,561,30
BHCL,1min,1775118582,2026-04-02 14:14,2026-04-02,561,562,561,562,10
BHCL,1min,1775118613,2026-04-02 14:15,2026-04-02,562,562,562,562,10
BHCL,1min,1775118723,2026-04-02 14:17,2026-04-02,562,562,561,561,10
BHCL,1min,1775119057,2026-04-02 14:22,2026-04-02,561,562,561,562,29
BHCL,1min,1775119128,2026-04-02 14:23,2026-04-02,562,564,562,564,50
BHCL,1min,1775119186,2026-04-02 14:24,2026-04-02,564,564,564,564,10
BHCL,1min,1775119253,2026-04-02 14:25,2026-04-02,564,564,561,561,10
BHCL,1min,1775119263,2026-04-02 14:26,2026-04-02,561,561,561,561,10
BHCL,1min,1775119407,2026-04-02 14:28,2026-04-02,561,561,561,561,400
BHCL,1min,1775119469,2026-04-02 14:29,2026-04-02,561,561,561,561,100
BHCL,1min,1775119554,2026-04-02 14:30,2026-04-02,561,561,561,561,450
BHCL,1min,1775119667,2026-04-02 14:32,2026-04-02,561,567,560.2,567,50
BHCL,1min,1775119730,2026-04-02 14:33,2026-04-02,567,567,567,567,50
BHCL,1min,1775119967,2026-04-02 14:37,2026-04-02,567,567,560.3,560.3,10
BHCL,1min,1775119984,2026-04-02 14:38,2026-04-02,560.3,560.3,560.3,560.3,0
BHCL,1min,1775120152,2026-04-02 14:40,2026-04-02,560.3,562,560.3,562,30
BHCL,1min,1775120200,2026-04-02 14:41,2026-04-02,562,566.9,562,566.9,10
BHCL,1min,1775120236,2026-04-02 14:42,2026-04-02,566.9,566.9,560.3,560.3,10
BHCL,1min,1775120308,2026-04-02 14:43,2026-04-02,560.3,561,560.3,561,10
BHCL,1min,1775120352,2026-04-02 14:44,2026-04-02,561,566.7,560,566.7,80
BHCL,1min,1775120515,2026-04-02 14:46,2026-04-02,566.7,566.7,560,565.9,708
BHCL,1min,1775120554,2026-04-02 14:47,2026-04-02,565.9,565.9,564.9,564.9,70
BHCL,1min,1775120642,2026-04-02 14:49,2026-04-02,564.9,564.9,558,558,10
BHCL,1min,1775120805,2026-04-02 14:51,2026-04-02,558,558,557,558,420
BHCL,1min,1775120827,2026-04-02 14:52,2026-04-02,558,558,556.1,556.1,150
BHCL,1min,1775120892,2026-04-02 14:53,2026-04-02,556.1,556.2,556.1,556.2,10
BHCL,1min,1775120975,2026-04-02 14:54,2026-04-02,556.2,563,556.2,563,60
BHCL,1min,1775121008,2026-04-02 14:55,2026-04-02,563,563,563,563,800
BHCL,1min,1775121092,2026-04-02 14:56,2026-04-02,563,563,560,560,0
BHCL,1min,1775121146,2026-04-02 14:57,2026-04-02,560,560,559,559,110
BHCL,1min,1775121232,2026-04-02 14:58,2026-04-02,559,559,556.3,556.5,540
BHCL,1min,1775121299,2026-04-02 14:59,2026-04-02,556.5,562,556.5,562,41
BHCL,1min,1775366100,2026-04-05 11:00,2026-04-05,560,560,560,560,0
BHCL,1min,1775366262,2026-04-05 11:02,2026-04-05,560,560,560,560,10
BHCL,1min,1775366318,2026-04-05 11:03,2026-04-05,560,560,560,560,20
BHCL,1min,1775366399,2026-04-05 11:04,2026-04-05,560,560,548.9,548.9,355
BHCL,1min,1775366448,2026-04-05 11:05,2026-04-05,548.9,549,548.9,549,20
BHCL,1min,1775366519,2026-04-05 11:06,2026-04-05,549,550,549,550,0
BHCL,1min,1775366579,2026-04-05 11:07,2026-04-05,550,551.5,550,551.5,460
BHCL,1min,1775366660,2026-04-05 11:09,2026-04-05,551.5,551.6,551.5,551.6,1000
BHCL,1min,1775366866,2026-04-05 11:12,2026-04-05,551.6,558,551.6,558,30
BHCL,1min,1775366920,2026-04-05 11:13,2026-04-05,558,558,558,558,20
BHCL,1min,1775366988,2026-04-05 11:14,2026-04-05,558,558,558,558,700
BHCL,1min,1775367053,2026-04-05 11:15,2026-04-05,558,558,553.2,553.2,20
BHCL,1min,1775367110,2026-04-05 11:16,2026-04-05,553.2,553.2,553.2,553.2,29
BHCL,1min,1775367144,2026-04-05 11:17,2026-04-05,553.2,553.2,553.2,553.2,10
BHCL,1min,1775367253,2026-04-05 11:19,2026-04-05,553.2,553.2,553,553,510
BHCL,1min,1775367350,2026-04-05 11:20,2026-04-05,553,553,552.2,552.2,20
BHCL,1min,1775367446,2026-04-05 11:22,2026-04-05,552.2,552.2,552.2,552.2,20
BHCL,1min,1775367571,2026-04-05 11:24,2026-04-05,552.2,554.5,552.2,554.5,10
BHCL,1min,1775367655,2026-04-05 11:25,2026-04-05,554.5,554.9,554.5,554.9,99
BHCL,1min,1775367661,2026-04-05 11:26,2026-04-05,554.9,554.9,554.9,554.9,20
BHCL,1min,1775367747,2026-04-05 11:27,2026-04-05,554.9,556,554.9,556,340
BHCL,1min,1775367861,2026-04-05 11:29,2026-04-05,556,556,552.4,552.4,300
BHCL,1min,1775367904,2026-04-05 11:30,2026-04-05,552.4,558,552.4,558,100
BHCL,1min,1775368033,2026-04-05 11:32,2026-04-05,558,558,553.5,553.5,40
BHCL,1min,1775368238,2026-04-05 11:35,2026-04-05,553.5,553.5,552.2,552.2,20
BHCL,1min,1775368338,2026-04-05 11:37,2026-04-05,552.2,552.2,552.2,552.2,10
BHCL,1min,1775368431,2026-04-05 11:38,2026-04-05,552.2,552.2,552.2,552.2,10
BHCL,1min,1775368483,2026-04-05 11:39,2026-04-05,552.2,552.2,551,551,210
BHCL,1min,1775368516,2026-04-05 11:40,2026-04-05,551,551,550,550,2100
BHCL,1min,1775368616,2026-04-05 11:41,2026-04-05,550,551,550,550,750
BHCL,1min,1775368679,2026-04-05 11:42,2026-04-05,550,550,550,550,110
BHCL,1min,1775368685,2026-04-05 11:43,2026-04-05,550,550,550,550,0
BHCL,1min,1775368798,2026-04-05 11:44,2026-04-05,550,550.1,550,550.1,244
BHCL,1min,1775368846,2026-04-05 11:45,2026-04-05,550.1,550.1,550,550.1,1317
BHCL,1min,1775368913,2026-04-05 11:46,2026-04-05,550.1,550.1,550,550,570
BHCL,1min,1775368975,2026-04-05 11:47,2026-04-05,550,550,550,550,160
BHCL,1min,1775369017,2026-04-05 11:48,2026-04-05,550,550,550,550,430
BHCL,1min,1775369090,2026-04-05 11:49,2026-04-05,550,550,550,550,40
BHCL,1min,1775369115,2026-04-05 11:50,2026-04-05,550,551,550,550.1,30
BHCL,1min,1775369218,2026-04-05 11:51,2026-04-05,550.1,551.1,550.1,551.1,210
BHCL,1min,1775369248,2026-04-05 11:52,2026-04-05,551.1,551.1,551.1,551.1,10
BHCL,1min,1775369323,2026-04-05 11:53,2026-04-05,551.1,552,551.1,552,64
BHCL,1min,1775369384,2026-04-05 11:54,2026-04-05,552,552,550,550,540
BHCL,1min,1775369421,2026-04-05 11:55,2026-04-05,550,550,550,550,125
BHCL,1min,1775369518,2026-04-05 11:56,2026-04-05,550,550,546,546,120
BHCL,1min,1775369610,2026-04-05 11:58,2026-04-05,546,546,545,545,275
BHCL,1min,1775369678,2026-04-05 11:59,2026-04-05,545,546,545,546,300
BHCL,1min,1775369749,2026-04-05 12:00,2026-04-05,546,546,545,545,60
BHCL,1min,1775369787,2026-04-05 12:01,2026-04-05,545,545,542.5,545,960
BHCL,1min,1775369869,2026-04-05 12:02,2026-04-05,545,545,543,545,30
BHCL,1min,1775369932,2026-04-05 12:03,2026-04-05,545,545,543,543.1,240
BHCL,1min,1775369999,2026-04-05 12:04,2026-04-05,543.1,543.7,543.1,543.7,10
BHCL,1min,1775370019,2026-04-05 12:05,2026-04-05,543.7,549,543.7,549,50
BHCL,1min,1775370103,2026-04-05 12:06,2026-04-05,549,549,549,549,20
BHCL,1min,1775370212,2026-04-05 12:08,2026-04-05,549,549,545,545,50
BHCL,1min,1775370273,2026-04-05 12:09,2026-04-05,545,545,545,545,170
BHCL,1min,1775370323,2026-04-05 12:10,2026-04-05,545,545,545,545,10
BHCL,1min,1775370395,2026-04-05 12:11,2026-04-05,545,549,545,545.1,40
BHCL,1min,1775370471,2026-04-05 12:12,2026-04-05,545.1,546,545.1,546,10
BHCL,1min,1775370520,2026-04-05 12:13,2026-04-05,546,549,546,549,30
BHCL,1min,1775370596,2026-04-05 12:14,2026-04-05,549,550,546,546,120
BHCL,1min,1775370626,2026-04-05 12:15,2026-04-05,546,546,545.7,545.7,10
BHCL,1min,1775370683,2026-04-05 12:16,2026-04-05,545.7,550,545.7,550,30
BHCL,1min,1775370765,2026-04-05 12:17,2026-04-05,550,550,545,545,550
BHCL,1min,1775370817,2026-04-05 12:18,2026-04-05,545,545,545,545,20
BHCL,1min,1775370943,2026-04-05 12:20,2026-04-05,545,546,545,546,20
BHCL,1min,1775371012,2026-04-05 12:21,2026-04-05,546,546,546,546,10
BHCL,1min,1775371203,2026-04-05 12:25,2026-04-05,546,546,546,546,10
BHCL,1min,1775371319,2026-04-05 12:26,2026-04-05,546,546,544.2,544.2,30
BHCL,1min,1775371341,2026-04-05 12:27,2026-04-05,544.2,544.2,544,544,1282
BHCL,1min,1775371410,2026-04-05 12:28,2026-04-05,544,544,543.9,543.9,10
BHCL,1min,1775371459,2026-04-05 12:29,2026-04-05,543.9,544,543.9,544,94
BHCL,1min,1775371500,2026-04-05 12:30,2026-04-05,544,544,543,543,510
BHCL,1min,1775371609,2026-04-05 12:31,2026-04-05,543,543,543,543,511
BHCL,1min,1775371678,2026-04-05 12:32,2026-04-05,543,544,543,544,30
BHCL,1min,1775371714,2026-04-05 12:33,2026-04-05,544,544,542.7,542.7,193
BHCL,1min,1775371788,2026-04-05 12:34,2026-04-05,542.7,542.7,540.5,540.5,190
BHCL,1min,1775371852,2026-04-05 12:35,2026-04-05,540.5,540.5,540,540,650
BHCL,1min,1775371918,2026-04-05 12:36,2026-04-05,540,540,539.2,539.2,465
BHCL,1min,1775371977,2026-04-05 12:37,2026-04-05,539.2,540,539.2,539.2,357
BHCL,1min,1775372077,2026-04-05 12:39,2026-04-05,539.2,539.2,539.2,539.2,60
BHCL,1min,1775372158,2026-04-05 12:40,2026-04-05,539.2,540,539.1,540,93
BHCL,1min,1775372202,2026-04-05 12:41,2026-04-05,540,540,539,539,800
BHCL,1min,1775372227,2026-04-05 12:42,2026-04-05,539,539,538.1,538.1,227
BHCL,1min,1775372323,2026-04-05 12:43,2026-04-05,538.1,539,534.2,534.2,2289
BHCL,1min,1775372386,2026-04-05 12:44,2026-04-05,534.2,534.2,530,530,87
BHCL,1min,1775372431,2026-04-05 12:45,2026-04-05,530,530,529.1,530,223
BHCL,1min,1775372579,2026-04-05 12:47,2026-04-05,530,530.3,530,530.3,20
BHCL,1min,1775372599,2026-04-05 12:48,2026-04-05,530.3,530.3,530.3,530.3,20
BHCL,1min,1775372679,2026-04-05 12:49,2026-04-05,530.3,530.5,530.3,530.5,10
BHCL,1min,1775372749,2026-04-05 12:50,2026-04-05,530.5,532.9,530.5,532.9,150
BHCL,1min,1775372816,2026-04-05 12:51,2026-04-05,532.9,533,532,533,130
BHCL,1min,1775372878,2026-04-05 12:52,2026-04-05,533,533,532,533,240
BHCL,1min,1775372927,2026-04-05 12:53,2026-04-05,533,533,532,533,109
BHCL,1min,1775372956,2026-04-05 12:54,2026-04-05,533,533,533,533,50
BHCL,1min,1775373046,2026-04-05 12:55,2026-04-05,533,540,532.1,540,231
BHCL,1min,1775373098,2026-04-05 12:56,2026-04-05,540,540,532,532,310
BHCL,1min,1775373238,2026-04-05 12:58,2026-04-05,532,533,532,533,52
BHCL,1min,1775373253,2026-04-05 12:59,2026-04-05,533,533,532,532,65
BHCL,1min,1775373325,2026-04-05 13:00,2026-04-05,532,532,531,531,0
BHCL,1min,1775373396,2026-04-05 13:01,2026-04-05,531,531,531,531,30
BHCL,1min,1775373479,2026-04-05 13:02,2026-04-05,531,533,531,533,550
BHCL,1min,1775373527,2026-04-05 13:03,2026-04-05,533,533,531,531,185
BHCL,1min,1775373586,2026-04-05 13:04,2026-04-05,531,531.1,531,531.1,598
BHCL,1min,1775373623,2026-04-05 13:05,2026-04-05,531.1,531.1,531.1,531.1,10
BHCL,1min,1775373680,2026-04-05 13:06,2026-04-05,531.1,531.1,531.1,531.1,10
BHCL,1min,1775373772,2026-04-05 13:07,2026-04-05,531.1,531.5,531.1,531.5,20
BHCL,1min,1775373812,2026-04-05 13:08,2026-04-05,531.5,531.5,530.2,530.2,10
BHCL,1min,1775373893,2026-04-05 13:09,2026-04-05,530.2,530.2,530.1,530.1,200
BHCL,1min,1775373952,2026-04-05 13:10,2026-04-05,530.1,531.1,530.1,530.3,390
BHCL,1min,1775374017,2026-04-05 13:11,2026-04-05,530.3,530.3,530,530,350
BHCL,1min,1775374038,2026-04-05 13:12,2026-04-05,530,530,525,525,1020
BHCL,1min,1775374137,2026-04-05 13:13,2026-04-05,525,525,525,525,1335
BHCL,1min,1775374178,2026-04-05 13:14,2026-04-05,525,525,524,524,30
BHCL,1min,1775374223,2026-04-05 13:15,2026-04-05,524,524,521,521,340
BHCL,1min,1775374307,2026-04-05 13:16,2026-04-05,521,521,521,521,220
BHCL,1min,1775374361,2026-04-05 13:17,2026-04-05,521,521,515,515,130
BHCL,1min,1775374415,2026-04-05 13:18,2026-04-05,515,515,510.6,510.6,320
BHCL,1min,1775374495,2026-04-05 13:19,2026-04-05,510.6,510.6,506.5,507,1030
BHCL,1min,1775374533,2026-04-05 13:20,2026-04-05,507,508,507,508,45
BHCL,1min,1775374607,2026-04-05 13:21,2026-04-05,508,513,508,513,255
BHCL,1min,1775374667,2026-04-05 13:22,2026-04-05,513,513,509.1,509.1,475
BHCL,1min,1775374724,2026-04-05 13:23,2026-04-05,509.1,514,509.1,511,1020
BHCL,1min,1775374859,2026-04-05 13:25,2026-04-05,511,515,511,515,186
BHCL,1min,1775374895,2026-04-05 13:26,2026-04-05,515,515,514,514,114
BHCL,1min,1775374978,2026-04-05 13:27,2026-04-05,514,514,511.1,512,266
BHCL,1min,1775375033,2026-04-05 13:28,2026-04-05,512,520,512,520,303
BHCL,1min,1775375097,2026-04-05 13:29,2026-04-05,520,520,513.2,515,120
BHCL,1min,1775375153,2026-04-05 13:30,2026-04-05,515,515,513.2,513.2,1404
BHCL,1min,1775375171,2026-04-05 13:31,2026-04-05,513.2,513.2,513.1,513.1,131
BHCL,1min,1775375252,2026-04-05 13:32,2026-04-05,513.1,513.3,513.1,513.3,0
BHCL,1min,1775375331,2026-04-05 13:33,2026-04-05,513.3,513.3,512.5,512.5,260
BHCL,1min,1775375438,2026-04-05 13:35,2026-04-05,512.5,512.5,512.5,512.5,500
BHCL,1min,1775375543,2026-04-05 13:37,2026-04-05,512.5,518.9,512.5,518.9,20
BHCL,1min,1775375624,2026-04-05 13:38,2026-04-05,518.9,522,518.9,522,204
BHCL,1min,1775375689,2026-04-05 13:39,2026-04-05,522,522,517,517,10
BHCL,1min,1775375788,2026-04-05 13:41,2026-04-05,517,518,517,518,20
BHCL,1min,1775375923,2026-04-05 13:43,2026-04-05,518,519,518,519,0
BHCL,1min,1775376043,2026-04-05 13:45,2026-04-05,519,522,519,522,50
BHCL,1min,1775376178,2026-04-05 13:47,2026-04-05,522,522,520,520,130
BHCL,1min,1775376198,2026-04-05 13:48,2026-04-05,520,520,520,520,0
BHCL,1min,1775376278,2026-04-05 13:49,2026-04-05,520,522.2,520,522.2,54
BHCL,1min,1775376357,2026-04-05 13:50,2026-04-05,522.2,524,522.2,524,30
BHCL,1min,1775376384,2026-04-05 13:51,2026-04-05,524,524,524,524,805
BHCL,1min,1775376458,2026-04-05 13:52,2026-04-05,524,524,520.5,521,410
BHCL,1min,1775376585,2026-04-05 13:54,2026-04-05,521,523,521,523,53
BHCL,1min,1775376651,2026-04-05 13:55,2026-04-05,523,523,521.1,521.1,310
BHCL,1min,1775376693,2026-04-05 13:56,2026-04-05,521.1,521.1,520,520,700
BHCL,1min,1775376754,2026-04-05 13:57,2026-04-05,520,520,520,520,20
BHCL,1min,1775376834,2026-04-05 13:58,2026-04-05,520,520,520,520,430
BHCL,1min,1775376884,2026-04-05 13:59,2026-04-05,520,520,520,520,510
BHCL,1min,1775376932,2026-04-05 14:00,2026-04-05,520,520,520,520,50
BHCL,1min,1775377004,2026-04-05 14:01,2026-04-05,520,520,519.1,519.1,270
BHCL,1min,1775377032,2026-04-05 14:02,2026-04-05,519.1,519.1,519,519,10
BHCL,1min,1775377090,2026-04-05 14:03,2026-04-05,519,519,517,517,235
BHCL,1min,1775377252,2026-04-05 14:05,2026-04-05,517,517,516,516,565
BHCL,1min,1775377368,2026-04-05 14:07,2026-04-05,516,516,515,515,110
BHCL,1min,1775377423,2026-04-05 14:08,2026-04-05,515,515,515,515,60
BHCL,1min,1775377477,2026-04-05 14:09,2026-04-05,515,515.1,515,515.1,90
BHCL,1min,1775377601,2026-04-05 14:11,2026-04-05,515.1,515.2,515.1,515.2,500
BHCL,1min,1775377639,2026-04-05 14:12,2026-04-05,515.2,515.2,515.1,515.1,10
BHCL,1min,1775377779,2026-04-05 14:14,2026-04-05,515.1,515.3,515.1,515.3,10
BHCL,1min,1775377844,2026-04-05 14:15,2026-04-05,515.3,515.3,515,515,210
BHCL,1min,1775377896,2026-04-05 14:16,2026-04-05,515,515,515,515,20
BHCL,1min,1775377944,2026-04-05 14:17,2026-04-05,515,515.3,515,515.3,400
BHCL,1min,1775378025,2026-04-05 14:18,2026-04-05,515.3,515.3,515.3,515.3,120
BHCL,1min,1775378040,2026-04-05 14:19,2026-04-05,515.3,515.3,514.1,514.1,0
BHCL,1min,1775378181,2026-04-05 14:21,2026-04-05,514.1,514.1,514.1,514.1,85
BHCL,1min,1775378272,2026-04-05 14:22,2026-04-05,514.1,515.3,514.1,515.3,220
BHCL,1min,1775378328,2026-04-05 14:23,2026-04-05,515.3,515.3,515.3,515.3,280
BHCL,1min,1775378449,2026-04-05 14:25,2026-04-05,515.3,515.3,515.3,515.3,0
BHCL,1min,1775378551,2026-04-05 14:27,2026-04-05,515.3,515.3,515,515,20
BHCL,1min,1775378650,2026-04-05 14:29,2026-04-05,515,515,514.3,514.3,10
BHCL,1min,1775378744,2026-04-05 14:30,2026-04-05,514.3,514.3,514.3,514.3,30
BHCL,1min,1775378819,2026-04-05 14:31,2026-04-05,514.3,514.3,514.3,514.3,10
BHCL,1min,1775378872,2026-04-05 14:32,2026-04-05,514.3,514.3,514.2,514.2,510
BHCL,1min,1775378928,2026-04-05 14:33,2026-04-05,514.2,514.2,514,514,495
BHCL,1min,1775378961,2026-04-05 14:34,2026-04-05,514,514,513,513,515
BHCL,1min,1775379193,2026-04-05 14:38,2026-04-05,513,514,513,514,10
BHCL,1min,1775379342,2026-04-05 14:40,2026-04-05,514,515,514,515,0
BHCL,1min,1775379411,2026-04-05 14:41,2026-04-05,515,515,513.6,513.6,110
BHCL,1min,1775379479,2026-04-05 14:42,2026-04-05,513.6,513.6,512.6,512.6,795
BHCL,1min,1775379538,2026-04-05 14:43,2026-04-05,512.6,512.6,512.4,512.4,1489
BHCL,1min,1775379580,2026-04-05 14:44,2026-04-05,512.4,512.4,512,512,766
BHCL,1min,1775379657,2026-04-05 14:45,2026-04-05,512,512.9,512,512.9,60
BHCL,1min,1775379693,2026-04-05 14:46,2026-04-05,512.9,512.9,512.9,512.9,10
BHCL,1min,1775379769,2026-04-05 14:47,2026-04-05,512.9,518,510,510,3110
BHCL,1min,1775379825,2026-04-05 14:48,2026-04-05,510,510,509,509,420
BHCL,1min,1775379874,2026-04-05 14:49,2026-04-05,509,518,509,509,674
BHCL,1min,1775379954,2026-04-05 14:50,2026-04-05,509,518,508.2,508.2,660
BHCL,1min,1775380014,2026-04-05 14:51,2026-04-05,508.2,509.1,508.2,509.1,155
BHCL,1min,1775380079,2026-04-05 14:52,2026-04-05,509.1,509.1,509,509,70
BHCL,1min,1775380126,2026-04-05 14:53,2026-04-05,509,510,509,510,200
BHCL,1min,1775380183,2026-04-05 14:54,2026-04-05,510,510.1,510,510.1,10
BHCL,1min,1775380254,2026-04-05 14:55,2026-04-05,510.1,513.5,510.1,510.2,335
BHCL,1min,1775380301,2026-04-05 14:56,2026-04-05,510.2,512,510.1,510.1,670
BHCL,1min,1775380362,2026-04-05 14:57,2026-04-05,510.1,510.2,510.1,510.1,590
BHCL,1min,1775380434,2026-04-05 14:58,2026-04-05,510.1,515,510.1,515,1820
BHCL,1min,1775380499,2026-04-05 14:59,2026-04-05,515,515,515,515,2805
BHCL,1min,1775452565,2026-04-06 11:01,2026-04-06,520,520,520,520,100
BHCL,1min,1775452624,2026-04-06 11:02,2026-04-06,520,520,515,515,10
BHCL,1min,1775452740,2026-04-06 11:04,2026-04-06,515,515,515,515,20
BHCL,1min,1775452976,2026-04-06 11:07,2026-04-06,515,520,515,520,430
BHCL,1min,1775453038,2026-04-06 11:08,2026-04-06,520,522,520,522,340
BHCL,1min,1775453096,2026-04-06 11:09,2026-04-06,522,525,522,525,590
BHCL,1min,1775453150,2026-04-06 11:10,2026-04-06,525,530.3,522,530.3,520
BHCL,1min,1775453209,2026-04-06 11:11,2026-04-06,530.3,531,530.3,531,10
BHCL,1min,1775453333,2026-04-06 11:13,2026-04-06,531,539,531,539,180
BHCL,1min,1775453395,2026-04-06 11:14,2026-04-06,539,550.8,532,550.8,1900
BHCL,1min,1775453488,2026-04-06 11:16,2026-04-06,550.8,550.8,542,542,20
BHCL,1min,1775453626,2026-04-06 11:18,2026-04-06,542,542,532,532,206
BHCL,1min,1775453696,2026-04-06 11:19,2026-04-06,532,532,522,522,720
BHCL,1min,1775453723,2026-04-06 11:20,2026-04-06,522,522,520,520,380
BHCL,1min,1775453800,2026-04-06 11:21,2026-04-06,520,520,520,520,100
BHCL,1min,1775453923,2026-04-06 11:23,2026-04-06,520,520,520,520,90
BHCL,1min,1775453999,2026-04-06 11:24,2026-04-06,520,520,518,518,240
BHCL,1min,1775454050,2026-04-06 11:25,2026-04-06,518,519,518,519,10
BHCL,1min,1775454208,2026-04-06 11:28,2026-04-06,519,522.2,519,522.2,10
BHCL,1min,1775454341,2026-04-06 11:30,2026-04-06,522.2,529,522.2,522.3,111
BHCL,1min,1775454458,2026-04-06 11:32,2026-04-06,522.3,524,522.3,524,10
BHCL,1min,1775454529,2026-04-06 11:33,2026-04-06,524,524,523.1,523.2,49
BHCL,1min,1775454582,2026-04-06 11:34,2026-04-06,523.2,528.9,523.2,528.9,10
BHCL,1min,1775454642,2026-04-06 11:35,2026-04-06,528.9,529,528.9,529,130
BHCL,1min,1775454663,2026-04-06 11:36,2026-04-06,529,529,524.5,524.5,10
BHCL,1min,1775454776,2026-04-06 11:37,2026-04-06,524.5,530,524.5,526,768
BHCL,1min,1775454820,2026-04-06 11:38,2026-04-06,526,529,526,529,10
BHCL,1min,1775454891,2026-04-06 11:39,2026-04-06,529,532,529,532,0
BHCL,1min,1775454936,2026-04-06 11:40,2026-04-06,532,534,532,534,3080
BHCL,1min,1775454988,2026-04-06 11:41,2026-04-06,534,540,534,539,1000
BHCL,1min,1775455061,2026-04-06 11:42,2026-04-06,539,539,531.2,531.2,100
BHCL,1min,1775455149,2026-04-06 11:44,2026-04-06,531.2,532.2,531.2,532.2,10
BHCL,1min,1775455223,2026-04-06 11:45,2026-04-06,532.2,538,532.2,538,181
BHCL,1min,1775455279,2026-04-06 11:46,2026-04-06,538,538,538,538,519
BHCL,1min,1775455360,2026-04-06 11:47,2026-04-06,538,538,533,535,30
BHCL,1min,1775455468,2026-04-06 11:49,2026-04-06,535,535,535,535,30
BHCL,1min,1775455504,2026-04-06 11:50,2026-04-06,535,535,535,535,0
BHCL,1min,1775455604,2026-04-06 11:51,2026-04-06,535,535,534,534,276
BHCL,1min,1775455675,2026-04-06 11:52,2026-04-06,534,534,533,533,0
BHCL,1min,1775455783,2026-04-06 11:54,2026-04-06,533,533.2,533,533.2,30
BHCL,1min,1775455830,2026-04-06 11:55,2026-04-06,533.2,534,533.2,534,80
BHCL,1min,1775455967,2026-04-06 11:57,2026-04-06,534,534,534,534,100
BHCL,1min,1775456034,2026-04-06 11:58,2026-04-06,534,534,533.1,533.1,0
BHCL,1min,1775456081,2026-04-06 11:59,2026-04-06,533.1,533.1,533.1,533.1,590
BHCL,1min,1775456203,2026-04-06 12:01,2026-04-06,533.1,533.1,533,533,345
BHCL,1min,1775456247,2026-04-06 12:02,2026-04-06,533,533,532,532,310
BHCL,1min,1775456329,2026-04-06 12:03,2026-04-06,532,532,525,525,538
BHCL,1min,1775456473,2026-04-06 12:06,2026-04-06,525,525,525,525,210
BHCL,1min,1775456622,2026-04-06 12:08,2026-04-06,525,525,524.3,524.3,14
BHCL,1min,1775456699,2026-04-06 12:09,2026-04-06,524.3,524.3,524.3,524.3,0
BHCL,1min,1775456715,2026-04-06 12:10,2026-04-06,524.3,525,524.3,525,523
BHCL,1min,1775456792,2026-04-06 12:11,2026-04-06,525,525,525,525,393
BHCL,1min,1775456826,2026-04-06 12:12,2026-04-06,525,529.9,525,529.9,110
BHCL,1min,1775456937,2026-04-06 12:13,2026-04-06,529.9,529.9,526.1,529.9,30
BHCL,1min,1775457041,2026-04-06 12:15,2026-04-06,529.9,532.9,528,528,610
BHCL,1min,1775457338,2026-04-06 12:20,2026-04-06,528,528,528,528,40
BHCL,1min,1775457527,2026-04-06 12:23,2026-04-06,528,528,527,527,20
BHCL,1min,1775457575,2026-04-06 12:24,2026-04-06,527,527,527,527,60
BHCL,1min,1775457601,2026-04-06 12:25,2026-04-06,527,527,527,527,10
BHCL,1min,1775457667,2026-04-06 12:26,2026-04-06,527,527,527,527,10
BHCL,1min,1775457816,2026-04-06 12:28,2026-04-06,527,530.8,527,530.8,0
BHCL,1min,1775457949,2026-04-06 12:30,2026-04-06,530.8,530.8,527,527,50
BHCL,1min,1775458429,2026-04-06 12:38,2026-04-06,527,527,526.6,526.6,20
BHCL,1min,1775458578,2026-04-06 12:41,2026-04-06,526.6,526.7,526.6,526.7,10
BHCL,1min,1775458865,2026-04-06 12:46,2026-04-06,526.7,526.8,526.7,526.8,10
BHCL,1min,1775458935,2026-04-06 12:47,2026-04-06,526.8,526.8,526.8,526.8,10
BHCL,1min,1775459057,2026-04-06 12:49,2026-04-06,526.8,526.8,526.8,526.8,10
BHCL,1min,1775459180,2026-04-06 12:51,2026-04-06,526.8,526.8,526.8,526.8,0
BHCL,1min,1775459265,2026-04-06 12:52,2026-04-06,526.8,526.8,526.8,526.8,30
BHCL,1min,1775459305,2026-04-06 12:53,2026-04-06,526.8,526.8,526.8,526.8,10
BHCL,1min,1775459383,2026-04-06 12:54,2026-04-06,526.8,528,526.8,527,70
BHCL,1min,1775459457,2026-04-06 12:55,2026-04-06,527,527.1,527,527.1,10
BHCL,1min,1775459538,2026-04-06 12:57,2026-04-06,527.1,527.1,527.1,527.1,20
BHCL,1min,1775459674,2026-04-06 12:59,2026-04-06,527.1,528,527.1,528,40
BHCL,1min,1775459751,2026-04-06 13:00,2026-04-06,528,528,527.3,528,20
BHCL,1min,1775459817,2026-04-06 13:01,2026-04-06,528,528,528,528,10
BHCL,1min,1775459825,2026-04-06 13:02,2026-04-06,528,528,528,528,20
BHCL,1min,1775460058,2026-04-06 13:05,2026-04-06,528,528,528,528,60
BHCL,1min,1775460175,2026-04-06 13:07,2026-04-06,528,528,527.2,527.2,1350
BHCL,1min,1775460280,2026-04-06 13:09,2026-04-06,527.2,527.2,526.7,527,1200
BHCL,1min,1775460475,2026-04-06 13:12,2026-04-06,527,527,526.6,526.6,30
BHCL,1min,1775460502,2026-04-06 13:13,2026-04-06,526.6,526.6,526.6,526.6,20
BHCL,1min,1775460572,2026-04-06 13:14,2026-04-06,526.6,526.6,526,526,300
BHCL,1min,1775460689,2026-04-06 13:16,2026-04-06,526,526,525,525,0
BHCL,1min,1775460769,2026-04-06 13:17,2026-04-06,525,525,524,524,1070
BHCL,1min,1775460837,2026-04-06 13:18,2026-04-06,524,525,524,525,20
BHCL,1min,1775460897,2026-04-06 13:19,2026-04-06,525,525,525,525,10
BHCL,1min,1775461011,2026-04-06 13:21,2026-04-06,525,525,525,525,10
BHCL,1min,1775461119,2026-04-06 13:23,2026-04-06,525,525,525,525,10
BHCL,1min,1775461159,2026-04-06 13:24,2026-04-06,525,525,525,525,10
BHCL,1min,1775461249,2026-04-06 13:25,2026-04-06,525,525.2,525,525.2,50
BHCL,1min,1775461277,2026-04-06 13:26,2026-04-06,525.2,525.3,525.2,525.3,10
BHCL,1min,1775461638,2026-04-06 13:32,2026-04-06,525.3,526,525.3,526,10
BHCL,1min,1775461786,2026-04-06 13:34,2026-04-06,526,527,526,526,80
BHCL,1min,1775461825,2026-04-06 13:35,2026-04-06,526,526,525.7,525.7,79
BHCL,1min,1775461860,2026-04-06 13:36,2026-04-06,525.7,525.7,525.6,525.6,10
BHCL,1min,1775461987,2026-04-06 13:38,2026-04-06,525.6,525.6,525.6,525.6,10
BHCL,1min,1775462070,2026-04-06 13:39,2026-04-06,525.6,525.6,525.6,525.6,20
BHCL,1min,1775462109,2026-04-06 13:40,2026-04-06,525.6,526,525.6,526,10
BHCL,1min,1775462300,2026-04-06 13:43,2026-04-06,526,527,526,527,10
BHCL,1min,1775462372,2026-04-06 13:44,2026-04-06,527,530,527,530,90
BHCL,1min,1775462508,2026-04-06 13:46,2026-04-06,530,530.6,530,530.6,2280
BHCL,1min,1775462572,2026-04-06 13:47,2026-04-06,530.6,530.6,530,530,0
BHCL,1min,1775462600,2026-04-06 13:48,2026-04-06,530,530.9,530,530,0
BHCL,1min,1775462654,2026-04-06 13:49,2026-04-06,530,530,530,530,280
BHCL,1min,1775462741,2026-04-06 13:50,2026-04-06,530,530,530,530,0
BHCL,1min,1775462819,2026-04-06 13:51,2026-04-06,530,530.9,530,530.9,1190
BHCL,1min,1775462860,2026-04-06 13:52,2026-04-06,530.9,531,530.9,531,50
BHCL,1min,1775462958,2026-04-06 13:54,2026-04-06,531,531,531,531,300
BHCL,1min,1775463025,2026-04-06 13:55,2026-04-06,531,531,528.1,528.1,10
BHCL,1min,1775463218,2026-04-06 13:58,2026-04-06,528.1,531,528.1,531,110
BHCL,1min,1775463240,2026-04-06 13:59,2026-04-06,531,532,531,532,729
BHCL,1min,1775463348,2026-04-06 14:00,2026-04-06,532,532,531,531.9,48
BHCL,1min,1775463361,2026-04-06 14:01,2026-04-06,531.9,531.9,530,530,10
BHCL,1min,1775463475,2026-04-06 14:02,2026-04-06,530,530,530,530,10
BHCL,1min,1775463575,2026-04-06 14:04,2026-04-06,530,532.9,530,532.9,1180
BHCL,1min,1775463648,2026-04-06 14:05,2026-04-06,532.9,535,532,535,90
BHCL,1min,1775463816,2026-04-06 14:08,2026-04-06,535,537.5,535,537.5,770
BHCL,1min,1775464008,2026-04-06 14:11,2026-04-06,537.5,537.5,536.9,536.9,20
BHCL,1min,1775464067,2026-04-06 14:12,2026-04-06,536.9,537.5,536.9,537.5,20
BHCL,1min,1775464115,2026-04-06 14:13,2026-04-06,537.5,537.5,537,537,30
BHCL,1min,1775464340,2026-04-06 14:17,2026-04-06,537,538,537,538,100
BHCL,1min,1775464541,2026-04-06 14:20,2026-04-06,538,538,535,535,10
BHCL,1min,1775464605,2026-04-06 14:21,2026-04-06,535,536,535,536,0
BHCL,1min,1775464669,2026-04-06 14:22,2026-04-06,536,538,536,538,1000
BHCL,1min,1775464738,2026-04-06 14:23,2026-04-06,538,538.9,538,538.9,510
BHCL,1min,1775464801,2026-04-06 14:25,2026-04-06,538.9,538.9,536,536,850
BHCL,1min,1775464965,2026-04-06 14:27,2026-04-06,536,539.9,536,539.9,200
BHCL,1min,1775465073,2026-04-06 14:29,2026-04-06,539.9,540,539.3,539.3,270
BHCL,1min,1775465119,2026-04-06 14:30,2026-04-06,539.3,539.3,539.3,539.3,20
BHCL,1min,1775465204,2026-04-06 14:31,2026-04-06,539.3,544.5,539.3,544.5,830
BHCL,1min,1775465254,2026-04-06 14:32,2026-04-06,544.5,544.5,540,540.1,20
BHCL,1min,1775465318,2026-04-06 14:33,2026-04-06,540.1,540.1,540,540,500
BHCL,1min,1775465344,2026-04-06 14:34,2026-04-06,540,540,540,540,10
BHCL,1min,1775465453,2026-04-06 14:35,2026-04-06,540,540,539,539,440
BHCL,1min,1775465516,2026-04-06 14:36,2026-04-06,539,539.1,537,537,1160
BHCL,1min,1775465625,2026-04-06 14:38,2026-04-06,537,537,536,536,430
BHCL,1min,1775465691,2026-04-06 14:39,2026-04-06,536,536,532,532,2520
BHCL,1min,1775465728,2026-04-06 14:40,2026-04-06,532,532,532,532,50
BHCL,1min,1775465794,2026-04-06 14:41,2026-04-06,532,532.1,532,532.1,10
BHCL,1min,1775465964,2026-04-06 14:44,2026-04-06,532.1,533,532.1,533,135
BHCL,1min,1775466015,2026-04-06 14:45,2026-04-06,533,533,532.1,532.1,10
BHCL,1min,1775466081,2026-04-06 14:46,2026-04-06,532.1,532.1,532.1,532.1,100
BHCL,1min,1775466171,2026-04-06 14:47,2026-04-06,532.1,532.1,532.1,532.1,20
BHCL,1min,1775466217,2026-04-06 14:48,2026-04-06,532.1,534,532.1,532.1,100
BHCL,1min,1775466299,2026-04-06 14:49,2026-04-06,532.1,533,532.1,533,20
BHCL,1min,1775466355,2026-04-06 14:50,2026-04-06,533,534,532.5,532.5,210
BHCL,1min,1775466396,2026-04-06 14:51,2026-04-06,532.5,532.5,532,532,2010
BHCL,1min,1775466475,2026-04-06 14:52,2026-04-06,532,534,532,532.1,230
BHCL,1min,1775466527,2026-04-06 14:53,2026-04-06,532.1,532.1,532.1,532.1,30
BHCL,1min,1775466577,2026-04-06 14:54,2026-04-06,532.1,533,532.1,533,55
BHCL,1min,1775466659,2026-04-06 14:55,2026-04-06,533,533,532,532,1940
BHCL,1min,1775466687,2026-04-06 14:56,2026-04-06,532,533,532,533,320
BHCL,1min,1775466770,2026-04-06 14:57,2026-04-06,533,533,526.1,526.1,1710
BHCL,1min,1775466828,2026-04-06 14:58,2026-04-06,526.1,526.2,526.1,526.2,20
BHCL,1min,1775466899,2026-04-06 14:59,2026-04-06,526.2,533,526.2,533,698
BHCL,1min,1775538900,2026-04-07 11:00,2026-04-07,533,533,533,533,0
BHCL,1min,1775539015,2026-04-07 11:01,2026-04-07,533,550,533,550,130
BHCL,1min,1775539032,2026-04-07 11:02,2026-04-07,550,550,550,550,20
BHCL,1min,1775539135,2026-04-07 11:03,2026-04-07,550,550,539.1,539.1,0
BHCL,1min,1775539171,2026-04-07 11:04,2026-04-07,539.1,539.1,539.1,539.1,110
BHCL,1min,1775539233,2026-04-07 11:05,2026-04-07,539.1,540,539.1,540,195
BHCL,1min,1775539313,2026-04-07 11:06,2026-04-07,540,543,539,540,370
BHCL,1min,1775539356,2026-04-07 11:07,2026-04-07,540,540,539.1,540,70
BHCL,1min,1775539428,2026-04-07 11:08,2026-04-07,540,540,540,540,10
BHCL,1min,1775539468,2026-04-07 11:09,2026-04-07,540,540,540,540,150
BHCL,1min,1775539517,2026-04-07 11:10,2026-04-07,540,540,539,539,90
BHCL,1min,1775539597,2026-04-07 11:11,2026-04-07,539,540.2,537,537,310
BHCL,1min,1775539669,2026-04-07 11:12,2026-04-07,537,539,537,539,20
BHCL,1min,1775539726,2026-04-07 11:13,2026-04-07,539,539,530.1,530.1,285
BHCL,1min,1775539890,2026-04-07 11:16,2026-04-07,530.1,530.2,530.1,530.2,0
BHCL,1min,1775539973,2026-04-07 11:17,2026-04-07,530.2,537.9,530.2,537.9,310
BHCL,1min,1775540037,2026-04-07 11:18,2026-04-07,537.9,537.9,531.6,531.6,10
BHCL,1min,1775540084,2026-04-07 11:19,2026-04-07,531.6,536,531.6,536,10
BHCL,1min,1775540147,2026-04-07 11:20,2026-04-07,536,537.9,536,537.9,754
BHCL,1min,1775540171,2026-04-07 11:21,2026-04-07,537.9,538,537.9,538,10
BHCL,1min,1775540454,2026-04-07 11:25,2026-04-07,538,540,538,540,0
BHCL,1min,1775540504,2026-04-07 11:26,2026-04-07,540,540,537,537,76
BHCL,1min,1775540575,2026-04-07 11:27,2026-04-07,537,538,537,538,70
BHCL,1min,1775540624,2026-04-07 11:28,2026-04-07,538,540,538,540,92
BHCL,1min,1775540695,2026-04-07 11:29,2026-04-07,540,540,538.1,540,210
BHCL,1min,1775540811,2026-04-07 11:31,2026-04-07,540,540,540,540,20
BHCL,1min,1775540911,2026-04-07 11:33,2026-04-07,540,540,538.2,540,10
BHCL,1min,1775540953,2026-04-07 11:34,2026-04-07,540,540.1,540,540.1,100
BHCL,1min,1775541152,2026-04-07 11:37,2026-04-07,540.1,540.1,538.3,538.3,510
BHCL,1min,1775541211,2026-04-07 11:38,2026-04-07,538.3,540,538.3,540,330
BHCL,1min,1775541296,2026-04-07 11:39,2026-04-07,540,540,538.6,538.6,205
BHCL,1min,1775541378,2026-04-07 11:41,2026-04-07,538.6,540,538.3,538.3,120
BHCL,1min,1775541645,2026-04-07 11:45,2026-04-07,538.3,538.8,538.3,538.8,20
BHCL,1min,1775541711,2026-04-07 11:46,2026-04-07,538.8,538.8,538.3,538.3,468
BHCL,1min,1775541804,2026-04-07 11:48,2026-04-07,538.3,540,538.2,540,30
BHCL,1min,1775541857,2026-04-07 11:49,2026-04-07,540,540,538.3,538.3,10
BHCL,1min,1775542064,2026-04-07 11:52,2026-04-07,538.3,539,538.3,539,0
BHCL,1min,1775542082,2026-04-07 11:53,2026-04-07,539,539,539,539,0
BHCL,1min,1775542208,2026-04-07 11:55,2026-04-07,539,539,538.6,538.6,550
BHCL,1min,1775542312,2026-04-07 11:56,2026-04-07,538.6,538.6,538.3,538.3,273
BHCL,1min,1775542341,2026-04-07 11:57,2026-04-07,538.3,538.3,538.2,538.3,200
BHCL,1min,1775542411,2026-04-07 11:58,2026-04-07,538.3,538.3,538.3,538.3,300
BHCL,1min,1775542496,2026-04-07 11:59,2026-04-07,538.3,538.4,538,538,590
BHCL,1min,1775542549,2026-04-07 12:00,2026-04-07,538,540,538,540,390
BHCL,1min,1775542581,2026-04-07 12:01,2026-04-07,540,540,540,540,430
BHCL,1min,1775542636,2026-04-07 12:02,2026-04-07,540,540,537.2,537.2,15
BHCL,1min,1775542885,2026-04-07 12:06,2026-04-07,537.2,537.5,537.2,537.5,10
BHCL,1min,1775543022,2026-04-07 12:08,2026-04-07,537.5,537.6,537.5,537.6,0
BHCL,1min,1775543084,2026-04-07 12:09,2026-04-07,537.6,539,537.6,539,30
BHCL,1min,1775543105,2026-04-07 12:10,2026-04-07,539,539,537.6,537.6,10
BHCL,1min,1775543210,2026-04-07 12:11,2026-04-07,537.6,538,537.6,538,50
BHCL,1min,1775543288,2026-04-07 12:13,2026-04-07,538,538.1,538,538.1,10
BHCL,1min,1775543567,2026-04-07 12:17,2026-04-07,538.1,538.1,537.7,537.7,252
BHCL,1min,1775543625,2026-04-07 12:18,2026-04-07,537.7,537.8,537.7,537.8,100
BHCL,1min,1775543693,2026-04-07 12:19,2026-04-07,537.8,538,537.6,538,520
BHCL,1min,1775543748,2026-04-07 12:20,2026-04-07,538,538,538,538,10
BHCL,1min,1775543813,2026-04-07 12:21,2026-04-07,538,538,538,538,10
BHCL,1min,1775543870,2026-04-07 12:22,2026-04-07,538,538.1,538,538.1,10
BHCL,1min,1775543977,2026-04-07 12:24,2026-04-07,538.1,538.1,538,538,0
BHCL,1min,1775544114,2026-04-07 12:26,2026-04-07,538,538,537.3,537.3,80
BHCL,1min,1775544170,2026-04-07 12:27,2026-04-07,537.3,537.3,534,534,1050
BHCL,1min,1775544198,2026-04-07 12:28,2026-04-07,534,534,534,534,50
BHCL,1min,1775544351,2026-04-07 12:30,2026-04-07,534,534,532.2,532.2,69
BHCL,1min,1775544419,2026-04-07 12:31,2026-04-07,532.2,532.2,532.2,532.2,38
BHCL,1min,1775544469,2026-04-07 12:32,2026-04-07,532.2,532.2,530.2,530.2,1510
BHCL,1min,1775544534,2026-04-07 12:33,2026-04-07,530.2,530.2,530.1,530.1,10
BHCL,1min,1775544547,2026-04-07 12:34,2026-04-07,530.1,530.1,530.1,530.1,0
BHCL,1min,1775544770,2026-04-07 12:37,2026-04-07,530.1,530.2,530.1,530.2,122
BHCL,1min,1775544827,2026-04-07 12:38,2026-04-07,530.2,530.2,530.2,530.2,0
BHCL,1min,1775544924,2026-04-07 12:40,2026-04-07,530.2,535,530.2,535,91
BHCL,1min,1775544990,2026-04-07 12:41,2026-04-07,535,535,535,535,47
BHCL,1min,1775545190,2026-04-07 12:44,2026-04-07,535,535,532.1,532.1,250
BHCL,1min,1775545215,2026-04-07 12:45,2026-04-07,532.1,534,532,532,64
BHCL,1min,1775545269,2026-04-07 12:46,2026-04-07,532,532,532,532,10
BHCL,1min,1775545363,2026-04-07 12:47,2026-04-07,532,532,531.5,531.5,10
BHCL,1min,1775545427,2026-04-07 12:48,2026-04-07,531.5,533.7,531.5,533.7,148
BHCL,1min,1775545554,2026-04-07 12:50,2026-04-07,533.7,533.7,531.7,531.7,100
BHCL,1min,1775545614,2026-04-07 12:51,2026-04-07,531.7,534,531.7,534,83
BHCL,1min,1775545646,2026-04-07 12:52,2026-04-07,534,534,532,532,10
BHCL,1min,1775545819,2026-04-07 12:55,2026-04-07,532,532,532,532,20
BHCL,1min,1775545917,2026-04-07 12:56,2026-04-07,532,532,532,532,0
BHCL,1min,1775545942,2026-04-07 12:57,2026-04-07,532,532,532,532,90
BHCL,1min,1775546095,2026-04-07 12:59,2026-04-07,532,532,531,531,10
BHCL,1min,1775546110,2026-04-07 13:00,2026-04-07,531,531,530.7,530.7,150
BHCL,1min,1775546216,2026-04-07 13:01,2026-04-07,530.7,530.7,530.5,530.5,180
BHCL,1min,1775546236,2026-04-07 13:02,2026-04-07,530.5,530.5,530,530,900
BHCL,1min,1775546349,2026-04-07 13:04,2026-04-07,530,530,530,530,10
BHCL,1min,1775546428,2026-04-07 13:05,2026-04-07,530,530.7,530,530,20
BHCL,1min,1775546481,2026-04-07 13:06,2026-04-07,530,530,530,530,10
BHCL,1min,1775546620,2026-04-07 13:08,2026-04-07,530,530.5,530,530.5,210
BHCL,1min,1775546758,2026-04-07 13:10,2026-04-07,530.5,530.5,530,530,500
BHCL,1min,1775546937,2026-04-07 13:13,2026-04-07,530,530.2,530,530.2,20
BHCL,1min,1775546980,2026-04-07 13:14,2026-04-07,530.2,530.2,530.2,530.2,10
BHCL,1min,1775547106,2026-04-07 13:16,2026-04-07,530.2,531,530.2,531,30
BHCL,1min,1775547447,2026-04-07 13:22,2026-04-07,531,531,531,531,10
BHCL,1min,1775547511,2026-04-07 13:23,2026-04-07,531,531,531,531,10
BHCL,1min,1775547654,2026-04-07 13:25,2026-04-07,531,531,530.1,530.1,69
BHCL,1min,1775547758,2026-04-07 13:27,2026-04-07,530.1,530.1,530.1,530.1,10
BHCL,1min,1775547893,2026-04-07 13:29,2026-04-07,530.1,530.1,530.1,530.1,91
BHCL,1min,1775547937,2026-04-07 13:30,2026-04-07,530.1,530.1,530.1,530.1,39
BHCL,1min,1775548044,2026-04-07 13:32,2026-04-07,530.1,530.1,530.1,530.1,20
BHCL,1min,1775548103,2026-04-07 13:33,2026-04-07,530.1,530.1,530,530,70
BHCL,1min,1775548191,2026-04-07 13:34,2026-04-07,530,530,530,530,20
BHCL,1min,1775548296,2026-04-07 13:36,2026-04-07,530,531,530,530.1,25
BHCL,1min,1775548373,2026-04-07 13:37,2026-04-07,530.1,530.1,530.1,530.1,10
BHCL,1min,1775548403,2026-04-07 13:38,2026-04-07,530.1,530.2,530.1,530.2,10
BHCL,1min,1775548547,2026-04-07 13:40,2026-04-07,530.2,534,530.2,530.4,100
BHCL,1min,1775548590,2026-04-07 13:41,2026-04-07,530.4,534,530.4,534,58
BHCL,1min,1775548677,2026-04-07 13:42,2026-04-07,534,539,534,539,160
BHCL,1min,1775548850,2026-04-07 13:45,2026-04-07,539,539.9,539,539.9,40
BHCL,1min,1775548898,2026-04-07 13:46,2026-04-07,539.9,540,539.9,540,200
BHCL,1min,1775548938,2026-04-07 13:47,2026-04-07,540,540,532.5,532.5,110
BHCL,1min,1775549061,2026-04-07 13:49,2026-04-07,532.5,539.9,532.5,539.9,100
BHCL,1min,1775549236,2026-04-07 13:52,2026-04-07,539.9,539.9,534.5,534.5,10
BHCL,1min,1775549298,2026-04-07 13:53,2026-04-07,534.5,534.5,534.5,534.5,10
BHCL,1min,1775549366,2026-04-07 13:54,2026-04-07,534.5,534.5,534,534,10
BHCL,1min,1775549457,2026-04-07 13:55,2026-04-07,534,534,534,534,20
BHCL,1min,1775549605,2026-04-07 13:58,2026-04-07,534,534.1,534,534.1,0
BHCL,1min,1775549783,2026-04-07 14:01,2026-04-07,534.1,535,534.1,535,20
BHCL,1min,1775549893,2026-04-07 14:03,2026-04-07,535,535,534.1,534.1,10
BHCL,1min,1775550049,2026-04-07 14:05,2026-04-07,534.1,534.1,534,534,200
BHCL,1min,1775550118,2026-04-07 14:06,2026-04-07,534,534,534,534,10
BHCL,1min,1775550289,2026-04-07 14:09,2026-04-07,534,534,534,534,0
BHCL,1min,1775550336,2026-04-07 14:10,2026-04-07,534,534,534,534,20
BHCL,1min,1775550411,2026-04-07 14:11,2026-04-07,534,534,534,534,10
BHCL,1min,1775550461,2026-04-07 14:12,2026-04-07,534,534,534,534,20
BHCL,1min,1775550571,2026-04-07 14:14,2026-04-07,534,534,534,534,50
BHCL,1min,1775550602,2026-04-07 14:15,2026-04-07,534,534,534,534,10
BHCL,1min,1775550696,2026-04-07 14:16,2026-04-07,534,534,534,534,30
BHCL,1min,1775550730,2026-04-07 14:17,2026-04-07,534,534,532.6,532.6,10
BHCL,1min,1775550780,2026-04-07 14:18,2026-04-07,532.6,532.6,532.5,532.5,239
BHCL,1min,1775550952,2026-04-07 14:20,2026-04-07,532.5,533,532.5,532.5,270
BHCL,1min,1775551025,2026-04-07 14:22,2026-04-07,532.5,532.5,532.2,532.2,10
BHCL,1min,1775551196,2026-04-07 14:24,2026-04-07,532.2,532.2,532.2,532.2,210
BHCL,1min,1775551258,2026-04-07 14:25,2026-04-07,532.2,532.2,532.2,532.2,20
BHCL,1min,1775551436,2026-04-07 14:28,2026-04-07,532.2,533,532.2,533,10
BHCL,1min,1775551607,2026-04-07 14:31,2026-04-07,533,533,532.2,532.2,195
BHCL,1min,1775551661,2026-04-07 14:32,2026-04-07,532.2,532.2,532.2,532.2,25
BHCL,1min,1775551720,2026-04-07 14:33,2026-04-07,532.2,532.2,532,532,110
BHCL,1min,1775551797,2026-04-07 14:34,2026-04-07,532,532,532,532,40
BHCL,1min,1775551839,2026-04-07 14:35,2026-04-07,532,532,530.1,530.1,511
BHCL,1min,1775551883,2026-04-07 14:36,2026-04-07,530.1,530.1,530,530,10
BHCL,1min,1775551978,2026-04-07 14:37,2026-04-07,530,530.1,530,530.1,10
BHCL,1min,1775552088,2026-04-07 14:39,2026-04-07,530.1,530.1,530.1,530.1,30
BHCL,1min,1775552159,2026-04-07 14:40,2026-04-07,530.1,530.1,530,530,60
BHCL,1min,1775552194,2026-04-07 14:41,2026-04-07,530,530,530,530,10
BHCL,1min,1775552261,2026-04-07 14:42,2026-04-07,530,530.1,530,530.1,705
BHCL,1min,1775552295,2026-04-07 14:43,2026-04-07,530.1,530.1,530.1,530.1,140
BHCL,1min,1775552348,2026-04-07 14:44,2026-04-07,530.1,530.2,530.1,530.2,0
BHCL,1min,1775552525,2026-04-07 14:47,2026-04-07,530.2,530.2,528.3,528.3,20
BHCL,1min,1775552626,2026-04-07 14:48,2026-04-07,528.3,528.3,528,528,430
BHCL,1min,1775552692,2026-04-07 14:49,2026-04-07,528,533,528,533,1209
BHCL,1min,1775552841,2026-04-07 14:52,2026-04-07,533,533,528.2,528.2,100
BHCL,1min,1775552898,2026-04-07 14:53,2026-04-07,528.2,528.2,528.2,528.2,10
BHCL,1min,1775552980,2026-04-07 14:54,2026-04-07,528.2,528.2,528.2,528.2,10
BHCL,1min,1775553037,2026-04-07 14:55,2026-04-07,528.2,528.3,528.2,528.3,20
BHCL,1min,1775553133,2026-04-07 14:57,2026-04-07,528.3,529,528.3,529,100
BHCL,1min,1775553231,2026-04-07 14:58,2026-04-07,529,529.1,529,529,20
BHCL,1min,1775553299,2026-04-07 14:59,2026-04-07,529,532,529,529.1,110
BHCL,1min,1775625496,2026-04-08 11:03,2026-04-08,531,531,531,531,10
BHCL,1min,1775625671,2026-04-08 11:06,2026-04-08,531,535,531,535,30
BHCL,1min,1775625772,2026-04-08 11:07,2026-04-08,535,538.7,535,538.7,140
BHCL,1min,1775625804,2026-04-08 11:08,2026-04-08,538.7,538.7,538.7,538.7,100
BHCL,1min,1775625865,2026-04-08 11:09,2026-04-08,538.7,538.7,538.7,538.7,750
BHCL,1min,1775625950,2026-04-08 11:10,2026-04-08,538.7,538.7,536,536,30
BHCL,1min,1775625986,2026-04-08 11:11,2026-04-08,536,538,536,538,0
BHCL,1min,1775626069,2026-04-08 11:12,2026-04-08,538,538,538,538,190
BHCL,1min,1775626105,2026-04-08 11:13,2026-04-08,538,538,538,538,380
BHCL,1min,1775626199,2026-04-08 11:14,2026-04-08,538,538.8,538,538.8,40
BHCL,1min,1775626285,2026-04-08 11:16,2026-04-08,538.8,538.8,538.8,538.8,100
BHCL,1min,1775626369,2026-04-08 11:17,2026-04-08,538.8,538.8,536,536,30
BHCL,1min,1775626498,2026-04-08 11:19,2026-04-08,536,536,536,536,10
BHCL,1min,1775626662,2026-04-08 11:22,2026-04-08,536,538,536,538,765
BHCL,1min,1775626736,2026-04-08 11:23,2026-04-08,538,538,538,538,210
BHCL,1min,1775626777,2026-04-08 11:24,2026-04-08,538,538,536.1,536.1,20
BHCL,1min,1775626858,2026-04-08 11:25,2026-04-08,536.1,538.7,536.1,538.7,680
BHCL,1min,1775626919,2026-04-08 11:26,2026-04-08,538.7,538.7,536.1,536.1,0
BHCL,1min,1775626936,2026-04-08 11:27,2026-04-08,536.1,536.1,536,536,20
BHCL,1min,1775627012,2026-04-08 11:28,2026-04-08,536,536,536,536,10
BHCL,1min,1775627066,2026-04-08 11:29,2026-04-08,536,538.8,536,538.8,10
BHCL,1min,1775627191,2026-04-08 11:31,2026-04-08,538.8,538.8,538.8,538.8,150
BHCL,1min,1775627251,2026-04-08 11:32,2026-04-08,538.8,538.8,536.2,536.2,10
BHCL,1min,1775627303,2026-04-08 11:33,2026-04-08,536.2,536.2,536.2,536.2,10
BHCL,1min,1775627444,2026-04-08 11:35,2026-04-08,536.2,536.2,536.1,536.1,10
BHCL,1min,1775627516,2026-04-08 11:36,2026-04-08,536.1,536.1,536.1,536.1,0
BHCL,1min,1775627540,2026-04-08 11:37,2026-04-08,536.1,537,536.1,537,20
BHCL,1min,1775627636,2026-04-08 11:38,2026-04-08,537,537,536.1,536.1,10
BHCL,1min,1775627691,2026-04-08 11:39,2026-04-08,536.1,536.1,536,536,0
BHCL,1min,1775627936,2026-04-08 11:43,2026-04-08,536,536,532,532,550
BHCL,1min,1775628232,2026-04-08 11:48,2026-04-08,532,532,532,532,60
BHCL,1min,1775628277,2026-04-08 11:49,2026-04-08,532,532,532,532,20
BHCL,1min,1775628348,2026-04-08 11:50,2026-04-08,532,532.2,532,532.2,20
BHCL,1min,1775628470,2026-04-08 11:52,2026-04-08,532.2,532.3,532.2,532.3,0
BHCL,1min,1775628539,2026-04-08 11:53,2026-04-08,532.3,536,532.3,532.3,40
BHCL,1min,1775628575,2026-04-08 11:54,2026-04-08,532.3,537,532.3,532.4,20
BHCL,1min,1775628612,2026-04-08 11:55,2026-04-08,532.4,535.5,532.4,532.4,210
BHCL,1min,1775628812,2026-04-08 11:58,2026-04-08,532.4,532.5,532.4,532.5,10
BHCL,1min,1775628880,2026-04-08 11:59,2026-04-08,532.5,533,532.5,533,20
BHCL,1min,1775629059,2026-04-08 12:02,2026-04-08,533,533.9,533,533.9,10
BHCL,1min,1775629117,2026-04-08 12:03,2026-04-08,533.9,533.9,533,533,20
BHCL,1min,1775629180,2026-04-08 12:04,2026-04-08,533,534,533,533,30
BHCL,1min,1775629239,2026-04-08 12:05,2026-04-08,533,535,533,535,20
BHCL,1min,1775629302,2026-04-08 12:06,2026-04-08,535,535,535,535,20
BHCL,1min,1775629371,2026-04-08 12:07,2026-04-08,535,537,535,537,20
BHCL,1min,1775629422,2026-04-08 12:08,2026-04-08,537,537,537,537,0
BHCL,1min,1775629490,2026-04-08 12:09,2026-04-08,537,538,537,538,130
BHCL,1min,1775629558,2026-04-08 12:10,2026-04-08,538,538.5,538,538,189
BHCL,1min,1775629597,2026-04-08 12:11,2026-04-08,538,538,535.4,535.4,10
BHCL,1min,1775629670,2026-04-08 12:12,2026-04-08,535.4,535.4,535,535,420
BHCL,1min,1775629727,2026-04-08 12:13,2026-04-08,535,535,535,535,280
BHCL,1min,1775629907,2026-04-08 12:16,2026-04-08,535,540,535,539,1568
BHCL,1min,1775629966,2026-04-08 12:17,2026-04-08,539,540,539,540,660
BHCL,1min,1775630085,2026-04-08 12:19,2026-04-08,540,540,537.1,537.1,10
BHCL,1min,1775630192,2026-04-08 12:21,2026-04-08,537.1,537.1,537.1,537.1,10
BHCL,1min,1775630240,2026-04-08 12:22,2026-04-08,537.1,537.1,537.1,537.1,10
BHCL,1min,1775630334,2026-04-08 12:23,2026-04-08,537.1,541,537.1,541,908
BHCL,1min,1775630363,2026-04-08 12:24,2026-04-08,541,541,537.2,537.2,0
BHCL,1min,1775630436,2026-04-08 12:25,2026-04-08,537.2,541.6,537.2,541.6,175
BHCL,1min,1775630471,2026-04-08 12:26,2026-04-08,541.6,541.6,541.6,541.6,10
BHCL,1min,1775630692,2026-04-08 12:29,2026-04-08,541.6,545.7,541.6,545.7,400
BHCL,1min,1775630732,2026-04-08 12:30,2026-04-08,545.7,549,545.7,549,1960
BHCL,1min,1775630810,2026-04-08 12:31,2026-04-08,549,549,547.8,547.8,20
BHCL,1min,1775630877,2026-04-08 12:32,2026-04-08,547.8,549.4,545.7,545.7,590
BHCL,1min,1775630991,2026-04-08 12:34,2026-04-08,545.7,545.7,542,542,0
BHCL,1min,1775631182,2026-04-08 12:38,2026-04-08,542,546,542,546,110
BHCL,1min,1775631274,2026-04-08 12:39,2026-04-08,546,546,543.4,543.4,10
BHCL,1min,1775631307,2026-04-08 12:40,2026-04-08,543.4,545,543.4,545,20
BHCL,1min,1775631383,2026-04-08 12:41,2026-04-08,545,545,544,545,300
BHCL,1min,1775631428,2026-04-08 12:42,2026-04-08,545,545,545,545,510
BHCL,1min,1775631536,2026-04-08 12:43,2026-04-08,545,548,545,548,110
BHCL,1min,1775631596,2026-04-08 12:44,2026-04-08,548,552,548,552,1890
BHCL,1min,1775631649,2026-04-08 12:45,2026-04-08,552,552.4,552,552.4,200
BHCL,1min,1775631686,2026-04-08 12:46,2026-04-08,552.4,556,552.4,555.9,1210
BHCL,1min,1775631777,2026-04-08 12:47,2026-04-08,555.9,558.7,554.9,558.7,299
BHCL,1min,1775631828,2026-04-08 12:48,2026-04-08,558.7,558.7,558,558,350
BHCL,1min,1775631893,2026-04-08 12:49,2026-04-08,558,558,552,552,1160
BHCL,1min,1775631917,2026-04-08 12:50,2026-04-08,552,552,552,552,300
BHCL,1min,1775632077,2026-04-08 12:52,2026-04-08,552,553,552,553,0
BHCL,1min,1775632129,2026-04-08 12:53,2026-04-08,553,557,553,557,490
BHCL,1min,1775632177,2026-04-08 12:54,2026-04-08,557,557,557,557,761
BHCL,1min,1775632251,2026-04-08 12:55,2026-04-08,557,557,553.4,557,1110
BHCL,1min,1775632354,2026-04-08 12:57,2026-04-08,557,557,557,557,60
BHCL,1min,1775632419,2026-04-08 12:58,2026-04-08,557,557,554.2,554.2,150
BHCL,1min,1775632499,2026-04-08 12:59,2026-04-08,554.2,557,554.2,557,20
BHCL,1min,1775632668,2026-04-08 13:02,2026-04-08,557,557,554,554,1045
BHCL,1min,1775632714,2026-04-08 13:03,2026-04-08,554,555,554,555,120
BHCL,1min,1775632774,2026-04-08 13:04,2026-04-08,555,555,555,555,20
BHCL,1min,1775632853,2026-04-08 13:05,2026-04-08,555,557.6,555,557.6,250
BHCL,1min,1775632877,2026-04-08 13:06,2026-04-08,557.6,557.9,557.6,557.9,680
BHCL,1min,1775632936,2026-04-08 13:07,2026-04-08,557.9,557.9,557,557,0
BHCL,1min,1775633018,2026-04-08 13:08,2026-04-08,557,557,553.6,553.6,920
BHCL,1min,1775633065,2026-04-08 13:09,2026-04-08,553.6,555,553.6,553.6,420
BHCL,1min,1775633151,2026-04-08 13:10,2026-04-08,553.6,553.6,552,552,681
BHCL,1min,1775633272,2026-04-08 13:12,2026-04-08,552,552,550,550,585
BHCL,1min,1775633333,2026-04-08 13:13,2026-04-08,550,553,545,553,1980
BHCL,1min,1775633373,2026-04-08 13:14,2026-04-08,553,553,553,553,100
BHCL,1min,1775633512,2026-04-08 13:16,2026-04-08,553,553,552.9,553,0
BHCL,1min,1775633551,2026-04-08 13:17,2026-04-08,553,554,553,554,379
BHCL,1min,1775633631,2026-04-08 13:18,2026-04-08,554,554.5,554,554.5,20
BHCL,1min,1775633649,2026-04-08 13:19,2026-04-08,554.5,555,554.5,555,140
BHCL,1min,1775633750,2026-04-08 13:20,2026-04-08,555,555,555,555,30
BHCL,1min,1775633786,2026-04-08 13:21,2026-04-08,555,555,555,555,520
BHCL,1min,1775633876,2026-04-08 13:22,2026-04-08,555,556,554,554,1300
BHCL,1min,1775633899,2026-04-08 13:23,2026-04-08,554,556,554,556,0
BHCL,1min,1775633954,2026-04-08 13:24,2026-04-08,556,558,556,558,2545
BHCL,1min,1775634117,2026-04-08 13:26,2026-04-08,558,558,555,555,10
BHCL,1min,1775634172,2026-04-08 13:27,2026-04-08,555,557.9,555,557.9,110
BHCL,1min,1775634204,2026-04-08 13:28,2026-04-08,557.9,560,557,557,0
BHCL,1min,1775634281,2026-04-08 13:29,2026-04-08,557,560,557,560,3794
BHCL,1min,1775634311,2026-04-08 13:30,2026-04-08,560,562,560,562,500
BHCL,1min,1775634361,2026-04-08 13:31,2026-04-08,562,562,560,560,410
BHCL,1min,1775634444,2026-04-08 13:32,2026-04-08,560,561.9,560,561.9,10
BHCL,1min,1775634521,2026-04-08 13:33,2026-04-08,561.9,561.9,560,560,100
BHCL,1min,1775634647,2026-04-08 13:35,2026-04-08,560,560,560,560,678
BHCL,1min,1775634690,2026-04-08 13:36,2026-04-08,560,560,560,560,30
BHCL,1min,1775634734,2026-04-08 13:37,2026-04-08,560,560,560,560,90
BHCL,1min,1775634796,2026-04-08 13:38,2026-04-08,560,561.5,560,561.5,10
BHCL,1min,1775634862,2026-04-08 13:39,2026-04-08,561.5,561.5,557.3,557.3,10
BHCL,1min,1775634913,2026-04-08 13:40,2026-04-08,557.3,557.4,557.3,557.4,0
BHCL,1min,1775635012,2026-04-08 13:41,2026-04-08,557.4,560,557.4,560,40
BHCL,1min,1775635078,2026-04-08 13:42,2026-04-08,560,561.4,560,561.4,650
BHCL,1min,1775635126,2026-04-08 13:43,2026-04-08,561.4,561.4,560,560,570
BHCL,1min,1775635195,2026-04-08 13:44,2026-04-08,560,561,560,561,0
BHCL,1min,1775635258,2026-04-08 13:45,2026-04-08,561,561,557.6,557.6,1072
BHCL,1min,1775635374,2026-04-08 13:47,2026-04-08,557.6,557.6,557,557,1355
BHCL,1min,1775635559,2026-04-08 13:50,2026-04-08,557,557,555.5,555.5,200
BHCL,1min,1775635616,2026-04-08 13:51,2026-04-08,555.5,555.5,555,555,1645
BHCL,1min,1775635678,2026-04-08 13:52,2026-04-08,555,555,554,554,83
BHCL,1min,1775635733,2026-04-08 13:53,2026-04-08,554,555,554,555,66
BHCL,1min,1775635933,2026-04-08 13:57,2026-04-08,555,555,554,554,10
BHCL,1min,1775636029,2026-04-08 13:58,2026-04-08,554,554.1,554,554.1,70
BHCL,1min,1775636081,2026-04-08 13:59,2026-04-08,554.1,556,554.1,556,592
BHCL,1min,1775636207,2026-04-08 14:01,2026-04-08,556,557,556,556.1,30
BHCL,1min,1775636273,2026-04-08 14:02,2026-04-08,556.1,557,556.1,556.1,30
BHCL,1min,1775636286,2026-04-08 14:03,2026-04-08,556.1,556.1,556.1,556.1,10
BHCL,1min,1775636366,2026-04-08 14:04,2026-04-08,556.1,556.1,556.1,556.1,0
BHCL,1min,1775636413,2026-04-08 14:05,2026-04-08,556.1,558,556.1,558,30
BHCL,1min,1775636600,2026-04-08 14:08,2026-04-08,558,559.8,556.5,559.8,160
BHCL,1min,1775636735,2026-04-08 14:10,2026-04-08,559.8,559.8,556.5,556.5,20
BHCL,1min,1775636788,2026-04-08 14:11,2026-04-08,556.5,556.5,556.5,556.5,10
BHCL,1min,1775636860,2026-04-08 14:12,2026-04-08,556.5,556.5,556.5,556.5,50
BHCL,1min,1775636994,2026-04-08 14:14,2026-04-08,556.5,556.5,556,556,50
BHCL,1min,1775637040,2026-04-08 14:15,2026-04-08,556,556,554.1,554.1,510
BHCL,1min,1775637071,2026-04-08 14:16,2026-04-08,554.1,556,554.1,556,10
BHCL,1min,1775637144,2026-04-08 14:17,2026-04-08,556,557,556,557,0
BHCL,1min,1775637235,2026-04-08 14:18,2026-04-08,557,557,555,555,29
BHCL,1min,1775637294,2026-04-08 14:19,2026-04-08,555,555,555,555,30
BHCL,1min,1775637392,2026-04-08 14:21,2026-04-08,555,555,555,555,10
BHCL,1min,1775637434,2026-04-08 14:22,2026-04-08,555,555.1,555,555.1,500
BHCL,1min,1775637592,2026-04-08 14:24,2026-04-08,555.1,555.2,555.1,555.2,40
BHCL,1min,1775637621,2026-04-08 14:25,2026-04-08,555.2,555.2,555.2,555.2,10
BHCL,1min,1775637680,2026-04-08 14:26,2026-04-08,555.2,555.2,555.2,555.2,150
BHCL,1min,1775637770,2026-04-08 14:27,2026-04-08,555.2,555.2,555.1,555.1,380
BHCL,1min,1775637828,2026-04-08 14:28,2026-04-08,555.1,555.1,555.1,555.1,120
BHCL,1min,1775637899,2026-04-08 14:29,2026-04-08,555.1,555.1,554.2,554.2,450
BHCL,1min,1775637935,2026-04-08 14:30,2026-04-08,554.2,555,554.2,555,200
BHCL,1min,1775638069,2026-04-08 14:32,2026-04-08,555,555,554,554,810
BHCL,1min,1775638123,2026-04-08 14:33,2026-04-08,554,555,554,555,10
BHCL,1min,1775638164,2026-04-08 14:34,2026-04-08,555,555.1,555,555.1,40
BHCL,1min,1775638297,2026-04-08 14:36,2026-04-08,555.1,555.5,555.1,555.5,0
BHCL,1min,1775638345,2026-04-08 14:37,2026-04-08,555.5,555.5,555.5,555.5,10
BHCL,1min,1775638422,2026-04-08 14:38,2026-04-08,555.5,558,555.5,558,20
BHCL,1min,1775638494,2026-04-08 14:39,2026-04-08,558,560,558,560,430
BHCL,1min,1775638515,2026-04-08 14:40,2026-04-08,560,560,558.1,560,616
BHCL,1min,1775638618,2026-04-08 14:41,2026-04-08,560,560,558.3,558.3,10
BHCL,1min,1775638664,2026-04-08 14:42,2026-04-08,558.3,558.5,558.3,558.5,10
BHCL,1min,1775638791,2026-04-08 14:44,2026-04-08,558.5,560,558.5,560,854
BHCL,1min,1775638845,2026-04-08 14:45,2026-04-08,560,561.3,560,560,540
BHCL,1min,1775638862,2026-04-08 14:46,2026-04-08,560,561.3,560,561.3,70
BHCL,1min,1775638933,2026-04-08 14:47,2026-04-08,561.3,561.5,560.1,561.5,250
BHCL,1min,1775639023,2026-04-08 14:48,2026-04-08,561.5,561.5,560.1,560.1,74
BHCL,1min,1775639075,2026-04-08 14:49,2026-04-08,560.1,561,560.1,561,123
BHCL,1min,1775639103,2026-04-08 14:50,2026-04-08,561,561,561,561,636
BHCL,1min,1775639196,2026-04-08 14:51,2026-04-08,561,561,560.1,561,165
BHCL,1min,1775639268,2026-04-08 14:52,2026-04-08,561,561,561,561,0
BHCL,1min,1775639307,2026-04-08 14:53,2026-04-08,561,561,561,561,184
BHCL,1min,1775639365,2026-04-08 14:54,2026-04-08,561,561,560,560,500
BHCL,1min,1775639456,2026-04-08 14:55,2026-04-08,560,560,560,560,120
BHCL,1min,1775639498,2026-04-08 14:56,2026-04-08,560,561.1,560,561.1,60
BHCL,1min,1775639553,2026-04-08 14:57,2026-04-08,561.1,561.1,560,560.1,30
BHCL,1min,1775639639,2026-04-08 14:58,2026-04-08,560.1,560.1,560,560,184
BHCL,1min,1775639699,2026-04-08 14:59,2026-04-08,560,563,560,563,1256
BHCL,1min,1775711700,2026-04-09 11:00,2026-04-09,574,574,574,574,0
BHCL,1min,1775711779,2026-04-09 11:01,2026-04-09,574,574,570,570,30
BHCL,1min,1775711840,2026-04-09 11:02,2026-04-09,570,572,570,572,460
BHCL,1min,1775711939,2026-04-09 11:03,2026-04-09,572,572,570,570,550
BHCL,1min,1775712163,2026-04-09 11:07,2026-04-09,570,570,566,567,97
BHCL,1min,1775712215,2026-04-09 11:08,2026-04-09,567,567,565,565,65
BHCL,1min,1775712265,2026-04-09 11:09,2026-04-09,565,565,563.4,563.4,200
BHCL,1min,1775712328,2026-04-09 11:10,2026-04-09,563.4,563.4,563.3,563.3,55
BHCL,1min,1775712430,2026-04-09 11:12,2026-04-09,563.3,563.4,563.3,563.4,60
BHCL,1min,1775712664,2026-04-09 11:16,2026-04-09,563.4,567,563.4,567,13
BHCL,1min,1775712754,2026-04-09 11:17,2026-04-09,567,567,567,567,10
BHCL,1min,1775712835,2026-04-09 11:18,2026-04-09,567,573,567,573,1283
BHCL,1min,1775712898,2026-04-09 11:19,2026-04-09,573,574,572,572,667
BHCL,1min,1775712946,2026-04-09 11:20,2026-04-09,572,573.1,572,573.1,20
BHCL,1min,1775713000,2026-04-09 11:21,2026-04-09,573.1,580,573.1,579,420
BHCL,1min,1775713066,2026-04-09 11:22,2026-04-09,579,579,576,576.1,20
BHCL,1min,1775713123,2026-04-09 11:23,2026-04-09,576.1,579,575,575,1520
BHCL,1min,1775713180,2026-04-09 11:24,2026-04-09,575,575,575,575,161
BHCL,1min,1775713248,2026-04-09 11:25,2026-04-09,575,575,572,572,927
BHCL,1min,1775713313,2026-04-09 11:26,2026-04-09,572,575,572,574,472
BHCL,1min,1775713413,2026-04-09 11:28,2026-04-09,574,574,573,573.2,90
BHCL,1min,1775713451,2026-04-09 11:29,2026-04-09,573.2,575,573.2,575,140
BHCL,1min,1775713558,2026-04-09 11:30,2026-04-09,575,575,575,575,0
BHCL,1min,1775713609,2026-04-09 11:31,2026-04-09,575,575.1,575,575.1,10
BHCL,1min,1775713670,2026-04-09 11:32,2026-04-09,575.1,586.5,575.1,586.5,1960
BHCL,1min,1775713693,2026-04-09 11:33,2026-04-09,586.5,586.5,586.5,586.5,2700
BHCL,1min,1775713785,2026-04-09 11:34,2026-04-09,586.5,586.5,586,586,17
BHCL,1min,1775713811,2026-04-09 11:35,2026-04-09,586,586.5,586,586.5,10
BHCL,1min,1775713968,2026-04-09 11:37,2026-04-09,586.5,586.5,578,585.9,780
BHCL,1min,1775714032,2026-04-09 11:38,2026-04-09,585.9,586,580,580,547
BHCL,1min,1775714074,2026-04-09 11:39,2026-04-09,580,581,580,581,60
BHCL,1min,1775714135,2026-04-09 11:40,2026-04-09,581,584.9,581,583,95
BHCL,1min,1775714199,2026-04-09 11:41,2026-04-09,583,583,580,580,180
BHCL,1min,1775714247,2026-04-09 11:42,2026-04-09,580,584.8,579,579,480
BHCL,1min,1775714408,2026-04-09 11:45,2026-04-09,579,579.1,579,579.1,90
BHCL,1min,1775714492,2026-04-09 11:46,2026-04-09,579.1,584.8,579.1,583,180
BHCL,1min,1775714577,2026-04-09 11:47,2026-04-09,583,585,583,585,363
BHCL,1min,1775714622,2026-04-09 11:48,2026-04-09,585,585,581,581,10
BHCL,1min,1775714691,2026-04-09 11:49,2026-04-09,581,581,581,581,80
BHCL,1min,1775714757,2026-04-09 11:50,2026-04-09,581,585,581,585,0
BHCL,1min,1775714814,2026-04-09 11:51,2026-04-09,585,585,585,585,637
BHCL,1min,1775714831,2026-04-09 11:52,2026-04-09,585,586,585,585.9,350
BHCL,1min,1775714982,2026-04-09 11:54,2026-04-09,585.9,585.9,582.3,582.5,110
BHCL,1min,1775715052,2026-04-09 11:55,2026-04-09,582.5,582.5,582.3,582.3,50
BHCL,1min,1775715115,2026-04-09 11:56,2026-04-09,582.3,582.3,582.2,582.2,895
BHCL,1min,1775715152,2026-04-09 11:57,2026-04-09,582.2,582.2,582.2,582.2,725
BHCL,1min,1775715199,2026-04-09 11:58,2026-04-09,582.2,583,580.2,583,1365
BHCL,1min,1775715279,2026-04-09 11:59,2026-04-09,583,583,583,583,930
BHCL,1min,1775715345,2026-04-09 12:00,2026-04-09,583,583,580.2,580.2,20
BHCL,1min,1775715419,2026-04-09 12:01,2026-04-09,580.2,581,580.2,581,20
BHCL,1min,1775715449,2026-04-09 12:02,2026-04-09,581,583,581,583,500
BHCL,1min,1775715504,2026-04-09 12:03,2026-04-09,583,586,582,586,1200
BHCL,1min,1775715544,2026-04-09 12:04,2026-04-09,586,586,583,583,10
BHCL,1min,1775715637,2026-04-09 12:05,2026-04-09,583,583,583,583,20
BHCL,1min,1775715694,2026-04-09 12:06,2026-04-09,583,585,583,585,100
BHCL,1min,1775715834,2026-04-09 12:08,2026-04-09,585,585,585,585,0
BHCL,1min,1775715878,2026-04-09 12:09,2026-04-09,585,585,583,583,1600
BHCL,1min,1775715937,2026-04-09 12:10,2026-04-09,583,584,583,584,220
BHCL,1min,1775715993,2026-04-09 12:11,2026-04-09,584,584,583,583,10
BHCL,1min,1775716052,2026-04-09 12:12,2026-04-09,583,584,581.1,584,1138
BHCL,1min,1775716123,2026-04-09 12:13,2026-04-09,584,584,583,583,10
BHCL,1min,1775716249,2026-04-09 12:15,2026-04-09,583,585,583,585,0
BHCL,1min,1775716301,2026-04-09 12:16,2026-04-09,585,585,583.1,584,130
BHCL,1min,1775716352,2026-04-09 12:17,2026-04-09,584,585.9,584,585.9,582
BHCL,1min,1775716434,2026-04-09 12:18,2026-04-09,585.9,585.9,585,585,750
BHCL,1min,1775716473,2026-04-09 12:19,2026-04-09,585,586.5,585,586,590
BHCL,1min,1775716519,2026-04-09 12:20,2026-04-09,586,586,584,584,10
BHCL,1min,1775716594,2026-04-09 12:21,2026-04-09,584,587,584,587,1320
BHCL,1min,1775716670,2026-04-09 12:22,2026-04-09,587,587,585.3,585.3,300
BHCL,1min,1775716728,2026-04-09 12:23,2026-04-09,585.3,587,585.3,587,338
BHCL,1min,1775716771,2026-04-09 12:24,2026-04-09,587,590,587,590,70
BHCL,1min,1775716847,2026-04-09 12:25,2026-04-09,590,590,590,590,1130
BHCL,1min,1775716907,2026-04-09 12:26,2026-04-09,590,590,590,590,248
BHCL,1min,1775716968,2026-04-09 12:27,2026-04-09,590,590,589,589.9,700
BHCL,1min,1775716994,2026-04-09 12:28,2026-04-09,589.9,589.9,587,587,155
BHCL,1min,1775717103,2026-04-09 12:30,2026-04-09,587,587,587,587,1000
BHCL,1min,1775717215,2026-04-09 12:31,2026-04-09,587,588,586,588,3200
BHCL,1min,1775717259,2026-04-09 12:32,2026-04-09,588,588,585,585,123
BHCL,1min,1775717336,2026-04-09 12:33,2026-04-09,585,586,582.2,582.2,1110
BHCL,1min,1775717369,2026-04-09 12:34,2026-04-09,582.2,582.2,582.2,582.2,20
BHCL,1min,1775717443,2026-04-09 12:35,2026-04-09,582.2,582.2,582,582,1047
BHCL,1min,1775717467,2026-04-09 12:36,2026-04-09,582,582,582,582,800
BHCL,1min,1775717557,2026-04-09 12:37,2026-04-09,582,582,580.1,580.1,123
BHCL,1min,1775717613,2026-04-09 12:38,2026-04-09,580.1,580.1,579.5,579.5,2797
BHCL,1min,1775717688,2026-04-09 12:39,2026-04-09,579.5,580,571,571,9584
BHCL,1min,1775717777,2026-04-09 12:41,2026-04-09,571,580,571,580,10
BHCL,1min,1775717871,2026-04-09 12:42,2026-04-09,580,584,580,584,110
BHCL,1min,1775717963,2026-04-09 12:44,2026-04-09,584,584,580,580,10
BHCL,1min,1775718084,2026-04-09 12:46,2026-04-09,580,580,580,580,20
BHCL,1min,1775718162,2026-04-09 12:47,2026-04-09,580,585,580,585,1000
BHCL,1min,1775718288,2026-04-09 12:49,2026-04-09,585,585,579,579,800
BHCL,1min,1775718471,2026-04-09 12:52,2026-04-09,579,579,576.1,579,510
BHCL,1min,1775718517,2026-04-09 12:53,2026-04-09,579,579,577,577,530
BHCL,1min,1775718580,2026-04-09 12:54,2026-04-09,577,584.6,577,584.6,0
BHCL,1min,1775718696,2026-04-09 12:56,2026-04-09,584.6,584.6,581,581,20
BHCL,1min,1775718799,2026-04-09 12:58,2026-04-09,581,581,581,581,20
BHCL,1min,1775718911,2026-04-09 13:00,2026-04-09,581,582,581,582,35
BHCL,1min,1775719002,2026-04-09 13:01,2026-04-09,582,582.5,581,582.5,80
BHCL,1min,1775719056,2026-04-09 13:02,2026-04-09,582.5,582.5,579.5,582.5,90
BHCL,1min,1775719449,2026-04-09 13:09,2026-04-09,582.5,583,582.5,583,100
BHCL,1min,1775719606,2026-04-09 13:11,2026-04-09,583,583,580,580,275
BHCL,1min,1775719767,2026-04-09 13:14,2026-04-09,580,580,580,580,25
BHCL,1min,1775719855,2026-04-09 13:15,2026-04-09,580,580,580,580,20
BHCL,1min,1775719876,2026-04-09 13:16,2026-04-09,580,580,579.5,579.5,280
BHCL,1min,1775720027,2026-04-09 13:18,2026-04-09,579.5,579.5,578.5,578.5,21
BHCL,1min,1775720212,2026-04-09 13:21,2026-04-09,578.5,578.6,578.5,578.6,10
BHCL,1min,1775720325,2026-04-09 13:23,2026-04-09,578.6,578.6,577,577,700
BHCL,1min,1775720359,2026-04-09 13:24,2026-04-09,577,577,577,577,180
BHCL,1min,1775720458,2026-04-09 13:25,2026-04-09,577,577,576.5,576.5,640
BHCL,1min,1775720496,2026-04-09 13:26,2026-04-09,576.5,576.5,576,576,200
BHCL,1min,1775720564,2026-04-09 13:27,2026-04-09,576,576,575,576,810
BHCL,1min,1775720627,2026-04-09 13:28,2026-04-09,576,576,576,576,10
BHCL,1min,1775720682,2026-04-09 13:29,2026-04-09,576,576,576,576,20
BHCL,1min,1775720838,2026-04-09 13:32,2026-04-09,576,576,576,576,10
BHCL,1min,1775720930,2026-04-09 13:33,2026-04-09,576,577,574,577,280
BHCL,1min,1775720955,2026-04-09 13:34,2026-04-09,577,577,577,577,50
BHCL,1min,1775721018,2026-04-09 13:35,2026-04-09,577,577,574,574,90
BHCL,1min,1775721176,2026-04-09 13:37,2026-04-09,574,576,574,575,110
BHCL,1min,1775721197,2026-04-09 13:38,2026-04-09,575,575,574,574,0
BHCL,1min,1775721284,2026-04-09 13:39,2026-04-09,574,574,574,574,20
BHCL,1min,1775721336,2026-04-09 13:40,2026-04-09,574,574,574,574,110
BHCL,1min,1775721462,2026-04-09 13:42,2026-04-09,574,576,574,576,200
BHCL,1min,1775721497,2026-04-09 13:43,2026-04-09,576,576,576,576,400
BHCL,1min,1775721704,2026-04-09 13:46,2026-04-09,576,576,574.1,574.1,10
BHCL,1min,1775721741,2026-04-09 13:47,2026-04-09,574.1,575,574.1,575,20
BHCL,1min,1775721841,2026-04-09 13:49,2026-04-09,575,575,575,575,0
BHCL,1min,1775721912,2026-04-09 13:50,2026-04-09,575,575,575,575,60
BHCL,1min,1775721968,2026-04-09 13:51,2026-04-09,575,575,575,575,10
BHCL,1min,1775722316,2026-04-09 13:56,2026-04-09,575,575,575,575,60
BHCL,1min,1775722374,2026-04-09 13:57,2026-04-09,575,575,575,575,40
BHCL,1min,1775722418,2026-04-09 13:58,2026-04-09,575,575,574.5,574.5,70
BHCL,1min,1775722494,2026-04-09 13:59,2026-04-09,574.5,574.5,574.5,574.5,10
BHCL,1min,1775722559,2026-04-09 14:00,2026-04-09,574.5,574.5,573,573,1040
BHCL,1min,1775722662,2026-04-09 14:02,2026-04-09,573,573,572.6,572.6,100
BHCL,1min,1775722690,2026-04-09 14:03,2026-04-09,572.6,572.6,572.5,572.5,70
BHCL,1min,1775722793,2026-04-09 14:04,2026-04-09,572.5,572.5,572.1,572.5,50
BHCL,1min,1775722804,2026-04-09 14:05,2026-04-09,572.5,572.5,572.5,572.5,0
BHCL,1min,1775722907,2026-04-09 14:06,2026-04-09,572.5,572.6,572.5,572.6,210
BHCL,1min,1775722955,2026-04-09 14:07,2026-04-09,572.6,574,572.6,573.1,430
BHCL,1min,1775723021,2026-04-09 14:08,2026-04-09,573.1,574.5,572.1,572.1,1445
BHCL,1min,1775723114,2026-04-09 14:10,2026-04-09,572.1,573,572.1,573,10
BHCL,1min,1775723277,2026-04-09 14:12,2026-04-09,573,573.1,573,573.1,10
BHCL,1min,1775723396,2026-04-09 14:14,2026-04-09,573.1,574,573,574,210
BHCL,1min,1775723454,2026-04-09 14:15,2026-04-09,574,575,574,575,340
BHCL,1min,1775723517,2026-04-09 14:16,2026-04-09,575,576,575,576,540
BHCL,1min,1775723578,2026-04-09 14:17,2026-04-09,576,577,576,577,60
BHCL,1min,1775723617,2026-04-09 14:18,2026-04-09,577,577.9,577,577,20
BHCL,1min,1775723718,2026-04-09 14:20,2026-04-09,577,577.5,577,577.5,10
BHCL,1min,1775723873,2026-04-09 14:22,2026-04-09,577.5,577.5,577,577,20
BHCL,1min,1775724096,2026-04-09 14:26,2026-04-09,577,578,577,578,280
BHCL,1min,1775724161,2026-04-09 14:27,2026-04-09,578,578,577,577,10
BHCL,1min,1775724207,2026-04-09 14:28,2026-04-09,577,578,577,578,700
BHCL,1min,1775724293,2026-04-09 14:29,2026-04-09,578,579,578,579,130
BHCL,1min,1775724315,2026-04-09 14:30,2026-04-09,579,579,579,579,860
BHCL,1min,1775724444,2026-04-09 14:32,2026-04-09,579,579,578,578,410
BHCL,1min,1775724527,2026-04-09 14:33,2026-04-09,578,578,577.2,577.2,20
BHCL,1min,1775724630,2026-04-09 14:35,2026-04-09,577.2,577.2,577.2,577.2,10
BHCL,1min,1775724763,2026-04-09 14:37,2026-04-09,577.2,577.2,577.2,577.2,10
BHCL,1min,1775724828,2026-04-09 14:38,2026-04-09,577.2,578.9,577.2,577.2,100
BHCL,1min,1775724856,2026-04-09 14:39,2026-04-09,577.2,577.2,577.2,577.2,0
BHCL,1min,1775724954,2026-04-09 14:40,2026-04-09,577.2,577.2,577.2,577.2,125
BHCL,1min,1775725010,2026-04-09 14:41,2026-04-09,577.2,577.2,577.1,577.2,510
BHCL,1min,1775725043,2026-04-09 14:42,2026-04-09,577.2,578,577.2,578,0
BHCL,1min,1775725137,2026-04-09 14:43,2026-04-09,578,578,577,577,630
BHCL,1min,1775725243,2026-04-09 14:45,2026-04-09,577,578,577,578,1000
BHCL,1min,1775725260,2026-04-09 14:46,2026-04-09,578,578,575.5,575.5,10
BHCL,1min,1775725379,2026-04-09 14:47,2026-04-09,575.5,575.5,575.5,575.5,20
BHCL,1min,1775725439,2026-04-09 14:48,2026-04-09,575.5,575.5,575.5,575.5,20
BHCL,1min,1775725483,2026-04-09 14:49,2026-04-09,575.5,575.5,575.5,575.5,40
BHCL,1min,1775725558,2026-04-09 14:50,2026-04-09,575.5,575.5,575.1,575.1,190
BHCL,1min,1775725611,2026-04-09 14:51,2026-04-09,575.1,575.1,575.1,575.1,50
BHCL,1min,1775725678,2026-04-09 14:52,2026-04-09,575.1,577,575.1,575.1,110
BHCL,1min,1775725737,2026-04-09 14:53,2026-04-09,575.1,575.1,575,575,390
BHCL,1min,1775725785,2026-04-09 14:54,2026-04-09,575,575,574.9,574.9,35
BHCL,1min,1775725849,2026-04-09 14:55,2026-04-09,574.9,576,574.9,576,228
BHCL,1min,1775725897,2026-04-09 14:56,2026-04-09,576,576,575,575,1000
BHCL,1min,1775725971,2026-04-09 14:57,2026-04-09,575,575,575,575,132
BHCL,1min,1775726012,2026-04-09 14:58,2026-04-09,575,575,573.6,573.6,70
BHCL,1min,1775726099,2026-04-09 14:59,2026-04-09,573.6,574,573.6,574,1234
BHCL,1min,1775798256,2026-04-10 11:02,2026-04-10,580,580,580,580,10
BHCL,1min,1775798459,2026-04-10 11:05,2026-04-10,580,580,571,571,190
BHCL,1min,1775798495,2026-04-10 11:06,2026-04-10,571,571,571,571,20
BHCL,1min,1775798811,2026-04-10 11:11,2026-04-10,571,571.4,571,571.4,0
BHCL,1min,1775798876,2026-04-10 11:12,2026-04-10,571.4,571.4,571.4,571.4,30
BHCL,1min,1775799043,2026-04-10 11:15,2026-04-10,571.4,572,571.4,571.6,1184
BHCL,1min,1775799107,2026-04-10 11:16,2026-04-10,571.6,571.6,571.5,571.5,130
BHCL,1min,1775799126,2026-04-10 11:17,2026-04-10,571.5,571.5,571.5,571.5,0
BHCL,1min,1775799184,2026-04-10 11:18,2026-04-10,571.5,583,571.5,583,3550
BHCL,1min,1775799291,2026-04-10 11:19,2026-04-10,583,583,571.6,571.6,20
BHCL,1min,1775799451,2026-04-10 11:22,2026-04-10,571.6,571.8,571.6,571.7,213
BHCL,1min,1775799523,2026-04-10 11:23,2026-04-10,571.7,574,571.6,574,188
BHCL,1min,1775799613,2026-04-10 11:25,2026-04-10,574,574,571.6,571.6,60
BHCL,1min,1775799689,2026-04-10 11:26,2026-04-10,571.6,578.8,571.6,578.8,10
BHCL,1min,1775799724,2026-04-10 11:27,2026-04-10,578.8,578.8,578.8,578.8,0
BHCL,1min,1775799828,2026-04-10 11:28,2026-04-10,578.8,578.8,572,572,90
BHCL,1min,1775799976,2026-04-10 11:31,2026-04-10,572,578,572,578,534
BHCL,1min,1775800033,2026-04-10 11:32,2026-04-10,578,579,578,579,110
BHCL,1min,1775800139,2026-04-10 11:33,2026-04-10,579,579,572.3,572.3,1010
BHCL,1min,1775800181,2026-04-10 11:34,2026-04-10,572.3,579,572.3,579,0
BHCL,1min,1775800393,2026-04-10 11:38,2026-04-10,579,579,572.3,572.3,10
BHCL,1min,1775800574,2026-04-10 11:41,2026-04-10,572.3,572.3,572.3,572.3,20
BHCL,1min,1775800737,2026-04-10 11:43,2026-04-10,572.3,572.3,572.3,572.3,20
BHCL,1min,1775800848,2026-04-10 11:45,2026-04-10,572.3,575,572.3,575,100
BHCL,1min,1775800979,2026-04-10 11:47,2026-04-10,575,575,573,573,500
BHCL,1min,1775801012,2026-04-10 11:48,2026-04-10,573,575,572.3,575,60
BHCL,1min,1775801089,2026-04-10 11:49,2026-04-10,575,578.8,575,578.8,40
BHCL,1min,1775801177,2026-04-10 11:51,2026-04-10,578.8,578.8,572.3,572.3,10
BHCL,1min,1775801326,2026-04-10 11:53,2026-04-10,572.3,573.1,572.3,573.1,10
BHCL,1min,1775801395,2026-04-10 11:54,2026-04-10,573.1,573.1,573.1,573.1,10
BHCL,1min,1775801418,2026-04-10 11:55,2026-04-10,573.1,573.1,573.1,573.1,10
BHCL,1min,1775801555,2026-04-10 11:57,2026-04-10,573.1,573.1,573.1,573.1,10
BHCL,1min,1775801587,2026-04-10 11:58,2026-04-10,573.1,573.1,573.1,573.1,10
BHCL,1min,1775801676,2026-04-10 11:59,2026-04-10,573.1,575,573.1,575,330
BHCL,1min,1775801743,2026-04-10 12:00,2026-04-10,575,575,575,575,180
BHCL,1min,1775801863,2026-04-10 12:02,2026-04-10,575,575,573.5,573.5,10
BHCL,1min,1775801900,2026-04-10 12:03,2026-04-10,573.5,573.5,573.5,573.5,10
BHCL,1min,1775801985,2026-04-10 12:04,2026-04-10,573.5,573.5,573.1,573.1,90
BHCL,1min,1775802050,2026-04-10 12:05,2026-04-10,573.1,573.1,573,573,260
BHCL,1min,1775802175,2026-04-10 12:07,2026-04-10,573,573.1,573,573,820
BHCL,1min,1775802239,2026-04-10 12:08,2026-04-10,573,573,573,573,20
BHCL,1min,1775802353,2026-04-10 12:10,2026-04-10,573,573,573,573,0
BHCL,1min,1775802421,2026-04-10 12:12,2026-04-10,573,573,573,573,20
BHCL,1min,1775802516,2026-04-10 12:13,2026-04-10,573,573,573,573,60
BHCL,1min,1775802590,2026-04-10 12:14,2026-04-10,573,573,571,571,620
BHCL,1min,1775802652,2026-04-10 12:15,2026-04-10,571,571,570,570,1212
BHCL,1min,1775802687,2026-04-10 12:16,2026-04-10,570,570,570,570,100
BHCL,1min,1775802738,2026-04-10 12:17,2026-04-10,570,570,570,570,230
BHCL,1min,1775802832,2026-04-10 12:18,2026-04-10,570,570,566,566,1435
BHCL,1min,1775802898,2026-04-10 12:19,2026-04-10,566,566,563.1,563.1,245
BHCL,1min,1775802952,2026-04-10 12:20,2026-04-10,563.1,563.1,561,561,965
BHCL,1min,1775803006,2026-04-10 12:21,2026-04-10,561,561.2,561,561.2,800
BHCL,1min,1775803027,2026-04-10 12:22,2026-04-10,561.2,561.2,561,561,0
BHCL,1min,1775803132,2026-04-10 12:23,2026-04-10,561,561.2,561,561,2053
BHCL,1min,1775803180,2026-04-10 12:24,2026-04-10,561,561,560.6,560.6,20
BHCL,1min,1775803253,2026-04-10 12:25,2026-04-10,560.6,560.6,560.6,560.6,10
BHCL,1min,1775803313,2026-04-10 12:26,2026-04-10,560.6,561,560,560.7,1179
BHCL,1min,1775803374,2026-04-10 12:27,2026-04-10,560.7,564,560.7,564,20
BHCL,1min,1775803429,2026-04-10 12:28,2026-04-10,564,566,561.1,566,120
BHCL,1min,1775803608,2026-04-10 12:31,2026-04-10,566,566,563.3,563.3,690
BHCL,1min,1775803672,2026-04-10 12:32,2026-04-10,563.3,566,563.3,566,80
BHCL,1min,1775803841,2026-04-10 12:35,2026-04-10,566,566,566,566,10
BHCL,1min,1775803906,2026-04-10 12:36,2026-04-10,566,566,566,566,20
BHCL,1min,1775803967,2026-04-10 12:37,2026-04-10,566,566,566,566,60
BHCL,1min,1775803987,2026-04-10 12:38,2026-04-10,566,566,563.5,563.5,10
BHCL,1min,1775804163,2026-04-10 12:41,2026-04-10,563.5,563.5,563.5,563.5,10
BHCL,1min,1775804257,2026-04-10 12:42,2026-04-10,563.5,563.5,563.1,563.1,230
BHCL,1min,1775804307,2026-04-10 12:43,2026-04-10,563.1,563.5,563.1,563.5,660
BHCL,1min,1775804390,2026-04-10 12:44,2026-04-10,563.5,563.5,563.5,563.5,0
BHCL,1min,1775804420,2026-04-10 12:45,2026-04-10,563.5,563.5,561.3,561.3,1060
BHCL,1min,1775804512,2026-04-10 12:46,2026-04-10,561.3,563.5,561.3,563.5,320
BHCL,1min,1775804736,2026-04-10 12:50,2026-04-10,563.5,563.5,562.2,563,20
BHCL,1min,1775804851,2026-04-10 12:52,2026-04-10,563,564,563,563,178
BHCL,1min,1775804916,2026-04-10 12:53,2026-04-10,563,563,563,563,60
BHCL,1min,1775804952,2026-04-10 12:54,2026-04-10,563,565,563,565,285
BHCL,1min,1775805059,2026-04-10 12:55,2026-04-10,565,566,563,563,20
BHCL,1min,1775805115,2026-04-10 12:56,2026-04-10,563,563,563,563,200
BHCL,1min,1775805176,2026-04-10 12:57,2026-04-10,563,563.1,563,563.1,0
BHCL,1min,1775805271,2026-04-10 12:59,2026-04-10,563.1,563.1,563.1,563.1,20
BHCL,1min,1775805319,2026-04-10 13:00,2026-04-10,563.1,563.1,563.1,563.1,10
BHCL,1min,1775805400,2026-04-10 13:01,2026-04-10,563.1,563.1,563.1,563.1,10
BHCL,1min,1775805538,2026-04-10 13:03,2026-04-10,563.1,566,563.1,566,40
BHCL,1min,1775805597,2026-04-10 13:04,2026-04-10,566,567,566,567,120
BHCL,1min,1775805690,2026-04-10 13:06,2026-04-10,567,570,567,570,1000
BHCL,1min,1775805720,2026-04-10 13:07,2026-04-10,570,570,570,570,260
BHCL,1min,1775805925,2026-04-10 13:10,2026-04-10,570,570,565.2,565.2,0
BHCL,1min,1775806052,2026-04-10 13:12,2026-04-10,565.2,565.4,565.2,565.4,60
BHCL,1min,1775806113,2026-04-10 13:13,2026-04-10,565.4,566,565.4,566,30
BHCL,1min,1775806198,2026-04-10 13:14,2026-04-10,566,566,566,566,410
BHCL,1min,1775806287,2026-04-10 13:16,2026-04-10,566,566,566,566,1020
BHCL,1min,1775806374,2026-04-10 13:17,2026-04-10,566,566,565.1,566,500
BHCL,1min,1775806434,2026-04-10 13:18,2026-04-10,566,566,565.1,565.1,110
BHCL,1min,1775806474,2026-04-10 13:19,2026-04-10,565.1,566,565.1,566,400
BHCL,1min,1775806601,2026-04-10 13:21,2026-04-10,566,567.7,566,567.7,50
BHCL,1min,1775806661,2026-04-10 13:22,2026-04-10,567.7,567.7,565.1,565.1,90
BHCL,1min,1775806775,2026-04-10 13:24,2026-04-10,565.1,567.8,565.1,567.8,110
BHCL,1min,1775806845,2026-04-10 13:25,2026-04-10,567.8,568,567.8,568,220
BHCL,1min,1775806911,2026-04-10 13:26,2026-04-10,568,570,568,570,1230
BHCL,1min,1775807122,2026-04-10 13:30,2026-04-10,570,570,570,570,250
BHCL,1min,1775807202,2026-04-10 13:31,2026-04-10,570,570,568.1,568.2,68
BHCL,1min,1775807275,2026-04-10 13:32,2026-04-10,568.2,568.2,568.1,568.1,192
BHCL,1min,1775807330,2026-04-10 13:33,2026-04-10,568.1,570,568.1,568.1,510
BHCL,1min,1775807385,2026-04-10 13:34,2026-04-10,568.1,572,568.1,572,1809
BHCL,1min,1775807423,2026-04-10 13:35,2026-04-10,572,572,568.1,568.1,10
BHCL,1min,1775807463,2026-04-10 13:36,2026-04-10,568.1,568.1,568.1,568.1,0
BHCL,1min,1775807561,2026-04-10 13:37,2026-04-10,568.1,573,568.1,573,250
BHCL,1min,1775807609,2026-04-10 13:38,2026-04-10,573,573.9,573,573,190
BHCL,1min,1775807691,2026-04-10 13:39,2026-04-10,573,573,570.1,570.1,30
BHCL,1min,1775807749,2026-04-10 13:40,2026-04-10,570.1,570.1,570.1,570.1,10
BHCL,1min,1775807935,2026-04-10 13:43,2026-04-10,570.1,572.5,570.1,572.5,10
BHCL,1min,1775808045,2026-04-10 13:45,2026-04-10,572.5,572.5,570.1,570.1,20
BHCL,1min,1775808105,2026-04-10 13:46,2026-04-10,570.1,570.1,570.1,570.1,10
BHCL,1min,1775808238,2026-04-10 13:48,2026-04-10,570.1,573,570,570,230
BHCL,1min,1775808260,2026-04-10 13:49,2026-04-10,570,573.9,570,573.9,50
BHCL,1min,1775808331,2026-04-10 13:50,2026-04-10,573.9,573.9,570.1,570.1,0
BHCL,1min,1775808481,2026-04-10 13:53,2026-04-10,570.1,570.5,570.1,570.5,20
BHCL,1min,1775808681,2026-04-10 13:56,2026-04-10,570.5,570.6,570.5,570.6,0
BHCL,1min,1775808766,2026-04-10 13:57,2026-04-10,570.6,570.6,570,570,173
BHCL,1min,1775808836,2026-04-10 13:58,2026-04-10,570,570,567.9,567.9,1140
BHCL,1min,1775808864,2026-04-10 13:59,2026-04-10,567.9,567.9,566,566,10
BHCL,1min,1775808942,2026-04-10 14:00,2026-04-10,566,566,565,565,100
BHCL,1min,1775808964,2026-04-10 14:01,2026-04-10,565,566,565,566,10
BHCL,1min,1775809073,2026-04-10 14:02,2026-04-10,566,566,565.1,565.1,40
BHCL,1min,1775809249,2026-04-10 14:05,2026-04-10,565.1,566,565.1,566,110
BHCL,1min,1775809350,2026-04-10 14:07,2026-04-10,566,566,565.5,565.5,30
BHCL,1min,1775809476,2026-04-10 14:09,2026-04-10,565.5,568,565.5,568,30
BHCL,1min,1775809502,2026-04-10 14:10,2026-04-10,568,568,568,568,10
BHCL,1min,1775809732,2026-04-10 14:13,2026-04-10,568,568,568,568,10
BHCL,1min,1775809858,2026-04-10 14:15,2026-04-10,568,568,568,568,10
BHCL,1min,1775809907,2026-04-10 14:16,2026-04-10,568,568,568,568,10
BHCL,1min,1775809958,2026-04-10 14:17,2026-04-10,568,569,568,568,20
BHCL,1min,1775810039,2026-04-10 14:18,2026-04-10,568,568,568,568,10
BHCL,1min,1775810069,2026-04-10 14:19,2026-04-10,568,568,566.1,566.1,20
BHCL,1min,1775810278,2026-04-10 14:22,2026-04-10,566.1,566.1,566,566,50
BHCL,1min,1775810300,2026-04-10 14:23,2026-04-10,566,566,566,566,1080
BHCL,1min,1775810364,2026-04-10 14:24,2026-04-10,566,566,565.5,565.5,70
BHCL,1min,1775810516,2026-04-10 14:26,2026-04-10,565.5,565.5,565.1,565.1,20
BHCL,1min,1775810529,2026-04-10 14:27,2026-04-10,565.1,565.1,565.1,565.1,10
BHCL,1min,1775810633,2026-04-10 14:28,2026-04-10,565.1,565.1,565.1,565.1,10
BHCL,1min,1775810739,2026-04-10 14:30,2026-04-10,565.1,565.5,565.1,565.1,60
BHCL,1min,1775810879,2026-04-10 14:32,2026-04-10,565.1,565.1,565,565,600
BHCL,1min,1775810910,2026-04-10 14:33,2026-04-10,565,565,565,565,10
BHCL,1min,1775810961,2026-04-10 14:34,2026-04-10,565,565,565,565,10
BHCL,1min,1775811043,2026-04-10 14:35,2026-04-10,565,565.1,565,565.1,310
BHCL,1min,1775811101,2026-04-10 14:36,2026-04-10,565.1,567,565.1,565.1,230
BHCL,1min,1775811175,2026-04-10 14:37,2026-04-10,565.1,565.5,565.1,565.5,10
BHCL,1min,1775811292,2026-04-10 14:39,2026-04-10,565.5,565.5,565.5,565.5,10
BHCL,1min,1775811358,2026-04-10 14:40,2026-04-10,565.5,565.5,565,565,1820
BHCL,1min,1775811400,2026-04-10 14:41,2026-04-10,565,565,564,564,710
BHCL,1min,1775811478,2026-04-10 14:42,2026-04-10,564,564,563.4,563.4,355
BHCL,1min,1775811524,2026-04-10 14:43,2026-04-10,563.4,563.4,563.4,563.4,0
BHCL,1min,1775811556,2026-04-10 14:44,2026-04-10,563.4,564,563.4,563.4,130
BHCL,1min,1775811657,2026-04-10 14:45,2026-04-10,563.4,563.4,563.4,563.4,160
BHCL,1min,1775811765,2026-04-10 14:47,2026-04-10,563.4,563.4,562,562,0
BHCL,1min,1775811828,2026-04-10 14:48,2026-04-10,562,562,562,562,1606
BHCL,1min,1775811843,2026-04-10 14:49,2026-04-10,562,564.9,562,564.9,40
BHCL,1min,1775811938,2026-04-10 14:50,2026-04-10,564.9,564.9,562,564.9,20
BHCL,1min,1775812064,2026-04-10 14:52,2026-04-10,564.9,564.9,563.1,563.1,20
BHCL,1min,1775812135,2026-04-10 14:53,2026-04-10,563.1,563.1,561.3,561.3,1715
BHCL,1min,1775812197,2026-04-10 14:54,2026-04-10,561.3,561.3,560.1,561.3,2357
BHCL,1min,1775812246,2026-04-10 14:55,2026-04-10,561.3,561.3,560,561,1620
BHCL,1min,1775812300,2026-04-10 14:56,2026-04-10,561,565,560,560,255
BHCL,1min,1775812370,2026-04-10 14:57,2026-04-10,560,562,560,562,50
BHCL,1min,1775812425,2026-04-10 14:58,2026-04-10,562,562,562,562,290
BHCL,1min,1775812499,2026-04-10 14:59,2026-04-10,562,565,562,562,2297
BHCL,1min,1776057369,2026-04-13 11:01,2026-04-13,561.1,561.1,561.1,561.1,10
BHCL,1min,1776057460,2026-04-13 11:02,2026-04-13,561.1,561.1,561.1,561.1,110
BHCL,1min,1776057696,2026-04-13 11:06,2026-04-13,561.1,561.1,558,558,80
BHCL,1min,1776057744,2026-04-13 11:07,2026-04-13,558,562,558,562,100
BHCL,1min,1776057801,2026-04-13 11:08,2026-04-13,562,562,558,558,10
BHCL,1min,1776057854,2026-04-13 11:09,2026-04-13,558,562,558,562,10
BHCL,1min,1776057957,2026-04-13 11:10,2026-04-13,562,562,562,562,30
BHCL,1min,1776058010,2026-04-13 11:11,2026-04-13,562,565,558.2,565,220
BHCL,1min,1776058062,2026-04-13 11:12,2026-04-13,565,565,558.2,558.2,60
BHCL,1min,1776058121,2026-04-13 11:13,2026-04-13,558.2,568.7,558.2,568.7,20
BHCL,1min,1776058157,2026-04-13 11:14,2026-04-13,568.7,568.7,558.5,558.5,10
BHCL,1min,1776058366,2026-04-13 11:17,2026-04-13,558.5,565,558.5,565,20
BHCL,1min,1776058408,2026-04-13 11:18,2026-04-13,565,565,560,560,10
BHCL,1min,1776058452,2026-04-13 11:19,2026-04-13,560,565,560,565,10
BHCL,1min,1776058557,2026-04-13 11:20,2026-04-13,565,565,560.1,560.1,290
BHCL,1min,1776058575,2026-04-13 11:21,2026-04-13,560.1,560.1,560,560,20
BHCL,1min,1776058708,2026-04-13 11:23,2026-04-13,560,560.1,560,560.1,90
BHCL,1min,1776058788,2026-04-13 11:24,2026-04-13,560.1,560.1,560.1,560.1,170
BHCL,1min,1776058828,2026-04-13 11:25,2026-04-13,560.1,560.1,560,560,200
BHCL,1min,1776058905,2026-04-13 11:26,2026-04-13,560,560,559,559,20
BHCL,1min,1776058948,2026-04-13 11:27,2026-04-13,559,559,559,559,100
BHCL,1min,1776059027,2026-04-13 11:28,2026-04-13,559,559,559,559,10
BHCL,1min,1776059098,2026-04-13 11:29,2026-04-13,559,559,558.4,559,210
BHCL,1min,1776059136,2026-04-13 11:30,2026-04-13,559,559,558,558,129
BHCL,1min,1776059200,2026-04-13 11:31,2026-04-13,558,560,555.1,560,230
BHCL,1min,1776059264,2026-04-13 11:32,2026-04-13,560,560,556,556,60
BHCL,1min,1776059339,2026-04-13 11:33,2026-04-13,556,560,556,560,320
BHCL,1min,1776059398,2026-04-13 11:34,2026-04-13,560,561,560,560,580
BHCL,1min,1776059445,2026-04-13 11:35,2026-04-13,560,560,556,556,10
BHCL,1min,1776059466,2026-04-13 11:36,2026-04-13,556,556,556,556,10
BHCL,1min,1776059563,2026-04-13 11:37,2026-04-13,556,559,556,559,10
BHCL,1min,1776059698,2026-04-13 11:39,2026-04-13,559,560,559,560,233
BHCL,1min,1776059724,2026-04-13 11:40,2026-04-13,560,560,559,559,10
BHCL,1min,1776059923,2026-04-13 11:43,2026-04-13,559,559,559,559,10
BHCL,1min,1776059963,2026-04-13 11:44,2026-04-13,559,560,559,559,220
BHCL,1min,1776060057,2026-04-13 11:45,2026-04-13,559,559,559,559,10
BHCL,1min,1776060173,2026-04-13 11:47,2026-04-13,559,562,559,562,49
BHCL,1min,1776060366,2026-04-13 11:51,2026-04-13,562,564,562,564,230
BHCL,1min,1776060469,2026-04-13 11:52,2026-04-13,564,564,564,564,0
BHCL,1min,1776060532,2026-04-13 11:53,2026-04-13,564,565,564,565,1595
BHCL,1min,1776060559,2026-04-13 11:54,2026-04-13,565,565,564,564,20
BHCL,1min,1776060664,2026-04-13 11:56,2026-04-13,564,564,562,562,20
BHCL,1min,1776060808,2026-04-13 11:58,2026-04-13,562,562,562,562,10
BHCL,1min,1776060874,2026-04-13 11:59,2026-04-13,562,562,558.1,558.1,20
BHCL,1min,1776060921,2026-04-13 12:00,2026-04-13,558.1,558.2,558.1,558.2,20
BHCL,1min,1776061012,2026-04-13 12:01,2026-04-13,558.2,558.2,558.1,558.1,90
BHCL,1min,1776061075,2026-04-13 12:02,2026-04-13,558.1,558.2,558.1,558.2,20
BHCL,1min,1776061137,2026-04-13 12:03,2026-04-13,558.2,558.2,558.2,558.2,10
BHCL,1min,1776061170,2026-04-13 12:04,2026-04-13,558.2,558.2,556.6,556.6,1020
BHCL,1min,1776061206,2026-04-13 12:05,2026-04-13,556.6,556.6,556.5,556.5,10
BHCL,1min,1776061290,2026-04-13 12:06,2026-04-13,556.5,556.6,556.5,556.6,0
BHCL,1min,1776061436,2026-04-13 12:08,2026-04-13,556.6,560,556.6,556.7,20
BHCL,1min,1776061489,2026-04-13 12:09,2026-04-13,556.7,563,556.6,563,623
BHCL,1min,1776061599,2026-04-13 12:11,2026-04-13,563,563,557,557,10
BHCL,1min,1776061662,2026-04-13 12:12,2026-04-13,557,560,556.7,560,10
BHCL,1min,1776061723,2026-04-13 12:13,2026-04-13,560,560,556.7,556.7,40
BHCL,1min,1776061782,2026-04-13 12:14,2026-04-13,556.7,556.7,556.7,556.7,10
BHCL,1min,1776061858,2026-04-13 12:15,2026-04-13,556.7,556.7,556.5,556.5,560
BHCL,1min,1776061886,2026-04-13 12:16,2026-04-13,556.5,556.5,556.5,556.5,10
BHCL,1min,1776062037,2026-04-13 12:18,2026-04-13,556.5,556.7,556,556,750
BHCL,1min,1776062148,2026-04-13 12:20,2026-04-13,556,556,556,556,10
BHCL,1min,1776062199,2026-04-13 12:21,2026-04-13,556,556,556,556,40
BHCL,1min,1776062234,2026-04-13 12:22,2026-04-13,556,557,556,557,20
BHCL,1min,1776062301,2026-04-13 12:23,2026-04-13,557,557,557,557,10
BHCL,1min,1776062392,2026-04-13 12:24,2026-04-13,557,557,557,557,20
BHCL,1min,1776062559,2026-04-13 12:27,2026-04-13,557,565,557,565,300
BHCL,1min,1776062599,2026-04-13 12:28,2026-04-13,565,565,558,558,30
BHCL,1min,1776062678,2026-04-13 12:29,2026-04-13,558,558,558,558,70
BHCL,1min,1776062734,2026-04-13 12:30,2026-04-13,558,558,558,558,40
BHCL,1min,1776062776,2026-04-13 12:31,2026-04-13,558,560,558,558.1,310
BHCL,1min,1776062900,2026-04-13 12:33,2026-04-13,558.1,560,558.1,560,130
BHCL,1min,1776063169,2026-04-13 12:37,2026-04-13,560,560,559,559,10
BHCL,1min,1776063204,2026-04-13 12:38,2026-04-13,559,559,559,559,10
BHCL,1min,1776063539,2026-04-13 12:43,2026-04-13,559,559,559,559,30
BHCL,1min,1776063684,2026-04-13 12:46,2026-04-13,559,559,558.2,558.2,220
BHCL,1min,1776063750,2026-04-13 12:47,2026-04-13,558.2,558.2,558.1,558.1,10
BHCL,1min,1776063834,2026-04-13 12:48,2026-04-13,558.1,558.1,558.1,558.1,230
BHCL,1min,1776063864,2026-04-13 12:49,2026-04-13,558.1,558.1,557.2,558.1,35
BHCL,1min,1776063908,2026-04-13 12:50,2026-04-13,558.1,558.1,557,557,60
BHCL,1min,1776063967,2026-04-13 12:51,2026-04-13,557,557,557,557,850
BHCL,1min,1776064059,2026-04-13 12:52,2026-04-13,557,557,557,557,10
BHCL,1min,1776064159,2026-04-13 12:54,2026-04-13,557,557,557,557,10
BHCL,1min,1776064208,2026-04-13 12:55,2026-04-13,557,557,556.2,556.2,10
BHCL,1min,1776064313,2026-04-13 12:56,2026-04-13,556.2,556.2,556,556,1220
BHCL,1min,1776064427,2026-04-13 12:58,2026-04-13,556,556,556,556,810
BHCL,1min,1776064478,2026-04-13 12:59,2026-04-13,556,556,551,551,430
BHCL,1min,1776064519,2026-04-13 13:00,2026-04-13,551,551,550,550,2795
BHCL,1min,1776064702,2026-04-13 13:03,2026-04-13,550,550.3,550,550.3,10
BHCL,1min,1776064756,2026-04-13 13:04,2026-04-13,550.3,555,550.3,555,20
BHCL,1min,1776064854,2026-04-13 13:05,2026-04-13,555,555,550.3,551,50
BHCL,1min,1776064953,2026-04-13 13:07,2026-04-13,551,551,550.3,550.3,110
BHCL,1min,1776064986,2026-04-13 13:08,2026-04-13,550.3,555,550.3,555,150
BHCL,1min,1776065090,2026-04-13 13:09,2026-04-13,555,555,550.5,550.6,30
BHCL,1min,1776065137,2026-04-13 13:10,2026-04-13,550.6,551,550.6,551,40
BHCL,1min,1776065185,2026-04-13 13:11,2026-04-13,551,551,551,551,870
BHCL,1min,1776065286,2026-04-13 13:13,2026-04-13,551,551,551,551,20
BHCL,1min,1776065426,2026-04-13 13:15,2026-04-13,551,551,550.5,550.5,682
BHCL,1min,1776065489,2026-04-13 13:16,2026-04-13,550.5,551,550.5,551,10
BHCL,1min,1776065551,2026-04-13 13:17,2026-04-13,551,551,551,551,10
BHCL,1min,1776065612,2026-04-13 13:18,2026-04-13,551,551,551,551,20
BHCL,1min,1776065654,2026-04-13 13:19,2026-04-13,551,551,551,551,10
BHCL,1min,1776065802,2026-04-13 13:21,2026-04-13,551,555,551,555,90
BHCL,1min,1776065857,2026-04-13 13:22,2026-04-13,555,555,552.3,555,30
BHCL,1min,1776065935,2026-04-13 13:23,2026-04-13,555,555,552.4,552.4,20
BHCL,1min,1776065950,2026-04-13 13:24,2026-04-13,552.4,552.4,552.4,552.4,10
BHCL,1min,1776066053,2026-04-13 13:25,2026-04-13,552.4,552.7,552.4,552.7,10
BHCL,1min,1776066065,2026-04-13 13:26,2026-04-13,552.7,555,552.7,555,40
BHCL,1min,1776066160,2026-04-13 13:27,2026-04-13,555,555,553,553,280
BHCL,1min,1776066297,2026-04-13 13:29,2026-04-13,553,553.5,553,553.5,20
BHCL,1min,1776066316,2026-04-13 13:30,2026-04-13,553.5,553.6,553.5,553.6,10
BHCL,1min,1776066409,2026-04-13 13:31,2026-04-13,553.6,553.6,553.6,553.6,10
BHCL,1min,1776066468,2026-04-13 13:32,2026-04-13,553.6,553.6,553.6,553.6,0
BHCL,1min,1776066481,2026-04-13 13:33,2026-04-13,553.6,553.6,553.6,553.6,0
BHCL,1min,1776066581,2026-04-13 13:34,2026-04-13,553.6,553.7,553.6,553.7,20
BHCL,1min,1776066656,2026-04-13 13:35,2026-04-13,553.7,553.8,553.7,553.8,10
BHCL,1min,1776066697,2026-04-13 13:36,2026-04-13,553.8,555,553.8,555,30
BHCL,1min,1776066751,2026-04-13 13:37,2026-04-13,555,556,555,556,0
BHCL,1min,1776066816,2026-04-13 13:38,2026-04-13,556,556,556,556,30
BHCL,1min,1776066870,2026-04-13 13:39,2026-04-13,556,556.2,556,556,210
BHCL,1min,1776066942,2026-04-13 13:40,2026-04-13,556,556.5,556,556,210
BHCL,1min,1776067102,2026-04-13 13:43,2026-04-13,556,556,556,556,10
BHCL,1min,1776067165,2026-04-13 13:44,2026-04-13,556,556,556,556,515
BHCL,1min,1776067240,2026-04-13 13:45,2026-04-13,556,556,554,554,39
BHCL,1min,1776067494,2026-04-13 13:49,2026-04-13,554,554,553.9,553.9,110
BHCL,1min,1776067510,2026-04-13 13:50,2026-04-13,553.9,553.9,553.9,553.9,10
BHCL,1min,1776067664,2026-04-13 13:52,2026-04-13,553.9,553.9,553.9,553.9,20
BHCL,1min,1776067704,2026-04-13 13:53,2026-04-13,553.9,553.9,553.9,553.9,20
BHCL,1min,1776067763,2026-04-13 13:54,2026-04-13,553.9,555,553.9,555,40
BHCL,1min,1776067840,2026-04-13 13:55,2026-04-13,555,555,553.9,553.9,20
BHCL,1min,1776067903,2026-04-13 13:56,2026-04-13,553.9,553.9,553.9,553.9,20
BHCL,1min,1776067972,2026-04-13 13:57,2026-04-13,553.9,553.9,553.9,553.9,30
BHCL,1min,1776068028,2026-04-13 13:58,2026-04-13,553.9,553.9,553.9,553.9,370
BHCL,1min,1776068065,2026-04-13 13:59,2026-04-13,553.9,553.9,553.8,553.8,70
BHCL,1min,1776068139,2026-04-13 14:00,2026-04-13,553.8,555,553.8,555,1300
BHCL,1min,1776068219,2026-04-13 14:01,2026-04-13,555,555,551,551,2300
BHCL,1min,1776068318,2026-04-13 14:03,2026-04-13,551,555,551,552.1,0
BHCL,1min,1776068449,2026-04-13 14:05,2026-04-13,552.1,555,552.1,555,50
BHCL,1min,1776068570,2026-04-13 14:07,2026-04-13,555,555,552.1,555,140
BHCL,1min,1776068621,2026-04-13 14:08,2026-04-13,555,555,552.1,555,30
BHCL,1min,1776068703,2026-04-13 14:10,2026-04-13,555,555,554.9,554.9,10
BHCL,1min,1776068774,2026-04-13 14:11,2026-04-13,554.9,555,552.5,555,80
BHCL,1min,1776068834,2026-04-13 14:12,2026-04-13,555,555,552.1,555,20
BHCL,1min,1776068914,2026-04-13 14:13,2026-04-13,555,555,552.1,555,40
BHCL,1min,1776068961,2026-04-13 14:14,2026-04-13,555,556,552.1,556,170
BHCL,1min,1776069036,2026-04-13 14:15,2026-04-13,556,556,552.1,552.1,20
BHCL,1min,1776069094,2026-04-13 14:16,2026-04-13,552.1,557,552.1,552.1,60
BHCL,1min,1776069285,2026-04-13 14:19,2026-04-13,552.1,555,552.1,555,860
BHCL,1min,1776069343,2026-04-13 14:20,2026-04-13,555,555.2,555,555.2,0
BHCL,1min,1776069417,2026-04-13 14:21,2026-04-13,555.2,555.2,555.2,555.2,20
BHCL,1min,1776069460,2026-04-13 14:22,2026-04-13,555.2,555.2,555.2,555.2,0
BHCL,1min,1776069657,2026-04-13 14:25,2026-04-13,555.2,556.9,552.3,556.9,40
BHCL,1min,1776069675,2026-04-13 14:26,2026-04-13,556.9,556.9,556.9,556.9,30
BHCL,1min,1776069763,2026-04-13 14:27,2026-04-13,556.9,556.9,553.3,553.3,10
BHCL,1min,1776069917,2026-04-13 14:30,2026-04-13,553.3,557,553.3,557,0
BHCL,1min,1776069989,2026-04-13 14:31,2026-04-13,557,557,557,557,100
BHCL,1min,1776070067,2026-04-13 14:32,2026-04-13,557,557,556.9,557,20
BHCL,1min,1776070116,2026-04-13 14:33,2026-04-13,557,557,553.6,553.6,20
BHCL,1min,1776070179,2026-04-13 14:34,2026-04-13,553.6,557,553.6,555,30
BHCL,1min,1776070247,2026-04-13 14:35,2026-04-13,555,555,554,554,10
BHCL,1min,1776070323,2026-04-13 14:37,2026-04-13,554,554,554,554,0
BHCL,1min,1776070493,2026-04-13 14:39,2026-04-13,554,555.1,554,555.1,20
BHCL,1min,1776070554,2026-04-13 14:40,2026-04-13,555.1,555.1,555,555,500
BHCL,1min,1776070676,2026-04-13 14:42,2026-04-13,555,555,554.1,554.1,110
BHCL,1min,1776070703,2026-04-13 14:43,2026-04-13,554.1,555,554.1,554.1,10
BHCL,1min,1776070788,2026-04-13 14:44,2026-04-13,554.1,554.1,554,554,315
BHCL,1min,1776070825,2026-04-13 14:45,2026-04-13,554,554,554,554,20
BHCL,1min,1776070915,2026-04-13 14:46,2026-04-13,554,554,553.5,553.5,35
BHCL,1min,1776070937,2026-04-13 14:47,2026-04-13,553.5,553.5,553.3,553.3,0
BHCL,1min,1776071037,2026-04-13 14:48,2026-04-13,553.3,553.3,552,552,2625
BHCL,1min,1776071095,2026-04-13 14:49,2026-04-13,552,553.1,552,553.1,60
BHCL,1min,1776071180,2026-04-13 14:51,2026-04-13,553.1,554,553.1,554,20
BHCL,1min,1776071324,2026-04-13 14:53,2026-04-13,554,554,552,552,2076
BHCL,1min,1776071353,2026-04-13 14:54,2026-04-13,552,557.7,552,557.7,10
BHCL,1min,1776071443,2026-04-13 14:55,2026-04-13,557.7,557.7,553.2,553.2,0
BHCL,1min,1776071512,2026-04-13 14:56,2026-04-13,553.2,554,553.2,554,10
BHCL,1min,1776071567,2026-04-13 14:57,2026-04-13,554,557.5,553.6,553.6,50
BHCL,1min,1776071634,2026-04-13 14:58,2026-04-13,553.6,555,553.6,555,526
BHCL,1min,1776071699,2026-04-13 14:59,2026-04-13,555,557,555,557,570
BHCL,1min,1776230253,2026-04-15 11:02,2026-04-15,566,566,566,566,10
BHCL,1min,1776230324,2026-04-15 11:03,2026-04-15,566,566,555,555,10
BHCL,1min,1776230439,2026-04-15 11:05,2026-04-15,555,556,555,556,20
BHCL,1min,1776230474,2026-04-15 11:06,2026-04-15,556,560,556,560,20
BHCL,1min,1776230613,2026-04-15 11:08,2026-04-15,560,560,560,560,10
BHCL,1min,1776230696,2026-04-15 11:09,2026-04-15,560,564,556.1,564,30
BHCL,1min,1776231109,2026-04-15 11:16,2026-04-15,564,564,557.1,557.1,20
BHCL,1min,1776231418,2026-04-15 11:21,2026-04-15,557.1,557.1,556.3,556.3,615
BHCL,1min,1776231441,2026-04-15 11:22,2026-04-15,556.3,556.3,556.3,556.3,700
BHCL,1min,1776231535,2026-04-15 11:23,2026-04-15,556.3,560.8,556.3,557,50
BHCL,1min,1776231575,2026-04-15 11:24,2026-04-15,557,557,557,557,20
BHCL,1min,1776231622,2026-04-15 11:25,2026-04-15,557,557,557,557,10
BHCL,1min,1776231711,2026-04-15 11:26,2026-04-15,557,557,556.3,556.3,210
BHCL,1min,1776231760,2026-04-15 11:27,2026-04-15,556.3,556.3,556.3,556.3,30
BHCL,1min,1776231805,2026-04-15 11:28,2026-04-15,556.3,556.4,556.3,556.4,10
BHCL,1min,1776231854,2026-04-15 11:29,2026-04-15,556.4,556.4,556.4,556.4,10
BHCL,1min,1776231902,2026-04-15 11:30,2026-04-15,556.4,556.4,556.4,556.4,10
BHCL,1min,1776232128,2026-04-15 11:33,2026-04-15,556.4,558,556.4,558,80
BHCL,1min,1776232258,2026-04-15 11:35,2026-04-15,558,558,557,557,10
BHCL,1min,1776232285,2026-04-15 11:36,2026-04-15,557,557,557,557,20
BHCL,1min,1776232324,2026-04-15 11:37,2026-04-15,557,558,557,558,40
BHCL,1min,1776232543,2026-04-15 11:40,2026-04-15,558,558,557.2,557.2,20
BHCL,1min,1776232572,2026-04-15 11:41,2026-04-15,557.2,557.2,557.2,557.2,10
BHCL,1min,1776232713,2026-04-15 11:43,2026-04-15,557.2,559,557.2,559,1421
BHCL,1min,1776232847,2026-04-15 11:45,2026-04-15,559,559,558,558,20
BHCL,1min,1776232895,2026-04-15 11:46,2026-04-15,558,560.9,558,560.9,2473
BHCL,1min,1776232965,2026-04-15 11:47,2026-04-15,560.9,560.9,558,558,10
BHCL,1min,1776233021,2026-04-15 11:48,2026-04-15,558,558,558,558,0
BHCL,1min,1776233099,2026-04-15 11:49,2026-04-15,558,558,558,558,20
BHCL,1min,1776233169,2026-04-15 11:51,2026-04-15,558,563.9,558,558,117
BHCL,1min,1776233322,2026-04-15 11:53,2026-04-15,558,560,558,560,10
BHCL,1min,1776233379,2026-04-15 11:54,2026-04-15,560,563.9,560,563.9,110
BHCL,1min,1776233431,2026-04-15 11:55,2026-04-15,563.9,563.9,562,562,20
BHCL,1min,1776233519,2026-04-15 11:56,2026-04-15,562,563.9,562,563.9,123
BHCL,1min,1776233552,2026-04-15 11:57,2026-04-15,563.9,564,563.9,564,50
BHCL,1min,1776233631,2026-04-15 11:58,2026-04-15,564,565,564,565,0
BHCL,1min,1776233680,2026-04-15 11:59,2026-04-15,565,566,565,566,635
BHCL,1min,1776233756,2026-04-15 12:00,2026-04-15,566,566,566,566,40
BHCL,1min,1776233871,2026-04-15 12:02,2026-04-15,566,566,566,566,20
BHCL,1min,1776233882,2026-04-15 12:03,2026-04-15,566,566,566,566,10
BHCL,1min,1776233958,2026-04-15 12:04,2026-04-15,566,566,566,566,0
BHCL,1min,1776234017,2026-04-15 12:05,2026-04-15,566,566,565,565,400
BHCL,1min,1776234083,2026-04-15 12:06,2026-04-15,565,566,565,565,145
BHCL,1min,1776234149,2026-04-15 12:07,2026-04-15,565,565,564,564,0
BHCL,1min,1776234213,2026-04-15 12:08,2026-04-15,564,564,561,562,590
BHCL,1min,1776234286,2026-04-15 12:09,2026-04-15,562,563,562,563,10
BHCL,1min,1776234331,2026-04-15 12:10,2026-04-15,563,563,563,563,10
BHCL,1min,1776234417,2026-04-15 12:11,2026-04-15,563,563,563,563,384
BHCL,1min,1776234477,2026-04-15 12:12,2026-04-15,563,563,561,561,1300
BHCL,1min,1776234506,2026-04-15 12:13,2026-04-15,561,561,561,561,200
BHCL,1min,1776234582,2026-04-15 12:14,2026-04-15,561,561,561,561,70
BHCL,1min,1776234602,2026-04-15 12:15,2026-04-15,561,562,561,562,50
BHCL,1min,1776234677,2026-04-15 12:16,2026-04-15,562,562,561,561,10
BHCL,1min,1776234824,2026-04-15 12:18,2026-04-15,561,562.1,561,562.1,30
BHCL,1min,1776234868,2026-04-15 12:19,2026-04-15,562.1,564,562.1,562.1,115
BHCL,1min,1776234944,2026-04-15 12:20,2026-04-15,562.1,562.3,562.1,562.3,110
BHCL,1min,1776234992,2026-04-15 12:21,2026-04-15,562.3,566,562.3,566,200
BHCL,1min,1776235132,2026-04-15 12:23,2026-04-15,566,566,563,563,0
BHCL,1min,1776235190,2026-04-15 12:24,2026-04-15,563,566,563,566,440
BHCL,1min,1776235311,2026-04-15 12:26,2026-04-15,566,567,565,567,180
BHCL,1min,1776235320,2026-04-15 12:27,2026-04-15,567,567,565,565,50
BHCL,1min,1776235423,2026-04-15 12:28,2026-04-15,565,565,565,565,20
BHCL,1min,1776235486,2026-04-15 12:29,2026-04-15,565,566,565,566,510
BHCL,1min,1776235513,2026-04-15 12:30,2026-04-15,566,566,565,565,140
BHCL,1min,1776235617,2026-04-15 12:31,2026-04-15,565,565,565,565,10
BHCL,1min,1776235660,2026-04-15 12:32,2026-04-15,565,565,565,565,60
BHCL,1min,1776235695,2026-04-15 12:33,2026-04-15,565,565,565,565,10
BHCL,1min,1776235978,2026-04-15 12:37,2026-04-15,565,565,565,565,40
BHCL,1min,1776236008,2026-04-15 12:38,2026-04-15,565,566,565,566,60
BHCL,1min,1776236070,2026-04-15 12:39,2026-04-15,566,568.5,566,568.5,300
BHCL,1min,1776236103,2026-04-15 12:40,2026-04-15,568.5,568.5,565,565,20
BHCL,1min,1776236209,2026-04-15 12:41,2026-04-15,565,567,565,565,70
BHCL,1min,1776236252,2026-04-15 12:42,2026-04-15,565,565,565,565,10
BHCL,1min,1776236351,2026-04-15 12:44,2026-04-15,565,565,564,564,540
BHCL,1min,1776236630,2026-04-15 12:48,2026-04-15,564,564,564,564,20
BHCL,1min,1776236667,2026-04-15 12:49,2026-04-15,564,564,564,564,20
BHCL,1min,1776236757,2026-04-15 12:50,2026-04-15,564,565,564,565,70
BHCL,1min,1776236787,2026-04-15 12:51,2026-04-15,565,567,565,567,170
BHCL,1min,1776236874,2026-04-15 12:52,2026-04-15,567,570,567,570,0
BHCL,1min,1776236914,2026-04-15 12:53,2026-04-15,570,570,565,565.1,513
BHCL,1min,1776237045,2026-04-15 12:55,2026-04-15,565.1,565.2,565.1,565.2,20
BHCL,1min,1776237236,2026-04-15 12:58,2026-04-15,565.2,570,565.2,570,30
BHCL,1min,1776237283,2026-04-15 12:59,2026-04-15,570,570,566,566,40
BHCL,1min,1776237347,2026-04-15 13:00,2026-04-15,566,566,566,566,10
BHCL,1min,1776237406,2026-04-15 13:01,2026-04-15,566,566,566,566,0
BHCL,1min,1776237472,2026-04-15 13:02,2026-04-15,566,567,566,566,60
BHCL,1min,1776237598,2026-04-15 13:04,2026-04-15,566,566,566,566,10
BHCL,1min,1776237637,2026-04-15 13:05,2026-04-15,566,566,566,566,20
BHCL,1min,1776237680,2026-04-15 13:06,2026-04-15,566,566,566,566,10
BHCL,1min,1776237766,2026-04-15 13:07,2026-04-15,566,566,566,566,220
BHCL,1min,1776237839,2026-04-15 13:08,2026-04-15,566,566,566,566,60
BHCL,1min,1776237876,2026-04-15 13:09,2026-04-15,566,571,566,571,510
BHCL,1min,1776238008,2026-04-15 13:11,2026-04-15,571,572.9,571,572.9,1310
BHCL,1min,1776238020,2026-04-15 13:12,2026-04-15,572.9,572.9,567,567,20
BHCL,1min,1776238231,2026-04-15 13:15,2026-04-15,567,568,567,568,10
BHCL,1min,1776238310,2026-04-15 13:16,2026-04-15,568,572,568,568,0
BHCL,1min,1776238349,2026-04-15 13:17,2026-04-15,568,568,568,568,130
BHCL,1min,1776238431,2026-04-15 13:18,2026-04-15,568,568,567,567,50
BHCL,1min,1776238476,2026-04-15 13:19,2026-04-15,567,570,567,568,20
BHCL,1min,1776238518,2026-04-15 13:20,2026-04-15,568,568,565,565,2000
BHCL,1min,1776238608,2026-04-15 13:21,2026-04-15,565,565,563.2,563.2,1296
BHCL,1min,1776238630,2026-04-15 13:22,2026-04-15,563.2,563.2,563.2,563.2,10
BHCL,1min,1776238729,2026-04-15 13:23,2026-04-15,563.2,565,563.2,565,50
BHCL,1min,1776238756,2026-04-15 13:24,2026-04-15,565,565,565,565,20
BHCL,1min,1776238854,2026-04-15 13:25,2026-04-15,565,565,565,565,30
BHCL,1min,1776238913,2026-04-15 13:26,2026-04-15,565,565,565,565,20
BHCL,1min,1776239029,2026-04-15 13:28,2026-04-15,565,565,564,564,500
BHCL,1min,1776239088,2026-04-15 13:29,2026-04-15,564,564,563.3,563.3,10
BHCL,1min,1776239119,2026-04-15 13:30,2026-04-15,563.3,564,563.3,564,90
BHCL,1min,1776239210,2026-04-15 13:31,2026-04-15,564,564,564,564,530
BHCL,1min,1776239305,2026-04-15 13:33,2026-04-15,564,564.9,564,564.9,10
BHCL,1min,1776239383,2026-04-15 13:34,2026-04-15,564.9,564.9,563.5,563.5,10
BHCL,1min,1776239407,2026-04-15 13:35,2026-04-15,563.5,563.5,563.5,563.5,26
BHCL,1min,1776239593,2026-04-15 13:38,2026-04-15,563.5,563.5,563.5,563.5,0
BHCL,1min,1776239720,2026-04-15 13:40,2026-04-15,563.5,564,563.5,564,200
BHCL,1min,1776239801,2026-04-15 13:41,2026-04-15,564,564,564,564,20
BHCL,1min,1776239901,2026-04-15 13:43,2026-04-15,564,564,564,564,130
BHCL,1min,1776239998,2026-04-15 13:44,2026-04-15,564,565,564,565,140
BHCL,1min,1776240034,2026-04-15 13:45,2026-04-15,565,567,563.5,567,400
BHCL,1min,1776240109,2026-04-15 13:46,2026-04-15,567,567,564,565,40
BHCL,1min,1776240138,2026-04-15 13:47,2026-04-15,565,565,564.1,564.1,10
BHCL,1min,1776240220,2026-04-15 13:48,2026-04-15,564.1,565,564.1,564.3,40
BHCL,1min,1776240299,2026-04-15 13:49,2026-04-15,564.3,565,564.3,564.3,30
BHCL,1min,1776240354,2026-04-15 13:50,2026-04-15,564.3,564.3,564.3,564.3,10
BHCL,1min,1776240502,2026-04-15 13:53,2026-04-15,564.3,565,564.3,565,10
BHCL,1min,1776240567,2026-04-15 13:54,2026-04-15,565,570,565,570,270
BHCL,1min,1776240898,2026-04-15 13:59,2026-04-15,570,572,566,570,245
BHCL,1min,1776241017,2026-04-15 14:01,2026-04-15,570,570,566,566,30
BHCL,1min,1776241177,2026-04-15 14:04,2026-04-15,566,566.1,566,566.1,10
BHCL,1min,1776241217,2026-04-15 14:05,2026-04-15,566.1,566.1,566.1,566.1,10
BHCL,1min,1776241262,2026-04-15 14:06,2026-04-15,566.1,571.8,566.1,571.8,1010
BHCL,1min,1776241498,2026-04-15 14:09,2026-04-15,571.8,571.8,566.5,571.8,50
BHCL,1min,1776241607,2026-04-15 14:11,2026-04-15,571.8,571.8,566.5,566.5,20
BHCL,1min,1776241655,2026-04-15 14:12,2026-04-15,566.5,566.5,566.5,566.5,10
BHCL,1min,1776241749,2026-04-15 14:14,2026-04-15,566.5,566.5,566.5,566.5,10
BHCL,1min,1776241816,2026-04-15 14:15,2026-04-15,566.5,571,566.5,571,1070
BHCL,1min,1776242035,2026-04-15 14:18,2026-04-15,571,571,570,570,510
BHCL,1min,1776242081,2026-04-15 14:19,2026-04-15,570,571,570,571,250
BHCL,1min,1776242127,2026-04-15 14:20,2026-04-15,571,571,570,570,800
BHCL,1min,1776242242,2026-04-15 14:22,2026-04-15,570,570,568,568,100
BHCL,1min,1776242330,2026-04-15 14:23,2026-04-15,568,570,567,567,1060
BHCL,1min,1776242388,2026-04-15 14:24,2026-04-15,567,567,567,567,910
BHCL,1min,1776242433,2026-04-15 14:25,2026-04-15,567,567,566.5,566.5,250
BHCL,1min,1776242506,2026-04-15 14:26,2026-04-15,566.5,566.5,566.1,566.1,380
BHCL,1min,1776242522,2026-04-15 14:27,2026-04-15,566.1,566.1,566.1,566.1,10
BHCL,1min,1776242621,2026-04-15 14:28,2026-04-15,566.1,566.1,566.1,566.1,818
BHCL,1min,1776242667,2026-04-15 14:29,2026-04-15,566.1,566.1,565,565,1470
BHCL,1min,1776242734,2026-04-15 14:30,2026-04-15,565,565,564,564,30
BHCL,1min,1776242794,2026-04-15 14:31,2026-04-15,564,564,564,564,20
BHCL,1min,1776242872,2026-04-15 14:32,2026-04-15,564,565,560.1,561,1566
BHCL,1min,1776242920,2026-04-15 14:33,2026-04-15,561,561,561,561,10
BHCL,1min,1776243052,2026-04-15 14:35,2026-04-15,561,561,560.1,560.1,70
BHCL,1min,1776243119,2026-04-15 14:36,2026-04-15,560.1,561,560.1,561,60
BHCL,1min,1776243160,2026-04-15 14:37,2026-04-15,561,561,560.2,560.2,10
BHCL,1min,1776243198,2026-04-15 14:38,2026-04-15,560.2,560.3,560.2,560.3,10
BHCL,1min,1776243322,2026-04-15 14:40,2026-04-15,560.3,560.4,560.3,560.4,10
BHCL,1min,1776243412,2026-04-15 14:41,2026-04-15,560.4,560.4,560.4,560.4,10
BHCL,1min,1776243445,2026-04-15 14:42,2026-04-15,560.4,562,560.4,562,60
BHCL,1min,1776243507,2026-04-15 14:43,2026-04-15,562,565,560.5,560.5,100
BHCL,1min,1776243593,2026-04-15 14:44,2026-04-15,560.5,561.1,560.5,561.1,10
BHCL,1min,1776243650,2026-04-15 14:45,2026-04-15,561.1,562,561.1,562,30
BHCL,1min,1776243715,2026-04-15 14:46,2026-04-15,562,565,562,565,674
BHCL,1min,1776243772,2026-04-15 14:47,2026-04-15,565,568,565,568,1042
BHCL,1min,1776243805,2026-04-15 14:48,2026-04-15,568,568,566,567,20
BHCL,1min,1776243940,2026-04-15 14:50,2026-04-15,567,568,565,568,155
BHCL,1min,1776244031,2026-04-15 14:52,2026-04-15,568,568,563.2,563.2,10
BHCL,1min,1776244106,2026-04-15 14:53,2026-04-15,563.2,564,563.2,564,10
BHCL,1min,1776244174,2026-04-15 14:54,2026-04-15,564,565,564,565,70
BHCL,1min,1776244224,2026-04-15 14:55,2026-04-15,565,565,565,565,100
BHCL,1min,1776244314,2026-04-15 14:56,2026-04-15,565,567,565,565,1295
BHCL,1min,1776244374,2026-04-15 14:57,2026-04-15,565,568,565,565.1,520
BHCL,1min,1776244436,2026-04-15 14:58,2026-04-15,565.1,565.1,565,565,600
BHCL,1min,1776244499,2026-04-15 14:59,2026-04-15,565,569,565,569,127
BHCL,1min,1776316500,2026-04-16 11:00,2026-04-16,575,575,575,575,0
BHCL,1min,1776316585,2026-04-16 11:01,2026-04-16,575,575,566.9,566.9,510
BHCL,1min,1776316797,2026-04-16 11:04,2026-04-16,566.9,566.9,564.2,564.2,110
BHCL,1min,1776316900,2026-04-16 11:06,2026-04-16,564.2,564.2,564.2,564.2,10
BHCL,1min,1776317094,2026-04-16 11:09,2026-04-16,564.2,564.2,564,564,200
BHCL,1min,1776317138,2026-04-16 11:10,2026-04-16,564,564,560,560.1,0
BHCL,1min,1776317200,2026-04-16 11:11,2026-04-16,560.1,560.1,556,556,525
BHCL,1min,1776317265,2026-04-16 11:12,2026-04-16,556,556.1,556,556.1,53
BHCL,1min,1776317336,2026-04-16 11:13,2026-04-16,556.1,560,556.1,560,199
BHCL,1min,1776317385,2026-04-16 11:14,2026-04-16,560,560,556.3,556.4,20
BHCL,1min,1776317573,2026-04-16 11:17,2026-04-16,556.4,559.1,556.4,559.1,10
BHCL,1min,1776317632,2026-04-16 11:18,2026-04-16,559.1,560,559.1,560,30
BHCL,1min,1776317754,2026-04-16 11:20,2026-04-16,560,560,559.9,559.9,30
BHCL,1min,1776317809,2026-04-16 11:21,2026-04-16,559.9,560,559.9,560,10
BHCL,1min,1776317847,2026-04-16 11:22,2026-04-16,560,560,558.5,558.5,212
BHCL,1min,1776317887,2026-04-16 11:23,2026-04-16,558.5,558.6,558.5,558.6,20
BHCL,1min,1776317984,2026-04-16 11:24,2026-04-16,558.6,558.7,558.6,558.7,35
BHCL,1min,1776318132,2026-04-16 11:27,2026-04-16,558.7,558.7,558.7,558.7,10
BHCL,1min,1776318215,2026-04-16 11:28,2026-04-16,558.7,558.7,558.7,558.7,10
BHCL,1min,1776318274,2026-04-16 11:29,2026-04-16,558.7,559,558.7,559,30
BHCL,1min,1776318332,2026-04-16 11:30,2026-04-16,559,559.1,559,559.1,10
BHCL,1min,1776318464,2026-04-16 11:32,2026-04-16,559.1,559.1,559.1,559.1,30
BHCL,1min,1776318532,2026-04-16 11:33,2026-04-16,559.1,559.1,559.1,559.1,20
BHCL,1min,1776318639,2026-04-16 11:35,2026-04-16,559.1,560,559,559,30
BHCL,1min,1776318666,2026-04-16 11:36,2026-04-16,559,559,559,559,10
BHCL,1min,1776318855,2026-04-16 11:39,2026-04-16,559,559,559,559,35
BHCL,1min,1776318957,2026-04-16 11:40,2026-04-16,559,559,559,559,0
BHCL,1min,1776319002,2026-04-16 11:41,2026-04-16,559,559,558.6,558.6,270
BHCL,1min,1776319059,2026-04-16 11:42,2026-04-16,558.6,558.6,558.2,558.2,120
BHCL,1min,1776319110,2026-04-16 11:43,2026-04-16,558.2,558.2,557.5,557.5,10
BHCL,1min,1776319194,2026-04-16 11:44,2026-04-16,557.5,557.5,557.3,557.3,0
BHCL,1min,1776319318,2026-04-16 11:46,2026-04-16,557.3,558,557.3,558,40
BHCL,1min,1776319367,2026-04-16 11:47,2026-04-16,558,558,558,558,20
BHCL,1min,1776319418,2026-04-16 11:48,2026-04-16,558,560,557.3,560,550
BHCL,1min,1776319454,2026-04-16 11:49,2026-04-16,560,560,557.4,557.4,10
BHCL,1min,1776319641,2026-04-16 11:52,2026-04-16,557.4,557.9,557.4,557.9,0
BHCL,1min,1776319793,2026-04-16 11:54,2026-04-16,557.9,558,557.4,558,370
BHCL,1min,1776319829,2026-04-16 11:55,2026-04-16,558,558,557.4,557.5,20
BHCL,1min,1776319903,2026-04-16 11:56,2026-04-16,557.5,558,557.5,558,20
BHCL,1min,1776319951,2026-04-16 11:57,2026-04-16,558,560,558,560,20
BHCL,1min,1776320045,2026-04-16 11:59,2026-04-16,560,560,560,560,10
BHCL,1min,1776320219,2026-04-16 12:01,2026-04-16,560,563,560,563,20
BHCL,1min,1776320253,2026-04-16 12:02,2026-04-16,563,563,560,560,0
BHCL,1min,1776320347,2026-04-16 12:04,2026-04-16,560,560.1,560,560.1,20
BHCL,1min,1776320496,2026-04-16 12:06,2026-04-16,560.1,560.3,560.1,560.3,0
BHCL,1min,1776320555,2026-04-16 12:07,2026-04-16,560.3,560.3,560.3,560.3,150
BHCL,1min,1776320630,2026-04-16 12:08,2026-04-16,560.3,560.3,560.3,560.3,0
BHCL,1min,1776320668,2026-04-16 12:09,2026-04-16,560.3,560.3,560,560,440
BHCL,1min,1776320872,2026-04-16 12:12,2026-04-16,560,560,558.2,560,40
BHCL,1min,1776320886,2026-04-16 12:13,2026-04-16,560,560,558.2,558.2,10
BHCL,1min,1776321005,2026-04-16 12:15,2026-04-16,558.2,559,558.2,559,10
BHCL,1min,1776321111,2026-04-16 12:16,2026-04-16,559,559,559,559,10
BHCL,1min,1776321178,2026-04-16 12:17,2026-04-16,559,560,557.6,557.6,492
BHCL,1min,1776321216,2026-04-16 12:18,2026-04-16,557.6,557.6,553,553,2895
BHCL,1min,1776321334,2026-04-16 12:20,2026-04-16,553,553,552.2,552.2,520
BHCL,1min,1776321391,2026-04-16 12:21,2026-04-16,552.2,552.4,552.2,552.4,10
BHCL,1min,1776321479,2026-04-16 12:22,2026-04-16,552.4,555,552.4,553.3,20
BHCL,1min,1776321513,2026-04-16 12:23,2026-04-16,553.3,553.3,553.3,553.3,10
BHCL,1min,1776321594,2026-04-16 12:24,2026-04-16,553.3,560,553.3,560,142
BHCL,1min,1776321623,2026-04-16 12:25,2026-04-16,560,560,560,560,25
BHCL,1min,1776321765,2026-04-16 12:27,2026-04-16,560,560,554.2,554.2,20
BHCL,1min,1776321837,2026-04-16 12:28,2026-04-16,554.2,554.2,554.2,554.2,0
BHCL,1min,1776321849,2026-04-16 12:29,2026-04-16,554.2,554.2,554.2,554.2,0
BHCL,1min,1776322065,2026-04-16 12:32,2026-04-16,554.2,555.2,554.2,555.2,30
BHCL,1min,1776322127,2026-04-16 12:33,2026-04-16,555.2,555.2,555.2,555.2,20
BHCL,1min,1776322192,2026-04-16 12:34,2026-04-16,555.2,555.3,555.2,555.3,10
BHCL,1min,1776322408,2026-04-16 12:38,2026-04-16,555.3,555.6,555.3,555.6,10
BHCL,1min,1776322485,2026-04-16 12:39,2026-04-16,555.6,555.6,555.6,555.6,10
BHCL,1min,1776322508,2026-04-16 12:40,2026-04-16,555.6,559.9,555.6,559.9,100
BHCL,1min,1776322656,2026-04-16 12:42,2026-04-16,559.9,559.9,556,556,10
BHCL,1min,1776322716,2026-04-16 12:43,2026-04-16,556,556.2,556,556.2,10
BHCL,1min,1776322763,2026-04-16 12:44,2026-04-16,556.2,560,556.2,556.3,200
BHCL,1min,1776323023,2026-04-16 12:48,2026-04-16,556.3,556.3,556.3,556.3,30
BHCL,1min,1776323224,2026-04-16 12:52,2026-04-16,556.3,557.1,556.3,557.1,10
BHCL,1min,1776323331,2026-04-16 12:53,2026-04-16,557.1,557.1,557,557,0
BHCL,1min,1776323602,2026-04-16 12:58,2026-04-16,557,557,557,557,204
BHCL,1min,1776323750,2026-04-16 13:00,2026-04-16,557,557.1,557,557.1,0
BHCL,1min,1776323810,2026-04-16 13:01,2026-04-16,557.1,557.1,557,557,50
BHCL,1min,1776323830,2026-04-16 13:02,2026-04-16,557,557,557,557,20
BHCL,1min,1776323938,2026-04-16 13:03,2026-04-16,557,557,557,557,85
BHCL,1min,1776324009,2026-04-16 13:05,2026-04-16,557,557,557,557,400
BHCL,1min,1776324089,2026-04-16 13:06,2026-04-16,557,557,556.5,556.5,130
BHCL,1min,1776324154,2026-04-16 13:07,2026-04-16,556.5,557,556.5,557,250
BHCL,1min,1776324199,2026-04-16 13:08,2026-04-16,557,557,556.4,556.4,80
BHCL,1min,1776324500,2026-04-16 13:13,2026-04-16,556.4,556.4,556.4,556.4,10
BHCL,1min,1776324698,2026-04-16 13:16,2026-04-16,556.4,556.4,555.1,555.1,20
BHCL,1min,1776324838,2026-04-16 13:18,2026-04-16,555.1,555.1,555,555,337
BHCL,1min,1776324988,2026-04-16 13:21,2026-04-16,555,555,553.3,553.3,800
BHCL,1min,1776325024,2026-04-16 13:22,2026-04-16,553.3,553.3,553.3,553.3,0
BHCL,1min,1776325136,2026-04-16 13:23,2026-04-16,553.3,554,553.3,553.3,330
BHCL,1min,1776325188,2026-04-16 13:24,2026-04-16,553.3,554,553.3,553.3,120
BHCL,1min,1776325596,2026-04-16 13:31,2026-04-16,553.3,554.1,553.3,554.1,0
BHCL,1min,1776325644,2026-04-16 13:32,2026-04-16,554.1,554.1,554,554,385
BHCL,1min,1776325908,2026-04-16 13:36,2026-04-16,554,554,554,554,20
BHCL,1min,1776326022,2026-04-16 13:38,2026-04-16,554,554,554,554,30
BHCL,1min,1776326066,2026-04-16 13:39,2026-04-16,554,555,554,555,200
BHCL,1min,1776326183,2026-04-16 13:41,2026-04-16,555,555,555,555,65
BHCL,1min,1776326285,2026-04-16 13:43,2026-04-16,555,555,554,554,10
BHCL,1min,1776326444,2026-04-16 13:45,2026-04-16,554,554.5,554,554.5,10
BHCL,1min,1776326490,2026-04-16 13:46,2026-04-16,554.5,554.5,554.5,554.5,10
BHCL,1min,1776326637,2026-04-16 13:48,2026-04-16,554.5,555,554.5,554.5,117
BHCL,1min,1776326688,2026-04-16 13:49,2026-04-16,554.5,554.5,554.1,554.1,10
BHCL,1min,1776326727,2026-04-16 13:50,2026-04-16,554.1,554.5,554.1,554.5,10
BHCL,1min,1776327011,2026-04-16 13:55,2026-04-16,554.5,555,554.5,555,10
BHCL,1min,1776327112,2026-04-16 13:56,2026-04-16,555,555,555,555,10
BHCL,1min,1776327172,2026-04-16 13:57,2026-04-16,555,555.1,555,555.1,40
BHCL,1min,1776327229,2026-04-16 13:58,2026-04-16,555.1,555.1,555.1,555.1,10
BHCL,1min,1776327264,2026-04-16 13:59,2026-04-16,555.1,555.1,555.1,555.1,0
BHCL,1min,1776327366,2026-04-16 14:01,2026-04-16,555.1,555.1,555.1,555.1,550
BHCL,1min,1776327452,2026-04-16 14:02,2026-04-16,555.1,555.1,553.3,553.3,1060
BHCL,1min,1776327482,2026-04-16 14:03,2026-04-16,553.3,553.3,553.3,553.3,10
BHCL,1min,1776327639,2026-04-16 14:05,2026-04-16,553.3,554.5,553.3,554.5,10
BHCL,1min,1776327684,2026-04-16 14:06,2026-04-16,554.5,554.5,554.5,554.5,20
BHCL,1min,1776327878,2026-04-16 14:09,2026-04-16,554.5,554.5,552,552,500
BHCL,1min,1776327924,2026-04-16 14:10,2026-04-16,552,552,552,552,252
BHCL,1min,1776328018,2026-04-16 14:11,2026-04-16,552,552,551.3,551.3,0
BHCL,1min,1776328105,2026-04-16 14:13,2026-04-16,551.3,551.3,551.3,551.3,30
BHCL,1min,1776328230,2026-04-16 14:15,2026-04-16,551.3,551.3,551,551,147
BHCL,1min,1776328317,2026-04-16 14:16,2026-04-16,551,552,551,552,10
BHCL,1min,1776328322,2026-04-16 14:17,2026-04-16,552,552,551.1,551.1,20
BHCL,1min,1776328583,2026-04-16 14:21,2026-04-16,551.1,555,551.1,555,660
BHCL,1min,1776328841,2026-04-16 14:25,2026-04-16,555,555,553,553,10
BHCL,1min,1776328861,2026-04-16 14:26,2026-04-16,553,555,553,555,100
BHCL,1min,1776329048,2026-04-16 14:29,2026-04-16,555,555,555,555,0
BHCL,1min,1776329251,2026-04-16 14:32,2026-04-16,555,555,553.2,553.2,50
BHCL,1min,1776329328,2026-04-16 14:33,2026-04-16,553.2,553.2,553.2,553.2,10
BHCL,1min,1776329392,2026-04-16 14:34,2026-04-16,553.2,553.3,553.2,553.3,0
BHCL,1min,1776329435,2026-04-16 14:35,2026-04-16,553.3,553.3,553.2,553.3,40
BHCL,1min,1776329479,2026-04-16 14:36,2026-04-16,553.3,555,553.3,555,11
BHCL,1min,1776329544,2026-04-16 14:37,2026-04-16,555,555,553,553,410
BHCL,1min,1776329686,2026-04-16 14:39,2026-04-16,553,554,553,554,30
BHCL,1min,1776329750,2026-04-16 14:40,2026-04-16,554,554,552,552,10
BHCL,1min,1776329761,2026-04-16 14:41,2026-04-16,552,552,552,552,0
BHCL,1min,1776329826,2026-04-16 14:42,2026-04-16,552,554.9,552,554.9,760
BHCL,1min,1776329923,2026-04-16 14:43,2026-04-16,554.9,554.9,552,552,686
BHCL,1min,1776330025,2026-04-16 14:45,2026-04-16,552,552,552,552,500
BHCL,1min,1776330113,2026-04-16 14:46,2026-04-16,552,552,551,551,1185
BHCL,1min,1776330173,2026-04-16 14:47,2026-04-16,551,552,550,552,6800
BHCL,1min,1776330349,2026-04-16 14:50,2026-04-16,552,552,551,551,120
BHCL,1min,1776330378,2026-04-16 14:51,2026-04-16,551,551,551,551,10
BHCL,1min,1776330444,2026-04-16 14:52,2026-04-16,551,551,551,551,235
BHCL,1min,1776330530,2026-04-16 14:53,2026-04-16,551,551,550.1,550.2,30
BHCL,1min,1776330564,2026-04-16 14:54,2026-04-16,550.2,552,550.2,552,70
BHCL,1min,1776330647,2026-04-16 14:55,2026-04-16,552,552,551,551,10
BHCL,1min,1776330662,2026-04-16 14:56,2026-04-16,551,552,551,552,0
BHCL,1min,1776330731,2026-04-16 14:57,2026-04-16,552,552,550.1,550.1,320
BHCL,1min,1776330830,2026-04-16 14:58,2026-04-16,550.1,551.9,550.1,551.9,24
BHCL,1min,1776330899,2026-04-16 14:59,2026-04-16,551.9,551.9,550.1,550.1,611
BHCL,1min,1776403187,2026-04-17 11:04,2026-04-17,541,541,541,541,10
BHCL,1min,1776403293,2026-04-17 11:06,2026-04-17,541,559.9,541,559.9,50
BHCL,1min,1776403399,2026-04-17 11:08,2026-04-17,559.9,559.9,555,555,20
BHCL,1min,1776403558,2026-04-17 11:10,2026-04-17,555,555,550.1,550.1,70
BHCL,1min,1776403791,2026-04-17 11:14,2026-04-17,550.1,551,550.1,551,10
BHCL,1min,1776403916,2026-04-17 11:16,2026-04-17,551,551.1,550,550,240
BHCL,1min,1776403953,2026-04-17 11:17,2026-04-17,550,550.6,549,550.6,1730
BHCL,1min,1776404004,2026-04-17 11:18,2026-04-17,550.6,553,550.6,553,20
BHCL,1min,1776404063,2026-04-17 11:19,2026-04-17,553,553,550.6,550.6,100
BHCL,1min,1776404130,2026-04-17 11:20,2026-04-17,550.6,550.6,549,549,690
BHCL,1min,1776404171,2026-04-17 11:21,2026-04-17,549,549,548.8,548.8,10
BHCL,1min,1776404229,2026-04-17 11:22,2026-04-17,548.8,548.8,544,544,260
BHCL,1min,1776404330,2026-04-17 11:23,2026-04-17,544,545,544,545,10
BHCL,1min,1776404379,2026-04-17 11:24,2026-04-17,545,545,544.9,544.9,30
BHCL,1min,1776404443,2026-04-17 11:25,2026-04-17,544.9,546,544.9,546,20
BHCL,1min,1776404534,2026-04-17 11:27,2026-04-17,546,546,545,545,50
BHCL,1min,1776404624,2026-04-17 11:28,2026-04-17,545,549,545,549,30
BHCL,1min,1776404665,2026-04-17 11:29,2026-04-17,549,549,549,549,80
BHCL,1min,1776404736,2026-04-17 11:30,2026-04-17,549,549,546,546,10
BHCL,1min,1776404874,2026-04-17 11:32,2026-04-17,546,546,544.5,544.5,40
BHCL,1min,1776404923,2026-04-17 11:33,2026-04-17,544.5,544.6,544.5,544.5,50
BHCL,1min,1776404967,2026-04-17 11:34,2026-04-17,544.5,545.5,544.5,545.5,180
BHCL,1min,1776405059,2026-04-17 11:35,2026-04-17,545.5,545.6,545.5,545.5,120
BHCL,1min,1776405097,2026-04-17 11:36,2026-04-17,545.5,545.5,545.5,545.5,30
BHCL,1min,1776405202,2026-04-17 11:38,2026-04-17,545.5,545.5,545.5,545.5,10
BHCL,1min,1776405341,2026-04-17 11:40,2026-04-17,545.5,546,545.5,546,65
BHCL,1min,1776405395,2026-04-17 11:41,2026-04-17,546,551,546,551,110
BHCL,1min,1776405499,2026-04-17 11:43,2026-04-17,551,551,551,551,20
BHCL,1min,1776405682,2026-04-17 11:46,2026-04-17,551,551,546.2,547,25
BHCL,1min,1776405926,2026-04-17 11:50,2026-04-17,547,547,546.2,546.2,20
BHCL,1min,1776406011,2026-04-17 11:51,2026-04-17,546.2,546.2,546.2,546.2,0
BHCL,1min,1776406120,2026-04-17 11:53,2026-04-17,546.2,547,546.2,547,30
BHCL,1min,1776406349,2026-04-17 11:57,2026-04-17,547,547,547,547,10
BHCL,1min,1776406387,2026-04-17 11:58,2026-04-17,547,547,547,547,45
BHCL,1min,1776406485,2026-04-17 11:59,2026-04-17,547,547,546.2,546.2,70
BHCL,1min,1776406615,2026-04-17 12:01,2026-04-17,546.2,546.2,545,545,360
BHCL,1min,1776406718,2026-04-17 12:03,2026-04-17,545,545,542.7,542.7,10
BHCL,1min,1776406784,2026-04-17 12:04,2026-04-17,542.7,542.7,542.7,542.7,0
BHCL,1min,1776406875,2026-04-17 12:06,2026-04-17,542.7,542.7,542.7,542.7,20
BHCL,1min,1776406961,2026-04-17 12:07,2026-04-17,542.7,542.7,542.7,542.7,10
BHCL,1min,1776407019,2026-04-17 12:08,2026-04-17,542.7,543,542.7,543,0
BHCL,1min,1776407100,2026-04-17 12:10,2026-04-17,543,543,542.7,542.7,20
BHCL,1min,1776407219,2026-04-17 12:11,2026-04-17,542.7,543,542.7,543,30
BHCL,1min,1776407250,2026-04-17 12:12,2026-04-17,543,543,543,543,200
BHCL,1min,1776407331,2026-04-17 12:13,2026-04-17,543,544,543,544,20
BHCL,1min,1776407383,2026-04-17 12:14,2026-04-17,544,545,544,545,250
BHCL,1min,1776407402,2026-04-17 12:15,2026-04-17,545,545,545,545,110
BHCL,1min,1776407619,2026-04-17 12:18,2026-04-17,545,545,544,545,90
BHCL,1min,1776407671,2026-04-17 12:19,2026-04-17,545,545,545,545,10
BHCL,1min,1776407722,2026-04-17 12:20,2026-04-17,545,547,545,545,70
BHCL,1min,1776407760,2026-04-17 12:21,2026-04-17,545,545,545,545,10
BHCL,1min,1776407916,2026-04-17 12:23,2026-04-17,545,546,545,546,20
BHCL,1min,1776407993,2026-04-17 12:24,2026-04-17,546,546,546,546,0
BHCL,1min,1776408057,2026-04-17 12:25,2026-04-17,546,546.1,546,546.1,40
BHCL,1min,1776408096,2026-04-17 12:26,2026-04-17,546.1,546.1,546.1,546.1,40
BHCL,1min,1776408139,2026-04-17 12:27,2026-04-17,546.1,546.1,545,545,290
BHCL,1min,1776408311,2026-04-17 12:30,2026-04-17,545,545.1,545,545.1,10
BHCL,1min,1776408405,2026-04-17 12:31,2026-04-17,545.1,545.1,545.1,545.1,10
BHCL,1min,1776408494,2026-04-17 12:33,2026-04-17,545.1,545.1,545,545,10
BHCL,1min,1776408560,2026-04-17 12:34,2026-04-17,545,545,545,545,10
BHCL,1min,1776408692,2026-04-17 12:36,2026-04-17,545,545,545,545,10
BHCL,1min,1776408774,2026-04-17 12:37,2026-04-17,545,545,545,545,10
BHCL,1min,1776408803,2026-04-17 12:38,2026-04-17,545,545,545,545,20
BHCL,1min,1776408846,2026-04-17 12:39,2026-04-17,545,545,544,544,10
BHCL,1min,1776408936,2026-04-17 12:40,2026-04-17,544,545,544,545,0
BHCL,1min,1776409064,2026-04-17 12:42,2026-04-17,545,545.5,545,545.5,30
BHCL,1min,1776409139,2026-04-17 12:43,2026-04-17,545.5,548,545.5,548,515
BHCL,1min,1776409279,2026-04-17 12:46,2026-04-17,548,548,548,548,80
BHCL,1min,1776409379,2026-04-17 12:47,2026-04-17,548,548,545.1,545.1,10
BHCL,1min,1776409429,2026-04-17 12:48,2026-04-17,545.1,545.1,545,545,20
BHCL,1min,1776409536,2026-04-17 12:50,2026-04-17,545,545.1,545,545.1,10
BHCL,1min,1776409669,2026-04-17 12:52,2026-04-17,545.1,546,545.1,546,20
BHCL,1min,1776409704,2026-04-17 12:53,2026-04-17,546,546,545,545,700
BHCL,1min,1776409794,2026-04-17 12:54,2026-04-17,545,545,545,545,310
BHCL,1min,1776409807,2026-04-17 12:55,2026-04-17,545,545,545,545,10
BHCL,1min,1776409952,2026-04-17 12:57,2026-04-17,545,545,542,542,1300
BHCL,1min,1776410028,2026-04-17 12:58,2026-04-17,542,545,540,540,3804
BHCL,1min,1776410088,2026-04-17 12:59,2026-04-17,540,540,539.2,539.2,10
BHCL,1min,1776410203,2026-04-17 13:01,2026-04-17,539.2,539.3,539.2,539.3,10
BHCL,1min,1776410294,2026-04-17 13:03,2026-04-17,539.3,539.5,539.3,539.5,10
BHCL,1min,1776410528,2026-04-17 13:07,2026-04-17,539.5,542,539.5,542,10
BHCL,1min,1776410627,2026-04-17 13:08,2026-04-17,542,542,542,542,20
BHCL,1min,1776410709,2026-04-17 13:10,2026-04-17,542,542,540,540,0
BHCL,1min,1776411049,2026-04-17 13:15,2026-04-17,540,543,540,543,1010
BHCL,1min,1776411108,2026-04-17 13:16,2026-04-17,543,545,541.3,545,10
BHCL,1min,1776411304,2026-04-17 13:20,2026-04-17,545,547.1,545,547.1,30
BHCL,1min,1776411496,2026-04-17 13:23,2026-04-17,547.1,547.1,545,545,10
BHCL,1min,1776411551,2026-04-17 13:24,2026-04-17,545,545,545,545,10
BHCL,1min,1776411665,2026-04-17 13:26,2026-04-17,545,545,545,545,10
BHCL,1min,1776411833,2026-04-17 13:28,2026-04-17,545,545,545,545,20
BHCL,1min,1776411972,2026-04-17 13:31,2026-04-17,545,547,545,547,30
BHCL,1min,1776412050,2026-04-17 13:32,2026-04-17,547,547,546,546,0
BHCL,1min,1776412129,2026-04-17 13:33,2026-04-17,546,547.1,546,547.1,20
BHCL,1min,1776412171,2026-04-17 13:34,2026-04-17,547.1,548,547.1,548,1206
BHCL,1min,1776412247,2026-04-17 13:35,2026-04-17,548,548,548,548,600
BHCL,1min,1776412303,2026-04-17 13:36,2026-04-17,548,548,547.8,547.8,50
BHCL,1min,1776412323,2026-04-17 13:37,2026-04-17,547.8,547.8,547.8,547.8,0
BHCL,1min,1776412394,2026-04-17 13:38,2026-04-17,547.8,548,547.8,548,110
BHCL,1min,1776412467,2026-04-17 13:39,2026-04-17,548,548,548,548,0
BHCL,1min,1776412518,2026-04-17 13:40,2026-04-17,548,548,548,548,20
BHCL,1min,1776412582,2026-04-17 13:41,2026-04-17,548,548,548,548,10
BHCL,1min,1776412636,2026-04-17 13:42,2026-04-17,548,548,548,548,10
BHCL,1min,1776412717,2026-04-17 13:43,2026-04-17,548,548,548,548,50
BHCL,1min,1776412777,2026-04-17 13:44,2026-04-17,548,548,547.8,547.8,10
BHCL,1min,1776412839,2026-04-17 13:45,2026-04-17,547.8,547.8,542,542,1620
BHCL,1min,1776412904,2026-04-17 13:46,2026-04-17,542,542,541.5,541.5,10
BHCL,1min,1776413012,2026-04-17 13:48,2026-04-17,541.5,541.5,541,541,0
BHCL,1min,1776413067,2026-04-17 13:49,2026-04-17,541,541.2,541,541.2,2400
BHCL,1min,1776413274,2026-04-17 13:52,2026-04-17,541.2,541.6,541.2,541.6,0
BHCL,1min,1776413419,2026-04-17 13:55,2026-04-17,541.6,542.4,541.6,542.4,20
BHCL,1min,1776413502,2026-04-17 13:56,2026-04-17,542.4,542.4,542.4,542.4,160
BHCL,1min,1776413630,2026-04-17 13:58,2026-04-17,542.4,543,542.4,543,0
BHCL,1min,1776413739,2026-04-17 14:00,2026-04-17,543,543,542.6,542.6,20
BHCL,1min,1776413815,2026-04-17 14:01,2026-04-17,542.6,543,542.6,543,20
BHCL,1min,1776413929,2026-04-17 14:03,2026-04-17,543,543.3,543,543.3,10
BHCL,1min,1776414178,2026-04-17 14:07,2026-04-17,543.3,545,543.3,545,140
BHCL,1min,1776414210,2026-04-17 14:08,2026-04-17,545,547,545,545,230
BHCL,1min,1776414505,2026-04-17 14:13,2026-04-17,545,545,544,545,180
BHCL,1min,1776414667,2026-04-17 14:16,2026-04-17,545,545,545,545,20
BHCL,1min,1776414825,2026-04-17 14:18,2026-04-17,545,545,545,545,10
BHCL,1min,1776415073,2026-04-17 14:22,2026-04-17,545,548,545,548,40
BHCL,1min,1776415089,2026-04-17 14:23,2026-04-17,548,548,545.7,545.7,0
BHCL,1min,1776415315,2026-04-17 14:26,2026-04-17,545.7,549.8,545.7,549.8,1050
BHCL,1min,1776415373,2026-04-17 14:27,2026-04-17,549.8,549.8,548.9,548.9,180
BHCL,1min,1776415438,2026-04-17 14:28,2026-04-17,548.9,548.9,547,547,10
BHCL,1min,1776415532,2026-04-17 14:30,2026-04-17,547,549.7,547,549.7,230
BHCL,1min,1776415610,2026-04-17 14:31,2026-04-17,549.7,549.7,547.1,547.1,175
BHCL,1min,1776415649,2026-04-17 14:32,2026-04-17,547.1,547.1,547,547,400
BHCL,1min,1776415702,2026-04-17 14:33,2026-04-17,547,547,547,547,100
BHCL,1min,1776415857,2026-04-17 14:35,2026-04-17,547,547.1,547,547.1,20
BHCL,1min,1776415901,2026-04-17 14:36,2026-04-17,547.1,547.1,547.1,547.1,0
BHCL,1min,1776416030,2026-04-17 14:38,2026-04-17,547.1,548,547.1,548,20
BHCL,1min,1776416157,2026-04-17 14:40,2026-04-17,548,548,548,548,0
BHCL,1min,1776416204,2026-04-17 14:41,2026-04-17,548,548,547.3,547.3,30
BHCL,1min,1776416270,2026-04-17 14:42,2026-04-17,547.3,548,547.3,548,70
BHCL,1min,1776416302,2026-04-17 14:43,2026-04-17,548,548,548,548,0
BHCL,1min,1776416363,2026-04-17 14:44,2026-04-17,548,549.5,548,549.5,610
BHCL,1min,1776416440,2026-04-17 14:45,2026-04-17,549.5,549.5,547.1,547.1,863
BHCL,1min,1776416502,2026-04-17 14:46,2026-04-17,547.1,547.1,547,547,1020
BHCL,1min,1776416565,2026-04-17 14:47,2026-04-17,547,549.5,547,549.5,240
BHCL,1min,1776416636,2026-04-17 14:48,2026-04-17,549.5,549.5,546.7,546.7,1180
BHCL,1min,1776416688,2026-04-17 14:49,2026-04-17,546.7,546.7,546.5,546.5,200
BHCL,1min,1776416787,2026-04-17 14:51,2026-04-17,546.5,547,546.5,547,0
BHCL,1min,1776416929,2026-04-17 14:53,2026-04-17,547,547,546,547,850
BHCL,1min,1776416967,2026-04-17 14:54,2026-04-17,547,550,547,550,5215
BHCL,1min,1776417045,2026-04-17 14:55,2026-04-17,550,551,550,551,380
BHCL,1min,1776417113,2026-04-17 14:56,2026-04-17,551,551,551,551,0
BHCL,1min,1776417138,2026-04-17 14:57,2026-04-17,551,552,551,552,0
BHCL,1min,1776417211,2026-04-17 14:58,2026-04-17,552,553,552,553,495
BHCL,1min,1776417299,2026-04-17 14:59,2026-04-17,553,558.9,553,556,2974
BHCL,1min,1776662100,2026-04-20 11:00,2026-04-20,582,582,582,582,0
BHCL,1min,1776662230,2026-04-20 11:02,2026-04-20,582,582,565,565,110
BHCL,1min,1776662385,2026-04-20 11:04,2026-04-20,565,565,550,550,10
BHCL,1min,1776662406,2026-04-20 11:05,2026-04-20,550,550,550,550,20
BHCL,1min,1776662489,2026-04-20 11:06,2026-04-20,550,555,550,555,10
BHCL,1min,1776662575,2026-04-20 11:07,2026-04-20,555,555,550,550,80
BHCL,1min,1776662638,2026-04-20 11:08,2026-04-20,550,550,549,549,145
BHCL,1min,1776662694,2026-04-20 11:09,2026-04-20,549,550,549,550,45
BHCL,1min,1776662739,2026-04-20 11:10,2026-04-20,550,550,549,549,10
BHCL,1min,1776662873,2026-04-20 11:12,2026-04-20,549,552,540.3,540.3,30
BHCL,1min,1776662985,2026-04-20 11:14,2026-04-20,540.3,542,540.3,542,10
BHCL,1min,1776663109,2026-04-20 11:16,2026-04-20,542,543,542,543,20
BHCL,1min,1776663168,2026-04-20 11:17,2026-04-20,543,544,543,544,10
BHCL,1min,1776663198,2026-04-20 11:18,2026-04-20,544,544,543.1,543.1,10
BHCL,1min,1776663274,2026-04-20 11:19,2026-04-20,543.1,545,543.1,545,10
BHCL,1min,1776663336,2026-04-20 11:20,2026-04-20,545,545,545,545,20
BHCL,1min,1776663380,2026-04-20 11:21,2026-04-20,545,545.5,545,545.5,10
BHCL,1min,1776663421,2026-04-20 11:22,2026-04-20,545.5,546,545.5,546,10
BHCL,1min,1776663538,2026-04-20 11:23,2026-04-20,546,546,546,546,20
BHCL,1min,1776663574,2026-04-20 11:24,2026-04-20,546,547,546,547,30
BHCL,1min,1776663643,2026-04-20 11:25,2026-04-20,547,550,545.6,545.6,370
BHCL,1min,1776663675,2026-04-20 11:26,2026-04-20,545.6,547,545.6,547,10
BHCL,1min,1776663769,2026-04-20 11:27,2026-04-20,547,555,547,555,30
BHCL,1min,1776663831,2026-04-20 11:28,2026-04-20,555,555,550,550,105
BHCL,1min,1776663891,2026-04-20 11:29,2026-04-20,550,550,550,550,10
BHCL,1min,1776663954,2026-04-20 11:30,2026-04-20,550,551,550,551,10
BHCL,1min,1776664008,2026-04-20 11:31,2026-04-20,551,551,551,551,10
BHCL,1min,1776664067,2026-04-20 11:32,2026-04-20,551,555,551,551.1,340
BHCL,1min,1776664109,2026-04-20 11:33,2026-04-20,551.1,551.2,551.1,551.2,20
BHCL,1min,1776664141,2026-04-20 11:34,2026-04-20,551.2,551.2,551.2,551.2,20
BHCL,1min,1776664237,2026-04-20 11:35,2026-04-20,551.2,559,551.2,559,30
BHCL,1min,1776664280,2026-04-20 11:36,2026-04-20,559,559,559,559,80
BHCL,1min,1776664416,2026-04-20 11:38,2026-04-20,559,559,553,553.5,40
BHCL,1min,1776664487,2026-04-20 11:39,2026-04-20,553.5,553.5,553,553,361
BHCL,1min,1776664543,2026-04-20 11:40,2026-04-20,553,553.5,552,552,0
BHCL,1min,1776664606,2026-04-20 11:41,2026-04-20,552,552,552,552,1220
BHCL,1min,1776664651,2026-04-20 11:42,2026-04-20,552,552,551.1,551.1,609
BHCL,1min,1776664722,2026-04-20 11:43,2026-04-20,551.1,551.1,549,551,120
BHCL,1min,1776664787,2026-04-20 11:44,2026-04-20,551,551,549,549,41
BHCL,1min,1776664821,2026-04-20 11:45,2026-04-20,549,549,549,549,100
BHCL,1min,1776664966,2026-04-20 11:47,2026-04-20,549,549.1,549,549,40
BHCL,1min,1776664981,2026-04-20 11:48,2026-04-20,549,549,549,549,10
BHCL,1min,1776665111,2026-04-20 11:50,2026-04-20,549,549,548,548,22
BHCL,1min,1776665219,2026-04-20 11:51,2026-04-20,548,548.5,548,548.5,20
BHCL,1min,1776665237,2026-04-20 11:52,2026-04-20,548.5,548.5,548.5,548.5,10
BHCL,1min,1776665328,2026-04-20 11:53,2026-04-20,548.5,548.5,548,548,90
BHCL,1min,1776665361,2026-04-20 11:54,2026-04-20,548,549,548,549,80
BHCL,1min,1776665457,2026-04-20 11:55,2026-04-20,549,549,548,548,140
BHCL,1min,1776665612,2026-04-20 11:58,2026-04-20,548,548,548,548,30
BHCL,1min,1776665717,2026-04-20 12:00,2026-04-20,548,548,548,548,30
BHCL,1min,1776665816,2026-04-20 12:01,2026-04-20,548,548,548,548,30
BHCL,1min,1776665879,2026-04-20 12:02,2026-04-20,548,550,548,548.1,40
BHCL,1min,1776665938,2026-04-20 12:03,2026-04-20,548.1,550,548.1,550,100
BHCL,1min,1776666039,2026-04-20 12:05,2026-04-20,550,550,548.1,548.1,80
BHCL,1min,1776666066,2026-04-20 12:06,2026-04-20,548.1,548.1,548,548,10
BHCL,1min,1776666200,2026-04-20 12:08,2026-04-20,548,548,548,548,10
BHCL,1min,1776666243,2026-04-20 12:09,2026-04-20,548,548,548,548,10
BHCL,1min,1776666341,2026-04-20 12:10,2026-04-20,548,548.1,548,548.1,40
BHCL,1min,1776666411,2026-04-20 12:11,2026-04-20,548.1,550,548.1,550,60
BHCL,1min,1776666467,2026-04-20 12:12,2026-04-20,550,550,550,550,20
BHCL,1min,1776666481,2026-04-20 12:13,2026-04-20,550,550,548.2,548.2,20
BHCL,1min,1776666628,2026-04-20 12:15,2026-04-20,548.2,552,548.2,552,30
BHCL,1min,1776666915,2026-04-20 12:20,2026-04-20,552,552,552,552,10
BHCL,1min,1776667077,2026-04-20 12:22,2026-04-20,552,552,550,550,20
BHCL,1min,1776667086,2026-04-20 12:23,2026-04-20,550,550.1,550,550.1,10
BHCL,1min,1776667377,2026-04-20 12:27,2026-04-20,550.1,550.1,550.1,550.1,0
BHCL,1min,1776667411,2026-04-20 12:28,2026-04-20,550.1,550.1,550.1,550.1,20
BHCL,1min,1776667524,2026-04-20 12:30,2026-04-20,550.1,550.1,550.1,550.1,10
BHCL,1min,1776667670,2026-04-20 12:32,2026-04-20,550.1,550.1,550.1,550.1,10
BHCL,1min,1776667847,2026-04-20 12:35,2026-04-20,550.1,550.1,550.1,550.1,10
BHCL,1min,1776667865,2026-04-20 12:36,2026-04-20,550.1,550.1,550.1,550.1,10
BHCL,1min,1776667973,2026-04-20 12:37,2026-04-20,550.1,550.1,550.1,550.1,20
BHCL,1min,1776668039,2026-04-20 12:38,2026-04-20,550.1,554,549.1,549.1,25
BHCL,1min,1776668154,2026-04-20 12:40,2026-04-20,549.1,550,549.1,550,10
BHCL,1min,1776668286,2026-04-20 12:43,2026-04-20,550,550,550,550,220
BHCL,1min,1776668427,2026-04-20 12:45,2026-04-20,550,550,550,550,10
BHCL,1min,1776668519,2026-04-20 12:46,2026-04-20,550,550,550,550,190
BHCL,1min,1776668538,2026-04-20 12:47,2026-04-20,550,550,550,550,20
BHCL,1min,1776668589,2026-04-20 12:48,2026-04-20,550,550,550,550,10
BHCL,1min,1776668665,2026-04-20 12:49,2026-04-20,550,550,550,550,10
BHCL,1min,1776668833,2026-04-20 12:52,2026-04-20,550,550,550,550,144
BHCL,1min,1776669084,2026-04-20 12:56,2026-04-20,550,550,550,550,316
BHCL,1min,1776669151,2026-04-20 12:57,2026-04-20,550,550,549.2,549.2,0
BHCL,1min,1776669296,2026-04-20 12:59,2026-04-20,549.2,549.3,549.2,549.3,20
BHCL,1min,1776669386,2026-04-20 13:01,2026-04-20,549.3,550,549.3,549.3,204
BHCL,1min,1776669450,2026-04-20 13:02,2026-04-20,549.3,550,549.3,550,60
BHCL,1min,1776669527,2026-04-20 13:03,2026-04-20,550,550,549.2,549.2,10
BHCL,1min,1776669551,2026-04-20 13:04,2026-04-20,549.2,549.2,549.2,549.2,0
BHCL,1min,1776669745,2026-04-20 13:07,2026-04-20,549.2,549.2,549.2,549.2,20
BHCL,1min,1776669837,2026-04-20 13:08,2026-04-20,549.2,549.2,549.2,549.2,0
BHCL,1min,1776669874,2026-04-20 13:09,2026-04-20,549.2,549.2,549.2,549.2,20
BHCL,1min,1776669987,2026-04-20 13:11,2026-04-20,549.2,549.2,549.2,549.2,30
BHCL,1min,1776670079,2026-04-20 13:12,2026-04-20,549.2,549.2,549.2,549.2,10
BHCL,1min,1776670085,2026-04-20 13:13,2026-04-20,549.2,549.2,549.2,549.2,10
BHCL,1min,1776670291,2026-04-20 13:16,2026-04-20,549.2,549.2,549.2,549.2,10
BHCL,1min,1776670368,2026-04-20 13:17,2026-04-20,549.2,549.2,549.2,549.2,20
BHCL,1min,1776670412,2026-04-20 13:18,2026-04-20,549.2,549.2,549.2,549.2,20
BHCL,1min,1776670617,2026-04-20 13:21,2026-04-20,549.2,549.2,549.2,549.2,10
BHCL,1min,1776670663,2026-04-20 13:22,2026-04-20,549.2,550,549.2,549.2,60
BHCL,1min,1776670681,2026-04-20 13:23,2026-04-20,549.2,549.2,549.2,549.2,10
BHCL,1min,1776670783,2026-04-20 13:24,2026-04-20,549.2,549.5,549.2,549.5,10
BHCL,1min,1776670843,2026-04-20 13:25,2026-04-20,549.5,549.5,549.1,549.1,20
BHCL,1min,1776670895,2026-04-20 13:26,2026-04-20,549.1,549.1,549.1,549.1,10
BHCL,1min,1776670947,2026-04-20 13:27,2026-04-20,549.1,550,549.1,550,20
BHCL,1min,1776671029,2026-04-20 13:28,2026-04-20,550,550,550,550,10
BHCL,1min,1776671085,2026-04-20 13:29,2026-04-20,550,550,550,550,10
BHCL,1min,1776671177,2026-04-20 13:31,2026-04-20,550,550,550,550,0
BHCL,1min,1776671333,2026-04-20 13:33,2026-04-20,550,550,550,550,40
BHCL,1min,1776671399,2026-04-20 13:34,2026-04-20,550,550,550,550,10
BHCL,1min,1776671435,2026-04-20 13:35,2026-04-20,550,550.5,550,550.5,40
BHCL,1min,1776671589,2026-04-20 13:38,2026-04-20,550.5,550.5,550,550,20
BHCL,1min,1776671660,2026-04-20 13:39,2026-04-20,550,550,549.2,549.2,10
BHCL,1min,1776671717,2026-04-20 13:40,2026-04-20,549.2,550,549.2,550,20
BHCL,1min,1776671918,2026-04-20 13:43,2026-04-20,550,550,549.3,550,20
BHCL,1min,1776672052,2026-04-20 13:45,2026-04-20,550,550,549,549.6,630
BHCL,1min,1776672107,2026-04-20 13:46,2026-04-20,549.6,549.6,549.6,549.6,0
BHCL,1min,1776672163,2026-04-20 13:47,2026-04-20,549.6,549.6,549.5,549.6,30
BHCL,1min,1776672234,2026-04-20 13:48,2026-04-20,549.6,549.6,549.5,549.5,0
BHCL,1min,1776672295,2026-04-20 13:49,2026-04-20,549.5,550,549.5,549.5,405
BHCL,1min,1776672409,2026-04-20 13:51,2026-04-20,549.5,551,549.5,551,40
BHCL,1min,1776672493,2026-04-20 13:53,2026-04-20,551,551,550,550,10
BHCL,1min,1776672564,2026-04-20 13:54,2026-04-20,550,552,550,552,20
BHCL,1min,1776672628,2026-04-20 13:55,2026-04-20,552,552,550,550,10
BHCL,1min,1776672698,2026-04-20 13:56,2026-04-20,550,553,550,553,60
BHCL,1min,1776672728,2026-04-20 13:57,2026-04-20,553,554,553,554,20
BHCL,1min,1776672839,2026-04-20 13:58,2026-04-20,554,554.3,551,551,20
BHCL,1min,1776672890,2026-04-20 13:59,2026-04-20,551,551,550,550,20
BHCL,1min,1776672923,2026-04-20 14:00,2026-04-20,550,555,550,555,100
BHCL,1min,1776672963,2026-04-20 14:01,2026-04-20,555,555,554,554,10
BHCL,1min,1776673048,2026-04-20 14:02,2026-04-20,554,554,552,552,10
BHCL,1min,1776673124,2026-04-20 14:03,2026-04-20,552,559.9,552,559.9,100
BHCL,1min,1776673142,2026-04-20 14:04,2026-04-20,559.9,559.9,559.9,559.9,20
BHCL,1min,1776673231,2026-04-20 14:05,2026-04-20,559.9,560,559.9,560,130
BHCL,1min,1776673319,2026-04-20 14:06,2026-04-20,560,560,560,560,1500
BHCL,1min,1776673358,2026-04-20 14:07,2026-04-20,560,563,560,563,160
BHCL,1min,1776673475,2026-04-20 14:09,2026-04-20,563,563,560,560,50
BHCL,1min,1776673578,2026-04-20 14:11,2026-04-20,560,563,560,563,50
BHCL,1min,1776673665,2026-04-20 14:12,2026-04-20,563,563,557,557,0
BHCL,1min,1776673721,2026-04-20 14:13,2026-04-20,557,557,557,557,20
BHCL,1min,1776673773,2026-04-20 14:14,2026-04-20,557,557,557,557,20
BHCL,1min,1776673842,2026-04-20 14:15,2026-04-20,557,557.2,557,557.2,0
BHCL,1min,1776673951,2026-04-20 14:17,2026-04-20,557.2,561,557.2,561,20
BHCL,1min,1776674030,2026-04-20 14:18,2026-04-20,561,565,559,565,333
BHCL,1min,1776674060,2026-04-20 14:19,2026-04-20,565,565,565,565,1050
BHCL,1min,1776674158,2026-04-20 14:20,2026-04-20,565,565,565,565,1160
BHCL,1min,1776674184,2026-04-20 14:21,2026-04-20,565,567,565,567,60
BHCL,1min,1776674266,2026-04-20 14:22,2026-04-20,567,567,565,565,40
BHCL,1min,1776674325,2026-04-20 14:23,2026-04-20,565,567,565,567,633
BHCL,1min,1776674390,2026-04-20 14:24,2026-04-20,567,567,561.6,562,1007
BHCL,1min,1776674487,2026-04-20 14:26,2026-04-20,562,562,561.7,561.7,760
BHCL,1min,1776674566,2026-04-20 14:27,2026-04-20,561.7,561.7,558,558,2958
BHCL,1min,1776674623,2026-04-20 14:28,2026-04-20,558,558,558,558,320
BHCL,1min,1776674743,2026-04-20 14:30,2026-04-20,558,562,558,562,360
BHCL,1min,1776674791,2026-04-20 14:31,2026-04-20,562,562,558.2,558.2,10
BHCL,1min,1776674850,2026-04-20 14:32,2026-04-20,558.2,558.4,558.2,558.4,20
BHCL,1min,1776674915,2026-04-20 14:33,2026-04-20,558.4,560,558.4,560,20
BHCL,1min,1776674967,2026-04-20 14:34,2026-04-20,560,560,560,560,20
BHCL,1min,1776675068,2026-04-20 14:36,2026-04-20,560,565,560,565,1390
BHCL,1min,1776675160,2026-04-20 14:37,2026-04-20,565,565,561.1,561.1,1120
BHCL,1min,1776675230,2026-04-20 14:38,2026-04-20,561.1,561.2,561.1,561.2,50
BHCL,1min,1776675278,2026-04-20 14:39,2026-04-20,561.2,565,560.2,560.2,1835
BHCL,1min,1776675354,2026-04-20 14:40,2026-04-20,560.2,560.2,555,555,6703
BHCL,1min,1776675388,2026-04-20 14:41,2026-04-20,555,555,552.1,552.2,1440
BHCL,1min,1776675463,2026-04-20 14:42,2026-04-20,552.2,552.5,552.2,552.5,10
BHCL,1min,1776675515,2026-04-20 14:43,2026-04-20,552.5,553,552.5,553,10
BHCL,1min,1776675612,2026-04-20 14:45,2026-04-20,553,554.3,553,554.3,20
BHCL,1min,1776675709,2026-04-20 14:46,2026-04-20,554.3,555.1,554.3,555,100
BHCL,1min,1776675755,2026-04-20 14:47,2026-04-20,555,555,555,555,1590
BHCL,1min,1776675856,2026-04-20 14:49,2026-04-20,555,555,554,554,0
BHCL,1min,1776675958,2026-04-20 14:50,2026-04-20,554,554.5,554,554.5,40
BHCL,1min,1776676058,2026-04-20 14:52,2026-04-20,554.5,555,554.5,555,60
BHCL,1min,1776676096,2026-04-20 14:53,2026-04-20,555,555.5,555,555.5,10
BHCL,1min,1776676158,2026-04-20 14:54,2026-04-20,555.5,558.4,555.5,555.5,50
BHCL,1min,1776676242,2026-04-20 14:55,2026-04-20,555.5,555.7,555.5,555.7,20
BHCL,1min,1776676314,2026-04-20 14:56,2026-04-20,555.7,555.7,555.7,555.7,10
BHCL,1min,1776676399,2026-04-20 14:58,2026-04-20,555.7,556,555.7,556,210
BHCL,1min,1776676499,2026-04-20 14:59,2026-04-20,556,557,556,557,1210
BHCL,1min,1776748539,2026-04-21 11:00,2026-04-21,542,542,542,542,10
BHCL,1min,1776748641,2026-04-21 11:02,2026-04-21,542,555,542,555,20
BHCL,1min,1776748704,2026-04-21 11:03,2026-04-21,555,556,555,556,30
BHCL,1min,1776748741,2026-04-21 11:04,2026-04-21,556,556,551.1,551.1,0
BHCL,1min,1776748807,2026-04-21 11:05,2026-04-21,551.1,551.1,549.1,549.1,410
BHCL,1min,1776748901,2026-04-21 11:06,2026-04-21,549.1,552,549.1,552,0
BHCL,1min,1776748950,2026-04-21 11:07,2026-04-21,552,553,552,553,30
BHCL,1min,1776749024,2026-04-21 11:08,2026-04-21,553,553,553,553,20
BHCL,1min,1776749213,2026-04-21 11:11,2026-04-21,553,555,553,555,40
BHCL,1min,1776749278,2026-04-21 11:12,2026-04-21,555,555,555,555,20
BHCL,1min,1776749317,2026-04-21 11:13,2026-04-21,555,555,555,555,30
BHCL,1min,1776749362,2026-04-21 11:14,2026-04-21,555,555,555,555,10
BHCL,1min,1776749452,2026-04-21 11:15,2026-04-21,555,555,555,555,30
BHCL,1min,1776749496,2026-04-21 11:16,2026-04-21,555,555,555,555,0
BHCL,1min,1776749520,2026-04-21 11:17,2026-04-21,555,555,555,555,20
BHCL,1min,1776749613,2026-04-21 11:18,2026-04-21,555,560,555,560,210
BHCL,1min,1776749679,2026-04-21 11:19,2026-04-21,560,560,560,560,400
BHCL,1min,1776749748,2026-04-21 11:20,2026-04-21,560,560,555,555,20
BHCL,1min,1776749773,2026-04-21 11:21,2026-04-21,555,560,555,560,150
BHCL,1min,1776749913,2026-04-21 11:23,2026-04-21,560,560,555.1,555.1,40
BHCL,1min,1776749988,2026-04-21 11:24,2026-04-21,555.1,555.1,555,555,520
BHCL,1min,1776750041,2026-04-21 11:25,2026-04-21,555,555,555,555,20
BHCL,1min,1776750074,2026-04-21 11:26,2026-04-21,555,555,555,555,10
BHCL,1min,1776750148,2026-04-21 11:27,2026-04-21,555,555,555,555,181
BHCL,1min,1776750267,2026-04-21 11:29,2026-04-21,555,555,552.5,553,20
BHCL,1min,1776750327,2026-04-21 11:30,2026-04-21,553,560,553,560,220
BHCL,1min,1776750417,2026-04-21 11:31,2026-04-21,560,560,560,560,250
BHCL,1min,1776750469,2026-04-21 11:32,2026-04-21,560,560,560,560,300
BHCL,1min,1776750505,2026-04-21 11:33,2026-04-21,560,560,556,556,20
BHCL,1min,1776750595,2026-04-21 11:34,2026-04-21,556,556,556,556,40
BHCL,1min,1776750645,2026-04-21 11:35,2026-04-21,556,556,556,556,10
BHCL,1min,1776750693,2026-04-21 11:36,2026-04-21,556,557,556,557,0
BHCL,1min,1776750769,2026-04-21 11:37,2026-04-21,557,557,557,557,340
BHCL,1min,1776750887,2026-04-21 11:39,2026-04-21,557,557,556,556,205
BHCL,1min,1776750926,2026-04-21 11:40,2026-04-21,556,556,556,556,10
BHCL,1min,1776751004,2026-04-21 11:41,2026-04-21,556,557,555,557,55
BHCL,1min,1776751072,2026-04-21 11:42,2026-04-21,557,557,557,557,165
BHCL,1min,1776751139,2026-04-21 11:43,2026-04-21,557,557,557,557,65
BHCL,1min,1776751145,2026-04-21 11:44,2026-04-21,557,560,557,560,800
BHCL,1min,1776751211,2026-04-21 11:45,2026-04-21,560,560,557.1,557.1,10
BHCL,1min,1776751304,2026-04-21 11:46,2026-04-21,557.1,557.2,557.1,557.2,10
BHCL,1min,1776751366,2026-04-21 11:47,2026-04-21,557.2,557.3,557.2,557.3,10
BHCL,1min,1776751416,2026-04-21 11:48,2026-04-21,557.3,558,557.3,558,130
BHCL,1min,1776751472,2026-04-21 11:49,2026-04-21,558,560,558,560,160
BHCL,1min,1776751534,2026-04-21 11:50,2026-04-21,560,560,558.2,558.2,20
BHCL,1min,1776751582,2026-04-21 11:51,2026-04-21,558.2,558.3,558.2,558.3,310
BHCL,1min,1776751730,2026-04-21 11:53,2026-04-21,558.3,561,558.3,561,40
BHCL,1min,1776751785,2026-04-21 11:54,2026-04-21,561,561,559,559,10
BHCL,1min,1776751802,2026-04-21 11:55,2026-04-21,559,561,559,561,0
BHCL,1min,1776751907,2026-04-21 11:56,2026-04-21,561,561,559,559,20
BHCL,1min,1776751966,2026-04-21 11:57,2026-04-21,559,559,558,558,535
BHCL,1min,1776752029,2026-04-21 11:58,2026-04-21,558,558,555,557,500
BHCL,1min,1776752277,2026-04-21 12:02,2026-04-21,557,557,555.2,555.2,30
BHCL,1min,1776752316,2026-04-21 12:03,2026-04-21,555.2,555.2,555.2,555.2,10
BHCL,1min,1776752347,2026-04-21 12:04,2026-04-21,555.2,555.2,555.2,555.2,10
BHCL,1min,1776752447,2026-04-21 12:05,2026-04-21,555.2,555.2,555.2,555.2,30
BHCL,1min,1776752510,2026-04-21 12:06,2026-04-21,555.2,555.2,555.2,555.2,20
BHCL,1min,1776752566,2026-04-21 12:07,2026-04-21,555.2,555.2,554.4,554.4,10
BHCL,1min,1776752720,2026-04-21 12:10,2026-04-21,554.4,554.4,554.4,554.4,10
BHCL,1min,1776752865,2026-04-21 12:12,2026-04-21,554.4,554.4,554.4,554.4,10
BHCL,1min,1776752937,2026-04-21 12:13,2026-04-21,554.4,554.4,554.3,554.4,10
BHCL,1min,1776752975,2026-04-21 12:14,2026-04-21,554.4,554.4,554.3,554.3,20
BHCL,1min,1776753055,2026-04-21 12:15,2026-04-21,554.3,555,554.3,555,10
BHCL,1min,1776753237,2026-04-21 12:18,2026-04-21,555,555,555,555,100
BHCL,1min,1776753266,2026-04-21 12:19,2026-04-21,555,555,555,555,10
BHCL,1min,1776753334,2026-04-21 12:20,2026-04-21,555,556,555,556,10
BHCL,1min,1776753458,2026-04-21 12:22,2026-04-21,556,556,555.1,555.1,10
BHCL,1min,1776753519,2026-04-21 12:23,2026-04-21,555.1,555.1,554.6,554.6,10
BHCL,1min,1776753611,2026-04-21 12:25,2026-04-21,554.6,554.6,554.4,554.4,10
BHCL,1min,1776753706,2026-04-21 12:26,2026-04-21,554.4,554.4,552.5,552.5,200
BHCL,1min,1776753732,2026-04-21 12:27,2026-04-21,552.5,552.6,552.5,552.6,10
BHCL,1min,1776753786,2026-04-21 12:28,2026-04-21,552.6,552.7,552.6,552.7,10
BHCL,1min,1776753918,2026-04-21 12:30,2026-04-21,552.7,552.7,552.7,552.7,10
BHCL,1min,1776754030,2026-04-21 12:32,2026-04-21,552.7,552.7,552.7,552.7,10
BHCL,1min,1776754122,2026-04-21 12:33,2026-04-21,552.7,554,552.7,554,10
BHCL,1min,1776754315,2026-04-21 12:36,2026-04-21,554,554,552.7,552.7,20
BHCL,1min,1776754374,2026-04-21 12:37,2026-04-21,552.7,552.7,552.6,552.6,20
BHCL,1min,1776754425,2026-04-21 12:38,2026-04-21,552.6,552.7,552.6,552.6,30
BHCL,1min,1776754529,2026-04-21 12:40,2026-04-21,552.6,552.6,551.6,551.6,10
BHCL,1min,1776754561,2026-04-21 12:41,2026-04-21,551.6,551.6,551.6,551.6,10
BHCL,1min,1776754665,2026-04-21 12:42,2026-04-21,551.6,552,551.6,552,40
BHCL,1min,1776754731,2026-04-21 12:43,2026-04-21,552,553,552,553,10
BHCL,1min,1776754921,2026-04-21 12:47,2026-04-21,553,554,553,554,20
BHCL,1min,1776755040,2026-04-21 12:49,2026-04-21,554,554,552.3,552.3,10
BHCL,1min,1776755154,2026-04-21 12:50,2026-04-21,552.3,552.4,552.3,552.4,20
BHCL,1min,1776755260,2026-04-21 12:52,2026-04-21,552.4,553,552.4,552.4,20
BHCL,1min,1776755386,2026-04-21 12:54,2026-04-21,552.4,555,552.4,555,60
BHCL,1min,1776755475,2026-04-21 12:56,2026-04-21,555,555.1,555,555.1,10
BHCL,1min,1776755694,2026-04-21 12:59,2026-04-21,555.1,555.1,555,555,50
BHCL,1min,1776755733,2026-04-21 13:00,2026-04-21,555,555,555,555,0
BHCL,1min,1776755854,2026-04-21 13:02,2026-04-21,555,555,553,553,45
BHCL,1min,1776755905,2026-04-21 13:03,2026-04-21,553,553.1,553,553.1,500
BHCL,1min,1776755969,2026-04-21 13:04,2026-04-21,553.1,553.2,553.1,553.2,143
BHCL,1min,1776756006,2026-04-21 13:05,2026-04-21,553.2,553.2,553.2,553.2,20
BHCL,1min,1776756098,2026-04-21 13:06,2026-04-21,553.2,555,553.2,555,10
BHCL,1min,1776756162,2026-04-21 13:07,2026-04-21,555,555.1,554.2,554.2,50
BHCL,1min,1776756282,2026-04-21 13:09,2026-04-21,554.2,555.2,554.2,555.2,10
BHCL,1min,1776756357,2026-04-21 13:10,2026-04-21,555.2,561,555.2,561,1555
BHCL,1min,1776756391,2026-04-21 13:11,2026-04-21,561,561,561,561,20
BHCL,1min,1776756443,2026-04-21 13:12,2026-04-21,561,564,561,562,500
BHCL,1min,1776756527,2026-04-21 13:13,2026-04-21,562,564,560,560,2650
BHCL,1min,1776756576,2026-04-21 13:14,2026-04-21,560,563.9,560,563.9,42
BHCL,1min,1776756653,2026-04-21 13:15,2026-04-21,563.9,563.9,556.7,556.7,112
BHCL,1min,1776756715,2026-04-21 13:16,2026-04-21,556.7,560,556.7,560,90
BHCL,1min,1776756751,2026-04-21 13:17,2026-04-21,560,560,556.9,556.9,20
BHCL,1min,1776756825,2026-04-21 13:18,2026-04-21,556.9,557,556.9,557,20
BHCL,1min,1776756892,2026-04-21 13:19,2026-04-21,557,557.2,557,557.2,10
BHCL,1min,1776756911,2026-04-21 13:20,2026-04-21,557.2,557.2,557.2,557.2,10
BHCL,1min,1776757064,2026-04-21 13:22,2026-04-21,557.2,558.2,557.2,558.2,10
BHCL,1min,1776757104,2026-04-21 13:23,2026-04-21,558.2,562,558.2,562,0
BHCL,1min,1776757245,2026-04-21 13:25,2026-04-21,562,562,559,559,615
BHCL,1min,1776757300,2026-04-21 13:26,2026-04-21,559,559,559,559,10
BHCL,1min,1776757325,2026-04-21 13:27,2026-04-21,559,560,559,560,10
BHCL,1min,1776757402,2026-04-21 13:28,2026-04-21,560,560,560,560,10
BHCL,1min,1776757494,2026-04-21 13:29,2026-04-21,560,560,560,560,124
BHCL,1min,1776757559,2026-04-21 13:30,2026-04-21,560,560,559,559,66
BHCL,1min,1776757631,2026-04-21 13:32,2026-04-21,559,559,558.2,558.2,0
BHCL,1min,1776757792,2026-04-21 13:34,2026-04-21,558.2,558.2,558.2,558.2,20
BHCL,1min,1776757800,2026-04-21 13:35,2026-04-21,558.2,558.2,558,558,10
BHCL,1min,1776757907,2026-04-21 13:36,2026-04-21,558,558,558,558,10
BHCL,1min,1776757974,2026-04-21 13:37,2026-04-21,558,561,558,561,2680
BHCL,1min,1776758143,2026-04-21 13:40,2026-04-21,561,561,558,558,694
BHCL,1min,1776758243,2026-04-21 13:42,2026-04-21,558,561.7,558,561.7,11
BHCL,1min,1776758423,2026-04-21 13:45,2026-04-21,561.7,561.7,560,560,30
BHCL,1min,1776758491,2026-04-21 13:46,2026-04-21,560,560,558,558,20
BHCL,1min,1776758614,2026-04-21 13:48,2026-04-21,558,558.3,558,558.3,10
BHCL,1min,1776758692,2026-04-21 13:49,2026-04-21,558.3,565,558.3,565,2818
BHCL,1min,1776758757,2026-04-21 13:50,2026-04-21,565,565,559,559,0
BHCL,1min,1776758803,2026-04-21 13:51,2026-04-21,559,559,559,559,20
BHCL,1min,1776758927,2026-04-21 13:53,2026-04-21,559,561,559,561,510
BHCL,1min,1776758976,2026-04-21 13:54,2026-04-21,561,561,561,561,40
BHCL,1min,1776759034,2026-04-21 13:55,2026-04-21,561,561.2,561,561.2,10
BHCL,1min,1776759094,2026-04-21 13:56,2026-04-21,561.2,561.2,561.1,561.1,259
BHCL,1min,1776759134,2026-04-21 13:57,2026-04-21,561.1,561.1,561,561,241
BHCL,1min,1776759217,2026-04-21 13:58,2026-04-21,561,561,560,560,30
BHCL,1min,1776759290,2026-04-21 13:59,2026-04-21,560,561,560,561,589
BHCL,1min,1776759511,2026-04-21 14:03,2026-04-21,561,561,559.1,560,60
BHCL,1min,1776759569,2026-04-21 14:04,2026-04-21,560,560,560,560,150
BHCL,1min,1776759618,2026-04-21 14:05,2026-04-21,560,560,560,560,200
BHCL,1min,1776759687,2026-04-21 14:06,2026-04-21,560,560,559,559,10
BHCL,1min,1776759761,2026-04-21 14:07,2026-04-21,559,559,559,559,265
BHCL,1min,1776759810,2026-04-21 14:08,2026-04-21,559,559.5,559,559.5,1000
BHCL,1min,1776759888,2026-04-21 14:09,2026-04-21,559.5,560,558.2,558.2,20
BHCL,1min,1776759930,2026-04-21 14:10,2026-04-21,558.2,558.2,558.2,558.2,20
BHCL,1min,1776759965,2026-04-21 14:11,2026-04-21,558.2,558.2,558.2,558.2,540
BHCL,1min,1776760116,2026-04-21 14:13,2026-04-21,558.2,560,558.2,560,370
BHCL,1min,1776760173,2026-04-21 14:14,2026-04-21,560,560,559,559,20
BHCL,1min,1776760318,2026-04-21 14:16,2026-04-21,559,559,559,559,40
BHCL,1min,1776760432,2026-04-21 14:18,2026-04-21,559,559.1,559,559.1,30
BHCL,1min,1776760490,2026-04-21 14:19,2026-04-21,559.1,559.1,559.1,559.1,20
BHCL,1min,1776760525,2026-04-21 14:20,2026-04-21,559.1,559.1,559.1,559.1,10
BHCL,1min,1776760614,2026-04-21 14:21,2026-04-21,559.1,559.1,558.5,558.5,320
BHCL,1min,1776760669,2026-04-21 14:22,2026-04-21,558.5,558.5,558.4,558.4,1206
BHCL,1min,1776760720,2026-04-21 14:23,2026-04-21,558.4,558.4,558.4,558.4,10
BHCL,1min,1776760775,2026-04-21 14:24,2026-04-21,558.4,558.4,558.4,558.4,10
BHCL,1min,1776760847,2026-04-21 14:25,2026-04-21,558.4,558.4,558.4,558.4,91
BHCL,1min,1776760966,2026-04-21 14:27,2026-04-21,558.4,558.4,558.4,558.4,150
BHCL,1min,1776761020,2026-04-21 14:28,2026-04-21,558.4,558.4,558,558,0
BHCL,1min,1776761097,2026-04-21 14:29,2026-04-21,558,558,555.9,555.9,2771
BHCL,1min,1776761155,2026-04-21 14:30,2026-04-21,555.9,555.9,555.8,555.8,80
BHCL,1min,1776761370,2026-04-21 14:34,2026-04-21,555.8,556,555.8,556,40
BHCL,1min,1776761454,2026-04-21 14:35,2026-04-21,556,556,556,556,20
BHCL,1min,1776761513,2026-04-21 14:36,2026-04-21,556,556,556,556,440
BHCL,1min,1776761566,2026-04-21 14:37,2026-04-21,556,556,556,556,20
BHCL,1min,1776761588,2026-04-21 14:38,2026-04-21,556,556,556,556,39
BHCL,1min,1776761678,2026-04-21 14:39,2026-04-21,556,557.9,556,557.9,535
BHCL,1min,1776761753,2026-04-21 14:40,2026-04-21,557.9,557.9,556.3,556.3,10
BHCL,1min,1776761760,2026-04-21 14:41,2026-04-21,556.3,560,556.3,560,110
BHCL,1min,1776761853,2026-04-21 14:42,2026-04-21,560,560,556.3,556.3,10
BHCL,1min,1776761909,2026-04-21 14:43,2026-04-21,556.3,556.5,556.3,556.3,20
BHCL,1min,1776761978,2026-04-21 14:44,2026-04-21,556.3,556.4,556.3,556.4,20
BHCL,1min,1776762042,2026-04-21 14:45,2026-04-21,556.4,556.4,550,550,3020
BHCL,1min,1776762104,2026-04-21 14:46,2026-04-21,550,555,550,550.4,20
BHCL,1min,1776762191,2026-04-21 14:48,2026-04-21,550.4,550.5,550.4,550.5,10
BHCL,1min,1776762281,2026-04-21 14:49,2026-04-21,550.5,550.5,550.3,550.3,10
BHCL,1min,1776762329,2026-04-21 14:50,2026-04-21,550.3,550.5,550.2,550.2,330
BHCL,1min,1776762388,2026-04-21 14:51,2026-04-21,550.2,550.3,550.2,550.2,30
BHCL,1min,1776762451,2026-04-21 14:52,2026-04-21,550.2,550.2,550.2,550.2,10
BHCL,1min,1776762501,2026-04-21 14:53,2026-04-21,550.2,550.2,550.1,550.1,238
BHCL,1min,1776762594,2026-04-21 14:54,2026-04-21,550.1,550.2,550.1,550.2,30
BHCL,1min,1776762626,2026-04-21 14:55,2026-04-21,550.2,551,550.2,551,20
BHCL,1min,1776762669,2026-04-21 14:56,2026-04-21,551,551,550.2,550.2,10
BHCL,1min,1776762761,2026-04-21 14:57,2026-04-21,550.2,550.3,550,550,10
BHCL,1min,1776762836,2026-04-21 14:58,2026-04-21,550,550,548,550,1413
BHCL,1min,1776762899,2026-04-21 14:59,2026-04-21,550,551,550,551,1046
BHCL,1min,1776834900,2026-04-22 11:00,2026-04-22,578,578,578,578,10
BHCL,1min,1776834983,2026-04-22 11:01,2026-04-22,578,578,560.7,560.7,1010
BHCL,1min,1776835185,2026-04-22 11:04,2026-04-22,560.7,560.7,546.1,546.1,10
BHCL,1min,1776835201,2026-04-22 11:05,2026-04-22,546.1,546.2,546.1,546.2,10
BHCL,1min,1776835279,2026-04-22 11:06,2026-04-22,546.2,546.5,546.2,546.5,20
BHCL,1min,1776835340,2026-04-22 11:07,2026-04-22,546.5,547,546.5,547,10
BHCL,1min,1776835394,2026-04-22 11:08,2026-04-22,547,547,547,547,0
BHCL,1min,1776835540,2026-04-22 11:10,2026-04-22,547,547,546.3,546.3,612
BHCL,1min,1776835602,2026-04-22 11:11,2026-04-22,546.3,546.3,545,545,555
BHCL,1min,1776835652,2026-04-22 11:12,2026-04-22,545,545,544,544,10
BHCL,1min,1776835712,2026-04-22 11:13,2026-04-22,544,545,544,545,289
BHCL,1min,1776835781,2026-04-22 11:14,2026-04-22,545,550,545,545,20
BHCL,1min,1776835802,2026-04-22 11:15,2026-04-22,545,545,545,545,10
BHCL,1min,1776835900,2026-04-22 11:16,2026-04-22,545,545.1,545,545,20
BHCL,1min,1776835972,2026-04-22 11:17,2026-04-22,545,545.2,545,545.2,270
BHCL,1min,1776836032,2026-04-22 11:18,2026-04-22,545.2,545.2,545,545,274
BHCL,1min,1776836092,2026-04-22 11:19,2026-04-22,545,545,545,545,10
BHCL,1min,1776836201,2026-04-22 11:21,2026-04-22,545,545.2,545,545.2,30
BHCL,1min,1776836370,2026-04-22 11:24,2026-04-22,545.2,545.2,545.1,545.1,0
BHCL,1min,1776836405,2026-04-22 11:25,2026-04-22,545.1,545.1,545.1,545.1,0
BHCL,1min,1776836518,2026-04-22 11:26,2026-04-22,545.1,545.1,545,545,40
BHCL,1min,1776836638,2026-04-22 11:28,2026-04-22,545,545,545,545,160
BHCL,1min,1776836812,2026-04-22 11:31,2026-04-22,545,545.2,545,545.2,40
BHCL,1min,1776836876,2026-04-22 11:32,2026-04-22,545.2,545.3,545.2,545.3,30
BHCL,1min,1776836938,2026-04-22 11:33,2026-04-22,545.3,545.6,545.3,545.6,30
BHCL,1min,1776837007,2026-04-22 11:35,2026-04-22,545.6,545.8,545.6,545.8,10
BHCL,1min,1776837070,2026-04-22 11:36,2026-04-22,545.8,545.8,545.8,545.8,0
BHCL,1min,1776837204,2026-04-22 11:38,2026-04-22,545.8,549,545.8,549,70
BHCL,1min,1776837264,2026-04-22 11:39,2026-04-22,549,550,549,550,40
BHCL,1min,1776837313,2026-04-22 11:40,2026-04-22,550,550,546.3,546.3,10
BHCL,1min,1776837406,2026-04-22 11:41,2026-04-22,546.3,546.4,546.3,546.4,10
BHCL,1min,1776837510,2026-04-22 11:43,2026-04-22,546.4,546.5,546.4,546.5,0
BHCL,1min,1776837599,2026-04-22 11:44,2026-04-22,546.5,546.5,546.5,546.5,20
BHCL,1min,1776837658,2026-04-22 11:45,2026-04-22,546.5,546.5,546.5,546.5,10
BHCL,1min,1776837667,2026-04-22 11:46,2026-04-22,546.5,546.5,546.5,546.5,10
BHCL,1min,1776837734,2026-04-22 11:47,2026-04-22,546.5,546.5,546.5,546.5,10
BHCL,1min,1776837832,2026-04-22 11:48,2026-04-22,546.5,546.5,546.5,546.5,0
BHCL,1min,1776837887,2026-04-22 11:49,2026-04-22,546.5,546.5,546.5,546.5,30
BHCL,1min,1776837984,2026-04-22 11:51,2026-04-22,546.5,546.5,546.4,546.4,500
BHCL,1min,1776838180,2026-04-22 11:54,2026-04-22,546.4,546.4,546.4,546.4,0
BHCL,1min,1776838244,2026-04-22 11:55,2026-04-22,546.4,546.6,546.4,546.4,100
BHCL,1min,1776838306,2026-04-22 11:56,2026-04-22,546.4,546.4,546.4,546.4,20
BHCL,1min,1776838368,2026-04-22 11:57,2026-04-22,546.4,547,546.3,546.3,630
BHCL,1min,1776838488,2026-04-22 11:59,2026-04-22,546.3,546.3,546.1,546.1,10
BHCL,1min,1776838523,2026-04-22 12:00,2026-04-22,546.1,546.1,545,545,150
BHCL,1min,1776838592,2026-04-22 12:01,2026-04-22,545,545,545,545,30
BHCL,1min,1776838640,2026-04-22 12:02,2026-04-22,545,545,545,545,491
BHCL,1min,1776838731,2026-04-22 12:03,2026-04-22,545,545,542.1,542.1,1297
BHCL,1min,1776838857,2026-04-22 12:05,2026-04-22,542.1,544,542,544,510
BHCL,1min,1776838978,2026-04-22 12:07,2026-04-22,544,544,543,544,260
BHCL,1min,1776839033,2026-04-22 12:08,2026-04-22,544,544,540.1,540.1,1270
BHCL,1min,1776839070,2026-04-22 12:09,2026-04-22,540.1,540.1,535,535,1994
BHCL,1min,1776839157,2026-04-22 12:10,2026-04-22,535,540,535,535,30
BHCL,1min,1776839246,2026-04-22 12:12,2026-04-22,535,540,535,540,100
BHCL,1min,1776839335,2026-04-22 12:13,2026-04-22,540,542,540,542,0
BHCL,1min,1776839396,2026-04-22 12:14,2026-04-22,542,542,540.1,540.1,540
BHCL,1min,1776839491,2026-04-22 12:16,2026-04-22,540.1,540.1,540.1,540.1,30
BHCL,1min,1776839579,2026-04-22 12:17,2026-04-22,540.1,540.5,540.1,540.5,100
BHCL,1min,1776839630,2026-04-22 12:18,2026-04-22,540.5,540.6,540.5,540.6,20
BHCL,1min,1776839738,2026-04-22 12:20,2026-04-22,540.6,541,540.6,541,10
BHCL,1min,1776839795,2026-04-22 12:21,2026-04-22,541,543,541,541,60
BHCL,1min,1776839860,2026-04-22 12:22,2026-04-22,541,543,541,543,120
BHCL,1min,1776839922,2026-04-22 12:23,2026-04-22,543,543,540.7,540.7,30
BHCL,1min,1776839963,2026-04-22 12:24,2026-04-22,540.7,540.7,540.7,540.7,20
BHCL,1min,1776840038,2026-04-22 12:25,2026-04-22,540.7,540.8,540.7,540.8,10
BHCL,1min,1776840161,2026-04-22 12:27,2026-04-22,540.8,540.8,540.1,540.1,220
BHCL,1min,1776840285,2026-04-22 12:29,2026-04-22,540.1,540.2,540.1,540.1,80
BHCL,1min,1776840308,2026-04-22 12:30,2026-04-22,540.1,542,540.1,542,10
BHCL,1min,1776840383,2026-04-22 12:31,2026-04-22,542,542,540.2,540.2,0
BHCL,1min,1776840463,2026-04-22 12:32,2026-04-22,540.2,541,540.2,541,10
BHCL,1min,1776840525,2026-04-22 12:33,2026-04-22,541,543,541,543,60
BHCL,1min,1776840582,2026-04-22 12:34,2026-04-22,543,543,541,541,3272
BHCL,1min,1776840635,2026-04-22 12:35,2026-04-22,541,544,541,544,0
BHCL,1min,1776840739,2026-04-22 12:37,2026-04-22,544,544,541.1,541.1,40
BHCL,1min,1776840971,2026-04-22 12:41,2026-04-22,541.1,541.1,541,541,0
BHCL,1min,1776841057,2026-04-22 12:42,2026-04-22,541,544,541,541,1000
BHCL,1min,1776841165,2026-04-22 12:44,2026-04-22,541,541,541,541,70
BHCL,1min,1776841227,2026-04-22 12:45,2026-04-22,541,541,541,541,30
BHCL,1min,1776841398,2026-04-22 12:48,2026-04-22,541,541.1,541,541.1,10
BHCL,1min,1776841513,2026-04-22 12:50,2026-04-22,541.1,541.1,541,541,10
BHCL,1min,1776841595,2026-04-22 12:51,2026-04-22,541,541.3,541,541.3,10
BHCL,1min,1776841665,2026-04-22 12:52,2026-04-22,541.3,541.3,541.3,541.3,20
BHCL,1min,1776841729,2026-04-22 12:53,2026-04-22,541.3,541.3,541.3,541.3,20
BHCL,1min,1776841765,2026-04-22 12:54,2026-04-22,541.3,541.3,541.3,541.3,10
BHCL,1min,1776841818,2026-04-22 12:55,2026-04-22,541.3,541.3,541.3,541.3,10
BHCL,1min,1776841906,2026-04-22 12:56,2026-04-22,541.3,542,541.3,542,20
BHCL,1min,1776842008,2026-04-22 12:58,2026-04-22,542,542,542,542,5090
BHCL,1min,1776842072,2026-04-22 12:59,2026-04-22,542,542,541.3,541.3,10
BHCL,1min,1776842135,2026-04-22 13:00,2026-04-22,541.3,542,541.3,542,10
BHCL,1min,1776842212,2026-04-22 13:01,2026-04-22,542,542,541.3,542,30
BHCL,1min,1776842267,2026-04-22 13:02,2026-04-22,542,543,542,543,10
BHCL,1min,1776842316,2026-04-22 13:03,2026-04-22,543,543,542.1,543,440
BHCL,1min,1776842342,2026-04-22 13:04,2026-04-22,543,544.5,543,544.5,300
BHCL,1min,1776842458,2026-04-22 13:05,2026-04-22,544.5,544.5,542.2,542.2,20
BHCL,1min,1776842565,2026-04-22 13:07,2026-04-22,542.2,542.2,542.1,542.1,110
BHCL,1min,1776842821,2026-04-22 13:12,2026-04-22,542.1,542.1,542.1,542.1,10
BHCL,1min,1776843021,2026-04-22 13:15,2026-04-22,542.1,542.1,542.1,542.1,10
BHCL,1min,1776843129,2026-04-22 13:17,2026-04-22,542.1,542.1,542.1,542.1,10
BHCL,1min,1776843239,2026-04-22 13:18,2026-04-22,542.1,542.1,542.1,542.1,20
BHCL,1min,1776843292,2026-04-22 13:19,2026-04-22,542.1,542.2,542.1,542.2,20
BHCL,1min,1776843336,2026-04-22 13:20,2026-04-22,542.2,545,542.2,545,0
BHCL,1min,1776843466,2026-04-22 13:22,2026-04-22,545,549,545,549,140
BHCL,1min,1776843663,2026-04-22 13:26,2026-04-22,549,549,549,549,20
BHCL,1min,1776843763,2026-04-22 13:27,2026-04-22,549,549,545.2,548,20
BHCL,1min,1776843831,2026-04-22 13:28,2026-04-22,548,548,545,545,990
BHCL,1min,1776843889,2026-04-22 13:29,2026-04-22,545,545,545,545,50
BHCL,1min,1776843944,2026-04-22 13:30,2026-04-22,545,545,544.1,544.1,555
BHCL,1min,1776844015,2026-04-22 13:31,2026-04-22,544.1,544.1,544,544,20
BHCL,1min,1776844049,2026-04-22 13:32,2026-04-22,544,544,542.2,542.2,490
BHCL,1min,1776844241,2026-04-22 13:35,2026-04-22,542.2,542.3,542.2,542.3,900
BHCL,1min,1776844350,2026-04-22 13:37,2026-04-22,542.3,542.3,542.2,542.2,10
BHCL,1min,1776844424,2026-04-22 13:38,2026-04-22,542.2,542.2,542.2,542.2,10
BHCL,1min,1776844463,2026-04-22 13:39,2026-04-22,542.2,542.2,542.2,542.2,20
BHCL,1min,1776844667,2026-04-22 13:42,2026-04-22,542.2,542.2,542.2,542.2,10
BHCL,1min,1776844832,2026-04-22 13:45,2026-04-22,542.2,542.2,542.2,542.2,20
BHCL,1min,1776844919,2026-04-22 13:46,2026-04-22,542.2,542.2,542.1,542.1,384
BHCL,1min,1776845100,2026-04-22 13:50,2026-04-22,542.1,543,542.1,543,10
BHCL,1min,1776845181,2026-04-22 13:51,2026-04-22,543,543,543,543,20
BHCL,1min,1776845260,2026-04-22 13:52,2026-04-22,543,543,541.3,541.3,20
BHCL,1min,1776845344,2026-04-22 13:54,2026-04-22,541.3,541.3,541.3,541.3,10
BHCL,1min,1776845668,2026-04-22 13:59,2026-04-22,541.3,542,541.3,542,30
BHCL,1min,1776845743,2026-04-22 14:00,2026-04-22,542,542.1,542,542.1,400
BHCL,1min,1776845817,2026-04-22 14:01,2026-04-22,542.1,543,542.1,543,10
BHCL,1min,1776845874,2026-04-22 14:02,2026-04-22,543,543,542,542,10
BHCL,1min,1776845930,2026-04-22 14:03,2026-04-22,542,542,542,542,10
BHCL,1min,1776846091,2026-04-22 14:06,2026-04-22,542,543,542,543,20
BHCL,1min,1776846234,2026-04-22 14:08,2026-04-22,543,543,543,543,60
BHCL,1min,1776846364,2026-04-22 14:11,2026-04-22,543,543,543,543,420
BHCL,1min,1776846454,2026-04-22 14:12,2026-04-22,543,544,543,544,30
BHCL,1min,1776846574,2026-04-22 14:14,2026-04-22,544,544,544,544,131
BHCL,1min,1776846644,2026-04-22 14:15,2026-04-22,544,544,544,544,10
BHCL,1min,1776846819,2026-04-22 14:18,2026-04-22,544,544,544,544,30
BHCL,1min,1776846885,2026-04-22 14:19,2026-04-22,544,544,542.3,542.3,10
BHCL,1min,1776846928,2026-04-22 14:20,2026-04-22,542.3,542.3,542.3,542.3,10
BHCL,1min,1776846981,2026-04-22 14:21,2026-04-22,542.3,542.4,542.3,542.4,20
BHCL,1min,1776847028,2026-04-22 14:22,2026-04-22,542.4,542.4,542.1,542.1,500
BHCL,1min,1776847094,2026-04-22 14:23,2026-04-22,542.1,542.1,542.1,542.1,4200
BHCL,1min,1776847192,2026-04-22 14:24,2026-04-22,542.1,542.1,542.1,542.1,50
BHCL,1min,1776847350,2026-04-22 14:27,2026-04-22,542.1,542.2,542.1,542.2,10
BHCL,1min,1776847438,2026-04-22 14:28,2026-04-22,542.2,543,542.2,543,20
BHCL,1min,1776847475,2026-04-22 14:29,2026-04-22,543,543,543,543,40
BHCL,1min,1776847543,2026-04-22 14:30,2026-04-22,543,543,542.1,542.1,210
BHCL,1min,1776847581,2026-04-22 14:31,2026-04-22,542.1,542.1,542.1,542.1,10
BHCL,1min,1776847671,2026-04-22 14:32,2026-04-22,542.1,542.1,542,542,800
BHCL,1min,1776847719,2026-04-22 14:33,2026-04-22,542,542,542,542,10
BHCL,1min,1776847766,2026-04-22 14:34,2026-04-22,542,542,542,542,10
BHCL,1min,1776847917,2026-04-22 14:36,2026-04-22,542,544,542,544,40
BHCL,1min,1776847974,2026-04-22 14:37,2026-04-22,544,544,543.1,543.1,20
BHCL,1min,1776848019,2026-04-22 14:38,2026-04-22,543.1,548,543.1,548,737
BHCL,1min,1776848097,2026-04-22 14:39,2026-04-22,548,550,548,550,950
BHCL,1min,1776848213,2026-04-22 14:41,2026-04-22,550,554,550,554,162
BHCL,1min,1776848442,2026-04-22 14:45,2026-04-22,554,554,550,550,10
BHCL,1min,1776848478,2026-04-22 14:46,2026-04-22,550,554,550,553,120
BHCL,1min,1776848631,2026-04-22 14:48,2026-04-22,553,553,553,553,173
BHCL,1min,1776848681,2026-04-22 14:49,2026-04-22,553,554,553,554,50
BHCL,1min,1776848744,2026-04-22 14:50,2026-04-22,554,555,550,550,2120
BHCL,1min,1776848786,2026-04-22 14:51,2026-04-22,550,551,550,551,600
BHCL,1min,1776848879,2026-04-22 14:52,2026-04-22,551,558,551,558,140
BHCL,1min,1776848933,2026-04-22 14:53,2026-04-22,558,560,558,560,2386
BHCL,1min,1776848973,2026-04-22 14:54,2026-04-22,560,561,553,561,205
BHCL,1min,1776849044,2026-04-22 14:55,2026-04-22,561,561,554,554,110
BHCL,1min,1776849116,2026-04-22 14:56,2026-04-22,554,559,554,558,100
BHCL,1min,1776849170,2026-04-22 14:57,2026-04-22,558,558,553,555,2583
BHCL,1min,1776849231,2026-04-22 14:58,2026-04-22,555,557,551,556,607
BHCL,1min,1776849299,2026-04-22 14:59,2026-04-22,556,556,555,555.9,1468
BHCL,1min,1776921597,2026-04-23 11:04,2026-04-23,551,551,551,551,10
BHCL,1min,1776921610,2026-04-23 11:05,2026-04-23,551,551,551,551,10
BHCL,1min,1776921770,2026-04-23 11:07,2026-04-23,551,551.1,550,550,813
BHCL,1min,1776921835,2026-04-23 11:08,2026-04-23,550,551,550,551,70
BHCL,1min,1776921895,2026-04-23 11:09,2026-04-23,551,551,550,550,897
BHCL,1min,1776922008,2026-04-23 11:11,2026-04-23,550,550,545,545,10
BHCL,1min,1776922119,2026-04-23 11:13,2026-04-23,545,546.3,545,546.3,10
BHCL,1min,1776922311,2026-04-23 11:16,2026-04-23,546.3,550,546.3,548,20
BHCL,1min,1776922344,2026-04-23 11:17,2026-04-23,548,548,548,548,20
BHCL,1min,1776922439,2026-04-23 11:18,2026-04-23,548,550,547.3,547.3,50
BHCL,1min,1776922496,2026-04-23 11:19,2026-04-23,547.3,547.3,547.3,547.3,10
BHCL,1min,1776922537,2026-04-23 11:20,2026-04-23,547.3,547.3,547.2,547.2,0
BHCL,1min,1776922584,2026-04-23 11:21,2026-04-23,547.2,547.3,547.2,547.3,30
BHCL,1min,1776922654,2026-04-23 11:22,2026-04-23,547.3,547.3,547.3,547.3,10
BHCL,1min,1776922707,2026-04-23 11:23,2026-04-23,547.3,547.3,547.2,547.2,20
BHCL,1min,1776922937,2026-04-23 11:27,2026-04-23,547.2,547.3,547.2,547.3,10
BHCL,1min,1776923098,2026-04-23 11:29,2026-04-23,547.3,550,547.3,550,20
BHCL,1min,1776923139,2026-04-23 11:30,2026-04-23,550,550,548,548,10
BHCL,1min,1776923172,2026-04-23 11:31,2026-04-23,548,548,547.4,547.4,40
BHCL,1min,1776923296,2026-04-23 11:33,2026-04-23,547.4,547.4,547.3,547.3,20
BHCL,1min,1776923340,2026-04-23 11:34,2026-04-23,547.3,548,547.3,548,20
BHCL,1min,1776923425,2026-04-23 11:35,2026-04-23,548,555,547.3,555,70
BHCL,1min,1776923496,2026-04-23 11:36,2026-04-23,555,555,550,550,10
BHCL,1min,1776923572,2026-04-23 11:37,2026-04-23,550,550,548,550,46
BHCL,1min,1776923742,2026-04-23 11:40,2026-04-23,550,550,548,548,20
BHCL,1min,1776923792,2026-04-23 11:41,2026-04-23,548,548,548,548,20
BHCL,1min,1776923874,2026-04-23 11:42,2026-04-23,548,548,547.5,547.5,60
BHCL,1min,1776923914,2026-04-23 11:43,2026-04-23,547.5,547.5,545.2,545.2,2000
BHCL,1min,1776923966,2026-04-23 11:44,2026-04-23,545.2,545.2,544.3,544.3,1010
BHCL,1min,1776924057,2026-04-23 11:45,2026-04-23,544.3,550,544.3,550,70
BHCL,1min,1776924117,2026-04-23 11:46,2026-04-23,550,554.8,550,554.8,40
BHCL,1min,1776924166,2026-04-23 11:47,2026-04-23,554.8,554.8,546,554.8,120
BHCL,1min,1776924226,2026-04-23 11:48,2026-04-23,554.8,554.8,554.7,554.7,100
BHCL,1min,1776924299,2026-04-23 11:49,2026-04-23,554.7,554.7,544.5,544.5,20
BHCL,1min,1776924316,2026-04-23 11:50,2026-04-23,544.5,544.5,544.5,544.5,10
BHCL,1min,1776924378,2026-04-23 11:51,2026-04-23,544.5,544.5,544.5,544.5,20
BHCL,1min,1776924425,2026-04-23 11:52,2026-04-23,544.5,545,544.5,545,10
BHCL,1min,1776924584,2026-04-23 11:54,2026-04-23,545,545,545,545,10
BHCL,1min,1776924836,2026-04-23 11:58,2026-04-23,545,545.1,545,545.1,20
BHCL,1min,1776924870,2026-04-23 11:59,2026-04-23,545.1,545.1,545,545,40
BHCL,1min,1776924928,2026-04-23 12:00,2026-04-23,545,545,545,545,10
BHCL,1min,1776925009,2026-04-23 12:01,2026-04-23,545,545,544.4,544.4,500
BHCL,1min,1776925049,2026-04-23 12:02,2026-04-23,544.4,544.4,544.4,544.4,30
BHCL,1min,1776925122,2026-04-23 12:03,2026-04-23,544.4,544.4,544.4,544.4,10
BHCL,1min,1776925194,2026-04-23 12:04,2026-04-23,544.4,544.4,544.4,544.4,20
BHCL,1min,1776925229,2026-04-23 12:05,2026-04-23,544.4,544.5,544.4,544.5,20
BHCL,1min,1776925322,2026-04-23 12:07,2026-04-23,544.5,544.5,544.4,544.4,10
BHCL,1min,1776925414,2026-04-23 12:08,2026-04-23,544.4,544.6,544.4,544.6,10
BHCL,1min,1776925441,2026-04-23 12:09,2026-04-23,544.6,545,544.6,545,20
BHCL,1min,1776925716,2026-04-23 12:13,2026-04-23,545,546,545,546,20
BHCL,1min,1776925795,2026-04-23 12:14,2026-04-23,546,547,546,546.2,70
BHCL,1min,1776925849,2026-04-23 12:15,2026-04-23,546.2,546.2,546.2,546.2,10
BHCL,1min,1776926028,2026-04-23 12:18,2026-04-23,546.2,548,546.2,548,10
BHCL,1min,1776926079,2026-04-23 12:19,2026-04-23,548,548,548,548,10
BHCL,1min,1776926155,2026-04-23 12:20,2026-04-23,548,550,548,550,70
BHCL,1min,1776926171,2026-04-23 12:21,2026-04-23,550,550,548,548,10
BHCL,1min,1776926277,2026-04-23 12:22,2026-04-23,548,550,548,550,40
BHCL,1min,1776926396,2026-04-23 12:24,2026-04-23,550,551,547,551,20
BHCL,1min,1776926427,2026-04-23 12:25,2026-04-23,551,551,547,547,20
BHCL,1min,1776926470,2026-04-23 12:26,2026-04-23,547,552,547,552,30
BHCL,1min,1776926565,2026-04-23 12:27,2026-04-23,552,553,552,553,50
BHCL,1min,1776926589,2026-04-23 12:28,2026-04-23,553,553,553,553,0
BHCL,1min,1776926810,2026-04-23 12:31,2026-04-23,553,553,548,548,30
BHCL,1min,1776926937,2026-04-23 12:33,2026-04-23,548,550,548,550,30
BHCL,1min,1776926999,2026-04-23 12:34,2026-04-23,550,555,550,555,10
BHCL,1min,1776927031,2026-04-23 12:35,2026-04-23,555,555,550,550,2020
BHCL,1min,1776927139,2026-04-23 12:37,2026-04-23,550,551,550,551,10
BHCL,1min,1776927249,2026-04-23 12:39,2026-04-23,551,551,551,551,10
BHCL,1min,1776927316,2026-04-23 12:40,2026-04-23,551,551,551,551,10
BHCL,1min,1776927423,2026-04-23 12:42,2026-04-23,551,551,551,551,0
BHCL,1min,1776927592,2026-04-23 12:44,2026-04-23,551,551.1,551,551.1,20
BHCL,1min,1776927609,2026-04-23 12:45,2026-04-23,551.1,551.1,551.1,551.1,10
BHCL,1min,1776927786,2026-04-23 12:48,2026-04-23,551.1,551.1,551.1,551.1,10
BHCL,1min,1776927900,2026-04-23 12:50,2026-04-23,551.1,551.1,551.1,551.1,0
BHCL,1min,1776927977,2026-04-23 12:51,2026-04-23,551.1,551.1,551.1,551.1,20
BHCL,1min,1776928108,2026-04-23 12:53,2026-04-23,551.1,552,551.1,552,10
BHCL,1min,1776928228,2026-04-23 12:55,2026-04-23,552,552,551.2,551.2,10
BHCL,1min,1776928294,2026-04-23 12:56,2026-04-23,551.2,551.2,551.2,551.2,20
BHCL,1min,1776928375,2026-04-23 12:57,2026-04-23,551.2,551.2,551.1,551.1,40
BHCL,1min,1776928429,2026-04-23 12:58,2026-04-23,551.1,554.8,551.1,554.8,20
BHCL,1min,1776928459,2026-04-23 12:59,2026-04-23,554.8,555,554.8,555,92
BHCL,1min,1776928518,2026-04-23 13:00,2026-04-23,555,555,555,555,10
BHCL,1min,1776928581,2026-04-23 13:01,2026-04-23,555,557,555,557,40
BHCL,1min,1776928716,2026-04-23 13:03,2026-04-23,557,560,557,557,984
BHCL,1min,1776928796,2026-04-23 13:04,2026-04-23,557,560,555,555,0
BHCL,1min,1776928836,2026-04-23 13:05,2026-04-23,555,555,555,555,70
BHCL,1min,1776928948,2026-04-23 13:07,2026-04-23,555,555,555,555,10
BHCL,1min,1776929025,2026-04-23 13:08,2026-04-23,555,555,555,555,10
BHCL,1min,1776929116,2026-04-23 13:10,2026-04-23,555,555,555,555,20
BHCL,1min,1776929165,2026-04-23 13:11,2026-04-23,555,555,555,555,10
BHCL,1min,1776929263,2026-04-23 13:12,2026-04-23,555,555,555,555,10
BHCL,1min,1776929394,2026-04-23 13:14,2026-04-23,555,555,553,553,10
BHCL,1min,1776929613,2026-04-23 13:18,2026-04-23,553,559,552.2,559,430
BHCL,1min,1776929809,2026-04-23 13:21,2026-04-23,559,559,553,553,20
BHCL,1min,1776929828,2026-04-23 13:22,2026-04-23,553,553,553,553,10
BHCL,1min,1776929987,2026-04-23 13:24,2026-04-23,553,553,553,553,10
BHCL,1min,1776930142,2026-04-23 13:27,2026-04-23,553,553,553,553,500
BHCL,1min,1776930196,2026-04-23 13:28,2026-04-23,553,553,553,553,10
BHCL,1min,1776930260,2026-04-23 13:29,2026-04-23,553,553,552.4,552.4,577
BHCL,1min,1776930303,2026-04-23 13:30,2026-04-23,552.4,552.4,552.4,552.4,350
BHCL,1min,1776930402,2026-04-23 13:31,2026-04-23,552.4,552.4,552.4,552.4,1520
BHCL,1min,1776930472,2026-04-23 13:32,2026-04-23,552.4,552.4,552.1,552.1,10
BHCL,1min,1776930536,2026-04-23 13:33,2026-04-23,552.1,552.1,551,551,30
BHCL,1min,1776930554,2026-04-23 13:34,2026-04-23,551,551,551,551,10
BHCL,1min,1776930656,2026-04-23 13:35,2026-04-23,551,551,551,551,30
BHCL,1min,1776930684,2026-04-23 13:36,2026-04-23,551,551,550,550,10
BHCL,1min,1776930798,2026-04-23 13:38,2026-04-23,550,550,550,550,37
BHCL,1min,1776930885,2026-04-23 13:39,2026-04-23,550,550,550,550,10
BHCL,1min,1776930974,2026-04-23 13:41,2026-04-23,550,550,550,550,10
BHCL,1min,1776931248,2026-04-23 13:45,2026-04-23,550,550.1,550,550.1,30
BHCL,1min,1776931271,2026-04-23 13:46,2026-04-23,550.1,550.1,550.1,550.1,50
BHCL,1min,1776931369,2026-04-23 13:47,2026-04-23,550.1,551,550.1,550.1,30
BHCL,1min,1776931401,2026-04-23 13:48,2026-04-23,550.1,550.1,550,550,10
BHCL,1min,1776931906,2026-04-23 13:56,2026-04-23,550,552,550,552,310
BHCL,1min,1776931938,2026-04-23 13:57,2026-04-23,552,552,552,552,46
BHCL,1min,1776932006,2026-04-23 13:58,2026-04-23,552,552,551.1,551.1,10
BHCL,1min,1776932041,2026-04-23 13:59,2026-04-23,551.1,551.1,551.1,551.1,10
BHCL,1min,1776932190,2026-04-23 14:01,2026-04-23,551.1,551.1,551.1,551.1,41
BHCL,1min,1776932256,2026-04-23 14:02,2026-04-23,551.1,551.1,551.1,551.1,10
BHCL,1min,1776932321,2026-04-23 14:03,2026-04-23,551.1,551.1,551.1,551.1,10
BHCL,1min,1776932458,2026-04-23 14:05,2026-04-23,551.1,551.1,551.1,551.1,127
BHCL,1min,1776932504,2026-04-23 14:06,2026-04-23,551.1,551.1,551,551,50
BHCL,1min,1776932571,2026-04-23 14:07,2026-04-23,551,551,550.8,550.8,20
BHCL,1min,1776932619,2026-04-23 14:08,2026-04-23,550.8,550.8,550.5,550.5,790
BHCL,1min,1776932673,2026-04-23 14:09,2026-04-23,550.5,550.5,550,550,463
BHCL,1min,1776932819,2026-04-23 14:11,2026-04-23,550,550,549,549,20
BHCL,1min,1776932827,2026-04-23 14:12,2026-04-23,549,549,549,549,10
BHCL,1min,1776933040,2026-04-23 14:15,2026-04-23,549,549,549,549,0
BHCL,1min,1776933108,2026-04-23 14:16,2026-04-23,549,550,548,550,1280
BHCL,1min,1776933178,2026-04-23 14:17,2026-04-23,550,550,550,550,60
BHCL,1min,1776933346,2026-04-23 14:20,2026-04-23,550,550,548.3,548.3,20
BHCL,1min,1776933362,2026-04-23 14:21,2026-04-23,548.3,548.3,548.3,548.3,10
BHCL,1min,1776933532,2026-04-23 14:23,2026-04-23,548.3,548.3,548.3,548.3,10
BHCL,1min,1776933599,2026-04-23 14:24,2026-04-23,548.3,548.3,548,548,1010
BHCL,1min,1776933659,2026-04-23 14:25,2026-04-23,548,548,548,548,210
BHCL,1min,1776933694,2026-04-23 14:26,2026-04-23,548,550,548,550,0
BHCL,1min,1776933779,2026-04-23 14:27,2026-04-23,550,550,548,550,580
BHCL,1min,1776933818,2026-04-23 14:28,2026-04-23,550,550,550,550,0
BHCL,1min,1776933868,2026-04-23 14:29,2026-04-23,550,551,550,550,210
BHCL,1min,1776933941,2026-04-23 14:30,2026-04-23,550,550,550,550,100
BHCL,1min,1776934030,2026-04-23 14:32,2026-04-23,550,550,548,548,10
BHCL,1min,1776934106,2026-04-23 14:33,2026-04-23,548,550,548,550,0
BHCL,1min,1776934183,2026-04-23 14:34,2026-04-23,550,550,549,549,10
BHCL,1min,1776934213,2026-04-23 14:35,2026-04-23,549,549,549,549,800
BHCL,1min,1776934271,2026-04-23 14:36,2026-04-23,549,549,549,549,20
BHCL,1min,1776934344,2026-04-23 14:37,2026-04-23,549,550,549,549,20
BHCL,1min,1776934453,2026-04-23 14:39,2026-04-23,549,550,549,550,20
BHCL,1min,1776934524,2026-04-23 14:40,2026-04-23,550,550,549,549,10
BHCL,1min,1776934611,2026-04-23 14:41,2026-04-23,549,549,548.1,548.1,0
BHCL,1min,1776934663,2026-04-23 14:42,2026-04-23,548.1,548.1,548.1,548.1,60
BHCL,1min,1776934915,2026-04-23 14:46,2026-04-23,548.1,548.1,548,548,10
BHCL,1min,1776934973,2026-04-23 14:47,2026-04-23,548,548,548,548,300
BHCL,1min,1776934996,2026-04-23 14:48,2026-04-23,548,548,547.6,548,560
BHCL,1min,1776935085,2026-04-23 14:49,2026-04-23,548,548,547.6,547.6,30
BHCL,1min,1776935101,2026-04-23 14:50,2026-04-23,547.6,550,547.6,550,1070
BHCL,1min,1776935191,2026-04-23 14:51,2026-04-23,550,550,548,548,30
BHCL,1min,1776935270,2026-04-23 14:52,2026-04-23,548,548,547.6,547.6,80
BHCL,1min,1776935302,2026-04-23 14:53,2026-04-23,547.6,547.6,546.5,546.5,620
BHCL,1min,1776935458,2026-04-23 14:55,2026-04-23,546.5,547,546.5,547,20
BHCL,1min,1776935519,2026-04-23 14:56,2026-04-23,547,547,546,546,1259
BHCL,1min,1776935569,2026-04-23 14:57,2026-04-23,546,546.1,546,546.1,470
BHCL,1min,1776935637,2026-04-23 14:58,2026-04-23,546.1,547,546,546,663
BHCL,1min,1776935699,2026-04-23 14:59,2026-04-23,546,548,546,548,1334
BHCL,1min,1777007808,2026-04-24 11:01,2026-04-24,536,536,536,536,10
BHCL,1min,1777007865,2026-04-24 11:02,2026-04-24,536,536.1,536,536.1,0
BHCL,1min,1777007900,2026-04-24 11:03,2026-04-24,536.1,536.1,535,535,1220
BHCL,1min,1777007959,2026-04-24 11:04,2026-04-24,535,535,535,535,43
BHCL,1min,1777008037,2026-04-24 11:05,2026-04-24,535,536.1,535,536,780
BHCL,1min,1777008067,2026-04-24 11:06,2026-04-24,536,536,536,536,395
BHCL,1min,1777008154,2026-04-24 11:07,2026-04-24,536,536.5,536,536.5,20
BHCL,1min,1777008287,2026-04-24 11:09,2026-04-24,536.5,540,536.5,540,20
BHCL,1min,1777008338,2026-04-24 11:10,2026-04-24,540,540,538,538,10
BHCL,1min,1777008414,2026-04-24 11:11,2026-04-24,538,538,538,538,20
BHCL,1min,1777008494,2026-04-24 11:13,2026-04-24,538,544,538,544,400
BHCL,1min,1777008613,2026-04-24 11:15,2026-04-24,544,544,538.2,538.2,10
BHCL,1min,1777008665,2026-04-24 11:16,2026-04-24,538.2,538.2,538.2,538.2,10
BHCL,1min,1777008890,2026-04-24 11:19,2026-04-24,538.2,540,538.2,540,40
BHCL,1min,1777008921,2026-04-24 11:20,2026-04-24,540,540,540,540,10
BHCL,1min,1777009004,2026-04-24 11:21,2026-04-24,540,540,538.7,538.7,10
BHCL,1min,1777009056,2026-04-24 11:22,2026-04-24,538.7,538.7,538.7,538.7,20
BHCL,1min,1777009116,2026-04-24 11:23,2026-04-24,538.7,538.7,538.7,538.7,10
BHCL,1min,1777009166,2026-04-24 11:24,2026-04-24,538.7,544,538.7,544,10
BHCL,1min,1777009263,2026-04-24 11:26,2026-04-24,544,544,544,544,500
BHCL,1min,1777009420,2026-04-24 11:28,2026-04-24,544,544,540,540,10
BHCL,1min,1777009599,2026-04-24 11:31,2026-04-24,540,540.2,538.3,538.3,1010
BHCL,1min,1777009637,2026-04-24 11:32,2026-04-24,538.3,538.3,538.3,538.3,10
BHCL,1min,1777009739,2026-04-24 11:33,2026-04-24,538.3,545,538.3,545,100
BHCL,1min,1777009813,2026-04-24 11:35,2026-04-24,545,545,545,545,10
BHCL,1min,1777010044,2026-04-24 11:39,2026-04-24,545,545,540.1,540.1,10
BHCL,1min,1777010188,2026-04-24 11:41,2026-04-24,540.1,540.1,540.1,540.1,20
BHCL,1min,1777010427,2026-04-24 11:45,2026-04-24,540.1,542,540.1,541.1,20
BHCL,1min,1777010711,2026-04-24 11:50,2026-04-24,541.1,542,541.1,542,10
BHCL,1min,1777010861,2026-04-24 11:52,2026-04-24,542,542,542,542,230
BHCL,1min,1777010932,2026-04-24 11:53,2026-04-24,542,542,542,542,0
BHCL,1min,1777011077,2026-04-24 11:56,2026-04-24,542,542,542,542,110
BHCL,1min,1777011150,2026-04-24 11:57,2026-04-24,542,542,542,542,10
BHCL,1min,1777011345,2026-04-24 12:00,2026-04-24,542,542,542,542,10
BHCL,1min,1777011416,2026-04-24 12:01,2026-04-24,542,542,542,542,10
BHCL,1min,1777011436,2026-04-24 12:02,2026-04-24,542,542,542,542,10
BHCL,1min,1777011519,2026-04-24 12:03,2026-04-24,542,542,542,542,10
BHCL,1min,1777011540,2026-04-24 12:04,2026-04-24,542,542,540.2,540.2,10
BHCL,1min,1777011636,2026-04-24 12:05,2026-04-24,540.2,541,540.2,541,10
BHCL,1min,1777011837,2026-04-24 12:08,2026-04-24,541,541,541,541,0
BHCL,1min,1777011917,2026-04-24 12:10,2026-04-24,541,541,541,541,20
BHCL,1min,1777011990,2026-04-24 12:11,2026-04-24,541,544,541,544,90
BHCL,1min,1777012104,2026-04-24 12:13,2026-04-24,544,544,541.1,541.1,10
BHCL,1min,1777012255,2026-04-24 12:15,2026-04-24,541.1,541.2,541.1,541.2,10
BHCL,1min,1777012283,2026-04-24 12:16,2026-04-24,541.2,541.2,541.2,541.2,10
BHCL,1min,1777012433,2026-04-24 12:18,2026-04-24,541.2,541.2,541.2,541.2,10
BHCL,1min,1777012470,2026-04-24 12:19,2026-04-24,541.2,546,541.2,546,310
BHCL,1min,1777012608,2026-04-24 12:21,2026-04-24,546,546,541.4,541.4,10
BHCL,1min,1777012656,2026-04-24 12:22,2026-04-24,541.4,541.5,541.4,541.5,10
BHCL,1min,1777012708,2026-04-24 12:23,2026-04-24,541.5,541.6,541.5,541.6,10
BHCL,1min,1777012998,2026-04-24 12:28,2026-04-24,541.6,543.2,541.6,543.2,10
BHCL,1min,1777013098,2026-04-24 12:29,2026-04-24,543.2,543.5,543.2,543.5,10
BHCL,1min,1777013179,2026-04-24 12:31,2026-04-24,543.5,549.7,543.5,549.7,90
BHCL,1min,1777013331,2026-04-24 12:33,2026-04-24,549.7,550,549.7,550,399
BHCL,1min,1777013410,2026-04-24 12:35,2026-04-24,550,550,546,546,10
BHCL,1min,1777013540,2026-04-24 12:37,2026-04-24,546,546.2,546,546.2,10
BHCL,1min,1777013628,2026-04-24 12:38,2026-04-24,546.2,550,546.2,550,630
BHCL,1min,1777013656,2026-04-24 12:39,2026-04-24,550,550,550,550,20
BHCL,1min,1777013746,2026-04-24 12:40,2026-04-24,550,551,550,551,20
BHCL,1min,1777013996,2026-04-24 12:44,2026-04-24,551,553.7,551,553.7,0
BHCL,1min,1777014090,2026-04-24 12:46,2026-04-24,553.7,553.7,550,550,30
BHCL,1min,1777014286,2026-04-24 12:49,2026-04-24,550,550,549,549,10
BHCL,1min,1777014318,2026-04-24 12:50,2026-04-24,549,549,548.1,548.1,0
BHCL,1min,1777014391,2026-04-24 12:51,2026-04-24,548.1,550,548.1,550,20
BHCL,1min,1777014590,2026-04-24 12:54,2026-04-24,550,550,548,548,2050
BHCL,1min,1777014606,2026-04-24 12:55,2026-04-24,548,548,546.2,546.2,0
BHCL,1min,1777014675,2026-04-24 12:56,2026-04-24,546.2,546.2,545,545,490
BHCL,1min,1777014775,2026-04-24 12:57,2026-04-24,545,545,545,545,20
BHCL,1min,1777014876,2026-04-24 12:59,2026-04-24,545,545,542,542,10
BHCL,1min,1777015012,2026-04-24 13:01,2026-04-24,542,542.1,542,542,100
BHCL,1min,1777015059,2026-04-24 13:02,2026-04-24,542,542,542,542,50
BHCL,1min,1777015190,2026-04-24 13:04,2026-04-24,542,542.1,542,542.1,10
BHCL,1min,1777015242,2026-04-24 13:05,2026-04-24,542.1,542.1,542,542,20
BHCL,1min,1777015366,2026-04-24 13:07,2026-04-24,542,542,542,542,10
BHCL,1min,1777015513,2026-04-24 13:10,2026-04-24,542,542,542,542,10
BHCL,1min,1777015660,2026-04-24 13:12,2026-04-24,542,542,542,542,10
BHCL,1min,1777015731,2026-04-24 13:13,2026-04-24,542,542.2,542,542.2,30
BHCL,1min,1777015846,2026-04-24 13:15,2026-04-24,542.2,542.2,542,542,120
BHCL,1min,1777016154,2026-04-24 13:20,2026-04-24,542,542.1,542,542.1,10
BHCL,1min,1777016174,2026-04-24 13:21,2026-04-24,542.1,542.1,542.1,542.1,20
BHCL,1min,1777016306,2026-04-24 13:23,2026-04-24,542.1,543,542.1,543,30
BHCL,1min,1777016555,2026-04-24 13:27,2026-04-24,543,543,543,543,10
BHCL,1min,1777016672,2026-04-24 13:29,2026-04-24,543,545,543,545,80
BHCL,1min,1777016918,2026-04-24 13:33,2026-04-24,545,545,543,543,10
BHCL,1min,1777016954,2026-04-24 13:34,2026-04-24,543,543,543,543,10
BHCL,1min,1777017017,2026-04-24 13:35,2026-04-24,543,543,543,543,10
BHCL,1min,1777017353,2026-04-24 13:40,2026-04-24,543,543,543,543,50
BHCL,1min,1777017399,2026-04-24 13:41,2026-04-24,543,543,543,543,20
BHCL,1min,1777017628,2026-04-24 13:45,2026-04-24,543,543,543,543,10
BHCL,1min,1777017716,2026-04-24 13:46,2026-04-24,543,543,543,543,10
BHCL,1min,1777017794,2026-04-24 13:48,2026-04-24,543,543,543,543,20
BHCL,1min,1777017910,2026-04-24 13:50,2026-04-24,543,543,542.6,542.6,10
BHCL,1min,1777018066,2026-04-24 13:52,2026-04-24,542.6,545.9,542.6,545.9,10
BHCL,1min,1777018204,2026-04-24 13:55,2026-04-24,545.9,545.9,542.8,542.8,10
BHCL,1min,1777018352,2026-04-24 13:57,2026-04-24,542.8,542.8,542.8,542.8,10
BHCL,1min,1777018497,2026-04-24 13:59,2026-04-24,542.8,543,542.8,543,55
BHCL,1min,1777018574,2026-04-24 14:01,2026-04-24,543,543,543,543,10
BHCL,1min,1777018730,2026-04-24 14:03,2026-04-24,543,543,543,543,10
BHCL,1min,1777018835,2026-04-24 14:05,2026-04-24,543,545,543,543,30
BHCL,1min,1777018869,2026-04-24 14:06,2026-04-24,543,543.1,543,543.1,10
BHCL,1min,1777019106,2026-04-24 14:10,2026-04-24,543.1,543.1,543.1,543.1,0
BHCL,1min,1777019185,2026-04-24 14:11,2026-04-24,543.1,543.1,543.1,543.1,20
BHCL,1min,1777019227,2026-04-24 14:12,2026-04-24,543.1,544,543.1,544,10
BHCL,1min,1777019391,2026-04-24 14:14,2026-04-24,544,545.9,544,544,290
BHCL,1min,1777019617,2026-04-24 14:18,2026-04-24,544,544.1,544,544,210
BHCL,1min,1777019770,2026-04-24 14:21,2026-04-24,544,544,544,544,10
BHCL,1min,1777019899,2026-04-24 14:23,2026-04-24,544,544,542,542,756
BHCL,1min,1777020011,2026-04-24 14:25,2026-04-24,542,542,542,542,10
BHCL,1min,1777020106,2026-04-24 14:26,2026-04-24,542,542,542,542,10
BHCL,1min,1777020326,2026-04-24 14:30,2026-04-24,542,542,542,542,150
BHCL,1min,1777020476,2026-04-24 14:32,2026-04-24,542,542,542,542,10
BHCL,1min,1777020538,2026-04-24 14:33,2026-04-24,542,542,542,542,10
BHCL,1min,1777020575,2026-04-24 14:34,2026-04-24,542,543,542,543,215
BHCL,1min,1777020652,2026-04-24 14:35,2026-04-24,543,544.9,543,544.9,65
BHCL,1min,1777020723,2026-04-24 14:37,2026-04-24,544.9,544.9,542,542,10
BHCL,1min,1777020852,2026-04-24 14:39,2026-04-24,542,542,542,542,30
BHCL,1min,1777020910,2026-04-24 14:40,2026-04-24,542,542,542,542,0
BHCL,1min,1777021035,2026-04-24 14:42,2026-04-24,542,543,542,543,20
BHCL,1min,1777021359,2026-04-24 14:47,2026-04-24,543,543,542.2,543,30
BHCL,1min,1777021394,2026-04-24 14:48,2026-04-24,543,543.9,543,543.9,500
BHCL,1min,1777021479,2026-04-24 14:49,2026-04-24,543.9,543.9,541.3,541.3,1500
BHCL,1min,1777021516,2026-04-24 14:50,2026-04-24,541.3,542,541.3,542,450
BHCL,1min,1777021573,2026-04-24 14:51,2026-04-24,542,542,541.5,541.5,10
BHCL,1min,1777021660,2026-04-24 14:52,2026-04-24,541.5,543,541.5,543,110
BHCL,1min,1777021709,2026-04-24 14:53,2026-04-24,543,544.9,543,544.9,50
BHCL,1min,1777021796,2026-04-24 14:54,2026-04-24,544.9,547.9,544.9,547.9,465
BHCL,1min,1777021810,2026-04-24 14:55,2026-04-24,547.9,547.9,543.1,543.1,20
BHCL,1min,1777021900,2026-04-24 14:56,2026-04-24,543.1,547.9,543.1,543.3,120
BHCL,1min,1777021964,2026-04-24 14:57,2026-04-24,543.3,543.5,543,543,580
BHCL,1min,1777022027,2026-04-24 14:58,2026-04-24,543,543,542,542,110
BHCL,1min,1777022099,2026-04-24 14:59,2026-04-24,542,544,541.6,544,1981
BHCL,1min,1777266900,2026-04-27 11:00,2026-04-27,534,534,534,534,0
BHCL,1min,1777267010,2026-04-27 11:01,2026-04-27,534,540,534,540,30
BHCL,1min,1777267048,2026-04-27 11:02,2026-04-27,540,540.2,540,540.2,10
BHCL,1min,1777267082,2026-04-27 11:03,2026-04-27,540.2,540.2,540.2,540.2,10
BHCL,1min,1777267375,2026-04-27 11:07,2026-04-27,540.2,542,540.2,542,20
BHCL,1min,1777267481,2026-04-27 11:09,2026-04-27,542,542.3,542,542.3,10
BHCL,1min,1777267528,2026-04-27 11:10,2026-04-27,542.3,542.4,542.3,542.4,20
BHCL,1min,1777267605,2026-04-27 11:11,2026-04-27,542.4,544,542.4,544,10
BHCL,1min,1777267819,2026-04-27 11:15,2026-04-27,544,545,544,545,10
BHCL,1min,1777267909,2026-04-27 11:16,2026-04-27,545,545,545,545,30
BHCL,1min,1777267969,2026-04-27 11:17,2026-04-27,545,545,545,545,10
BHCL,1min,1777268051,2026-04-27 11:19,2026-04-27,545,554,545,554,500
BHCL,1min,1777268152,2026-04-27 11:20,2026-04-27,554,554,547,548,510
BHCL,1min,1777268187,2026-04-27 11:21,2026-04-27,548,548,548,548,180
BHCL,1min,1777268273,2026-04-27 11:22,2026-04-27,548,550,548,550,30
BHCL,1min,1777268306,2026-04-27 11:23,2026-04-27,550,550,550,550,20
BHCL,1min,1777268352,2026-04-27 11:24,2026-04-27,550,550,550,550,110
BHCL,1min,1777268455,2026-04-27 11:25,2026-04-27,550,550,547,547,10
BHCL,1min,1777268485,2026-04-27 11:26,2026-04-27,547,547,547,547,10
BHCL,1min,1777268566,2026-04-27 11:27,2026-04-27,547,547,545.6,545.6,20
BHCL,1min,1777268586,2026-04-27 11:28,2026-04-27,545.6,545.6,545.6,545.6,50
BHCL,1min,1777268643,2026-04-27 11:29,2026-04-27,545.6,545.6,545.6,545.6,10
BHCL,1min,1777268872,2026-04-27 11:32,2026-04-27,545.6,545.6,545.5,545.5,210
BHCL,1min,1777268923,2026-04-27 11:33,2026-04-27,545.5,545.5,545,545,10
BHCL,1min,1777269054,2026-04-27 11:35,2026-04-27,545,545,545,545,10
BHCL,1min,1777269096,2026-04-27 11:36,2026-04-27,545,545,545,545,130
BHCL,1min,1777269178,2026-04-27 11:37,2026-04-27,545,545.1,545,545.1,45
BHCL,1min,1777269185,2026-04-27 11:38,2026-04-27,545.1,545.6,545.1,545.6,20
BHCL,1min,1777269256,2026-04-27 11:39,2026-04-27,545.6,550,545.2,545.2,305
BHCL,1min,1777269347,2026-04-27 11:40,2026-04-27,545.2,549,545.2,545.5,30
BHCL,1min,1777269362,2026-04-27 11:41,2026-04-27,545.5,545.5,545.5,545.5,10
BHCL,1min,1777269531,2026-04-27 11:43,2026-04-27,545.5,546,545.5,546,20
BHCL,1min,1777269565,2026-04-27 11:44,2026-04-27,546,546,546,546,10
BHCL,1min,1777269736,2026-04-27 11:47,2026-04-27,546,546,546,546,35
BHCL,1min,1777269828,2026-04-27 11:48,2026-04-27,546,546,545.5,545.5,0
BHCL,1min,1777269858,2026-04-27 11:49,2026-04-27,545.5,546,545.5,546,560
BHCL,1min,1777269942,2026-04-27 11:50,2026-04-27,546,546,546,546,10
BHCL,1min,1777269980,2026-04-27 11:51,2026-04-27,546,546,546,546,20
BHCL,1min,1777270105,2026-04-27 11:53,2026-04-27,546,546,546,546,10
BHCL,1min,1777270196,2026-04-27 11:54,2026-04-27,546,546,546,546,10
BHCL,1min,1777270254,2026-04-27 11:55,2026-04-27,546,546,545.5,545.5,10
BHCL,1min,1777270310,2026-04-27 11:56,2026-04-27,545.5,545.6,545.5,545.6,20
BHCL,1min,1777270352,2026-04-27 11:57,2026-04-27,545.6,545.6,545.6,545.6,55
BHCL,1min,1777270388,2026-04-27 11:58,2026-04-27,545.6,545.6,545.5,545.5,20
BHCL,1min,1777270542,2026-04-27 12:00,2026-04-27,545.5,546,545.5,546,420
BHCL,1min,1777270617,2026-04-27 12:01,2026-04-27,546,546,546,546,60
BHCL,1min,1777270643,2026-04-27 12:02,2026-04-27,546,546,545.5,545.5,10
BHCL,1min,1777270696,2026-04-27 12:03,2026-04-27,545.5,546,545.5,546,10
BHCL,1min,1777270784,2026-04-27 12:04,2026-04-27,546,546,545.5,545.5,55
BHCL,1min,1777270828,2026-04-27 12:05,2026-04-27,545.5,545.5,545.5,545.5,20
BHCL,1min,1777270919,2026-04-27 12:06,2026-04-27,545.5,545.5,545.5,545.5,0
BHCL,1min,1777270975,2026-04-27 12:07,2026-04-27,545.5,545.5,545.5,545.5,30
BHCL,1min,1777271052,2026-04-27 12:09,2026-04-27,545.5,545.5,545.5,545.5,10
BHCL,1min,1777271275,2026-04-27 12:12,2026-04-27,545.5,545.5,545.5,545.5,30
BHCL,1min,1777271317,2026-04-27 12:13,2026-04-27,545.5,545.5,545.5,545.5,10
BHCL,1min,1777271399,2026-04-27 12:14,2026-04-27,545.5,546,545.5,546,167
BHCL,1min,1777271449,2026-04-27 12:15,2026-04-27,546,546,545.5,545.5,10
BHCL,1min,1777271512,2026-04-27 12:16,2026-04-27,545.5,546,545.5,546,30
BHCL,1min,1777271575,2026-04-27 12:17,2026-04-27,546,546,546,546,40
BHCL,1min,1777271590,2026-04-27 12:18,2026-04-27,546,546,546,546,10
BHCL,1min,1777271852,2026-04-27 12:22,2026-04-27,546,547,546,547,10
BHCL,1min,1777271918,2026-04-27 12:23,2026-04-27,547,548,547,548,60
BHCL,1min,1777271958,2026-04-27 12:24,2026-04-27,548,549,547,547,60
BHCL,1min,1777272168,2026-04-27 12:27,2026-04-27,547,547,546.5,546.5,20
BHCL,1min,1777272231,2026-04-27 12:28,2026-04-27,546.5,546.5,546.5,546.5,20
BHCL,1min,1777272243,2026-04-27 12:29,2026-04-27,546.5,546.5,546.5,546.5,30
BHCL,1min,1777272346,2026-04-27 12:30,2026-04-27,546.5,546.5,546.5,546.5,10
BHCL,1min,1777272366,2026-04-27 12:31,2026-04-27,546.5,546.5,546.5,546.5,20
BHCL,1min,1777272512,2026-04-27 12:33,2026-04-27,546.5,546.5,546,546,25
BHCL,1min,1777272555,2026-04-27 12:34,2026-04-27,546,546,546,546,20
BHCL,1min,1777272638,2026-04-27 12:35,2026-04-27,546,546,546,546,10
BHCL,1min,1777272826,2026-04-27 12:38,2026-04-27,546,546.1,546,546.1,20
BHCL,1min,1777272853,2026-04-27 12:39,2026-04-27,546.1,546.1,546.1,546.1,10
BHCL,1min,1777272950,2026-04-27 12:40,2026-04-27,546.1,546.1,546,546,40
BHCL,1min,1777272992,2026-04-27 12:41,2026-04-27,546,546,546,546,20
BHCL,1min,1777273132,2026-04-27 12:43,2026-04-27,546,546,546,546,20
BHCL,1min,1777273170,2026-04-27 12:44,2026-04-27,546,546,546,546,20
BHCL,1min,1777273224,2026-04-27 12:45,2026-04-27,546,546,546,546,30
BHCL,1min,1777273421,2026-04-27 12:48,2026-04-27,546,546,546,546,10
BHCL,1min,1777273442,2026-04-27 12:49,2026-04-27,546,546,546,546,10
BHCL,1min,1777273673,2026-04-27 12:52,2026-04-27,546,546,546,546,0
BHCL,1min,1777273719,2026-04-27 12:53,2026-04-27,546,546,546,546,30
BHCL,1min,1777273782,2026-04-27 12:54,2026-04-27,546,546,546,546,20
BHCL,1min,1777273870,2026-04-27 12:56,2026-04-27,546,546,546,546,0
BHCL,1min,1777273983,2026-04-27 12:58,2026-04-27,546,546,546,546,20
BHCL,1min,1777274093,2026-04-27 12:59,2026-04-27,546,548,546,548,130
BHCL,1min,1777274126,2026-04-27 13:00,2026-04-27,548,548,546,546,10
BHCL,1min,1777274176,2026-04-27 13:01,2026-04-27,546,546,546,546,10
BHCL,1min,1777274237,2026-04-27 13:02,2026-04-27,546,546,546,546,20
BHCL,1min,1777274357,2026-04-27 13:04,2026-04-27,546,546,546,546,10
BHCL,1min,1777274402,2026-04-27 13:05,2026-04-27,546,546,546,546,10
BHCL,1min,1777274494,2026-04-27 13:06,2026-04-27,546,548,546,548,20
BHCL,1min,1777274572,2026-04-27 13:07,2026-04-27,548,548,548,548,20
BHCL,1min,1777274670,2026-04-27 13:09,2026-04-27,548,548,546,546,20
BHCL,1min,1777274750,2026-04-27 13:10,2026-04-27,546,546,546,546,10
BHCL,1min,1777274786,2026-04-27 13:11,2026-04-27,546,546,546,546,20
BHCL,1min,1777274915,2026-04-27 13:13,2026-04-27,546,546,546,546,20
BHCL,1min,1777275020,2026-04-27 13:15,2026-04-27,546,546.1,546,546.1,10
BHCL,1min,1777275108,2026-04-27 13:16,2026-04-27,546.1,546.1,546,546,30
BHCL,1min,1777275130,2026-04-27 13:17,2026-04-27,546,546,546,546,10
BHCL,1min,1777275212,2026-04-27 13:18,2026-04-27,546,546,546,546,310
BHCL,1min,1777275298,2026-04-27 13:19,2026-04-27,546,546,546,546,10
BHCL,1min,1777275303,2026-04-27 13:20,2026-04-27,546,546,546,546,10
BHCL,1min,1777275479,2026-04-27 13:22,2026-04-27,546,548,546,548,500
BHCL,1min,1777275531,2026-04-27 13:23,2026-04-27,548,549,548,548,450
BHCL,1min,1777275592,2026-04-27 13:24,2026-04-27,548,549,548,549,53
BHCL,1min,1777275714,2026-04-27 13:26,2026-04-27,549,549,548,548,10
BHCL,1min,1777275830,2026-04-27 13:28,2026-04-27,548,548,548,548,30
BHCL,1min,1777275892,2026-04-27 13:29,2026-04-27,548,548,548,548,30
BHCL,1min,1777275937,2026-04-27 13:30,2026-04-27,548,549,548,549,40
BHCL,1min,1777276008,2026-04-27 13:31,2026-04-27,549,549,549,549,20
BHCL,1min,1777276059,2026-04-27 13:32,2026-04-27,549,549,548,548,0
BHCL,1min,1777276193,2026-04-27 13:34,2026-04-27,548,550,548,550,260
BHCL,1min,1777276478,2026-04-27 13:39,2026-04-27,550,550,548,548,20
BHCL,1min,1777276600,2026-04-27 13:41,2026-04-27,548,549,548,549,10
BHCL,1min,1777276679,2026-04-27 13:42,2026-04-27,549,550,549,550,435
BHCL,1min,1777276734,2026-04-27 13:43,2026-04-27,550,550,550,550,20
BHCL,1min,1777276786,2026-04-27 13:44,2026-04-27,550,550,550,550,125
BHCL,1min,1777276834,2026-04-27 13:45,2026-04-27,550,550,549,549,20
BHCL,1min,1777276975,2026-04-27 13:47,2026-04-27,549,551,549,549.1,699
BHCL,1min,1777277033,2026-04-27 13:48,2026-04-27,549.1,551,549.1,551,816
BHCL,1min,1777277086,2026-04-27 13:49,2026-04-27,551,551,549.1,549.1,1950
BHCL,1min,1777277311,2026-04-27 13:53,2026-04-27,549.1,550,549.1,550,100
BHCL,1min,1777277371,2026-04-27 13:54,2026-04-27,550,550,548,548,20
BHCL,1min,1777277509,2026-04-27 13:56,2026-04-27,548,548,548,548,20
BHCL,1min,1777277538,2026-04-27 13:57,2026-04-27,548,548,548,548,10
BHCL,1min,1777277591,2026-04-27 13:58,2026-04-27,548,548,548,548,20
BHCL,1min,1777277640,2026-04-27 13:59,2026-04-27,548,548,548,548,10
BHCL,1min,1777277779,2026-04-27 14:01,2026-04-27,548,548,548,548,510
BHCL,1min,1777277855,2026-04-27 14:02,2026-04-27,548,548,548,548,10
BHCL,1min,1777277899,2026-04-27 14:03,2026-04-27,548,548,548,548,20
BHCL,1min,1777277989,2026-04-27 14:04,2026-04-27,548,548,548,548,20
BHCL,1min,1777278054,2026-04-27 14:05,2026-04-27,548,548,548,548,10
BHCL,1min,1777278097,2026-04-27 14:06,2026-04-27,548,548,548,548,0
BHCL,1min,1777278224,2026-04-27 14:08,2026-04-27,548,548,548,548,70
BHCL,1min,1777278710,2026-04-27 14:16,2026-04-27,548,548,546,546,10
BHCL,1min,1777278737,2026-04-27 14:17,2026-04-27,546,546,546,546,20
BHCL,1min,1777278812,2026-04-27 14:18,2026-04-27,546,546.1,546,546.1,10
BHCL,1min,1777278900,2026-04-27 14:20,2026-04-27,546.1,546.1,546,546,10
BHCL,1min,1777279071,2026-04-27 14:22,2026-04-27,546,546.1,546,546.1,487
BHCL,1min,1777279129,2026-04-27 14:23,2026-04-27,546.1,546.1,546.1,546.1,20
BHCL,1min,1777279179,2026-04-27 14:24,2026-04-27,546.1,546.1,546.1,546.1,20
BHCL,1min,1777279318,2026-04-27 14:26,2026-04-27,546.1,546.2,546.1,546.1,400
BHCL,1min,1777279376,2026-04-27 14:27,2026-04-27,546.1,546.1,546,546,110
BHCL,1min,1777279437,2026-04-27 14:28,2026-04-27,546,546,546,546,30
BHCL,1min,1777279537,2026-04-27 14:30,2026-04-27,546,546,546,546,10
BHCL,1min,1777279617,2026-04-27 14:31,2026-04-27,546,546,546,546,40
BHCL,1min,1777279720,2026-04-27 14:33,2026-04-27,546,546,546,546,30
BHCL,1min,1777279765,2026-04-27 14:34,2026-04-27,546,546,546,546,50
BHCL,1min,1777279854,2026-04-27 14:35,2026-04-27,546,546.1,546,546.1,30
BHCL,1min,1777279885,2026-04-27 14:36,2026-04-27,546.1,546.1,546.1,546.1,20
BHCL,1min,1777280021,2026-04-27 14:38,2026-04-27,546.1,546.1,546.1,546.1,120
BHCL,1min,1777280056,2026-04-27 14:39,2026-04-27,546.1,546.1,546,546,20
BHCL,1min,1777280156,2026-04-27 14:40,2026-04-27,546,546.1,546,546.1,0
BHCL,1min,1777280196,2026-04-27 14:41,2026-04-27,546.1,546.2,546.1,546.2,160
BHCL,1min,1777280265,2026-04-27 14:42,2026-04-27,546.2,546.2,546.2,546.2,0
BHCL,1min,1777280321,2026-04-27 14:43,2026-04-27,546.2,546.2,544,544,5419
BHCL,1min,1777280377,2026-04-27 14:44,2026-04-27,544,544,542.5,542.5,10
BHCL,1min,1777280515,2026-04-27 14:46,2026-04-27,542.5,542.5,542.5,542.5,30
BHCL,1min,1777280535,2026-04-27 14:47,2026-04-27,542.5,545,542.5,545,20
BHCL,1min,1777280626,2026-04-27 14:48,2026-04-27,545,545,542.5,542.5,10
BHCL,1min,1777280707,2026-04-27 14:50,2026-04-27,542.5,542.5,542.4,542.4,20
BHCL,1min,1777280786,2026-04-27 14:51,2026-04-27,542.4,542.4,542,542,0
BHCL,1min,1777280872,2026-04-27 14:52,2026-04-27,542,542.5,542,542,447
BHCL,1min,1777280912,2026-04-27 14:53,2026-04-27,542,542,542,542,400
BHCL,1min,1777280978,2026-04-27 14:54,2026-04-27,542,542,541.5,541.5,35
BHCL,1min,1777281054,2026-04-27 14:55,2026-04-27,541.5,542,541,542,649
BHCL,1min,1777281107,2026-04-27 14:56,2026-04-27,542,542.1,542,542.1,10
BHCL,1min,1777281178,2026-04-27 14:57,2026-04-27,542.1,542.3,542.1,542.3,100
BHCL,1min,1777281238,2026-04-27 14:58,2026-04-27,542.3,546,542.3,546,40
BHCL,1min,1777281299,2026-04-27 14:59,2026-04-27,546,546,543.1,545,31
BHCL,1min,1777353439,2026-04-28 11:02,2026-04-28,545,545,545,545,10
BHCL,1min,1777353718,2026-04-28 11:06,2026-04-28,545,545.1,545,545.1,200
BHCL,1min,1777353870,2026-04-28 11:09,2026-04-28,545.1,545.1,545,545,10
BHCL,1min,1777353936,2026-04-28 11:10,2026-04-28,545,545,545,545,20
BHCL,1min,1777353997,2026-04-28 11:11,2026-04-28,545,545,540,540,0
BHCL,1min,1777354076,2026-04-28 11:12,2026-04-28,540,554.8,540,541,140
BHCL,1min,1777354131,2026-04-28 11:13,2026-04-28,541,541.2,541,541.2,20
BHCL,1min,1777354189,2026-04-28 11:14,2026-04-28,541.2,542,541.2,542,10
BHCL,1min,1777354227,2026-04-28 11:15,2026-04-28,542,542,542,542,10
BHCL,1min,1777354296,2026-04-28 11:16,2026-04-28,542,542,542,542,20
BHCL,1min,1777354361,2026-04-28 11:17,2026-04-28,542,543,542,543,20
BHCL,1min,1777354492,2026-04-28 11:19,2026-04-28,543,543,542.5,542.5,120
BHCL,1min,1777354668,2026-04-28 11:22,2026-04-28,542.5,542.5,541.4,541.6,30
BHCL,1min,1777354712,2026-04-28 11:23,2026-04-28,541.6,542.5,541.6,542.5,70
BHCL,1min,1777354813,2026-04-28 11:25,2026-04-28,542.5,542.5,542,542.5,20
BHCL,1min,1777354906,2026-04-28 11:26,2026-04-28,542.5,542.5,542.1,542.1,30
BHCL,1min,1777354966,2026-04-28 11:27,2026-04-28,542.1,542.2,542.1,542.2,20
BHCL,1min,1777355005,2026-04-28 11:28,2026-04-28,542.2,542.2,542.2,542.2,20
BHCL,1min,1777355072,2026-04-28 11:29,2026-04-28,542.2,545,542.2,545,110
BHCL,1min,1777355144,2026-04-28 11:30,2026-04-28,545,545,545,545,30
BHCL,1min,1777355189,2026-04-28 11:31,2026-04-28,545,545,545,545,10
BHCL,1min,1777355259,2026-04-28 11:32,2026-04-28,545,545,545,545,10
BHCL,1min,1777355309,2026-04-28 11:33,2026-04-28,545,545,543,543,0
BHCL,1min,1777355366,2026-04-28 11:34,2026-04-28,543,543,543,543,30
BHCL,1min,1777355412,2026-04-28 11:35,2026-04-28,543,543,542.6,542.6,10
BHCL,1min,1777355550,2026-04-28 11:37,2026-04-28,542.6,542.8,542.6,542.7,40
BHCL,1min,1777355756,2026-04-28 11:40,2026-04-28,542.7,542.8,542.7,542.8,80
BHCL,1min,1777355798,2026-04-28 11:41,2026-04-28,542.8,542.8,542.8,542.8,0
BHCL,1min,1777355878,2026-04-28 11:42,2026-04-28,542.8,543,542.8,543,220
BHCL,1min,1777355918,2026-04-28 11:43,2026-04-28,543,543.1,543,543.1,30
BHCL,1min,1777355966,2026-04-28 11:44,2026-04-28,543.1,543.1,543.1,543.1,30
BHCL,1min,1777356051,2026-04-28 11:45,2026-04-28,543.1,543.1,543.1,543.1,30
BHCL,1min,1777356177,2026-04-28 11:47,2026-04-28,543.1,543.1,543.1,543.1,20
BHCL,1min,1777356236,2026-04-28 11:48,2026-04-28,543.1,543.1,543.1,543.1,30
BHCL,1min,1777356278,2026-04-28 11:49,2026-04-28,543.1,543.1,543.1,543.1,10
BHCL,1min,1777356332,2026-04-28 11:50,2026-04-28,543.1,544,543.1,543.2,20
BHCL,1min,1777356398,2026-04-28 11:51,2026-04-28,543.2,543.2,543.2,543.2,10
BHCL,1min,1777356533,2026-04-28 11:53,2026-04-28,543.2,543.4,543.2,543.4,40
BHCL,1min,1777356628,2026-04-28 11:55,2026-04-28,543.4,543.4,543.4,543.4,10
BHCL,1min,1777356679,2026-04-28 11:56,2026-04-28,543.4,543.4,543.4,543.4,10
BHCL,1min,1777356736,2026-04-28 11:57,2026-04-28,543.4,543.4,543.4,543.4,10
BHCL,1min,1777356809,2026-04-28 11:58,2026-04-28,543.4,543.4,543.3,543.3,20
BHCL,1min,1777356884,2026-04-28 11:59,2026-04-28,543.3,543.3,543.3,543.3,10
BHCL,1min,1777356908,2026-04-28 12:00,2026-04-28,543.3,543.3,543.3,543.3,10
BHCL,1min,1777356991,2026-04-28 12:01,2026-04-28,543.3,543.4,543.3,543.4,20
BHCL,1min,1777357065,2026-04-28 12:02,2026-04-28,543.4,543.4,543.4,543.4,10
BHCL,1min,1777357099,2026-04-28 12:03,2026-04-28,543.4,543.4,543.4,543.4,10
BHCL,1min,1777357154,2026-04-28 12:04,2026-04-28,543.4,543.4,543.4,543.4,20
BHCL,1min,1777357362,2026-04-28 12:07,2026-04-28,543.4,543.4,543.4,543.4,20
BHCL,1min,1777357438,2026-04-28 12:08,2026-04-28,543.4,545,543.4,545,220
BHCL,1min,1777357494,2026-04-28 12:09,2026-04-28,545,545,543.4,543.5,30
BHCL,1min,1777357548,2026-04-28 12:10,2026-04-28,543.5,543.5,543.4,543.4,30
BHCL,1min,1777357674,2026-04-28 12:12,2026-04-28,543.4,543.4,543.4,543.4,10
BHCL,1min,1777357729,2026-04-28 12:13,2026-04-28,543.4,543.4,543.4,543.4,30
BHCL,1min,1777357759,2026-04-28 12:14,2026-04-28,543.4,543.4,543.4,543.4,10
BHCL,1min,1777357847,2026-04-28 12:15,2026-04-28,543.4,543.4,543.4,543.4,10
BHCL,1min,1777357937,2026-04-28 12:17,2026-04-28,543.4,543.4,543.4,543.4,10
BHCL,1min,1777358024,2026-04-28 12:18,2026-04-28,543.4,548,543.4,548,61
BHCL,1min,1777358050,2026-04-28 12:19,2026-04-28,548,548,543.4,543.4,10
BHCL,1min,1777358148,2026-04-28 12:20,2026-04-28,543.4,543.4,543.4,543.4,10
BHCL,1min,1777358197,2026-04-28 12:21,2026-04-28,543.4,543.4,543.4,543.4,10
BHCL,1min,1777358250,2026-04-28 12:22,2026-04-28,543.4,543.4,543.4,543.4,20
BHCL,1min,1777358326,2026-04-28 12:23,2026-04-28,543.4,543.4,543.4,543.4,30
BHCL,1min,1777358348,2026-04-28 12:24,2026-04-28,543.4,543.4,543.4,543.4,10
BHCL,1min,1777358445,2026-04-28 12:25,2026-04-28,543.4,545,543.4,545,50
BHCL,1min,1777358483,2026-04-28 12:26,2026-04-28,545,548,545,548,20
BHCL,1min,1777358542,2026-04-28 12:27,2026-04-28,548,549,548,549,20
BHCL,1min,1777358580,2026-04-28 12:28,2026-04-28,549,550,549,550,730
BHCL,1min,1777358673,2026-04-28 12:29,2026-04-28,550,550,549.6,549.6,50
BHCL,1min,1777358798,2026-04-28 12:31,2026-04-28,549.6,549.6,543.6,543.6,10
BHCL,1min,1777358849,2026-04-28 12:32,2026-04-28,543.6,543.6,543.6,543.6,10
BHCL,1min,1777358898,2026-04-28 12:33,2026-04-28,543.6,543.6,543.6,543.6,20
BHCL,1min,1777358995,2026-04-28 12:34,2026-04-28,543.6,544.1,543.6,544.1,20
BHCL,1min,1777359048,2026-04-28 12:35,2026-04-28,544.1,544.1,544.1,544.1,30
BHCL,1min,1777359238,2026-04-28 12:38,2026-04-28,544.1,544.1,544.1,544.1,40
BHCL,1min,1777359272,2026-04-28 12:39,2026-04-28,544.1,544.2,544.1,544.2,30
BHCL,1min,1777359346,2026-04-28 12:40,2026-04-28,544.2,544.8,544.2,544.8,40
BHCL,1min,1777359524,2026-04-28 12:43,2026-04-28,544.8,546,544.8,546,40
BHCL,1min,1777359648,2026-04-28 12:45,2026-04-28,546,546,545,545.1,180
BHCL,1min,1777359710,2026-04-28 12:46,2026-04-28,545.1,545.1,545.1,545.1,20
BHCL,1min,1777359755,2026-04-28 12:47,2026-04-28,545.1,545.1,545.1,545.1,10
BHCL,1min,1777359838,2026-04-28 12:48,2026-04-28,545.1,545.2,545.1,545.2,0
BHCL,1min,1777359896,2026-04-28 12:49,2026-04-28,545.2,546,545.2,546,269
BHCL,1min,1777359929,2026-04-28 12:50,2026-04-28,546,546,545.1,545.1,10
BHCL,1min,1777360012,2026-04-28 12:51,2026-04-28,545.1,546,544.9,546,855
BHCL,1min,1777360072,2026-04-28 12:52,2026-04-28,546,549,544.5,544.5,40
BHCL,1min,1777360114,2026-04-28 12:53,2026-04-28,544.5,549.9,544.5,544.5,400
BHCL,1min,1777360182,2026-04-28 12:54,2026-04-28,544.5,544.5,544.5,544.5,10
BHCL,1min,1777360238,2026-04-28 12:55,2026-04-28,544.5,544.5,544.5,544.5,20
BHCL,1min,1777360326,2026-04-28 12:57,2026-04-28,544.5,544.5,544.5,544.5,10
BHCL,1min,1777360516,2026-04-28 13:00,2026-04-28,544.5,544.5,543.3,543.3,40
BHCL,1min,1777360646,2026-04-28 13:02,2026-04-28,543.3,543.3,543.3,543.3,20
BHCL,1min,1777361041,2026-04-28 13:09,2026-04-28,543.3,543.3,542,542,240
BHCL,1min,1777361268,2026-04-28 13:12,2026-04-28,542,543,542,543,30
BHCL,1min,1777362285,2026-04-28 13:29,2026-04-28,543,543,542.1,542.1,353
BHCL,1min,1777362373,2026-04-28 13:31,2026-04-28,542.1,542.1,542,542,30
BHCL,1min,1777362519,2026-04-28 13:33,2026-04-28,542,542,542,542,10
BHCL,1min,1777362592,2026-04-28 13:34,2026-04-28,542,542.1,542,542.1,0
BHCL,1min,1777362601,2026-04-28 13:35,2026-04-28,542.1,542.1,541.5,541.5,1310
BHCL,1min,1777362764,2026-04-28 13:37,2026-04-28,541.5,541.5,541.4,541.4,10
BHCL,1min,1777362799,2026-04-28 13:38,2026-04-28,541.4,541.4,541.3,541.3,500
BHCL,1min,1777362852,2026-04-28 13:39,2026-04-28,541.3,541.3,541.3,541.3,10
BHCL,1min,1777362926,2026-04-28 13:40,2026-04-28,541.3,542.9,541.3,542.9,120
BHCL,1min,1777362971,2026-04-28 13:41,2026-04-28,542.9,542.9,541.3,541.3,0
BHCL,1min,1777363075,2026-04-28 13:42,2026-04-28,541.3,541.3,541.3,541.3,30
BHCL,1min,1777363132,2026-04-28 13:43,2026-04-28,541.3,541.3,541,541,220
BHCL,1min,1777363143,2026-04-28 13:44,2026-04-28,541,541,540.1,540.1,1354
BHCL,1min,1777363216,2026-04-28 13:45,2026-04-28,540.1,540.1,540.1,540.1,10
BHCL,1min,1777363296,2026-04-28 13:46,2026-04-28,540.1,540.1,540.1,540.1,10
BHCL,1min,1777363358,2026-04-28 13:47,2026-04-28,540.1,540.1,540.1,540.1,10
BHCL,1min,1777363414,2026-04-28 13:48,2026-04-28,540.1,540.2,540.1,540.2,30
BHCL,1min,1777363475,2026-04-28 13:49,2026-04-28,540.2,540.2,540.2,540.2,10
BHCL,1min,1777363571,2026-04-28 13:51,2026-04-28,540.2,540.2,540.2,540.2,10
BHCL,1min,1777363741,2026-04-28 13:54,2026-04-28,540.2,540.2,540.2,540.2,10
BHCL,1min,1777363834,2026-04-28 13:55,2026-04-28,540.2,540.2,540,540,930
BHCL,1min,1777363878,2026-04-28 13:56,2026-04-28,540,540,540,540,10
BHCL,1min,1777363942,2026-04-28 13:57,2026-04-28,540,540,540,540,10
BHCL,1min,1777364013,2026-04-28 13:58,2026-04-28,540,540,539.5,539.5,1309
BHCL,1min,1777364157,2026-04-28 14:00,2026-04-28,539.5,539.5,537,537,20
BHCL,1min,1777364274,2026-04-28 14:02,2026-04-28,537,542,537,542,50
BHCL,1min,1777364432,2026-04-28 14:05,2026-04-28,542,542,537.1,537.1,10
BHCL,1min,1777364475,2026-04-28 14:06,2026-04-28,537.1,537.1,537.1,537.1,10
BHCL,1min,1777364534,2026-04-28 14:07,2026-04-28,537.1,537.1,537.1,537.1,10
BHCL,1min,1777364691,2026-04-28 14:09,2026-04-28,537.1,537.3,537.1,537.3,0
BHCL,1min,1777364750,2026-04-28 14:10,2026-04-28,537.3,538,537.3,538,50
BHCL,1min,1777364779,2026-04-28 14:11,2026-04-28,538,541,537.4,537.4,220
BHCL,1min,1777364877,2026-04-28 14:12,2026-04-28,537.4,537.5,537.4,537.5,20
BHCL,1min,1777364908,2026-04-28 14:13,2026-04-28,537.5,537.6,537.5,537.6,10
BHCL,1min,1777364984,2026-04-28 14:14,2026-04-28,537.6,538.1,537.6,538.1,10
BHCL,1min,1777365021,2026-04-28 14:15,2026-04-28,538.1,538.2,538.1,538.2,0
BHCL,1min,1777365118,2026-04-28 14:16,2026-04-28,538.2,538.2,538.2,538.2,520
BHCL,1min,1777365165,2026-04-28 14:17,2026-04-28,538.2,538.2,538,538,852
BHCL,1min,1777365227,2026-04-28 14:18,2026-04-28,538,538,537.5,538,260
BHCL,1min,1777365297,2026-04-28 14:19,2026-04-28,538,538,537.5,537.5,10
BHCL,1min,1777365388,2026-04-28 14:21,2026-04-28,537.5,537.5,537.5,537.5,10
BHCL,1min,1777365514,2026-04-28 14:23,2026-04-28,537.5,537.5,537.5,537.5,10
BHCL,1min,1777365580,2026-04-28 14:24,2026-04-28,537.5,538,537.2,538,20
BHCL,1min,1777365657,2026-04-28 14:25,2026-04-28,538,540,538,538,20
BHCL,1min,1777365704,2026-04-28 14:26,2026-04-28,538,538,538,538,20
BHCL,1min,1777365756,2026-04-28 14:27,2026-04-28,538,539,537.2,537.2,186
BHCL,1min,1777366009,2026-04-28 14:31,2026-04-28,537.2,537.2,536.2,536.2,1513
BHCL,1min,1777366070,2026-04-28 14:32,2026-04-28,536.2,536.2,536.2,536.2,20
BHCL,1min,1777366107,2026-04-28 14:33,2026-04-28,536.2,536.2,536.2,536.2,20
BHCL,1min,1777366153,2026-04-28 14:34,2026-04-28,536.2,536.3,536.2,536.3,10
BHCL,1min,1777366244,2026-04-28 14:35,2026-04-28,536.3,539,536.3,538,110
BHCL,1min,1777366381,2026-04-28 14:38,2026-04-28,538,538,536.4,536.4,20
BHCL,1min,1777366460,2026-04-28 14:39,2026-04-28,536.4,538,536.4,538,25
BHCL,1min,1777366538,2026-04-28 14:40,2026-04-28,538,538,536.3,536.3,20
BHCL,1min,1777366613,2026-04-28 14:41,2026-04-28,536.3,536.3,536,536,1018
BHCL,1min,1777366729,2026-04-28 14:43,2026-04-28,536,536,535,535,1500
BHCL,1min,1777366835,2026-04-28 14:45,2026-04-28,535,535.1,535,535.1,10
BHCL,1min,1777366910,2026-04-28 14:46,2026-04-28,535.1,536,535,536,1192
BHCL,1min,1777367014,2026-04-28 14:48,2026-04-28,536,537,536,536.1,10
BHCL,1min,1777367146,2026-04-28 14:50,2026-04-28,536.1,537.4,536.1,537.4,120
BHCL,1min,1777367188,2026-04-28 14:51,2026-04-28,537.4,537.5,537.4,537.5,30
BHCL,1min,1777367266,2026-04-28 14:52,2026-04-28,537.5,537.5,537.5,537.5,10
BHCL,1min,1777367326,2026-04-28 14:53,2026-04-28,537.5,538,537.4,537.4,110
BHCL,1min,1777367390,2026-04-28 14:54,2026-04-28,537.4,537.4,536.1,536.1,20
BHCL,1min,1777367456,2026-04-28 14:55,2026-04-28,536.1,536.1,536.1,536.1,60
BHCL,1min,1777367511,2026-04-28 14:56,2026-04-28,536.1,537.8,536.1,536.1,120
BHCL,1min,1777367579,2026-04-28 14:57,2026-04-28,536.1,536.1,536,536,1300
BHCL,1min,1777367590,2026-04-28 14:58,2026-04-28,536,536,536,536,0
BHCL,1min,1777367699,2026-04-28 14:59,2026-04-28,536,537.9,536,536.2,460
BHCL,1min,1777439718,2026-04-29 11:00,2026-04-29,563,563,563,563,10
BHCL,1min,1777439781,2026-04-29 11:01,2026-04-29,563,563,520,520,10
BHCL,1min,1777439860,2026-04-29 11:02,2026-04-29,520,535,520,535,0
BHCL,1min,1777439909,2026-04-29 11:03,2026-04-29,535,535,530,530,20
BHCL,1min,1777440042,2026-04-29 11:05,2026-04-29,530,530,530,530,20
BHCL,1min,1777440234,2026-04-29 11:08,2026-04-29,530,530,527,527,30
BHCL,1min,1777440299,2026-04-29 11:09,2026-04-29,527,530,526.7,530,30
BHCL,1min,1777440314,2026-04-29 11:10,2026-04-29,530,530,527,527,560
BHCL,1min,1777440472,2026-04-29 11:12,2026-04-29,527,527.4,527,527.4,20
BHCL,1min,1777440517,2026-04-29 11:13,2026-04-29,527.4,530,527.4,530,320
BHCL,1min,1777440591,2026-04-29 11:14,2026-04-29,530,530,526.7,526.7,510
BHCL,1min,1777440623,2026-04-29 11:15,2026-04-29,526.7,527,526.7,527,10
BHCL,1min,1777440719,2026-04-29 11:16,2026-04-29,527,529,527,529,300
BHCL,1min,1777440776,2026-04-29 11:17,2026-04-29,529,530,529,529,40
BHCL,1min,1777440809,2026-04-29 11:18,2026-04-29,529,530,529,530,20
BHCL,1min,1777440889,2026-04-29 11:19,2026-04-29,530,530,530,530,30
BHCL,1min,1777440930,2026-04-29 11:20,2026-04-29,530,530,529,529,0
BHCL,1min,1777440996,2026-04-29 11:21,2026-04-29,529,529.2,529,529.2,210
BHCL,1min,1777441060,2026-04-29 11:22,2026-04-29,529.2,530,529,530,40
BHCL,1min,1777441106,2026-04-29 11:23,2026-04-29,530,535,530,535,10
BHCL,1min,1777441198,2026-04-29 11:24,2026-04-29,535,535,530,530,20
BHCL,1min,1777441253,2026-04-29 11:25,2026-04-29,530,530,529,529,10
BHCL,1min,1777441262,2026-04-29 11:26,2026-04-29,529,529,529,529,10
BHCL,1min,1777441362,2026-04-29 11:27,2026-04-29,529,529,529,529,30
BHCL,1min,1777441430,2026-04-29 11:28,2026-04-29,529,530,529,530,40
BHCL,1min,1777441469,2026-04-29 11:29,2026-04-29,530,531,530,530,30
BHCL,1min,1777441548,2026-04-29 11:30,2026-04-29,530,530,530,530,20
BHCL,1min,1777441601,2026-04-29 11:31,2026-04-29,530,530,529.1,529.1,30
BHCL,1min,1777441664,2026-04-29 11:32,2026-04-29,529.1,529.1,528,528,100
BHCL,1min,1777441684,2026-04-29 11:33,2026-04-29,528,528,527.8,527.8,10
BHCL,1min,1777441757,2026-04-29 11:34,2026-04-29,527.8,527.8,527.8,527.8,10
BHCL,1min,1777441845,2026-04-29 11:35,2026-04-29,527.8,527.8,527.8,527.8,20
BHCL,1min,1777441887,2026-04-29 11:36,2026-04-29,527.8,528,527.8,528,30
BHCL,1min,1777442023,2026-04-29 11:38,2026-04-29,528,528,527.8,527.8,470
BHCL,1min,1777442046,2026-04-29 11:39,2026-04-29,527.8,527.8,527.7,527.7,42
BHCL,1min,1777442156,2026-04-29 11:40,2026-04-29,527.7,527.7,527.7,527.7,20
BHCL,1min,1777442227,2026-04-29 11:42,2026-04-29,527.7,527.7,527.7,527.7,20
BHCL,1min,1777442398,2026-04-29 11:44,2026-04-29,527.7,527.7,527.2,527.2,10
BHCL,1min,1777442409,2026-04-29 11:45,2026-04-29,527.2,527.7,527.2,527.7,10
BHCL,1min,1777442510,2026-04-29 11:46,2026-04-29,527.7,527.7,527.2,527.2,10
BHCL,1min,1777442577,2026-04-29 11:47,2026-04-29,527.2,527.2,527.2,527.2,38
BHCL,1min,1777442620,2026-04-29 11:48,2026-04-29,527.2,527.2,527.1,527.1,20
BHCL,1min,1777442675,2026-04-29 11:49,2026-04-29,527.1,527.1,527.1,527.1,10
BHCL,1min,1777442743,2026-04-29 11:50,2026-04-29,527.1,527.1,527.1,527.1,50
BHCL,1min,1777442776,2026-04-29 11:51,2026-04-29,527.1,527.1,527.1,527.1,10
BHCL,1min,1777442878,2026-04-29 11:52,2026-04-29,527.1,527.1,527.1,527.1,20
BHCL,1min,1777442933,2026-04-29 11:53,2026-04-29,527.1,527.1,527.1,527.1,50
BHCL,1min,1777442946,2026-04-29 11:54,2026-04-29,527.1,527.1,527.1,527.1,10
BHCL,1min,1777443095,2026-04-29 11:56,2026-04-29,527.1,527.1,527.1,527.1,10
BHCL,1min,1777443179,2026-04-29 11:57,2026-04-29,527.1,527.1,527.1,527.1,130
BHCL,1min,1777443208,2026-04-29 11:58,2026-04-29,527.1,527.1,527.1,527.1,575
BHCL,1min,1777443324,2026-04-29 12:00,2026-04-29,527.1,527.1,527,527,10
BHCL,1min,1777443416,2026-04-29 12:01,2026-04-29,527,527,527,527,20
BHCL,1min,1777443476,2026-04-29 12:02,2026-04-29,527,527.8,527,527.8,122
BHCL,1min,1777443590,2026-04-29 12:04,2026-04-29,527.8,528,527,528,130
BHCL,1min,1777443641,2026-04-29 12:05,2026-04-29,528,528,527,527,10
BHCL,1min,1777443694,2026-04-29 12:06,2026-04-29,527,527,527,527,30
BHCL,1min,1777443759,2026-04-29 12:07,2026-04-29,527,527.1,527,527.1,10
BHCL,1min,1777443884,2026-04-29 12:09,2026-04-29,527.1,527.2,527,527,965
BHCL,1min,1777443993,2026-04-29 12:11,2026-04-29,527,527,527,527,20
BHCL,1min,1777444061,2026-04-29 12:12,2026-04-29,527,527,527,527,20
BHCL,1min,1777444274,2026-04-29 12:16,2026-04-29,527,527,526.5,526.5,20
BHCL,1min,1777444373,2026-04-29 12:17,2026-04-29,526.5,526.5,526.5,526.5,10
BHCL,1min,1777444402,2026-04-29 12:18,2026-04-29,526.5,526.5,526.5,526.5,10
BHCL,1min,1777444594,2026-04-29 12:21,2026-04-29,526.5,530,526.5,526.6,40
BHCL,1min,1777444625,2026-04-29 12:22,2026-04-29,526.6,526.6,526.6,526.6,10
BHCL,1min,1777444792,2026-04-29 12:24,2026-04-29,526.6,526.6,526.6,526.6,10
BHCL,1min,1777444842,2026-04-29 12:25,2026-04-29,526.6,526.6,526.6,526.6,30
BHCL,1min,1777444862,2026-04-29 12:26,2026-04-29,526.6,526.6,526.6,526.6,10
BHCL,1min,1777444953,2026-04-29 12:27,2026-04-29,526.6,527,526.6,526.6,40
BHCL,1min,1777445037,2026-04-29 12:28,2026-04-29,526.6,530,526.6,530,0
BHCL,1min,1777445093,2026-04-29 12:29,2026-04-29,530,530,526.6,526.6,60
BHCL,1min,1777445150,2026-04-29 12:30,2026-04-29,526.6,526.6,526.6,526.6,30
BHCL,1min,1777445190,2026-04-29 12:31,2026-04-29,526.6,530,526.6,530,20
BHCL,1min,1777445229,2026-04-29 12:32,2026-04-29,530,530,530,530,240
BHCL,1min,1777445297,2026-04-29 12:33,2026-04-29,530,530,527,527,30
BHCL,1min,1777445374,2026-04-29 12:34,2026-04-29,527,527,527,527,20
BHCL,1min,1777445442,2026-04-29 12:35,2026-04-29,527,534,527,534,30
BHCL,1min,1777445554,2026-04-29 12:37,2026-04-29,534,534,527.1,527.1,20
BHCL,1min,1777445636,2026-04-29 12:38,2026-04-29,527.1,527.1,527,527,10
BHCL,1min,1777445693,2026-04-29 12:39,2026-04-29,527,527,526.5,526.5,1000
BHCL,1min,1777445706,2026-04-29 12:40,2026-04-29,526.5,530,526.5,530,50
BHCL,1min,1777445803,2026-04-29 12:41,2026-04-29,530,530,527,527,10
BHCL,1min,1777445938,2026-04-29 12:43,2026-04-29,527,527,527,527,20
BHCL,1min,1777446039,2026-04-29 12:45,2026-04-29,527,529,527,529,40
BHCL,1min,1777446093,2026-04-29 12:46,2026-04-29,529,530,529,530,10
BHCL,1min,1777446131,2026-04-29 12:47,2026-04-29,530,530,529.5,529.5,70
BHCL,1min,1777446226,2026-04-29 12:48,2026-04-29,529.5,530,529.5,530,10
BHCL,1min,1777446294,2026-04-29 12:49,2026-04-29,530,530,529,529,10
BHCL,1min,1777446317,2026-04-29 12:50,2026-04-29,529,529,529,529,20
BHCL,1min,1777446458,2026-04-29 12:52,2026-04-29,529,529,528,528,110
BHCL,1min,1777446575,2026-04-29 12:54,2026-04-29,528,534.4,528,534.4,30
BHCL,1min,1777446645,2026-04-29 12:55,2026-04-29,534.4,534.4,527.1,527.2,20
BHCL,1min,1777446778,2026-04-29 12:57,2026-04-29,527.2,532.5,527.2,532.5,60
BHCL,1min,1777446839,2026-04-29 12:58,2026-04-29,532.5,532.5,527.3,527.3,20
BHCL,1min,1777446919,2026-04-29 13:00,2026-04-29,527.3,528,527.3,528,0
BHCL,1min,1777447012,2026-04-29 13:01,2026-04-29,528,528.4,528,528.4,40
BHCL,1min,1777447050,2026-04-29 13:02,2026-04-29,528.4,528.4,528.4,528.4,10
BHCL,1min,1777447081,2026-04-29 13:03,2026-04-29,528.4,528.4,528.4,528.4,10
BHCL,1min,1777447197,2026-04-29 13:04,2026-04-29,528.4,528.4,528.4,528.4,0
BHCL,1min,1777447309,2026-04-29 13:06,2026-04-29,528.4,529,528.4,528.4,125
BHCL,1min,1777447351,2026-04-29 13:07,2026-04-29,528.4,528.4,528,528,10
BHCL,1min,1777447490,2026-04-29 13:09,2026-04-29,528,528,528,528,10
BHCL,1min,1777447630,2026-04-29 13:12,2026-04-29,528,528,528,528,10
BHCL,1min,1777447735,2026-04-29 13:13,2026-04-29,528,528,528,528,40
BHCL,1min,1777447911,2026-04-29 13:16,2026-04-29,528,528,528,528,0
BHCL,1min,1777447941,2026-04-29 13:17,2026-04-29,528,528,528,528,20
BHCL,1min,1777448153,2026-04-29 13:20,2026-04-29,528,528,528,528,0
BHCL,1min,1777448204,2026-04-29 13:21,2026-04-29,528,528,527.4,527.4,110
BHCL,1min,1777448228,2026-04-29 13:22,2026-04-29,527.4,527.4,527.4,527.4,10
BHCL,1min,1777448386,2026-04-29 13:24,2026-04-29,527.4,527.5,527.4,527.5,10
BHCL,1min,1777448480,2026-04-29 13:26,2026-04-29,527.5,527.5,527.5,527.5,30
BHCL,1min,1777448566,2026-04-29 13:27,2026-04-29,527.5,527.5,527.5,527.5,240
BHCL,1min,1777448623,2026-04-29 13:28,2026-04-29,527.5,527.5,527.5,527.5,10
BHCL,1min,1777448670,2026-04-29 13:29,2026-04-29,527.5,528,527.5,528,60
BHCL,1min,1777448752,2026-04-29 13:30,2026-04-29,528,528,527.5,527.5,50
BHCL,1min,1777448784,2026-04-29 13:31,2026-04-29,527.5,527.5,527.5,527.5,10
BHCL,1min,1777448824,2026-04-29 13:32,2026-04-29,527.5,527.5,527.5,527.5,0
BHCL,1min,1777448966,2026-04-29 13:34,2026-04-29,527.5,527.5,527.4,527.4,358
BHCL,1min,1777449006,2026-04-29 13:35,2026-04-29,527.4,527.4,527.4,527.4,10
BHCL,1min,1777449098,2026-04-29 13:36,2026-04-29,527.4,527.4,527.3,527.3,0
BHCL,1min,1777449384,2026-04-29 13:41,2026-04-29,527.3,527.4,527.3,527.4,30
BHCL,1min,1777449436,2026-04-29 13:42,2026-04-29,527.4,527.4,527.4,527.4,0
BHCL,1min,1777449512,2026-04-29 13:43,2026-04-29,527.4,527.4,527.4,527.4,20
BHCL,1min,1777449676,2026-04-29 13:46,2026-04-29,527.4,530,527.4,530,20
BHCL,1min,1777449894,2026-04-29 13:49,2026-04-29,530,530,528,528,30
BHCL,1min,1777450194,2026-04-29 13:54,2026-04-29,528,528.1,528,528.1,10
BHCL,1min,1777450238,2026-04-29 13:55,2026-04-29,528.1,528.1,528,528,10
BHCL,1min,1777450292,2026-04-29 13:56,2026-04-29,528,528.1,528,528.1,10
BHCL,1min,1777450359,2026-04-29 13:57,2026-04-29,528.1,528.5,528.1,528.5,20
BHCL,1min,1777450428,2026-04-29 13:58,2026-04-29,528.5,528.5,527.5,527.5,600
BHCL,1min,1777450534,2026-04-29 14:00,2026-04-29,527.5,527.5,527.5,527.5,10
BHCL,1min,1777450669,2026-04-29 14:02,2026-04-29,527.5,527.5,527.5,527.5,0
BHCL,1min,1777450715,2026-04-29 14:03,2026-04-29,527.5,527.5,527.5,527.5,20
BHCL,1min,1777450762,2026-04-29 14:04,2026-04-29,527.5,527.5,527.5,527.5,10
BHCL,1min,1777450848,2026-04-29 14:05,2026-04-29,527.5,528,527.5,528,120
BHCL,1min,1777450909,2026-04-29 14:06,2026-04-29,528,528,527.3,527.3,120
BHCL,1min,1777450952,2026-04-29 14:07,2026-04-29,527.3,528,527.3,528,50
BHCL,1min,1777450982,2026-04-29 14:08,2026-04-29,528,528,527.3,527.3,10
BHCL,1min,1777451134,2026-04-29 14:10,2026-04-29,527.3,527.3,527.2,527.2,250
BHCL,1min,1777451217,2026-04-29 14:11,2026-04-29,527.2,528,527.2,527.2,30
BHCL,1min,1777451327,2026-04-29 14:13,2026-04-29,527.2,529,527.2,529,20
BHCL,1min,1777451391,2026-04-29 14:14,2026-04-29,529,529,527.2,527.2,80
BHCL,1min,1777451446,2026-04-29 14:15,2026-04-29,527.2,527.2,527.2,527.2,80
BHCL,1min,1777451546,2026-04-29 14:17,2026-04-29,527.2,527.2,527.1,527.1,10
BHCL,1min,1777451629,2026-04-29 14:18,2026-04-29,527.1,527.1,525.2,525.2,2410
BHCL,1min,1777451685,2026-04-29 14:19,2026-04-29,525.2,525.3,525.2,525.3,20
BHCL,1min,1777451848,2026-04-29 14:22,2026-04-29,525.3,525.4,525.3,525.4,10
BHCL,1min,1777451999,2026-04-29 14:24,2026-04-29,525.4,525.4,525.3,525.3,300
BHCL,1min,1777452116,2026-04-29 14:26,2026-04-29,525.3,525.4,525.3,525.4,20
BHCL,1min,1777452172,2026-04-29 14:27,2026-04-29,525.4,525.4,525.4,525.4,10
BHCL,1min,1777452225,2026-04-29 14:28,2026-04-29,525.4,529.9,525.4,525.4,210
BHCL,1min,1777452388,2026-04-29 14:31,2026-04-29,525.4,526,525.4,525.5,0
BHCL,1min,1777452456,2026-04-29 14:32,2026-04-29,525.5,525.6,525.5,525.6,220
BHCL,1min,1777452516,2026-04-29 14:33,2026-04-29,525.6,525.6,525.6,525.6,20
BHCL,1min,1777452599,2026-04-29 14:34,2026-04-29,525.6,530,525.6,526,20
BHCL,1min,1777452697,2026-04-29 14:36,2026-04-29,526,526,525.6,525.6,0
BHCL,1min,1777452723,2026-04-29 14:37,2026-04-29,525.6,525.6,525.6,525.6,0
BHCL,1min,1777452837,2026-04-29 14:38,2026-04-29,525.6,525.7,525.6,525.7,50
BHCL,1min,1777452896,2026-04-29 14:39,2026-04-29,525.7,525.7,525.6,525.6,30
BHCL,1min,1777452955,2026-04-29 14:40,2026-04-29,525.6,525.6,525.6,525.6,0
BHCL,1min,1777452978,2026-04-29 14:41,2026-04-29,525.6,525.6,525.6,525.6,0
BHCL,1min,1777453074,2026-04-29 14:42,2026-04-29,525.6,527,525.6,527,650
BHCL,1min,1777453104,2026-04-29 14:43,2026-04-29,527,527,526.6,526.6,20
BHCL,1min,1777453238,2026-04-29 14:45,2026-04-29,526.6,526.6,525.7,525.7,0
BHCL,1min,1777453308,2026-04-29 14:46,2026-04-29,525.7,527,525.6,525.6,91
BHCL,1min,1777453404,2026-04-29 14:48,2026-04-29,525.6,525.6,525.3,525.3,0
BHCL,1min,1777453452,2026-04-29 14:49,2026-04-29,525.3,525.3,525.3,525.3,390
BHCL,1min,1777453515,2026-04-29 14:50,2026-04-29,525.3,525.3,525,525,20
BHCL,1min,1777453587,2026-04-29 14:51,2026-04-29,525,525,520,520,3349
BHCL,1min,1777453648,2026-04-29 14:52,2026-04-29,520,521,520,521,0
BHCL,1min,1777453714,2026-04-29 14:53,2026-04-29,521,524,521,521,80
BHCL,1min,1777453759,2026-04-29 14:54,2026-04-29,521,528,520,528,1060
BHCL,1min,1777453881,2026-04-29 14:56,2026-04-29,528,528,522,522,10
BHCL,1min,1777453969,2026-04-29 14:57,2026-04-29,522,522.7,522,522.7,220
BHCL,1min,1777454034,2026-04-29 14:58,2026-04-29,522.7,522.7,522.6,522.7,30
BHCL,1min,1777454099,2026-04-29 14:59,2026-04-29,522.7,525,522.7,525,145
