"symbol","resolution","timestamp_utc","volume"
"BHL","1m","2026-03-22T09:14:59.0000000Z","25235"
"BHL","1m","2026-03-23T06:08:51.0000000Z","189486"
"BHL","1m","2026-03-23T06:09:41.0000000Z","1837"
"BHL","1m","2026-03-23T06:10:38.0000000Z","2440"
"BHL","1m","2026-03-23T06:11:49.0000000Z","1500"
"BHL","1m","2026-03-23T06:12:48.0000000Z","3570"
"BHL","1m","2026-03-23T06:13:53.0000000Z","6065"
"BHL","1m","2026-03-23T06:14:13.0000000Z","1120"
"BHL","1m","2026-03-23T06:15:54.0000000Z","1298"
"BHL","1m","2026-03-23T06:16:58.0000000Z","2861"
"BHL","1m","2026-03-23T06:17:45.0000000Z","3626"
"BHL","1m","2026-03-23T06:18:39.0000000Z","1775"
"BHL","1m","2026-03-23T06:19:42.0000000Z","1461"
"BHL","1m","2026-03-23T06:20:57.0000000Z","12124"
"BHL","1m","2026-03-23T06:21:56.0000000Z","3395"
"BHL","1m","2026-03-23T06:24:36.0000000Z","3808"
"BHL","1m","2026-03-23T06:25:36.0000000Z","2520"
"BHL","1m","2026-03-23T06:26:57.0000000Z","8220"
"BHL","1m","2026-03-23T06:27:51.0000000Z","3467"
"BHL","1m","2026-03-23T06:28:18.0000000Z","323"
"BHL","1m","2026-03-23T06:29:56.0000000Z","1115"
"BHL","1m","2026-03-23T06:30:37.0000000Z","250"
"BHL","1m","2026-03-23T06:31:27.0000000Z","39"
"BHL","1m","2026-03-23T06:32:52.0000000Z","1670"
"BHL","1m","2026-03-23T06:33:20.0000000Z","10"
"BHL","1m","2026-03-23T06:35:59.0000000Z","1646"
"BHL","1m","2026-03-23T06:37:51.0000000Z","1980"
"BHL","1m","2026-03-23T06:38:57.0000000Z","500"
"BHL","1m","2026-03-23T06:39:50.0000000Z","773"
"BHL","1m","2026-03-23T06:40:53.0000000Z","288"
"BHL","1m","2026-03-23T06:41:29.0000000Z","329"
"BHL","1m","2026-03-23T06:42:41.0000000Z","2232"
"BHL","1m","2026-03-23T06:44:50.0000000Z","17224"
"BHL","1m","2026-03-23T06:45:59.0000000Z","86"
"BHL","1m","2026-03-23T06:47:50.0000000Z","650"
"BHL","1m","2026-03-23T06:49:10.0000000Z","3960"
"BHL","1m","2026-03-23T06:50:29.0000000Z","1816"
"BHL","1m","2026-03-23T06:52:21.0000000Z","36608"
"BHL","1m","2026-03-23T06:53:50.0000000Z","7681"
"BHL","1m","2026-03-23T06:55:44.0000000Z","4126"
"BHL","1m","2026-03-23T06:56:50.0000000Z","730"
"BHL","1m","2026-03-23T06:57:21.0000000Z","5600"
"BHL","1m","2026-03-23T06:58:49.0000000Z","819"
"BHL","1m","2026-03-23T06:59:31.0000000Z","4910"
"BHL","1m","2026-03-23T07:00:58.0000000Z","4196"
"BHL","1m","2026-03-23T07:01:55.0000000Z","2214"
"BHL","1m","2026-03-23T07:02:54.0000000Z","735"
"BHL","1m","2026-03-23T07:03:49.0000000Z","4600"
"BHL","1m","2026-03-23T07:04:51.0000000Z","2285"
"BHL","1m","2026-03-23T07:05:49.0000000Z","6740"
"BHL","1m","2026-03-23T07:06:56.0000000Z","4972"
"BHL","1m","2026-03-23T07:07:51.0000000Z","1180"
"BHL","1m","2026-03-23T07:08:42.0000000Z","510"
"BHL","1m","2026-03-23T07:09:28.0000000Z","100"
"BHL","1m","2026-03-23T07:10:49.0000000Z","990"
"BHL","1m","2026-03-23T07:11:46.0000000Z","2780"
"BHL","1m","2026-03-23T07:12:35.0000000Z","793"
"BHL","1m","2026-03-23T07:13:56.0000000Z","4596"
"BHL","1m","2026-03-23T07:14:58.0000000Z","4110"
"BHL","1m","2026-03-23T07:15:31.0000000Z","664"
"BHL","1m","2026-03-23T07:16:57.0000000Z","2380"
"BHL","1m","2026-03-23T07:17:05.0000000Z","0"
"BHL","1m","2026-03-23T07:18:57.0000000Z","1342"
"BHL","1m","2026-03-23T07:19:06.0000000Z","191"
"BHL","1m","2026-03-23T07:20:46.0000000Z","5120"
"BHL","1m","2026-03-23T07:21:48.0000000Z","1085"
"BHL","1m","2026-03-23T07:22:54.0000000Z","796"
"BHL","1m","2026-03-23T07:23:55.0000000Z","2540"
"BHL","1m","2026-03-23T07:24:47.0000000Z","834"
"BHL","1m","2026-03-23T07:25:41.0000000Z","540"
"BHL","1m","2026-03-23T07:26:46.0000000Z","983"
"BHL","1m","2026-03-23T07:27:10.0000000Z","310"
"BHL","1m","2026-03-23T07:28:54.0000000Z","1194"
"BHL","1m","2026-03-23T07:29:56.0000000Z","711"
"BHL","1m","2026-03-23T07:30:49.0000000Z","1349"
"BHL","1m","2026-03-23T07:31:58.0000000Z","1560"
"BHL","1m","2026-03-23T07:32:54.0000000Z","537"
"BHL","1m","2026-03-23T07:34:18.0000000Z","850"
"BHL","1m","2026-03-23T07:35:56.0000000Z","498"
"BHL","1m","2026-03-23T07:36:47.0000000Z","3197"
"BHL","1m","2026-03-23T07:37:37.0000000Z","1767"
"BHL","1m","2026-03-23T07:38:55.0000000Z","7920"
"BHL","1m","2026-03-23T07:40:35.0000000Z","4717"
"BHL","1m","2026-03-23T07:41:45.0000000Z","1020"
"BHL","1m","2026-03-23T07:42:24.0000000Z","1900"
"BHL","1m","2026-03-23T07:43:57.0000000Z","3215"
"BHL","1m","2026-03-23T07:44:59.0000000Z","1420"
"BHL","1m","2026-03-23T07:46:54.0000000Z","1871"
"BHL","1m","2026-03-23T07:47:39.0000000Z","1455"
"BHL","1m","2026-03-23T07:48:42.0000000Z","6706"
"BHL","1m","2026-03-23T07:49:54.0000000Z","1275"
"BHL","1m","2026-03-23T07:50:37.0000000Z","992"
"BHL","1m","2026-03-23T07:51:45.0000000Z","4248"
"BHL","1m","2026-03-23T07:52:21.0000000Z","0"
"BHL","1m","2026-03-23T07:53:40.0000000Z","2302"
"BHL","1m","2026-03-23T07:54:29.0000000Z","130"
"BHL","1m","2026-03-23T07:55:47.0000000Z","474"
"BHL","1m","2026-03-23T07:57:12.0000000Z","2767"
"BHL","1m","2026-03-23T07:58:59.0000000Z","2650"
"BHL","1m","2026-03-23T08:00:58.0000000Z","3175"
"BHL","1m","2026-03-23T08:02:19.0000000Z","3047"
"BHL","1m","2026-03-23T08:03:35.0000000Z","2670"
"BHL","1m","2026-03-23T08:05:52.0000000Z","7977"
"BHL","1m","2026-03-23T08:06:51.0000000Z","1659"
"BHL","1m","2026-03-23T08:07:59.0000000Z","2731"
"BHL","1m","2026-03-23T08:08:58.0000000Z","8558"
"BHL","1m","2026-03-23T08:09:59.0000000Z","589"
"BHL","1m","2026-03-23T08:10:15.0000000Z","61"
"BHL","1m","2026-03-23T08:11:42.0000000Z","2515"
"BHL","1m","2026-03-23T08:12:49.0000000Z","650"
"BHL","1m","2026-03-23T08:13:54.0000000Z","1390"
"BHL","1m","2026-03-23T08:14:57.0000000Z","30"
"BHL","1m","2026-03-23T08:15:22.0000000Z","0"
"BHL","1m","2026-03-23T08:16:51.0000000Z","1320"
"BHL","1m","2026-03-23T08:17:50.0000000Z","3295"
"BHL","1m","2026-03-23T08:18:19.0000000Z","160"
"BHL","1m","2026-03-23T08:19:21.0000000Z","487"
"BHL","1m","2026-03-23T08:20:53.0000000Z","500"
"BHL","1m","2026-03-23T08:21:48.0000000Z","763"
"BHL","1m","2026-03-23T08:22:48.0000000Z","1780"
"BHL","1m","2026-03-23T08:23:27.0000000Z","300"
"BHL","1m","2026-03-23T08:24:49.0000000Z","5205"
"BHL","1m","2026-03-23T08:25:54.0000000Z","1875"
"BHL","1m","2026-03-23T08:26:54.0000000Z","1383"
"BHL","1m","2026-03-23T08:27:57.0000000Z","1812"
"BHL","1m","2026-03-23T08:28:50.0000000Z","2641"
"BHL","1m","2026-03-23T08:30:51.0000000Z","282"
"BHL","1m","2026-03-23T08:31:07.0000000Z","220"
"BHL","1m","2026-03-23T08:33:54.0000000Z","1621"
"BHL","1m","2026-03-23T08:34:55.0000000Z","1499"
"BHL","1m","2026-03-23T08:35:56.0000000Z","541"
"BHL","1m","2026-03-23T08:36:43.0000000Z","1590"
"BHL","1m","2026-03-23T08:37:12.0000000Z","527"
"BHL","1m","2026-03-23T08:38:49.0000000Z","1294"
"BHL","1m","2026-03-23T08:39:40.0000000Z","612"
"BHL","1m","2026-03-23T08:40:42.0000000Z","311"
"BHL","1m","2026-03-23T08:41:49.0000000Z","114"
"BHL","1m","2026-03-23T08:42:28.0000000Z","3340"
"BHL","1m","2026-03-23T08:43:49.0000000Z","43"
"BHL","1m","2026-03-23T08:44:34.0000000Z","265"
"BHL","1m","2026-03-23T08:45:50.0000000Z","1084"
"BHL","1m","2026-03-23T08:46:51.0000000Z","2714"
"BHL","1m","2026-03-23T08:47:16.0000000Z","220"
"BHL","1m","2026-03-23T08:48:22.0000000Z","1587"
"BHL","1m","2026-03-23T08:49:46.0000000Z","5371"
"BHL","1m","2026-03-23T08:51:22.0000000Z","621"
"BHL","1m","2026-03-23T08:52:52.0000000Z","2406"
"BHL","1m","2026-03-23T08:53:22.0000000Z","1597"
"BHL","1m","2026-03-23T08:54:32.0000000Z","1500"
"BHL","1m","2026-03-23T08:55:48.0000000Z","3190"
"BHL","1m","2026-03-23T08:56:51.0000000Z","3030"
"BHL","1m","2026-03-23T08:57:38.0000000Z","1591"
"BHL","1m","2026-03-23T08:58:51.0000000Z","1272"
"BHL","1m","2026-03-23T08:59:56.0000000Z","5842"
"BHL","1m","2026-03-23T09:00:06.0000000Z","10"
"BHL","1m","2026-03-23T09:01:57.0000000Z","2720"
"BHL","1m","2026-03-23T09:02:56.0000000Z","6137"
"BHL","1m","2026-03-23T09:03:58.0000000Z","3875"
"BHL","1m","2026-03-23T09:04:33.0000000Z","545"
"BHL","1m","2026-03-23T09:05:56.0000000Z","3720"
"BHL","1m","2026-03-23T09:06:42.0000000Z","8762"
"BHL","1m","2026-03-23T09:07:05.0000000Z","2194"
"BHL","1m","2026-03-23T09:08:54.0000000Z","4177"
"BHL","1m","2026-03-23T09:09:25.0000000Z","9871"
"BHL","1m","2026-03-23T09:10:59.0000000Z","31012"
"BHL","1m","2026-03-23T09:11:56.0000000Z","10851"
"BHL","1m","2026-03-23T09:12:57.0000000Z","16486"
"BHL","1m","2026-03-23T09:13:58.0000000Z","17646"
"BHL","1m","2026-03-23T09:14:59.0000000Z","18383"
"BHL","1m","2026-03-24T05:15:18.0000000Z","161"
"BHL","1m","2026-03-24T05:16:30.0000000Z","10"
"BHL","1m","2026-03-24T05:17:55.0000000Z","7699"
"BHL","1m","2026-03-24T05:18:53.0000000Z","1498"
"BHL","1m","2026-03-24T05:19:54.0000000Z","400"
"BHL","1m","2026-03-24T05:20:43.0000000Z","795"
"BHL","1m","2026-03-24T05:21:32.0000000Z","844"
"BHL","1m","2026-03-24T05:22:59.0000000Z","564"
"BHL","1m","2026-03-24T05:23:48.0000000Z","1200"
"BHL","1m","2026-03-24T05:24:48.0000000Z","1425"
"BHL","1m","2026-03-24T05:25:49.0000000Z","3070"
"BHL","1m","2026-03-24T05:26:57.0000000Z","1175"
"BHL","1m","2026-03-24T05:27:11.0000000Z","1200"
"BHL","1m","2026-03-24T05:28:55.0000000Z","460"
"BHL","1m","2026-03-24T05:29:53.0000000Z","0"
"BHL","1m","2026-03-24T05:30:58.0000000Z","1057"
"BHL","1m","2026-03-24T05:31:51.0000000Z","1199"
"BHL","1m","2026-03-24T05:32:25.0000000Z","1161"
"BHL","1m","2026-03-24T05:33:24.0000000Z","210"
"BHL","1m","2026-03-24T05:34:18.0000000Z","5000"
"BHL","1m","2026-03-24T05:35:57.0000000Z","450"
"BHL","1m","2026-03-24T05:36:51.0000000Z","2945"
"BHL","1m","2026-03-24T05:37:38.0000000Z","1344"
"BHL","1m","2026-03-24T05:38:54.0000000Z","4346"
"BHL","1m","2026-03-24T05:39:42.0000000Z","21"
"BHL","1m","2026-03-24T05:40:49.0000000Z","5876"
"BHL","1m","2026-03-24T05:41:59.0000000Z","3410"
"BHL","1m","2026-03-24T05:42:55.0000000Z","393"
"BHL","1m","2026-03-24T05:43:07.0000000Z","1095"
"BHL","1m","2026-03-24T05:44:55.0000000Z","10503"
"BHL","1m","2026-03-24T05:45:50.0000000Z","8718"
"BHL","1m","2026-03-24T05:46:55.0000000Z","1537"
"BHL","1m","2026-03-24T05:47:18.0000000Z","384"
"BHL","1m","2026-03-24T05:48:43.0000000Z","2310"
"BHL","1m","2026-03-24T05:49:56.0000000Z","674"
"BHL","1m","2026-03-24T05:50:47.0000000Z","161"
"BHL","1m","2026-03-24T05:52:43.0000000Z","8163"
"BHL","1m","2026-03-24T05:54:06.0000000Z","1394"
"BHL","1m","2026-03-24T05:56:38.0000000Z","7912"
"BHL","1m","2026-03-24T05:58:11.0000000Z","0"
"BHL","1m","2026-03-24T05:59:43.0000000Z","243"
"BHL","1m","2026-03-24T06:00:58.0000000Z","3453"
"BHL","1m","2026-03-24T06:01:57.0000000Z","160"
"BHL","1m","2026-03-24T06:02:58.0000000Z","570"
"BHL","1m","2026-03-24T06:03:47.0000000Z","1115"
"BHL","1m","2026-03-24T06:04:51.0000000Z","2340"
"BHL","1m","2026-03-24T06:05:47.0000000Z","246"
"BHL","1m","2026-03-24T06:06:57.0000000Z","3030"
"BHL","1m","2026-03-24T06:07:02.0000000Z","82"
"BHL","1m","2026-03-24T06:08:31.0000000Z","218"
"BHL","1m","2026-03-24T06:09:50.0000000Z","456"
"BHL","1m","2026-03-24T06:10:51.0000000Z","2927"
"BHL","1m","2026-03-24T06:11:48.0000000Z","271"
"BHL","1m","2026-03-24T06:12:49.0000000Z","2570"
"BHL","1m","2026-03-24T06:13:39.0000000Z","339"
"BHL","1m","2026-03-24T06:14:08.0000000Z","199"
"BHL","1m","2026-03-24T06:15:46.0000000Z","1685"
"BHL","1m","2026-03-24T06:16:36.0000000Z","161"
"BHL","1m","2026-03-24T06:17:41.0000000Z","2138"
"BHL","1m","2026-03-24T06:18:58.0000000Z","2525"
"BHL","1m","2026-03-24T06:19:37.0000000Z","476"
"BHL","1m","2026-03-24T06:20:49.0000000Z","780"
"BHL","1m","2026-03-24T06:21:46.0000000Z","820"
"BHL","1m","2026-03-24T06:22:42.0000000Z","5392"
"BHL","1m","2026-03-24T06:23:54.0000000Z","520"
"BHL","1m","2026-03-24T06:24:59.0000000Z","3294"
"BHL","1m","2026-03-24T06:25:45.0000000Z","444"
"BHL","1m","2026-03-24T06:26:23.0000000Z","74"
"BHL","1m","2026-03-24T06:27:57.0000000Z","2711"
"BHL","1m","2026-03-24T06:28:36.0000000Z","1115"
"BHL","1m","2026-03-24T06:29:13.0000000Z","0"
"BHL","1m","2026-03-24T06:30:02.0000000Z","900"
"BHL","1m","2026-03-24T06:31:15.0000000Z","1000"
"BHL","1m","2026-03-24T06:32:56.0000000Z","1453"
"BHL","1m","2026-03-24T06:33:27.0000000Z","40"
"BHL","1m","2026-03-24T06:34:55.0000000Z","610"
"BHL","1m","2026-03-24T06:36:52.0000000Z","231"
"BHL","1m","2026-03-24T06:37:48.0000000Z","60"
"BHL","1m","2026-03-24T06:38:04.0000000Z","30"
"BHL","1m","2026-03-24T06:39:59.0000000Z","845"
"BHL","1m","2026-03-24T06:40:31.0000000Z","23"
"BHL","1m","2026-03-24T06:41:58.0000000Z","2420"
"BHL","1m","2026-03-24T06:42:53.0000000Z","2248"
"BHL","1m","2026-03-24T06:43:39.0000000Z","878"
"BHL","1m","2026-03-24T06:44:50.0000000Z","14304"
"BHL","1m","2026-03-24T06:45:59.0000000Z","1663"
"BHL","1m","2026-03-24T06:46:23.0000000Z","1000"
"BHL","1m","2026-03-24T06:47:43.0000000Z","2010"
"BHL","1m","2026-03-24T06:48:32.0000000Z","300"
"BHL","1m","2026-03-24T06:49:58.0000000Z","335"
"BHL","1m","2026-03-24T06:50:58.0000000Z","54"
"BHL","1m","2026-03-24T06:51:57.0000000Z","2300"
"BHL","1m","2026-03-24T06:53:48.0000000Z","2624"
"BHL","1m","2026-03-24T06:54:51.0000000Z","2161"
"BHL","1m","2026-03-24T06:56:52.0000000Z","3762"
"BHL","1m","2026-03-24T06:57:42.0000000Z","150"
"BHL","1m","2026-03-24T06:58:56.0000000Z","110"
"BHL","1m","2026-03-24T06:59:41.0000000Z","0"
"BHL","1m","2026-03-24T07:00:38.0000000Z","6266"
"BHL","1m","2026-03-24T07:01:30.0000000Z","5842"
"BHL","1m","2026-03-24T07:03:58.0000000Z","1030"
"BHL","1m","2026-03-24T07:04:38.0000000Z","3021"
"BHL","1m","2026-03-24T07:05:42.0000000Z","270"
"BHL","1m","2026-03-24T07:06:41.0000000Z","420"
"BHL","1m","2026-03-24T07:07:59.0000000Z","510"
"BHL","1m","2026-03-24T07:09:39.0000000Z","2780"
"BHL","1m","2026-03-24T07:10:25.0000000Z","340"
"BHL","1m","2026-03-24T07:12:53.0000000Z","600"
"BHL","1m","2026-03-24T07:13:52.0000000Z","590"
"BHL","1m","2026-03-24T07:14:54.0000000Z","1856"
"BHL","1m","2026-03-24T07:16:37.0000000Z","325"
"BHL","1m","2026-03-24T07:17:50.0000000Z","84"
"BHL","1m","2026-03-24T07:18:50.0000000Z","581"
"BHL","1m","2026-03-24T07:19:55.0000000Z","1590"
"BHL","1m","2026-03-24T07:20:28.0000000Z","119"
"BHL","1m","2026-03-24T07:21:32.0000000Z","170"
"BHL","1m","2026-03-24T07:22:54.0000000Z","3260"
"BHL","1m","2026-03-24T07:23:10.0000000Z","1000"
"BHL","1m","2026-03-24T07:24:49.0000000Z","1841"
"BHL","1m","2026-03-24T07:25:51.0000000Z","200"
"BHL","1m","2026-03-24T07:26:52.0000000Z","688"
"BHL","1m","2026-03-24T07:27:32.0000000Z","21"
"BHL","1m","2026-03-24T07:28:48.0000000Z","760"
"BHL","1m","2026-03-24T07:29:45.0000000Z","2010"
"BHL","1m","2026-03-24T07:30:10.0000000Z","10"
"BHL","1m","2026-03-24T07:33:22.0000000Z","236"
"BHL","1m","2026-03-24T07:34:03.0000000Z","50"
"BHL","1m","2026-03-24T07:35:49.0000000Z","580"
"BHL","1m","2026-03-24T07:36:15.0000000Z","1554"
"BHL","1m","2026-03-24T07:38:34.0000000Z","1725"
"BHL","1m","2026-03-24T07:39:19.0000000Z","320"
"BHL","1m","2026-03-24T07:41:44.0000000Z","1810"
"BHL","1m","2026-03-24T07:42:54.0000000Z","100"
"BHL","1m","2026-03-24T07:43:33.0000000Z","500"
"BHL","1m","2026-03-24T07:45:51.0000000Z","10"
"BHL","1m","2026-03-24T07:47:27.0000000Z","180"
"BHL","1m","2026-03-24T07:48:27.0000000Z","100"
"BHL","1m","2026-03-24T07:50:54.0000000Z","290"
"BHL","1m","2026-03-24T07:51:23.0000000Z","0"
"BHL","1m","2026-03-24T07:52:18.0000000Z","940"
"BHL","1m","2026-03-24T07:53:48.0000000Z","8250"
"BHL","1m","2026-03-24T07:54:19.0000000Z","1000"
"BHL","1m","2026-03-24T07:55:28.0000000Z","6955"
"BHL","1m","2026-03-24T07:56:53.0000000Z","110"
"BHL","1m","2026-03-24T07:57:43.0000000Z","550"
"BHL","1m","2026-03-24T07:58:35.0000000Z","1875"
"BHL","1m","2026-03-24T07:59:22.0000000Z","20"
"BHL","1m","2026-03-24T08:00:49.0000000Z","906"
"BHL","1m","2026-03-24T08:02:36.0000000Z","1266"
"BHL","1m","2026-03-24T08:03:47.0000000Z","1300"
"BHL","1m","2026-03-24T08:04:59.0000000Z","3750"
"BHL","1m","2026-03-24T08:05:56.0000000Z","1080"
"BHL","1m","2026-03-24T08:06:51.0000000Z","10"
"BHL","1m","2026-03-24T08:07:31.0000000Z","1037"
"BHL","1m","2026-03-24T08:08:45.0000000Z","2210"
"BHL","1m","2026-03-24T08:09:58.0000000Z","2953"
"BHL","1m","2026-03-24T08:10:50.0000000Z","2560"
"BHL","1m","2026-03-24T08:11:59.0000000Z","1967"
"BHL","1m","2026-03-24T08:12:53.0000000Z","100"
"BHL","1m","2026-03-24T08:13:52.0000000Z","2323"
"BHL","1m","2026-03-24T08:14:24.0000000Z","30"
"BHL","1m","2026-03-24T08:15:56.0000000Z","1155"
"BHL","1m","2026-03-24T08:16:28.0000000Z","4839"
"BHL","1m","2026-03-24T08:17:46.0000000Z","861"
"BHL","1m","2026-03-24T08:18:57.0000000Z","3948"
"BHL","1m","2026-03-24T08:19:33.0000000Z","3367"
"BHL","1m","2026-03-24T08:20:42.0000000Z","50"
"BHL","1m","2026-03-24T08:21:44.0000000Z","5000"
"BHL","1m","2026-03-24T08:22:01.0000000Z","11"
"BHL","1m","2026-03-24T08:23:57.0000000Z","850"
"BHL","1m","2026-03-24T08:24:56.0000000Z","7909"
"BHL","1m","2026-03-24T08:25:17.0000000Z","1010"
"BHL","1m","2026-03-24T08:26:36.0000000Z","1035"
"BHL","1m","2026-03-24T08:27:41.0000000Z","160"
"BHL","1m","2026-03-24T08:28:40.0000000Z","5914"
"BHL","1m","2026-03-24T08:29:57.0000000Z","1936"
"BHL","1m","2026-03-24T08:30:52.0000000Z","961"
"BHL","1m","2026-03-24T08:31:23.0000000Z","11"
"BHL","1m","2026-03-24T08:32:51.0000000Z","10"
"BHL","1m","2026-03-24T08:33:59.0000000Z","2310"
"BHL","1m","2026-03-24T08:34:52.0000000Z","250"
"BHL","1m","2026-03-24T08:35:26.0000000Z","1850"
"BHL","1m","2026-03-24T08:36:50.0000000Z","20"
"BHL","1m","2026-03-24T08:37:55.0000000Z","1861"
"BHL","1m","2026-03-24T08:38:56.0000000Z","1000"
"BHL","1m","2026-03-24T08:39:43.0000000Z","190"
"BHL","1m","2026-03-24T08:40:53.0000000Z","110"
"BHL","1m","2026-03-24T08:41:44.0000000Z","269"
"BHL","1m","2026-03-24T08:42:53.0000000Z","3027"
"BHL","1m","2026-03-24T08:43:46.0000000Z","4482"
"BHL","1m","2026-03-24T08:44:34.0000000Z","306"
"BHL","1m","2026-03-24T08:45:48.0000000Z","410"
"BHL","1m","2026-03-24T08:46:28.0000000Z","240"
"BHL","1m","2026-03-24T08:47:28.0000000Z","2220"
"BHL","1m","2026-03-24T08:48:59.0000000Z","1000"
"BHL","1m","2026-03-24T08:49:50.0000000Z","1380"
"BHL","1m","2026-03-24T08:50:51.0000000Z","3618"
"BHL","1m","2026-03-24T08:51:52.0000000Z","3140"
"BHL","1m","2026-03-24T08:52:29.0000000Z","0"
"BHL","1m","2026-03-24T08:53:48.0000000Z","1120"
"BHL","1m","2026-03-24T08:54:45.0000000Z","1189"
"BHL","1m","2026-03-24T08:55:42.0000000Z","3127"
"BHL","1m","2026-03-24T08:56:24.0000000Z","0"
"BHL","1m","2026-03-24T08:57:53.0000000Z","2450"
"BHL","1m","2026-03-24T08:58:53.0000000Z","1705"
"BHL","1m","2026-03-24T08:59:57.0000000Z","1054"
"BHL","1m","2026-03-24T09:00:51.0000000Z","4357"
"BHL","1m","2026-03-24T09:01:36.0000000Z","6541"
"BHL","1m","2026-03-24T09:02:52.0000000Z","3661"
"BHL","1m","2026-03-24T09:03:39.0000000Z","2315"
"BHL","1m","2026-03-24T09:04:38.0000000Z","3620"
"BHL","1m","2026-03-24T09:05:56.0000000Z","17843"
"BHL","1m","2026-03-24T09:06:55.0000000Z","3390"
"BHL","1m","2026-03-24T09:07:55.0000000Z","320"
"BHL","1m","2026-03-24T09:08:56.0000000Z","6021"
"BHL","1m","2026-03-24T09:09:46.0000000Z","2391"
"BHL","1m","2026-03-24T09:10:45.0000000Z","4255"
"BHL","1m","2026-03-24T09:11:54.0000000Z","4282"
"BHL","1m","2026-03-24T09:12:53.0000000Z","16117"
"BHL","1m","2026-03-24T09:13:55.0000000Z","3175"
"BHL","1m","2026-03-24T09:14:59.0000000Z","6941"
"BHL","1m","2026-03-25T05:15:57.0000000Z","510"
"BHL","1m","2026-03-25T05:16:28.0000000Z","865"
"BHL","1m","2026-03-25T05:17:59.0000000Z","1885"
"BHL","1m","2026-03-25T05:18:36.0000000Z","3825"
"BHL","1m","2026-03-25T05:19:38.0000000Z","1525"
"BHL","1m","2026-03-25T05:20:49.0000000Z","1800"
"BHL","1m","2026-03-25T05:21:40.0000000Z","1890"
"BHL","1m","2026-03-25T05:22:51.0000000Z","1760"
"BHL","1m","2026-03-25T05:23:52.0000000Z","32"
"BHL","1m","2026-03-25T05:24:33.0000000Z","2000"
"BHL","1m","2026-03-25T05:25:47.0000000Z","368"
"BHL","1m","2026-03-25T05:26:44.0000000Z","623"
"BHL","1m","2026-03-25T05:27:47.0000000Z","1767"
"BHL","1m","2026-03-25T05:28:38.0000000Z","5217"
"BHL","1m","2026-03-25T05:29:48.0000000Z","11"
"BHL","1m","2026-03-25T05:30:57.0000000Z","6179"
"BHL","1m","2026-03-25T05:31:25.0000000Z","640"
"BHL","1m","2026-03-25T05:32:52.0000000Z","4904"
"BHL","1m","2026-03-25T05:33:59.0000000Z","547"
"BHL","1m","2026-03-25T05:34:51.0000000Z","270"
"BHL","1m","2026-03-25T05:35:54.0000000Z","504"
"BHL","1m","2026-03-25T05:36:55.0000000Z","30"
"BHL","1m","2026-03-25T05:37:47.0000000Z","5770"
"BHL","1m","2026-03-25T05:38:48.0000000Z","1500"
"BHL","1m","2026-03-25T05:39:35.0000000Z","1273"
"BHL","1m","2026-03-25T05:40:53.0000000Z","2300"
"BHL","1m","2026-03-25T05:41:52.0000000Z","3545"
"BHL","1m","2026-03-25T05:42:56.0000000Z","2510"
"BHL","1m","2026-03-25T05:43:35.0000000Z","1400"
"BHL","1m","2026-03-25T05:44:55.0000000Z","1079"
"BHL","1m","2026-03-25T05:45:59.0000000Z","1909"
"BHL","1m","2026-03-25T05:46:41.0000000Z","574"
"BHL","1m","2026-03-25T05:47:48.0000000Z","2138"
"BHL","1m","2026-03-25T05:48:53.0000000Z","851"
"BHL","1m","2026-03-25T05:49:50.0000000Z","2220"
"BHL","1m","2026-03-25T05:50:34.0000000Z","2486"
"BHL","1m","2026-03-25T05:51:41.0000000Z","1005"
"BHL","1m","2026-03-25T05:52:44.0000000Z","3411"
"BHL","1m","2026-03-25T05:53:51.0000000Z","1540"
"BHL","1m","2026-03-25T05:54:39.0000000Z","380"
"BHL","1m","2026-03-25T05:55:51.0000000Z","1397"
"BHL","1m","2026-03-25T05:56:41.0000000Z","2160"
"BHL","1m","2026-03-25T05:58:27.0000000Z","2210"
"BHL","1m","2026-03-25T05:59:59.0000000Z","4176"
"BHL","1m","2026-03-25T06:00:47.0000000Z","180"
"BHL","1m","2026-03-25T06:01:55.0000000Z","585"
"BHL","1m","2026-03-25T06:02:53.0000000Z","4250"
"BHL","1m","2026-03-25T06:03:33.0000000Z","2600"
"BHL","1m","2026-03-25T06:04:18.0000000Z","9070"
"BHL","1m","2026-03-25T06:05:42.0000000Z","3706"
"BHL","1m","2026-03-25T06:06:37.0000000Z","2250"
"BHL","1m","2026-03-25T06:07:34.0000000Z","20"
"BHL","1m","2026-03-25T06:08:59.0000000Z","4566"
"BHL","1m","2026-03-25T06:09:53.0000000Z","6860"
"BHL","1m","2026-03-25T06:10:38.0000000Z","1140"
"BHL","1m","2026-03-25T06:11:54.0000000Z","3349"
"BHL","1m","2026-03-25T06:12:56.0000000Z","280"
"BHL","1m","2026-03-25T06:13:23.0000000Z","1400"
"BHL","1m","2026-03-25T06:14:48.0000000Z","15986"
"BHL","1m","2026-03-25T06:15:58.0000000Z","20"
"BHL","1m","2026-03-25T06:16:37.0000000Z","380"
"BHL","1m","2026-03-25T06:17:37.0000000Z","0"
"BHL","1m","2026-03-25T06:18:57.0000000Z","1220"
"BHL","1m","2026-03-25T06:19:58.0000000Z","929"
"BHL","1m","2026-03-25T06:20:59.0000000Z","1659"
"BHL","1m","2026-03-25T06:21:59.0000000Z","1960"
"BHL","1m","2026-03-25T06:22:22.0000000Z","1010"
"BHL","1m","2026-03-25T06:23:47.0000000Z","5559"
"BHL","1m","2026-03-25T06:24:57.0000000Z","1850"
"BHL","1m","2026-03-25T06:25:59.0000000Z","1400"
"BHL","1m","2026-03-25T06:26:44.0000000Z","18997"
"BHL","1m","2026-03-25T06:27:55.0000000Z","18375"
"BHL","1m","2026-03-25T06:28:56.0000000Z","50"
"BHL","1m","2026-03-25T06:29:59.0000000Z","1405"
"BHL","1m","2026-03-25T06:30:52.0000000Z","1975"
"BHL","1m","2026-03-25T06:31:45.0000000Z","2115"
"BHL","1m","2026-03-25T06:32:53.0000000Z","19362"
"BHL","1m","2026-03-25T06:33:53.0000000Z","1534"
"BHL","1m","2026-03-25T06:34:09.0000000Z","10"
"BHL","1m","2026-03-25T06:35:54.0000000Z","4286"
"BHL","1m","2026-03-25T06:36:54.0000000Z","1316"
"BHL","1m","2026-03-25T06:37:48.0000000Z","1758"
"BHL","1m","2026-03-25T06:38:47.0000000Z","1892"
"BHL","1m","2026-03-25T06:39:37.0000000Z","1100"
"BHL","1m","2026-03-25T06:40:28.0000000Z","497"
"BHL","1m","2026-03-25T06:41:51.0000000Z","2010"
"BHL","1m","2026-03-25T06:42:36.0000000Z","245"
"BHL","1m","2026-03-25T06:44:54.0000000Z","90"
"BHL","1m","2026-03-25T06:45:43.0000000Z","118"
"BHL","1m","2026-03-25T06:46:54.0000000Z","3335"
"BHL","1m","2026-03-25T06:47:33.0000000Z","1631"
"BHL","1m","2026-03-25T06:48:47.0000000Z","2559"
"BHL","1m","2026-03-25T06:49:34.0000000Z","200"
"BHL","1m","2026-03-25T06:50:54.0000000Z","20"
"BHL","1m","2026-03-25T06:51:59.0000000Z","1420"
"BHL","1m","2026-03-25T06:52:04.0000000Z","20"
"BHL","1m","2026-03-25T06:53:59.0000000Z","1975"
"BHL","1m","2026-03-25T06:54:44.0000000Z","6350"
"BHL","1m","2026-03-25T06:55:19.0000000Z","478"
"BHL","1m","2026-03-25T06:56:31.0000000Z","2000"
"BHL","1m","2026-03-25T06:57:40.0000000Z","500"
"BHL","1m","2026-03-25T06:58:27.0000000Z","120"
"BHL","1m","2026-03-25T06:59:57.0000000Z","20"
"BHL","1m","2026-03-25T07:00:28.0000000Z","1770"
"BHL","1m","2026-03-25T07:01:21.0000000Z","1510"
"BHL","1m","2026-03-25T07:02:24.0000000Z","10"
"BHL","1m","2026-03-25T07:03:41.0000000Z","1925"
"BHL","1m","2026-03-25T07:04:57.0000000Z","46"
"BHL","1m","2026-03-25T07:05:52.0000000Z","960"
"BHL","1m","2026-03-25T07:06:31.0000000Z","20"
"BHL","1m","2026-03-25T07:08:54.0000000Z","1020"
"BHL","1m","2026-03-25T07:09:24.0000000Z","725"
"BHL","1m","2026-03-25T07:10:41.0000000Z","2980"
"BHL","1m","2026-03-25T07:11:32.0000000Z","425"
"BHL","1m","2026-03-25T07:12:51.0000000Z","531"
"BHL","1m","2026-03-25T07:14:33.0000000Z","818"
"BHL","1m","2026-03-25T07:16:55.0000000Z","4950"
"BHL","1m","2026-03-25T07:17:56.0000000Z","283"
"BHL","1m","2026-03-25T07:19:01.0000000Z","112"
"BHL","1m","2026-03-25T07:20:58.0000000Z","0"
"BHL","1m","2026-03-25T07:21:52.0000000Z","450"
"BHL","1m","2026-03-25T07:22:55.0000000Z","1415"
"BHL","1m","2026-03-25T07:23:55.0000000Z","574"
"BHL","1m","2026-03-25T07:24:41.0000000Z","20"
"BHL","1m","2026-03-25T07:25:27.0000000Z","0"
"BHL","1m","2026-03-25T07:26:30.0000000Z","3112"
"BHL","1m","2026-03-25T07:27:31.0000000Z","1330"
"BHL","1m","2026-03-25T07:28:14.0000000Z","20"
"BHL","1m","2026-03-25T07:29:48.0000000Z","180"
"BHL","1m","2026-03-25T07:30:58.0000000Z","8500"
"BHL","1m","2026-03-25T07:31:21.0000000Z","4304"
"BHL","1m","2026-03-25T07:32:15.0000000Z","56"
"BHL","1m","2026-03-25T07:33:52.0000000Z","400"
"BHL","1m","2026-03-25T07:34:58.0000000Z","1011"
"BHL","1m","2026-03-25T07:35:47.0000000Z","89"
"BHL","1m","2026-03-25T07:36:58.0000000Z","1791"
"BHL","1m","2026-03-25T07:37:15.0000000Z","10"
"BHL","1m","2026-03-25T07:38:27.0000000Z","709"
"BHL","1m","2026-03-25T07:39:37.0000000Z","10"
"BHL","1m","2026-03-25T07:40:50.0000000Z","10"
"BHL","1m","2026-03-25T07:41:39.0000000Z","0"
"BHL","1m","2026-03-25T07:42:45.0000000Z","257"
"BHL","1m","2026-03-25T07:43:31.0000000Z","60"
"BHL","1m","2026-03-25T07:44:59.0000000Z","3706"
"BHL","1m","2026-03-25T07:45:58.0000000Z","3622"
"BHL","1m","2026-03-25T07:46:49.0000000Z","5914"
"BHL","1m","2026-03-25T07:47:50.0000000Z","1249"
"BHL","1m","2026-03-25T07:48:01.0000000Z","510"
"BHL","1m","2026-03-25T07:49:39.0000000Z","2085"
"BHL","1m","2026-03-25T07:50:55.0000000Z","5000"
"BHL","1m","2026-03-25T07:51:31.0000000Z","140"
"BHL","1m","2026-03-25T07:53:47.0000000Z","571"
"BHL","1m","2026-03-25T07:54:39.0000000Z","59"
"BHL","1m","2026-03-25T07:55:41.0000000Z","2982"
"BHL","1m","2026-03-25T07:56:40.0000000Z","1639"
"BHL","1m","2026-03-25T07:57:47.0000000Z","2300"
"BHL","1m","2026-03-25T07:58:53.0000000Z","690"
"BHL","1m","2026-03-25T07:59:33.0000000Z","750"
"BHL","1m","2026-03-25T08:00:54.0000000Z","130"
"BHL","1m","2026-03-25T08:01:35.0000000Z","964"
"BHL","1m","2026-03-25T08:02:04.0000000Z","10"
"BHL","1m","2026-03-25T08:03:38.0000000Z","840"
"BHL","1m","2026-03-25T08:04:57.0000000Z","85"
"BHL","1m","2026-03-25T08:06:33.0000000Z","1491"
"BHL","1m","2026-03-25T08:07:37.0000000Z","595"
"BHL","1m","2026-03-25T08:08:53.0000000Z","225"
"BHL","1m","2026-03-25T08:09:49.0000000Z","2190"
"BHL","1m","2026-03-25T08:10:47.0000000Z","2600"
"BHL","1m","2026-03-25T08:11:48.0000000Z","4540"
"BHL","1m","2026-03-25T08:12:57.0000000Z","100"
"BHL","1m","2026-03-25T08:13:50.0000000Z","200"
"BHL","1m","2026-03-25T08:14:44.0000000Z","850"
"BHL","1m","2026-03-25T08:15:47.0000000Z","1110"
"BHL","1m","2026-03-25T08:16:17.0000000Z","40"
"BHL","1m","2026-03-25T08:17:52.0000000Z","0"
"BHL","1m","2026-03-25T08:18:56.0000000Z","1440"
"BHL","1m","2026-03-25T08:19:27.0000000Z","1010"
"BHL","1m","2026-03-25T08:21:55.0000000Z","3050"
"BHL","1m","2026-03-25T08:22:58.0000000Z","1600"
"BHL","1m","2026-03-25T08:23:58.0000000Z","700"
"BHL","1m","2026-03-25T08:24:30.0000000Z","250"
"BHL","1m","2026-03-25T08:25:52.0000000Z","3682"
"BHL","1m","2026-03-25T08:26:11.0000000Z","0"
"BHL","1m","2026-03-25T08:27:56.0000000Z","1507"
"BHL","1m","2026-03-25T08:28:51.0000000Z","3625"
"BHL","1m","2026-03-25T08:29:51.0000000Z","535"
"BHL","1m","2026-03-25T08:30:59.0000000Z","3400"
"BHL","1m","2026-03-25T08:31:59.0000000Z","7208"
"BHL","1m","2026-03-25T08:32:50.0000000Z","2000"
"BHL","1m","2026-03-25T08:33:03.0000000Z","141"
"BHL","1m","2026-03-25T08:34:55.0000000Z","2390"
"BHL","1m","2026-03-25T08:35:45.0000000Z","8759"
"BHL","1m","2026-03-25T08:36:58.0000000Z","3220"
"BHL","1m","2026-03-25T08:37:31.0000000Z","1175"
"BHL","1m","2026-03-25T08:38:49.0000000Z","3528"
"BHL","1m","2026-03-25T08:39:20.0000000Z","876"
"BHL","1m","2026-03-25T08:40:59.0000000Z","8200"
"BHL","1m","2026-03-25T08:41:57.0000000Z","11070"
"BHL","1m","2026-03-25T08:42:49.0000000Z","10"
"BHL","1m","2026-03-25T08:43:42.0000000Z","4552"
"BHL","1m","2026-03-25T08:44:55.0000000Z","995"
"BHL","1m","2026-03-25T08:45:49.0000000Z","309"
"BHL","1m","2026-03-25T08:46:43.0000000Z","2600"
"BHL","1m","2026-03-25T08:47:41.0000000Z","400"
"BHL","1m","2026-03-25T08:48:57.0000000Z","3600"
"BHL","1m","2026-03-25T08:49:44.0000000Z","224"
"BHL","1m","2026-03-25T08:50:57.0000000Z","1181"
"BHL","1m","2026-03-25T08:51:52.0000000Z","3096"
"BHL","1m","2026-03-25T08:52:47.0000000Z","4140"
"BHL","1m","2026-03-25T08:53:54.0000000Z","2605"
"BHL","1m","2026-03-25T08:54:55.0000000Z","6060"
"BHL","1m","2026-03-25T08:55:56.0000000Z","1500"
"BHL","1m","2026-03-25T08:56:58.0000000Z","5930"
"BHL","1m","2026-03-25T08:57:48.0000000Z","1600"
"BHL","1m","2026-03-25T08:58:57.0000000Z","14380"
"BHL","1m","2026-03-25T08:59:24.0000000Z","2110"
"BHL","1m","2026-03-25T09:00:59.0000000Z","3000"
"BHL","1m","2026-03-25T09:01:51.0000000Z","4447"
"BHL","1m","2026-03-25T09:02:55.0000000Z","5434"
"BHL","1m","2026-03-25T09:03:59.0000000Z","11720"
"BHL","1m","2026-03-25T09:04:45.0000000Z","11390"
"BHL","1m","2026-03-25T09:05:58.0000000Z","17397"
"BHL","1m","2026-03-25T09:06:56.0000000Z","10166"
"BHL","1m","2026-03-25T09:07:57.0000000Z","5955"
"BHL","1m","2026-03-25T09:08:52.0000000Z","8140"
"BHL","1m","2026-03-25T09:09:55.0000000Z","4630"
"BHL","1m","2026-03-25T09:10:52.0000000Z","8306"
"BHL","1m","2026-03-25T09:11:53.0000000Z","2861"
"BHL","1m","2026-03-25T09:12:51.0000000Z","40231"
"BHL","1m","2026-03-25T09:13:53.0000000Z","14764"
"BHL","1m","2026-03-25T09:14:59.0000000Z","56509"
"BHL","1m","2026-03-26T05:15:56.0000000Z","220"
"BHL","1m","2026-03-26T05:16:40.0000000Z","725"
"BHL","1m","2026-03-26T05:17:48.0000000Z","1200"
"BHL","1m","2026-03-26T05:18:35.0000000Z","120"
"BHL","1m","2026-03-26T05:19:59.0000000Z","8136"
"BHL","1m","2026-03-26T05:20:48.0000000Z","3450"
"BHL","1m","2026-03-26T05:21:35.0000000Z","4330"
"BHL","1m","2026-03-26T05:22:56.0000000Z","3064"
"BHL","1m","2026-03-26T05:23:59.0000000Z","1066"
"BHL","1m","2026-03-26T05:24:52.0000000Z","2771"
"BHL","1m","2026-03-26T05:25:57.0000000Z","3029"
"BHL","1m","2026-03-26T05:26:56.0000000Z","5391"
"BHL","1m","2026-03-26T05:27:57.0000000Z","3890"
"BHL","1m","2026-03-26T05:28:52.0000000Z","750"
"BHL","1m","2026-03-26T05:29:36.0000000Z","2160"
"BHL","1m","2026-03-26T05:30:42.0000000Z","743"
"BHL","1m","2026-03-26T05:31:53.0000000Z","1760"
"BHL","1m","2026-03-26T05:32:58.0000000Z","3920"
"BHL","1m","2026-03-26T05:33:31.0000000Z","1115"
"BHL","1m","2026-03-26T05:34:36.0000000Z","853"
"BHL","1m","2026-03-26T05:35:42.0000000Z","1499"
"BHL","1m","2026-03-26T05:36:47.0000000Z","2088"
"BHL","1m","2026-03-26T05:37:36.0000000Z","685"
"BHL","1m","2026-03-26T05:38:41.0000000Z","515"
"BHL","1m","2026-03-26T05:39:59.0000000Z","5855"
"BHL","1m","2026-03-26T05:40:44.0000000Z","50"
"BHL","1m","2026-03-26T05:41:44.0000000Z","4310"
"BHL","1m","2026-03-26T05:42:58.0000000Z","2559"
"BHL","1m","2026-03-26T05:43:52.0000000Z","762"
"BHL","1m","2026-03-26T05:44:41.0000000Z","959"
"BHL","1m","2026-03-26T05:45:57.0000000Z","914"
"BHL","1m","2026-03-26T05:46:56.0000000Z","2722"
"BHL","1m","2026-03-26T05:47:49.0000000Z","4549"
"BHL","1m","2026-03-26T05:48:46.0000000Z","1050"
"BHL","1m","2026-03-26T05:50:54.0000000Z","594"
"BHL","1m","2026-03-26T05:51:58.0000000Z","1741"
"BHL","1m","2026-03-26T05:52:51.0000000Z","62"
"BHL","1m","2026-03-26T05:53:38.0000000Z","865"
"BHL","1m","2026-03-26T05:54:59.0000000Z","11415"
"BHL","1m","2026-03-26T05:55:51.0000000Z","505"
"BHL","1m","2026-03-26T05:56:46.0000000Z","4151"
"BHL","1m","2026-03-26T05:57:58.0000000Z","22813"
"BHL","1m","2026-03-26T05:58:40.0000000Z","1951"
"BHL","1m","2026-03-26T05:59:49.0000000Z","159"
"BHL","1m","2026-03-26T06:00:42.0000000Z","1890"
"BHL","1m","2026-03-26T06:01:24.0000000Z","1190"
"BHL","1m","2026-03-26T06:02:54.0000000Z","1100"
"BHL","1m","2026-03-26T06:03:53.0000000Z","2520"
"BHL","1m","2026-03-26T06:04:24.0000000Z","2995"
"BHL","1m","2026-03-26T06:05:49.0000000Z","75"
"BHL","1m","2026-03-26T06:06:52.0000000Z","105"
"BHL","1m","2026-03-26T06:07:02.0000000Z","330"
"BHL","1m","2026-03-26T06:08:13.0000000Z","420"
"BHL","1m","2026-03-26T06:09:44.0000000Z","380"
"BHL","1m","2026-03-26T06:10:53.0000000Z","2115"
"BHL","1m","2026-03-26T06:11:33.0000000Z","240"
"BHL","1m","2026-03-26T06:12:55.0000000Z","226"
"BHL","1m","2026-03-26T06:13:41.0000000Z","1602"
"BHL","1m","2026-03-26T06:14:59.0000000Z","1518"
"BHL","1m","2026-03-26T06:15:18.0000000Z","10"
"BHL","1m","2026-03-26T06:16:42.0000000Z","162"
"BHL","1m","2026-03-26T06:17:57.0000000Z","2408"
"BHL","1m","2026-03-26T06:18:52.0000000Z","380"
"BHL","1m","2026-03-26T06:19:55.0000000Z","725"
"BHL","1m","2026-03-26T06:20:21.0000000Z","1995"
"BHL","1m","2026-03-26T06:21:52.0000000Z","0"
"BHL","1m","2026-03-26T06:22:45.0000000Z","1800"
"BHL","1m","2026-03-26T06:24:44.0000000Z","500"
"BHL","1m","2026-03-26T06:25:09.0000000Z","1400"
"BHL","1m","2026-03-26T06:26:25.0000000Z","1240"
"BHL","1m","2026-03-26T06:27:55.0000000Z","10"
"BHL","1m","2026-03-26T06:28:06.0000000Z","722"
"BHL","1m","2026-03-26T06:29:50.0000000Z","18"
"BHL","1m","2026-03-26T06:30:33.0000000Z","180"
"BHL","1m","2026-03-26T06:31:53.0000000Z","1748"
"BHL","1m","2026-03-26T06:32:50.0000000Z","414"
"BHL","1m","2026-03-26T06:33:36.0000000Z","1170"
"BHL","1m","2026-03-26T06:34:45.0000000Z","1280"
"BHL","1m","2026-03-26T06:35:28.0000000Z","367"
"BHL","1m","2026-03-26T06:36:27.0000000Z","160"
"BHL","1m","2026-03-26T06:37:57.0000000Z","3050"
"BHL","1m","2026-03-26T06:38:59.0000000Z","30"
"BHL","1m","2026-03-26T06:39:55.0000000Z","40"
"BHL","1m","2026-03-26T06:40:57.0000000Z","3194"
"BHL","1m","2026-03-26T06:41:58.0000000Z","932"
"BHL","1m","2026-03-26T06:42:46.0000000Z","2950"
"BHL","1m","2026-03-26T06:43:31.0000000Z","1250"
"BHL","1m","2026-03-26T06:44:54.0000000Z","1520"
"BHL","1m","2026-03-26T06:45:55.0000000Z","3030"
"BHL","1m","2026-03-26T06:46:35.0000000Z","300"
"BHL","1m","2026-03-26T06:47:53.0000000Z","2112"
"BHL","1m","2026-03-26T06:48:53.0000000Z","14088"
"BHL","1m","2026-03-26T06:49:20.0000000Z","2312"
"BHL","1m","2026-03-26T06:50:27.0000000Z","500"
"BHL","1m","2026-03-26T06:52:36.0000000Z","400"
"BHL","1m","2026-03-26T06:53:36.0000000Z","520"
"BHL","1m","2026-03-26T06:54:41.0000000Z","110"
"BHL","1m","2026-03-26T06:55:33.0000000Z","670"
"BHL","1m","2026-03-26T06:56:43.0000000Z","1000"
"BHL","1m","2026-03-26T06:57:14.0000000Z","100"
"BHL","1m","2026-03-26T06:58:57.0000000Z","2012"
"BHL","1m","2026-03-26T06:59:21.0000000Z","425"
"BHL","1m","2026-03-26T07:00:50.0000000Z","2731"
"BHL","1m","2026-03-26T07:01:22.0000000Z","1575"
"BHL","1m","2026-03-26T07:02:50.0000000Z","1200"
"BHL","1m","2026-03-26T07:03:07.0000000Z","1000"
"BHL","1m","2026-03-26T07:04:51.0000000Z","330"
"BHL","1m","2026-03-26T07:05:51.0000000Z","1455"
"BHL","1m","2026-03-26T07:06:54.0000000Z","700"
"BHL","1m","2026-03-26T07:07:48.0000000Z","800"
"BHL","1m","2026-03-26T07:08:54.0000000Z","755"
"BHL","1m","2026-03-26T07:09:51.0000000Z","530"
"BHL","1m","2026-03-26T07:10:51.0000000Z","5110"
"BHL","1m","2026-03-26T07:11:55.0000000Z","698"
"BHL","1m","2026-03-26T07:12:03.0000000Z","10"
"BHL","1m","2026-03-26T07:14:59.0000000Z","11414"
"BHL","1m","2026-03-26T07:16:38.0000000Z","10"
"BHL","1m","2026-03-26T07:17:46.0000000Z","2540"
"BHL","1m","2026-03-26T07:18:42.0000000Z","0"
"BHL","1m","2026-03-26T07:19:50.0000000Z","6941"
"BHL","1m","2026-03-26T07:20:52.0000000Z","3895"
"BHL","1m","2026-03-26T07:21:42.0000000Z","1255"
"BHL","1m","2026-03-26T07:22:47.0000000Z","613"
"BHL","1m","2026-03-26T07:23:30.0000000Z","1090"
"BHL","1m","2026-03-26T07:24:55.0000000Z","4878"
"BHL","1m","2026-03-26T07:25:55.0000000Z","2240"
"BHL","1m","2026-03-26T07:26:50.0000000Z","2100"
"BHL","1m","2026-03-26T07:27:50.0000000Z","5802"
"BHL","1m","2026-03-26T07:28:49.0000000Z","1490"
"BHL","1m","2026-03-26T07:29:58.0000000Z","200"
"BHL","1m","2026-03-26T07:30:36.0000000Z","5808"
"BHL","1m","2026-03-26T07:31:32.0000000Z","1510"
"BHL","1m","2026-03-26T07:33:55.0000000Z","9834"
"BHL","1m","2026-03-26T07:34:38.0000000Z","539"
"BHL","1m","2026-03-26T07:35:48.0000000Z","3080"
"BHL","1m","2026-03-26T07:36:28.0000000Z","517"
"BHL","1m","2026-03-26T07:38:26.0000000Z","50"
"BHL","1m","2026-03-26T07:39:59.0000000Z","1550"
"BHL","1m","2026-03-26T07:40:54.0000000Z","2270"
"BHL","1m","2026-03-26T07:41:17.0000000Z","1400"
"BHL","1m","2026-03-26T07:42:55.0000000Z","551"
"BHL","1m","2026-03-26T07:43:46.0000000Z","50"
"BHL","1m","2026-03-26T07:44:25.0000000Z","550"
"BHL","1m","2026-03-26T07:45:27.0000000Z","100"
"BHL","1m","2026-03-26T07:46:48.0000000Z","150"
"BHL","1m","2026-03-26T07:47:20.0000000Z","100"
"BHL","1m","2026-03-26T07:48:50.0000000Z","1150"
"BHL","1m","2026-03-26T07:49:34.0000000Z","400"
"BHL","1m","2026-03-26T07:50:51.0000000Z","59"
"BHL","1m","2026-03-26T07:51:59.0000000Z","992"
"BHL","1m","2026-03-26T07:52:17.0000000Z","140"
"BHL","1m","2026-03-26T07:53:32.0000000Z","0"
"BHL","1m","2026-03-26T07:54:24.0000000Z","37"
"BHL","1m","2026-03-26T07:55:54.0000000Z","768"
"BHL","1m","2026-03-26T07:56:23.0000000Z","632"
"BHL","1m","2026-03-26T07:58:46.0000000Z","110"
"BHL","1m","2026-03-26T07:59:58.0000000Z","100"
"BHL","1m","2026-03-26T08:00:47.0000000Z","445"
"BHL","1m","2026-03-26T08:01:40.0000000Z","1400"
"BHL","1m","2026-03-26T08:02:54.0000000Z","860"
"BHL","1m","2026-03-26T08:03:06.0000000Z","360"
"BHL","1m","2026-03-26T08:04:47.0000000Z","100"
"BHL","1m","2026-03-26T08:05:57.0000000Z","400"
"BHL","1m","2026-03-26T08:06:54.0000000Z","2529"
"BHL","1m","2026-03-26T08:07:24.0000000Z","60"
"BHL","1m","2026-03-26T08:08:52.0000000Z","60"
"BHL","1m","2026-03-26T08:09:15.0000000Z","100"
"BHL","1m","2026-03-26T08:10:38.0000000Z","537"
"BHL","1m","2026-03-26T08:11:27.0000000Z","4100"
"BHL","1m","2026-03-26T08:12:36.0000000Z","2020"
"BHL","1m","2026-03-26T08:13:28.0000000Z","400"
"BHL","1m","2026-03-26T08:14:53.0000000Z","1000"
"BHL","1m","2026-03-26T08:15:03.0000000Z","0"
"BHL","1m","2026-03-26T08:16:07.0000000Z","170"
"BHL","1m","2026-03-26T08:17:50.0000000Z","1128"
"BHL","1m","2026-03-26T08:19:41.0000000Z","600"
"BHL","1m","2026-03-26T08:20:45.0000000Z","1271"
"BHL","1m","2026-03-26T08:21:52.0000000Z","2020"
"BHL","1m","2026-03-26T08:22:58.0000000Z","424"
"BHL","1m","2026-03-26T08:23:31.0000000Z","1600"
"BHL","1m","2026-03-26T08:24:48.0000000Z","20"
"BHL","1m","2026-03-26T08:25:57.0000000Z","1255"
"BHL","1m","2026-03-26T08:26:24.0000000Z","2011"
"BHL","1m","2026-03-26T08:27:43.0000000Z","610"
"BHL","1m","2026-03-26T08:29:56.0000000Z","1130"
"BHL","1m","2026-03-26T08:30:49.0000000Z","152"
"BHL","1m","2026-03-26T08:31:52.0000000Z","1809"
"BHL","1m","2026-03-26T08:32:52.0000000Z","1510"
"BHL","1m","2026-03-26T08:33:35.0000000Z","1200"
"BHL","1m","2026-03-26T08:34:57.0000000Z","5975"
"BHL","1m","2026-03-26T08:35:55.0000000Z","8546"
"BHL","1m","2026-03-26T08:36:16.0000000Z","30"
"BHL","1m","2026-03-26T08:38:38.0000000Z","500"
"BHL","1m","2026-03-26T08:39:48.0000000Z","397"
"BHL","1m","2026-03-26T08:40:22.0000000Z","750"
"BHL","1m","2026-03-26T08:41:28.0000000Z","10"
"BHL","1m","2026-03-26T08:43:37.0000000Z","1010"
"BHL","1m","2026-03-26T08:44:16.0000000Z","233"
"BHL","1m","2026-03-26T08:46:31.0000000Z","100"
"BHL","1m","2026-03-26T08:47:47.0000000Z","3435"
"BHL","1m","2026-03-26T08:48:54.0000000Z","4492"
"BHL","1m","2026-03-26T08:49:50.0000000Z","3800"
"BHL","1m","2026-03-26T08:51:06.0000000Z","1719"
"BHL","1m","2026-03-26T08:52:14.0000000Z","400"
"BHL","1m","2026-03-26T08:53:03.0000000Z","1133"
"BHL","1m","2026-03-26T08:54:44.0000000Z","7620"
"BHL","1m","2026-03-26T08:55:52.0000000Z","1383"
"BHL","1m","2026-03-26T08:56:48.0000000Z","1190"
"BHL","1m","2026-03-26T08:57:56.0000000Z","4129"
"BHL","1m","2026-03-26T08:58:58.0000000Z","901"
"BHL","1m","2026-03-26T08:59:48.0000000Z","5966"
"BHL","1m","2026-03-26T09:00:49.0000000Z","11927"
"BHL","1m","2026-03-26T09:01:59.0000000Z","460"
"BHL","1m","2026-03-26T09:02:57.0000000Z","5010"
"BHL","1m","2026-03-26T09:03:50.0000000Z","705"
"BHL","1m","2026-03-26T09:04:53.0000000Z","2985"
"BHL","1m","2026-03-26T09:05:58.0000000Z","4560"
"BHL","1m","2026-03-26T09:06:48.0000000Z","2963"
"BHL","1m","2026-03-26T09:07:56.0000000Z","8628"
"BHL","1m","2026-03-26T09:08:58.0000000Z","2275"
"BHL","1m","2026-03-26T09:09:51.0000000Z","4070"
"BHL","1m","2026-03-26T09:10:58.0000000Z","7028"
"BHL","1m","2026-03-26T09:11:55.0000000Z","2915"
"BHL","1m","2026-03-26T09:12:58.0000000Z","16607"
"BHL","1m","2026-03-26T09:13:55.0000000Z","26335"
"BHL","1m","2026-03-26T09:14:59.0000000Z","49283"
"BHL","1m","2026-03-29T05:15:52.0000000Z","1067"
"BHL","1m","2026-03-29T05:16:58.0000000Z","4534"
"BHL","1m","2026-03-29T05:17:50.0000000Z","8360"
"BHL","1m","2026-03-29T05:18:55.0000000Z","3013"
"BHL","1m","2026-03-29T05:19:54.0000000Z","8675"
"BHL","1m","2026-03-29T05:20:45.0000000Z","10966"
"BHL","1m","2026-03-29T05:21:56.0000000Z","5410"
"BHL","1m","2026-03-29T05:22:58.0000000Z","545"
"BHL","1m","2026-03-29T05:23:43.0000000Z","160"
"BHL","1m","2026-03-29T05:24:40.0000000Z","3663"
"BHL","1m","2026-03-29T05:25:55.0000000Z","1697"
"BHL","1m","2026-03-29T05:26:57.0000000Z","1525"
"BHL","1m","2026-03-29T05:27:50.0000000Z","5575"
"BHL","1m","2026-03-29T05:28:48.0000000Z","1458"
"BHL","1m","2026-03-29T05:29:57.0000000Z","146"
"BHL","1m","2026-03-29T05:30:50.0000000Z","5500"
"BHL","1m","2026-03-29T05:31:59.0000000Z","20"
"BHL","1m","2026-03-29T05:32:42.0000000Z","1100"
"BHL","1m","2026-03-29T05:33:57.0000000Z","2930"
"BHL","1m","2026-03-29T05:34:39.0000000Z","1415"
"BHL","1m","2026-03-29T05:35:57.0000000Z","6220"
"BHL","1m","2026-03-29T05:36:57.0000000Z","466"
"BHL","1m","2026-03-29T05:37:54.0000000Z","210"
"BHL","1m","2026-03-29T05:38:44.0000000Z","49"
"BHL","1m","2026-03-29T05:39:30.0000000Z","475"
"BHL","1m","2026-03-29T05:40:41.0000000Z","3260"
"BHL","1m","2026-03-29T05:41:52.0000000Z","3210"
"BHL","1m","2026-03-29T05:42:44.0000000Z","350"
"BHL","1m","2026-03-29T05:43:56.0000000Z","1108"
"BHL","1m","2026-03-29T05:44:51.0000000Z","1115"
"BHL","1m","2026-03-29T05:45:49.0000000Z","1405"
"BHL","1m","2026-03-29T05:46:51.0000000Z","3246"
"BHL","1m","2026-03-29T05:47:44.0000000Z","567"
"BHL","1m","2026-03-29T05:48:28.0000000Z","200"
"BHL","1m","2026-03-29T05:49:54.0000000Z","3176"
"BHL","1m","2026-03-29T05:50:51.0000000Z","2790"
"BHL","1m","2026-03-29T05:51:41.0000000Z","1010"
"BHL","1m","2026-03-29T05:52:10.0000000Z","3500"
"BHL","1m","2026-03-29T05:53:59.0000000Z","1640"
"BHL","1m","2026-03-29T05:54:48.0000000Z","860"
"BHL","1m","2026-03-29T05:55:50.0000000Z","1280"
"BHL","1m","2026-03-29T05:56:56.0000000Z","2600"
"BHL","1m","2026-03-29T05:57:45.0000000Z","1510"
"BHL","1m","2026-03-29T05:58:51.0000000Z","2670"
"BHL","1m","2026-03-29T05:59:57.0000000Z","2945"
"BHL","1m","2026-03-29T06:00:59.0000000Z","1880"
"BHL","1m","2026-03-29T06:01:57.0000000Z","0"
"BHL","1m","2026-03-29T06:02:49.0000000Z","60"
"BHL","1m","2026-03-29T06:03:48.0000000Z","1123"
"BHL","1m","2026-03-29T06:04:38.0000000Z","1030"
"BHL","1m","2026-03-29T06:05:36.0000000Z","4010"
"BHL","1m","2026-03-29T06:06:59.0000000Z","10740"
"BHL","1m","2026-03-29T06:07:43.0000000Z","1232"
"BHL","1m","2026-03-29T06:08:44.0000000Z","3191"
"BHL","1m","2026-03-29T06:09:47.0000000Z","1453"
"BHL","1m","2026-03-29T06:10:41.0000000Z","7280"
"BHL","1m","2026-03-29T06:11:57.0000000Z","23415"
"BHL","1m","2026-03-29T06:12:46.0000000Z","3060"
"BHL","1m","2026-03-29T06:13:50.0000000Z","2040"
"BHL","1m","2026-03-29T06:14:34.0000000Z","5200"
"BHL","1m","2026-03-29T06:15:58.0000000Z","4702"
"BHL","1m","2026-03-29T06:16:52.0000000Z","5404"
"BHL","1m","2026-03-29T06:17:46.0000000Z","2567"
"BHL","1m","2026-03-29T06:18:22.0000000Z","4737"
"BHL","1m","2026-03-29T06:19:51.0000000Z","3050"
"BHL","1m","2026-03-29T06:20:57.0000000Z","1330"
"BHL","1m","2026-03-29T06:21:53.0000000Z","3628"
"BHL","1m","2026-03-29T06:22:49.0000000Z","12410"
"BHL","1m","2026-03-29T06:23:55.0000000Z","1795"
"BHL","1m","2026-03-29T06:24:56.0000000Z","775"
"BHL","1m","2026-03-29T06:25:52.0000000Z","1189"
"BHL","1m","2026-03-29T06:26:48.0000000Z","4255"
"BHL","1m","2026-03-29T06:27:53.0000000Z","4795"
"BHL","1m","2026-03-29T06:28:43.0000000Z","3290"
"BHL","1m","2026-03-29T06:29:49.0000000Z","1120"
"BHL","1m","2026-03-29T06:30:55.0000000Z","5090"
"BHL","1m","2026-03-29T06:31:59.0000000Z","5969"
"BHL","1m","2026-03-29T06:32:48.0000000Z","9640"
"BHL","1m","2026-03-29T06:33:54.0000000Z","8140"
"BHL","1m","2026-03-29T06:34:48.0000000Z","4415"
"BHL","1m","2026-03-29T06:35:22.0000000Z","4578"
"BHL","1m","2026-03-29T06:36:53.0000000Z","3111"
"BHL","1m","2026-03-29T06:37:55.0000000Z","2500"
"BHL","1m","2026-03-29T06:38:35.0000000Z","7108"
"BHL","1m","2026-03-29T06:39:49.0000000Z","8420"
"BHL","1m","2026-03-29T06:40:56.0000000Z","2024"
"BHL","1m","2026-03-29T06:41:37.0000000Z","750"
"BHL","1m","2026-03-29T06:42:49.0000000Z","3122"
"BHL","1m","2026-03-29T06:43:59.0000000Z","320"
"BHL","1m","2026-03-29T06:44:53.0000000Z","12752"
"BHL","1m","2026-03-29T06:45:51.0000000Z","1365"
"BHL","1m","2026-03-29T06:46:42.0000000Z","544"
"BHL","1m","2026-03-29T06:47:50.0000000Z","1160"
"BHL","1m","2026-03-29T06:48:58.0000000Z","2850"
"BHL","1m","2026-03-29T06:49:44.0000000Z","1363"
"BHL","1m","2026-03-29T06:50:48.0000000Z","1720"
"BHL","1m","2026-03-29T06:51:59.0000000Z","336"
"BHL","1m","2026-03-29T06:52:43.0000000Z","71"
"BHL","1m","2026-03-29T06:53:52.0000000Z","1454"
"BHL","1m","2026-03-29T06:54:52.0000000Z","1055"
"BHL","1m","2026-03-29T06:57:42.0000000Z","2300"
"BHL","1m","2026-03-29T06:58:22.0000000Z","1000"
"BHL","1m","2026-03-29T06:59:56.0000000Z","5049"
"BHL","1m","2026-03-29T07:00:50.0000000Z","200"
"BHL","1m","2026-03-29T07:01:06.0000000Z","5027"
"BHL","1m","2026-03-29T07:02:52.0000000Z","2504"
"BHL","1m","2026-03-29T07:03:05.0000000Z","0"
"BHL","1m","2026-03-29T07:04:25.0000000Z","1930"
"BHL","1m","2026-03-29T07:05:44.0000000Z","2300"
"BHL","1m","2026-03-29T07:06:54.0000000Z","2415"
"BHL","1m","2026-03-29T07:07:37.0000000Z","3981"
"BHL","1m","2026-03-29T07:08:54.0000000Z","1023"
"BHL","1m","2026-03-29T07:09:35.0000000Z","175"
"BHL","1m","2026-03-29T07:10:37.0000000Z","3621"
"BHL","1m","2026-03-29T07:11:50.0000000Z","246"
"BHL","1m","2026-03-29T07:12:56.0000000Z","5901"
"BHL","1m","2026-03-29T07:13:35.0000000Z","110"
"BHL","1m","2026-03-29T07:14:45.0000000Z","1103"
"BHL","1m","2026-03-29T07:15:54.0000000Z","695"
"BHL","1m","2026-03-29T07:16:49.0000000Z","4600"
"BHL","1m","2026-03-29T07:17:52.0000000Z","1585"
"BHL","1m","2026-03-29T07:18:55.0000000Z","1205"
"BHL","1m","2026-03-29T07:19:50.0000000Z","4000"
"BHL","1m","2026-03-29T07:20:54.0000000Z","3160"
"BHL","1m","2026-03-29T07:21:26.0000000Z","2681"
"BHL","1m","2026-03-29T07:22:34.0000000Z","530"
"BHL","1m","2026-03-29T07:23:38.0000000Z","1772"
"BHL","1m","2026-03-29T07:24:50.0000000Z","2963"
"BHL","1m","2026-03-29T07:25:39.0000000Z","14600"
"BHL","1m","2026-03-29T07:26:58.0000000Z","80"
"BHL","1m","2026-03-29T07:27:58.0000000Z","1900"
"BHL","1m","2026-03-29T07:28:45.0000000Z","102"
"BHL","1m","2026-03-29T07:29:39.0000000Z","460"
"BHL","1m","2026-03-29T07:30:43.0000000Z","1750"
"BHL","1m","2026-03-29T07:31:59.0000000Z","1690"
"BHL","1m","2026-03-29T07:32:14.0000000Z","920"
"BHL","1m","2026-03-29T07:33:59.0000000Z","580"
"BHL","1m","2026-03-29T07:35:22.0000000Z","10"
"BHL","1m","2026-03-29T07:37:44.0000000Z","715"
"BHL","1m","2026-03-29T07:38:54.0000000Z","2403"
"BHL","1m","2026-03-29T07:39:42.0000000Z","3650"
"BHL","1m","2026-03-29T07:40:28.0000000Z","230"
"BHL","1m","2026-03-29T07:41:28.0000000Z","2121"
"BHL","1m","2026-03-29T07:42:59.0000000Z","24979"
"BHL","1m","2026-03-29T07:43:50.0000000Z","15665"
"BHL","1m","2026-03-29T07:44:59.0000000Z","14510"
"BHL","1m","2026-03-29T07:45:54.0000000Z","0"
"BHL","1m","2026-03-29T07:46:59.0000000Z","7915"
"BHL","1m","2026-03-29T07:47:42.0000000Z","115"
"BHL","1m","2026-03-29T07:48:47.0000000Z","6180"
"BHL","1m","2026-03-29T07:49:40.0000000Z","0"
"BHL","1m","2026-03-29T07:50:55.0000000Z","3790"
"BHL","1m","2026-03-29T07:51:34.0000000Z","2020"
"BHL","1m","2026-03-29T07:52:51.0000000Z","2620"
"BHL","1m","2026-03-29T07:53:54.0000000Z","11911"
"BHL","1m","2026-03-29T07:54:51.0000000Z","21096"
"BHL","1m","2026-03-29T07:55:43.0000000Z","4090"
"BHL","1m","2026-03-29T07:56:38.0000000Z","2407"
"BHL","1m","2026-03-29T07:57:54.0000000Z","5792"
"BHL","1m","2026-03-29T07:58:59.0000000Z","5651"
"BHL","1m","2026-03-29T07:59:44.0000000Z","2847"
"BHL","1m","2026-03-29T08:00:53.0000000Z","800"
"BHL","1m","2026-03-29T08:01:46.0000000Z","5387"
"BHL","1m","2026-03-29T08:02:57.0000000Z","300"
"BHL","1m","2026-03-29T08:03:54.0000000Z","11062"
"BHL","1m","2026-03-29T08:04:36.0000000Z","3395"
"BHL","1m","2026-03-29T08:05:51.0000000Z","1786"
"BHL","1m","2026-03-29T08:06:59.0000000Z","2335"
"BHL","1m","2026-03-29T08:07:57.0000000Z","0"
"BHL","1m","2026-03-29T08:08:56.0000000Z","9294"
"BHL","1m","2026-03-29T08:09:48.0000000Z","2770"
"BHL","1m","2026-03-29T08:10:52.0000000Z","5000"
"BHL","1m","2026-03-29T08:11:57.0000000Z","4729"
"BHL","1m","2026-03-29T08:12:43.0000000Z","635"
"BHL","1m","2026-03-29T08:13:57.0000000Z","1300"
"BHL","1m","2026-03-29T08:14:59.0000000Z","1113"
"BHL","1m","2026-03-29T08:15:57.0000000Z","4925"
"BHL","1m","2026-03-29T08:16:58.0000000Z","1390"
"BHL","1m","2026-03-29T08:17:58.0000000Z","1527"
"BHL","1m","2026-03-29T08:18:53.0000000Z","2640"
"BHL","1m","2026-03-29T08:19:30.0000000Z","30"
"BHL","1m","2026-03-29T08:20:54.0000000Z","760"
"BHL","1m","2026-03-29T08:21:41.0000000Z","3250"
"BHL","1m","2026-03-29T08:22:52.0000000Z","465"
"BHL","1m","2026-03-29T08:23:45.0000000Z","320"
"BHL","1m","2026-03-29T08:24:06.0000000Z","740"
"BHL","1m","2026-03-29T08:25:46.0000000Z","2512"
"BHL","1m","2026-03-29T08:26:47.0000000Z","3570"
"BHL","1m","2026-03-29T08:27:59.0000000Z","2919"
"BHL","1m","2026-03-29T08:28:56.0000000Z","7790"
"BHL","1m","2026-03-29T08:29:49.0000000Z","3434"
"BHL","1m","2026-03-29T08:30:51.0000000Z","5856"
"BHL","1m","2026-03-29T08:31:47.0000000Z","1432"
"BHL","1m","2026-03-29T08:32:56.0000000Z","5600"
"BHL","1m","2026-03-29T08:33:53.0000000Z","1861"
"BHL","1m","2026-03-29T08:34:07.0000000Z","1510"
"BHL","1m","2026-03-29T08:35:32.0000000Z","90"
"BHL","1m","2026-03-29T08:36:37.0000000Z","7139"
"BHL","1m","2026-03-29T08:37:54.0000000Z","2030"
"BHL","1m","2026-03-29T08:38:56.0000000Z","2869"
"BHL","1m","2026-03-29T08:39:48.0000000Z","0"
"BHL","1m","2026-03-29T08:40:38.0000000Z","276"
"BHL","1m","2026-03-29T08:41:45.0000000Z","0"
"BHL","1m","2026-03-29T08:42:48.0000000Z","10148"
"BHL","1m","2026-03-29T08:43:49.0000000Z","825"
"BHL","1m","2026-03-29T08:44:40.0000000Z","660"
"BHL","1m","2026-03-29T08:45:50.0000000Z","1675"
"BHL","1m","2026-03-29T08:46:55.0000000Z","214"
"BHL","1m","2026-03-29T08:47:46.0000000Z","855"
"BHL","1m","2026-03-29T08:48:58.0000000Z","3966"
"BHL","1m","2026-03-29T08:49:59.0000000Z","4874"
"BHL","1m","2026-03-29T08:50:52.0000000Z","3710"
"BHL","1m","2026-03-29T08:51:58.0000000Z","4190"
"BHL","1m","2026-03-29T08:52:41.0000000Z","13205"
"BHL","1m","2026-03-29T08:53:48.0000000Z","14739"
"BHL","1m","2026-03-29T08:54:57.0000000Z","700"
"BHL","1m","2026-03-29T08:55:44.0000000Z","510"
"BHL","1m","2026-03-29T08:56:50.0000000Z","5240"
"BHL","1m","2026-03-29T08:57:50.0000000Z","3375"
"BHL","1m","2026-03-29T08:58:44.0000000Z","4414"
"BHL","1m","2026-03-29T08:59:42.0000000Z","2686"
"BHL","1m","2026-03-29T09:00:54.0000000Z","2848"
"BHL","1m","2026-03-29T09:01:54.0000000Z","9410"
"BHL","1m","2026-03-29T09:02:52.0000000Z","7096"
"BHL","1m","2026-03-29T09:03:51.0000000Z","3189"
"BHL","1m","2026-03-29T09:04:41.0000000Z","1750"
"BHL","1m","2026-03-29T09:05:48.0000000Z","1385"
"BHL","1m","2026-03-29T09:06:51.0000000Z","7018"
"BHL","1m","2026-03-29T09:07:26.0000000Z","14758"
"BHL","1m","2026-03-29T09:08:58.0000000Z","6300"
"BHL","1m","2026-03-29T09:09:55.0000000Z","975"
"BHL","1m","2026-03-29T09:10:54.0000000Z","12985"
"BHL","1m","2026-03-29T09:11:58.0000000Z","100"
"BHL","1m","2026-03-29T09:12:50.0000000Z","17255"
"BHL","1m","2026-03-29T09:13:54.0000000Z","9184"
"BHL","1m","2026-03-29T09:14:59.0000000Z","23609"
"BHL","1m","2026-03-30T05:15:33.0000000Z","150"
"BHL","1m","2026-03-30T05:16:57.0000000Z","1195"
"BHL","1m","2026-03-30T05:17:46.0000000Z","3150"
"BHL","1m","2026-03-30T05:18:58.0000000Z","910"
"BHL","1m","2026-03-30T05:19:51.0000000Z","7320"
"BHL","1m","2026-03-30T05:20:37.0000000Z","4243"
"BHL","1m","2026-03-30T05:21:48.0000000Z","5157"
"BHL","1m","2026-03-30T05:22:56.0000000Z","10012"
"BHL","1m","2026-03-30T05:23:25.0000000Z","3485"
"BHL","1m","2026-03-30T05:24:57.0000000Z","16996"
"BHL","1m","2026-03-30T05:25:54.0000000Z","7169"
"BHL","1m","2026-03-30T05:26:39.0000000Z","4723"
"BHL","1m","2026-03-30T05:27:46.0000000Z","4903"
"BHL","1m","2026-03-30T05:28:59.0000000Z","20519"
"BHL","1m","2026-03-30T05:29:49.0000000Z","12101"
"BHL","1m","2026-03-30T05:30:45.0000000Z","4719"
"BHL","1m","2026-03-30T05:31:59.0000000Z","5254"
"BHL","1m","2026-03-30T05:32:54.0000000Z","10288"
"BHL","1m","2026-03-30T05:33:49.0000000Z","7293"
"BHL","1m","2026-03-30T05:34:51.0000000Z","2920"
"BHL","1m","2026-03-30T05:35:49.0000000Z","2475"
"BHL","1m","2026-03-30T05:36:55.0000000Z","4262"
"BHL","1m","2026-03-30T05:37:52.0000000Z","710"
"BHL","1m","2026-03-30T05:38:53.0000000Z","3450"
"BHL","1m","2026-03-30T05:39:52.0000000Z","6929"
"BHL","1m","2026-03-30T05:40:58.0000000Z","5921"
"BHL","1m","2026-03-30T05:41:51.0000000Z","2750"
"BHL","1m","2026-03-30T05:42:53.0000000Z","13744"
"BHL","1m","2026-03-30T05:43:47.0000000Z","11880"
"BHL","1m","2026-03-30T05:44:45.0000000Z","3480"
"BHL","1m","2026-03-30T05:45:51.0000000Z","5297"
"BHL","1m","2026-03-30T05:46:49.0000000Z","3270"
"BHL","1m","2026-03-30T05:47:53.0000000Z","1376"
"BHL","1m","2026-03-30T05:48:29.0000000Z","480"
"BHL","1m","2026-03-30T05:49:59.0000000Z","618"
"BHL","1m","2026-03-30T05:50:32.0000000Z","10"
"BHL","1m","2026-03-30T05:51:48.0000000Z","1665"
"BHL","1m","2026-03-30T05:52:50.0000000Z","2030"
"BHL","1m","2026-03-30T05:53:09.0000000Z","0"
"BHL","1m","2026-03-30T05:54:54.0000000Z","3000"
"BHL","1m","2026-03-30T05:55:15.0000000Z","620"
"BHL","1m","2026-03-30T05:56:57.0000000Z","450"
"BHL","1m","2026-03-30T05:57:24.0000000Z","0"
"BHL","1m","2026-03-30T05:58:59.0000000Z","2697"
"BHL","1m","2026-03-30T06:00:50.0000000Z","1190"
"BHL","1m","2026-03-30T06:01:45.0000000Z","1588"
"BHL","1m","2026-03-30T06:02:52.0000000Z","1540"
"BHL","1m","2026-03-30T06:03:05.0000000Z","500"
"BHL","1m","2026-03-30T06:04:25.0000000Z","887"
"BHL","1m","2026-03-30T06:05:14.0000000Z","1118"
"BHL","1m","2026-03-30T06:06:53.0000000Z","1262"
"BHL","1m","2026-03-30T06:08:58.0000000Z","754"
"BHL","1m","2026-03-30T06:09:20.0000000Z","230"
"BHL","1m","2026-03-30T06:10:58.0000000Z","438"
"BHL","1m","2026-03-30T06:11:51.0000000Z","2000"
"BHL","1m","2026-03-30T06:12:55.0000000Z","1179"
"BHL","1m","2026-03-30T06:13:58.0000000Z","681"
"BHL","1m","2026-03-30T06:14:13.0000000Z","70"
"BHL","1m","2026-03-30T06:15:41.0000000Z","1030"
"BHL","1m","2026-03-30T06:16:59.0000000Z","10609"
"BHL","1m","2026-03-30T06:17:28.0000000Z","2543"
"BHL","1m","2026-03-30T06:18:40.0000000Z","1232"
"BHL","1m","2026-03-30T06:19:53.0000000Z","4924"
"BHL","1m","2026-03-30T06:20:58.0000000Z","2495"
"BHL","1m","2026-03-30T06:21:49.0000000Z","18800"
"BHL","1m","2026-03-30T06:22:02.0000000Z","320"
"BHL","1m","2026-03-30T06:23:29.0000000Z","2391"
"BHL","1m","2026-03-30T06:24:33.0000000Z","6119"
"BHL","1m","2026-03-30T06:25:52.0000000Z","1401"
"BHL","1m","2026-03-30T06:26:59.0000000Z","680"
"BHL","1m","2026-03-30T06:27:55.0000000Z","1280"
"BHL","1m","2026-03-30T06:28:55.0000000Z","1776"
"BHL","1m","2026-03-30T06:29:44.0000000Z","545"
"BHL","1m","2026-03-30T06:30:54.0000000Z","1210"
"BHL","1m","2026-03-30T06:31:58.0000000Z","810"
"BHL","1m","2026-03-30T06:32:48.0000000Z","2650"
"BHL","1m","2026-03-30T06:33:54.0000000Z","3452"
"BHL","1m","2026-03-30T06:34:36.0000000Z","648"
"BHL","1m","2026-03-30T06:35:59.0000000Z","1823"
"BHL","1m","2026-03-30T06:36:55.0000000Z","1607"
"BHL","1m","2026-03-30T06:37:59.0000000Z","3570"
"BHL","1m","2026-03-30T06:38:48.0000000Z","10"
"BHL","1m","2026-03-30T06:39:29.0000000Z","1300"
"BHL","1m","2026-03-30T06:40:40.0000000Z","18158"
"BHL","1m","2026-03-30T06:41:46.0000000Z","690"
"BHL","1m","2026-03-30T06:42:22.0000000Z","10"
"BHL","1m","2026-03-30T06:43:31.0000000Z","1377"
"BHL","1m","2026-03-30T06:44:47.0000000Z","720"
"BHL","1m","2026-03-30T06:45:57.0000000Z","3870"
"BHL","1m","2026-03-30T06:46:55.0000000Z","5985"
"BHL","1m","2026-03-30T06:47:56.0000000Z","6860"
"BHL","1m","2026-03-30T06:48:41.0000000Z","6370"
"BHL","1m","2026-03-30T06:49:44.0000000Z","1850"
"BHL","1m","2026-03-30T06:50:46.0000000Z","3393"
"BHL","1m","2026-03-30T06:51:52.0000000Z","8145"
"BHL","1m","2026-03-30T06:52:52.0000000Z","3395"
"BHL","1m","2026-03-30T06:53:43.0000000Z","145"
"BHL","1m","2026-03-30T06:54:27.0000000Z","30"
"BHL","1m","2026-03-30T06:55:34.0000000Z","2070"
"BHL","1m","2026-03-30T06:56:56.0000000Z","4110"
"BHL","1m","2026-03-30T06:57:59.0000000Z","3510"
"BHL","1m","2026-03-30T06:58:57.0000000Z","890"
"BHL","1m","2026-03-30T06:59:37.0000000Z","50"
"BHL","1m","2026-03-30T07:00:19.0000000Z","20"
"BHL","1m","2026-03-30T07:01:54.0000000Z","590"
"BHL","1m","2026-03-30T07:02:49.0000000Z","240"
"BHL","1m","2026-03-30T07:03:53.0000000Z","3290"
"BHL","1m","2026-03-30T07:04:42.0000000Z","400"
"BHL","1m","2026-03-30T07:05:49.0000000Z","4955"
"BHL","1m","2026-03-30T07:06:30.0000000Z","1220"
"BHL","1m","2026-03-30T07:07:31.0000000Z","1050"
"BHL","1m","2026-03-30T07:08:57.0000000Z","1300"
"BHL","1m","2026-03-30T07:09:35.0000000Z","1000"
"BHL","1m","2026-03-30T07:10:38.0000000Z","1130"
"BHL","1m","2026-03-30T07:11:34.0000000Z","0"
"BHL","1m","2026-03-30T07:12:52.0000000Z","1200"
"BHL","1m","2026-03-30T07:14:51.0000000Z","1083"
"BHL","1m","2026-03-30T07:16:19.0000000Z","0"
"BHL","1m","2026-03-30T07:17:33.0000000Z","1286"
"BHL","1m","2026-03-30T07:18:00.0000000Z","1010"
"BHL","1m","2026-03-30T07:19:34.0000000Z","400"
"BHL","1m","2026-03-30T07:20:23.0000000Z","1000"
"BHL","1m","2026-03-30T07:21:40.0000000Z","310"
"BHL","1m","2026-03-30T07:23:24.0000000Z","1550"
"BHL","1m","2026-03-30T07:24:29.0000000Z","380"
"BHL","1m","2026-03-30T07:25:42.0000000Z","1264"
"BHL","1m","2026-03-30T07:26:48.0000000Z","349"
"BHL","1m","2026-03-30T07:27:55.0000000Z","0"
"BHL","1m","2026-03-30T07:28:54.0000000Z","16468"
"BHL","1m","2026-03-30T07:29:44.0000000Z","500"
"BHL","1m","2026-03-30T07:30:50.0000000Z","2090"
"BHL","1m","2026-03-30T07:31:24.0000000Z","1210"
"BHL","1m","2026-03-30T07:32:50.0000000Z","890"
"BHL","1m","2026-03-30T07:33:41.0000000Z","1500"
"BHL","1m","2026-03-30T07:34:11.0000000Z","1104"
"BHL","1m","2026-03-30T07:35:36.0000000Z","10"
"BHL","1m","2026-03-30T07:38:58.0000000Z","1500"
"BHL","1m","2026-03-30T07:39:38.0000000Z","325"
"BHL","1m","2026-03-30T07:40:26.0000000Z","500"
"BHL","1m","2026-03-30T07:41:52.0000000Z","5960"
"BHL","1m","2026-03-30T07:42:30.0000000Z","1372"
"BHL","1m","2026-03-30T07:43:28.0000000Z","480"
"BHL","1m","2026-03-30T07:44:53.0000000Z","500"
"BHL","1m","2026-03-30T07:45:52.0000000Z","398"
"BHL","1m","2026-03-30T07:46:47.0000000Z","1762"
"BHL","1m","2026-03-30T07:47:51.0000000Z","1000"
"BHL","1m","2026-03-30T07:48:52.0000000Z","2555"
"BHL","1m","2026-03-30T07:49:49.0000000Z","131"
"BHL","1m","2026-03-30T07:50:42.0000000Z","66"
"BHL","1m","2026-03-30T07:51:25.0000000Z","730"
"BHL","1m","2026-03-30T07:52:49.0000000Z","225"
"BHL","1m","2026-03-30T07:53:51.0000000Z","871"
"BHL","1m","2026-03-30T07:54:58.0000000Z","3560"
"BHL","1m","2026-03-30T07:55:41.0000000Z","7750"
"BHL","1m","2026-03-30T07:56:57.0000000Z","2840"
"BHL","1m","2026-03-30T07:57:59.0000000Z","300"
"BHL","1m","2026-03-30T07:59:03.0000000Z","3772"
"BHL","1m","2026-03-30T08:01:34.0000000Z","20"
"BHL","1m","2026-03-30T08:04:36.0000000Z","1305"
"BHL","1m","2026-03-30T08:05:06.0000000Z","600"
"BHL","1m","2026-03-30T08:06:47.0000000Z","422"
"BHL","1m","2026-03-30T08:07:33.0000000Z","1828"
"BHL","1m","2026-03-30T08:08:36.0000000Z","850"
"BHL","1m","2026-03-30T08:09:58.0000000Z","1622"
"BHL","1m","2026-03-30T08:10:46.0000000Z","2353"
"BHL","1m","2026-03-30T08:11:25.0000000Z","1881"
"BHL","1m","2026-03-30T08:12:54.0000000Z","1030"
"BHL","1m","2026-03-30T08:13:01.0000000Z","1519"
"BHL","1m","2026-03-30T08:14:45.0000000Z","780"
"BHL","1m","2026-03-30T08:15:37.0000000Z","1500"
"BHL","1m","2026-03-30T08:16:41.0000000Z","1470"
"BHL","1m","2026-03-30T08:17:45.0000000Z","800"
"BHL","1m","2026-03-30T08:18:57.0000000Z","382"
"BHL","1m","2026-03-30T08:19:44.0000000Z","199"
"BHL","1m","2026-03-30T08:20:58.0000000Z","0"
"BHL","1m","2026-03-30T08:21:53.0000000Z","1885"
"BHL","1m","2026-03-30T08:22:54.0000000Z","1798"
"BHL","1m","2026-03-30T08:23:52.0000000Z","4360"
"BHL","1m","2026-03-30T08:25:34.0000000Z","525"
"BHL","1m","2026-03-30T08:26:35.0000000Z","4185"
"BHL","1m","2026-03-30T08:27:51.0000000Z","1614"
"BHL","1m","2026-03-30T08:28:44.0000000Z","34400"
"BHL","1m","2026-03-30T08:29:48.0000000Z","10652"
"BHL","1m","2026-03-30T08:30:58.0000000Z","16810"
"BHL","1m","2026-03-30T08:31:53.0000000Z","1590"
"BHL","1m","2026-03-30T08:32:51.0000000Z","11643"
"BHL","1m","2026-03-30T08:33:58.0000000Z","1100"
"BHL","1m","2026-03-30T08:34:57.0000000Z","9688"
"BHL","1m","2026-03-30T08:35:50.0000000Z","3422"
"BHL","1m","2026-03-30T08:36:59.0000000Z","3888"
"BHL","1m","2026-03-30T08:37:50.0000000Z","5130"
"BHL","1m","2026-03-30T08:38:52.0000000Z","502"
"BHL","1m","2026-03-30T08:39:54.0000000Z","800"
"BHL","1m","2026-03-30T08:40:56.0000000Z","5835"
"BHL","1m","2026-03-30T08:41:53.0000000Z","1038"
"BHL","1m","2026-03-30T08:42:52.0000000Z","1940"
"BHL","1m","2026-03-30T08:43:48.0000000Z","6360"
"BHL","1m","2026-03-30T08:44:56.0000000Z","9720"
"BHL","1m","2026-03-30T08:45:58.0000000Z","2263"
"BHL","1m","2026-03-30T08:46:57.0000000Z","1387"
"BHL","1m","2026-03-30T08:47:37.0000000Z","2133"
"BHL","1m","2026-03-30T08:48:57.0000000Z","2575"
"BHL","1m","2026-03-30T08:49:54.0000000Z","1995"
"BHL","1m","2026-03-30T08:50:55.0000000Z","430"
"BHL","1m","2026-03-30T08:51:54.0000000Z","4880"
"BHL","1m","2026-03-30T08:52:47.0000000Z","1767"
"BHL","1m","2026-03-30T08:53:57.0000000Z","8063"
"BHL","1m","2026-03-30T08:54:50.0000000Z","4661"
"BHL","1m","2026-03-30T08:55:56.0000000Z","6530"
"BHL","1m","2026-03-30T08:56:58.0000000Z","4189"
"BHL","1m","2026-03-30T08:57:55.0000000Z","5599"
"BHL","1m","2026-03-30T08:58:57.0000000Z","3150"
"BHL","1m","2026-03-30T08:59:59.0000000Z","15499"
"BHL","1m","2026-03-30T09:00:58.0000000Z","4186"
"BHL","1m","2026-03-30T09:01:53.0000000Z","3085"
"BHL","1m","2026-03-30T09:02:42.0000000Z","6695"
"BHL","1m","2026-03-30T09:03:59.0000000Z","6077"
"BHL","1m","2026-03-30T09:04:53.0000000Z","3942"
"BHL","1m","2026-03-30T09:05:56.0000000Z","5647"
"BHL","1m","2026-03-30T09:06:53.0000000Z","13598"
"BHL","1m","2026-03-30T09:07:58.0000000Z","6082"
"BHL","1m","2026-03-30T09:08:59.0000000Z","11898"
"BHL","1m","2026-03-30T09:09:51.0000000Z","8630"
"BHL","1m","2026-03-30T09:10:52.0000000Z","21194"
"BHL","1m","2026-03-30T09:11:58.0000000Z","3500"
"BHL","1m","2026-03-30T09:12:54.0000000Z","9845"
"BHL","1m","2026-03-30T09:13:47.0000000Z","6245"
"BHL","1m","2026-03-30T09:14:59.0000000Z","36524"
"BHL","1m","2026-03-31T05:15:00.0000000Z","10"
"BHL","1m","2026-03-31T05:16:12.0000000Z","500"
"BHL","1m","2026-03-31T05:17:56.0000000Z","5008"
"BHL","1m","2026-03-31T05:18:07.0000000Z","1942"
"BHL","1m","2026-03-31T05:19:45.0000000Z","1169"
"BHL","1m","2026-03-31T05:20:48.0000000Z","3760"
"BHL","1m","2026-03-31T05:21:38.0000000Z","397"
"BHL","1m","2026-03-31T05:22:41.0000000Z","1380"
"BHL","1m","2026-03-31T05:23:48.0000000Z","7910"
"BHL","1m","2026-03-31T05:24:30.0000000Z","6420"
"BHL","1m","2026-03-31T05:25:44.0000000Z","1843"
"BHL","1m","2026-03-31T05:26:58.0000000Z","1748"
"BHL","1m","2026-03-31T05:27:41.0000000Z","583"
"BHL","1m","2026-03-31T05:28:38.0000000Z","2607"
"BHL","1m","2026-03-31T05:29:58.0000000Z","3656"
"BHL","1m","2026-03-31T05:30:51.0000000Z","7276"
"BHL","1m","2026-03-31T05:31:39.0000000Z","2463"
"BHL","1m","2026-03-31T05:32:59.0000000Z","11680"
"BHL","1m","2026-03-31T05:33:42.0000000Z","3755"
"BHL","1m","2026-03-31T05:34:59.0000000Z","1770"
"BHL","1m","2026-03-31T05:35:17.0000000Z","1280"
"BHL","1m","2026-03-31T05:36:52.0000000Z","2980"
"BHL","1m","2026-03-31T05:37:52.0000000Z","4700"
"BHL","1m","2026-03-31T05:38:20.0000000Z","1295"
"BHL","1m","2026-03-31T05:39:24.0000000Z","2070"
"BHL","1m","2026-03-31T05:40:44.0000000Z","750"
"BHL","1m","2026-03-31T05:41:42.0000000Z","1000"
"BHL","1m","2026-03-31T05:42:24.0000000Z","400"
"BHL","1m","2026-03-31T05:43:58.0000000Z","4060"
"BHL","1m","2026-03-31T05:44:57.0000000Z","130"
"BHL","1m","2026-03-31T05:45:53.0000000Z","2764"
"BHL","1m","2026-03-31T05:46:58.0000000Z","7631"
"BHL","1m","2026-03-31T05:47:54.0000000Z","0"
"BHL","1m","2026-03-31T05:48:42.0000000Z","5608"
"BHL","1m","2026-03-31T05:49:29.0000000Z","2181"
"BHL","1m","2026-03-31T05:50:43.0000000Z","2850"
"BHL","1m","2026-03-31T05:51:59.0000000Z","250"
"BHL","1m","2026-03-31T05:52:16.0000000Z","0"
"BHL","1m","2026-03-31T05:53:43.0000000Z","719"
"BHL","1m","2026-03-31T05:54:52.0000000Z","3650"
"BHL","1m","2026-03-31T05:55:34.0000000Z","637"
"BHL","1m","2026-03-31T05:56:50.0000000Z","4010"
"BHL","1m","2026-03-31T05:57:44.0000000Z","1480"
"BHL","1m","2026-03-31T05:58:54.0000000Z","11089"
"BHL","1m","2026-03-31T05:59:56.0000000Z","680"
"BHL","1m","2026-03-31T06:00:58.0000000Z","13195"
"BHL","1m","2026-03-31T06:01:49.0000000Z","6329"
"BHL","1m","2026-03-31T06:02:40.0000000Z","600"
"BHL","1m","2026-03-31T06:03:54.0000000Z","3273"
"BHL","1m","2026-03-31T06:04:42.0000000Z","1285"
"BHL","1m","2026-03-31T06:05:50.0000000Z","6452"
"BHL","1m","2026-03-31T06:06:55.0000000Z","1495"
"BHL","1m","2026-03-31T06:07:49.0000000Z","4273"
"BHL","1m","2026-03-31T06:08:56.0000000Z","4272"
"BHL","1m","2026-03-31T06:09:51.0000000Z","7480"
"BHL","1m","2026-03-31T06:10:34.0000000Z","4945"
"BHL","1m","2026-03-31T06:11:54.0000000Z","5530"
"BHL","1m","2026-03-31T06:12:45.0000000Z","11485"
"BHL","1m","2026-03-31T06:13:51.0000000Z","4159"
"BHL","1m","2026-03-31T06:14:58.0000000Z","3315"
"BHL","1m","2026-03-31T06:15:54.0000000Z","18457"
"BHL","1m","2026-03-31T06:16:55.0000000Z","6283"
"BHL","1m","2026-03-31T06:17:57.0000000Z","2410"
"BHL","1m","2026-03-31T06:18:52.0000000Z","18712"
"BHL","1m","2026-03-31T06:19:39.0000000Z","11420"
"BHL","1m","2026-03-31T06:20:59.0000000Z","10954"
"BHL","1m","2026-03-31T06:21:49.0000000Z","7460"
"BHL","1m","2026-03-31T06:22:55.0000000Z","17850"
"BHL","1m","2026-03-31T06:23:39.0000000Z","4094"
"BHL","1m","2026-03-31T06:24:50.0000000Z","11980"
"BHL","1m","2026-03-31T06:25:56.0000000Z","10638"
"BHL","1m","2026-03-31T06:26:54.0000000Z","14185"
"BHL","1m","2026-03-31T06:27:53.0000000Z","6672"
"BHL","1m","2026-03-31T06:28:59.0000000Z","1152"
"BHL","1m","2026-03-31T06:29:45.0000000Z","12424"
"BHL","1m","2026-03-31T06:30:39.0000000Z","733"
"BHL","1m","2026-03-31T06:31:54.0000000Z","2627"
"BHL","1m","2026-03-31T06:32:52.0000000Z","239"
"BHL","1m","2026-03-31T06:33:01.0000000Z","1000"
"BHL","1m","2026-03-31T06:34:52.0000000Z","5125"
"BHL","1m","2026-03-31T06:35:56.0000000Z","7621"
"BHL","1m","2026-03-31T06:36:40.0000000Z","2305"
"BHL","1m","2026-03-31T06:37:48.0000000Z","1538"
"BHL","1m","2026-03-31T06:38:52.0000000Z","2500"
"BHL","1m","2026-03-31T06:39:41.0000000Z","11444"
"BHL","1m","2026-03-31T06:40:34.0000000Z","8010"
"BHL","1m","2026-03-31T06:41:41.0000000Z","250"
"BHL","1m","2026-03-31T06:42:54.0000000Z","1000"
"BHL","1m","2026-03-31T06:43:17.0000000Z","71"
"BHL","1m","2026-03-31T06:44:48.0000000Z","6500"
"BHL","1m","2026-03-31T06:45:56.0000000Z","3441"
"BHL","1m","2026-03-31T06:46:57.0000000Z","3162"
"BHL","1m","2026-03-31T06:47:45.0000000Z","4000"
"BHL","1m","2026-03-31T06:48:42.0000000Z","6215"
"BHL","1m","2026-03-31T06:49:27.0000000Z","1160"
"BHL","1m","2026-03-31T06:50:53.0000000Z","11100"
"BHL","1m","2026-03-31T06:51:21.0000000Z","10032"
"BHL","1m","2026-03-31T06:52:49.0000000Z","0"
"BHL","1m","2026-03-31T06:53:51.0000000Z","6400"
"BHL","1m","2026-03-31T06:54:50.0000000Z","7010"
"BHL","1m","2026-03-31T06:55:56.0000000Z","7621"
"BHL","1m","2026-03-31T06:56:28.0000000Z","520"
"BHL","1m","2026-03-31T06:57:50.0000000Z","300"
"BHL","1m","2026-03-31T06:58:19.0000000Z","218"
"BHL","1m","2026-03-31T06:59:47.0000000Z","0"
"BHL","1m","2026-03-31T07:00:47.0000000Z","5985"
"BHL","1m","2026-03-31T07:02:51.0000000Z","6360"
"BHL","1m","2026-03-31T07:03:45.0000000Z","1610"
"BHL","1m","2026-03-31T07:04:35.0000000Z","3071"
"BHL","1m","2026-03-31T07:05:52.0000000Z","341"
"BHL","1m","2026-03-31T07:06:35.0000000Z","275"
"BHL","1m","2026-03-31T07:07:48.0000000Z","516"
"BHL","1m","2026-03-31T07:08:40.0000000Z","310"
"BHL","1m","2026-03-31T07:09:48.0000000Z","440"
"BHL","1m","2026-03-31T07:10:31.0000000Z","0"
"BHL","1m","2026-03-31T07:11:40.0000000Z","2915"
"BHL","1m","2026-03-31T07:12:52.0000000Z","1020"
"BHL","1m","2026-03-31T07:13:54.0000000Z","1000"
"BHL","1m","2026-03-31T07:14:50.0000000Z","350"
"BHL","1m","2026-03-31T07:15:42.0000000Z","50"
"BHL","1m","2026-03-31T07:16:47.0000000Z","3592"
"BHL","1m","2026-03-31T07:17:30.0000000Z","4169"
"BHL","1m","2026-03-31T07:18:50.0000000Z","2098"
"BHL","1m","2026-03-31T07:19:08.0000000Z","29"
"BHL","1m","2026-03-31T07:20:55.0000000Z","100"
"BHL","1m","2026-03-31T07:21:41.0000000Z","920"
"BHL","1m","2026-03-31T07:22:33.0000000Z","1750"
"BHL","1m","2026-03-31T07:23:53.0000000Z","2500"
"BHL","1m","2026-03-31T07:24:35.0000000Z","965"
"BHL","1m","2026-03-31T07:25:50.0000000Z","5251"
"BHL","1m","2026-03-31T07:26:58.0000000Z","7497"
"BHL","1m","2026-03-31T07:27:56.0000000Z","2458"
"BHL","1m","2026-03-31T07:28:46.0000000Z","1307"
"BHL","1m","2026-03-31T07:29:41.0000000Z","1287"
"BHL","1m","2026-03-31T07:30:40.0000000Z","4138"
"BHL","1m","2026-03-31T07:31:13.0000000Z","84"
"BHL","1m","2026-03-31T07:32:55.0000000Z","720"
"BHL","1m","2026-03-31T07:33:44.0000000Z","20"
"BHL","1m","2026-03-31T07:34:49.0000000Z","156"
"BHL","1m","2026-03-31T07:35:54.0000000Z","500"
"BHL","1m","2026-03-31T07:36:01.0000000Z","250"
"BHL","1m","2026-03-31T07:37:47.0000000Z","379"
"BHL","1m","2026-03-31T07:38:54.0000000Z","1220"
"BHL","1m","2026-03-31T07:41:45.0000000Z","1386"
"BHL","1m","2026-03-31T07:42:58.0000000Z","842"
"BHL","1m","2026-03-31T07:45:56.0000000Z","900"
"BHL","1m","2026-03-31T07:46:12.0000000Z","500"
"BHL","1m","2026-03-31T07:47:51.0000000Z","890"
"BHL","1m","2026-03-31T07:48:55.0000000Z","1370"
"BHL","1m","2026-03-31T07:49:53.0000000Z","200"
"BHL","1m","2026-03-31T07:50:26.0000000Z","3396"
"BHL","1m","2026-03-31T07:51:46.0000000Z","170"
"BHL","1m","2026-03-31T07:53:57.0000000Z","922"
"BHL","1m","2026-03-31T07:54:22.0000000Z","1650"
"BHL","1m","2026-03-31T07:55:57.0000000Z","1010"
"BHL","1m","2026-03-31T07:56:26.0000000Z","5557"
"BHL","1m","2026-03-31T07:57:47.0000000Z","410"
"BHL","1m","2026-03-31T07:58:42.0000000Z","2300"
"BHL","1m","2026-03-31T07:59:54.0000000Z","2635"
"BHL","1m","2026-03-31T08:00:49.0000000Z","210"
"BHL","1m","2026-03-31T08:01:27.0000000Z","201"
"BHL","1m","2026-03-31T08:02:56.0000000Z","940"
"BHL","1m","2026-03-31T08:04:56.0000000Z","343"
"BHL","1m","2026-03-31T08:05:51.0000000Z","1792"
"BHL","1m","2026-03-31T08:06:53.0000000Z","2077"
"BHL","1m","2026-03-31T08:07:31.0000000Z","0"
"BHL","1m","2026-03-31T08:08:40.0000000Z","2680"
"BHL","1m","2026-03-31T08:09:51.0000000Z","341"
"BHL","1m","2026-03-31T08:11:41.0000000Z","6009"
"BHL","1m","2026-03-31T08:12:43.0000000Z","25"
"BHL","1m","2026-03-31T08:13:16.0000000Z","1105"
"BHL","1m","2026-03-31T08:14:52.0000000Z","4070"
"BHL","1m","2026-03-31T08:15:37.0000000Z","450"
"BHL","1m","2026-03-31T08:17:36.0000000Z","370"
"BHL","1m","2026-03-31T08:18:38.0000000Z","65"
"BHL","1m","2026-03-31T08:19:36.0000000Z","3500"
"BHL","1m","2026-03-31T08:20:12.0000000Z","25"
"BHL","1m","2026-03-31T08:21:41.0000000Z","400"
"BHL","1m","2026-03-31T08:22:36.0000000Z","265"
"BHL","1m","2026-03-31T08:23:37.0000000Z","120"
"BHL","1m","2026-03-31T08:24:07.0000000Z","1000"
"BHL","1m","2026-03-31T08:25:40.0000000Z","500"
"BHL","1m","2026-03-31T08:26:46.0000000Z","1700"
"BHL","1m","2026-03-31T08:27:43.0000000Z","550"
"BHL","1m","2026-03-31T08:28:56.0000000Z","10025"
"BHL","1m","2026-03-31T08:29:55.0000000Z","8010"
"BHL","1m","2026-03-31T08:30:06.0000000Z","387"
"BHL","1m","2026-03-31T08:31:56.0000000Z","1070"
"BHL","1m","2026-03-31T08:32:51.0000000Z","1273"
"BHL","1m","2026-03-31T08:33:53.0000000Z","465"
"BHL","1m","2026-03-31T08:34:57.0000000Z","960"
"BHL","1m","2026-03-31T08:35:37.0000000Z","1857"
"BHL","1m","2026-03-31T08:36:18.0000000Z","1000"
"BHL","1m","2026-03-31T08:38:14.0000000Z","364"
"BHL","1m","2026-03-31T08:39:52.0000000Z","435"
"BHL","1m","2026-03-31T08:40:57.0000000Z","305"
"BHL","1m","2026-03-31T08:41:46.0000000Z","120"
"BHL","1m","2026-03-31T08:42:50.0000000Z","469"
"BHL","1m","2026-03-31T08:43:49.0000000Z","232"
"BHL","1m","2026-03-31T08:44:57.0000000Z","1150"
"BHL","1m","2026-03-31T08:45:59.0000000Z","4070"
"BHL","1m","2026-03-31T08:46:51.0000000Z","2785"
"BHL","1m","2026-03-31T08:47:50.0000000Z","1860"
"BHL","1m","2026-03-31T08:48:49.0000000Z","4767"
"BHL","1m","2026-03-31T08:49:49.0000000Z","4431"
"BHL","1m","2026-03-31T08:50:40.0000000Z","4134"
"BHL","1m","2026-03-31T08:51:38.0000000Z","115"
"BHL","1m","2026-03-31T08:52:46.0000000Z","3711"
"BHL","1m","2026-03-31T08:53:54.0000000Z","7255"
"BHL","1m","2026-03-31T08:54:50.0000000Z","5650"
"BHL","1m","2026-03-31T08:55:38.0000000Z","1953"
"BHL","1m","2026-03-31T08:56:52.0000000Z","5512"
"BHL","1m","2026-03-31T08:57:58.0000000Z","3852"
"BHL","1m","2026-03-31T08:58:22.0000000Z","3950"
"BHL","1m","2026-03-31T08:59:27.0000000Z","3649"
"BHL","1m","2026-03-31T09:00:44.0000000Z","3036"
"BHL","1m","2026-03-31T09:01:39.0000000Z","2690"
"BHL","1m","2026-03-31T09:02:36.0000000Z","5731"
"BHL","1m","2026-03-31T09:03:58.0000000Z","5120"
"BHL","1m","2026-03-31T09:04:50.0000000Z","7167"
"BHL","1m","2026-03-31T09:05:32.0000000Z","11567"
"BHL","1m","2026-03-31T09:06:59.0000000Z","2511"
"BHL","1m","2026-03-31T09:07:53.0000000Z","12238"
"BHL","1m","2026-03-31T09:08:52.0000000Z","10853"
"BHL","1m","2026-03-31T09:09:56.0000000Z","2123"
"BHL","1m","2026-03-31T09:10:52.0000000Z","9243"
"BHL","1m","2026-03-31T09:11:55.0000000Z","12738"
"BHL","1m","2026-03-31T09:12:58.0000000Z","2120"
"BHL","1m","2026-03-31T09:13:59.0000000Z","16789"
"BHL","1m","2026-03-31T09:14:59.0000000Z","9458"
"BHL","1m","2026-04-01T05:15:55.0000000Z","58"
"BHL","1m","2026-04-01T05:16:42.0000000Z","5072"
"BHL","1m","2026-04-01T05:18:52.0000000Z","2926"
"BHL","1m","2026-04-01T05:19:59.0000000Z","1630"
"BHL","1m","2026-04-01T05:20:51.0000000Z","2579"
"BHL","1m","2026-04-01T05:21:58.0000000Z","210"
"BHL","1m","2026-04-01T05:22:43.0000000Z","112"
"BHL","1m","2026-04-01T05:23:51.0000000Z","263"
"BHL","1m","2026-04-01T05:24:22.0000000Z","260"
"BHL","1m","2026-04-01T05:25:39.0000000Z","1420"
"BHL","1m","2026-04-01T05:27:54.0000000Z","810"
"BHL","1m","2026-04-01T05:28:51.0000000Z","1611"
"BHL","1m","2026-04-01T05:29:41.0000000Z","1346"
"BHL","1m","2026-04-01T05:30:57.0000000Z","3548"
"BHL","1m","2026-04-01T05:31:43.0000000Z","1510"
"BHL","1m","2026-04-01T05:32:56.0000000Z","986"
"BHL","1m","2026-04-01T05:33:52.0000000Z","9145"
"BHL","1m","2026-04-01T05:34:37.0000000Z","100"
"BHL","1m","2026-04-01T05:35:54.0000000Z","3910"
"BHL","1m","2026-04-01T05:36:35.0000000Z","2212"
"BHL","1m","2026-04-01T05:37:44.0000000Z","750"
"BHL","1m","2026-04-01T05:38:44.0000000Z","518"
"BHL","1m","2026-04-01T05:39:50.0000000Z","3250"
"BHL","1m","2026-04-01T05:40:42.0000000Z","2102"
"BHL","1m","2026-04-01T05:41:22.0000000Z","0"
"BHL","1m","2026-04-01T05:42:19.0000000Z","20"
"BHL","1m","2026-04-01T05:43:50.0000000Z","970"
"BHL","1m","2026-04-01T05:44:30.0000000Z","350"
"BHL","1m","2026-04-01T05:45:51.0000000Z","1854"
"BHL","1m","2026-04-01T05:46:39.0000000Z","4272"
"BHL","1m","2026-04-01T05:47:52.0000000Z","5460"
"BHL","1m","2026-04-01T05:48:54.0000000Z","4340"
"BHL","1m","2026-04-01T05:49:45.0000000Z","1340"
"BHL","1m","2026-04-01T05:50:44.0000000Z","1224"
"BHL","1m","2026-04-01T05:51:34.0000000Z","1200"
"BHL","1m","2026-04-01T05:52:17.0000000Z","800"
"BHL","1m","2026-04-01T05:53:43.0000000Z","1100"
"BHL","1m","2026-04-01T05:56:35.0000000Z","258"
"BHL","1m","2026-04-01T05:57:50.0000000Z","560"
"BHL","1m","2026-04-01T05:58:29.0000000Z","2260"
"BHL","1m","2026-04-01T06:00:53.0000000Z","30"
"BHL","1m","2026-04-01T06:01:45.0000000Z","18"
"BHL","1m","2026-04-01T06:02:31.0000000Z","0"
"BHL","1m","2026-04-01T06:03:30.0000000Z","1840"
"BHL","1m","2026-04-01T06:04:11.0000000Z","1140"
"BHL","1m","2026-04-01T06:05:28.0000000Z","1100"
"BHL","1m","2026-04-01T06:06:53.0000000Z","410"
"BHL","1m","2026-04-01T06:07:40.0000000Z","6010"
"BHL","1m","2026-04-01T06:08:58.0000000Z","0"
"BHL","1m","2026-04-01T06:09:51.0000000Z","5385"
"BHL","1m","2026-04-01T06:10:16.0000000Z","1000"
"BHL","1m","2026-04-01T06:11:28.0000000Z","130"
"BHL","1m","2026-04-01T06:12:57.0000000Z","654"
"BHL","1m","2026-04-01T06:13:10.0000000Z","615"
"BHL","1m","2026-04-01T06:14:53.0000000Z","150"
"BHL","1m","2026-04-01T06:15:31.0000000Z","3370"
"BHL","1m","2026-04-01T06:16:47.0000000Z","1645"
"BHL","1m","2026-04-01T06:17:48.0000000Z","1725"
"BHL","1m","2026-04-01T06:18:54.0000000Z","1010"
"BHL","1m","2026-04-01T06:19:45.0000000Z","1250"
"BHL","1m","2026-04-01T06:20:18.0000000Z","500"
"BHL","1m","2026-04-01T06:22:27.0000000Z","459"
"BHL","1m","2026-04-01T06:24:49.0000000Z","1400"
"BHL","1m","2026-04-01T06:26:46.0000000Z","310"
"BHL","1m","2026-04-01T06:27:46.0000000Z","550"
"BHL","1m","2026-04-01T06:29:57.0000000Z","340"
"BHL","1m","2026-04-01T06:30:50.0000000Z","400"
"BHL","1m","2026-04-01T06:31:59.0000000Z","670"
"BHL","1m","2026-04-01T06:32:24.0000000Z","393"
"BHL","1m","2026-04-01T06:33:34.0000000Z","20"
"BHL","1m","2026-04-01T06:35:41.0000000Z","81"
"BHL","1m","2026-04-01T06:37:32.0000000Z","1000"
"BHL","1m","2026-04-01T06:38:42.0000000Z","620"
"BHL","1m","2026-04-01T06:39:59.0000000Z","3030"
"BHL","1m","2026-04-01T06:41:45.0000000Z","50"
"BHL","1m","2026-04-01T06:44:54.0000000Z","825"
"BHL","1m","2026-04-01T06:45:46.0000000Z","836"
"BHL","1m","2026-04-01T06:46:32.0000000Z","5000"
"BHL","1m","2026-04-01T06:47:45.0000000Z","1505"
"BHL","1m","2026-04-01T06:48:50.0000000Z","5200"
"BHL","1m","2026-04-01T06:49:52.0000000Z","3874"
"BHL","1m","2026-04-01T06:51:23.0000000Z","1000"
"BHL","1m","2026-04-01T06:52:50.0000000Z","403"
"BHL","1m","2026-04-01T06:53:49.0000000Z","950"
"BHL","1m","2026-04-01T06:54:54.0000000Z","427"
"BHL","1m","2026-04-01T06:55:24.0000000Z","30"
"BHL","1m","2026-04-01T06:56:28.0000000Z","703"
"BHL","1m","2026-04-01T06:57:48.0000000Z","427"
"BHL","1m","2026-04-01T06:58:52.0000000Z","1073"
"BHL","1m","2026-04-01T06:59:46.0000000Z","2000"
"BHL","1m","2026-04-01T07:00:22.0000000Z","5000"
"BHL","1m","2026-04-01T07:01:46.0000000Z","200"
"BHL","1m","2026-04-01T07:02:24.0000000Z","170"
"BHL","1m","2026-04-01T07:03:40.0000000Z","230"
"BHL","1m","2026-04-01T07:04:46.0000000Z","2000"
"BHL","1m","2026-04-01T07:05:58.0000000Z","240"
"BHL","1m","2026-04-01T07:06:30.0000000Z","10000"
"BHL","1m","2026-04-01T07:07:33.0000000Z","310"
"BHL","1m","2026-04-01T07:08:26.0000000Z","460"
"BHL","1m","2026-04-01T07:10:56.0000000Z","231"
"BHL","1m","2026-04-01T07:11:56.0000000Z","64"
"BHL","1m","2026-04-01T07:12:57.0000000Z","270"
"BHL","1m","2026-04-01T07:13:20.0000000Z","45"
"BHL","1m","2026-04-01T07:15:54.0000000Z","0"
"BHL","1m","2026-04-01T07:16:24.0000000Z","425"
"BHL","1m","2026-04-01T07:18:38.0000000Z","621"
"BHL","1m","2026-04-01T07:19:38.0000000Z","330"
"BHL","1m","2026-04-01T07:20:36.0000000Z","1480"
"BHL","1m","2026-04-01T07:21:49.0000000Z","600"
"BHL","1m","2026-04-01T07:23:08.0000000Z","192"
"BHL","1m","2026-04-01T07:24:07.0000000Z","118"
"BHL","1m","2026-04-01T07:26:44.0000000Z","500"
"BHL","1m","2026-04-01T07:27:06.0000000Z","500"
"BHL","1m","2026-04-01T07:28:26.0000000Z","810"
"BHL","1m","2026-04-01T07:29:57.0000000Z","100"
"BHL","1m","2026-04-01T07:30:26.0000000Z","1702"
"BHL","1m","2026-04-01T07:31:02.0000000Z","152"
"BHL","1m","2026-04-01T07:32:43.0000000Z","498"
"BHL","1m","2026-04-01T07:33:59.0000000Z","7385"
"BHL","1m","2026-04-01T07:34:16.0000000Z","2600"
"BHL","1m","2026-04-01T07:35:31.0000000Z","130"
"BHL","1m","2026-04-01T07:36:18.0000000Z","511"
"BHL","1m","2026-04-01T07:37:30.0000000Z","153"
"BHL","1m","2026-04-01T07:38:42.0000000Z","1257"
"BHL","1m","2026-04-01T07:39:14.0000000Z","0"
"BHL","1m","2026-04-01T07:40:58.0000000Z","256"
"BHL","1m","2026-04-01T07:41:51.0000000Z","2110"
"BHL","1m","2026-04-01T07:42:46.0000000Z","411"
"BHL","1m","2026-04-01T07:43:40.0000000Z","800"
"BHL","1m","2026-04-01T07:44:14.0000000Z","339"
"BHL","1m","2026-04-01T07:45:33.0000000Z","200"
"BHL","1m","2026-04-01T07:49:35.0000000Z","50"
"BHL","1m","2026-04-01T07:51:11.0000000Z","0"
"BHL","1m","2026-04-01T07:52:55.0000000Z","1004"
"BHL","1m","2026-04-01T07:53:57.0000000Z","616"
"BHL","1m","2026-04-01T07:57:52.0000000Z","1110"
"BHL","1m","2026-04-01T07:59:53.0000000Z","110"
"BHL","1m","2026-04-01T08:00:13.0000000Z","1915"
"BHL","1m","2026-04-01T08:02:36.0000000Z","460"
"BHL","1m","2026-04-01T08:03:53.0000000Z","2942"
"BHL","1m","2026-04-01T08:04:45.0000000Z","4707"
"BHL","1m","2026-04-01T08:05:53.0000000Z","2976"
"BHL","1m","2026-04-01T08:07:54.0000000Z","9305"
"BHL","1m","2026-04-01T08:08:54.0000000Z","12390"
"BHL","1m","2026-04-01T08:09:36.0000000Z","95"
"BHL","1m","2026-04-01T08:10:57.0000000Z","4131"
"BHL","1m","2026-04-01T08:11:59.0000000Z","4400"
"BHL","1m","2026-04-01T08:12:51.0000000Z","30873"
"BHL","1m","2026-04-01T08:13:58.0000000Z","14907"
"BHL","1m","2026-04-01T08:14:59.0000000Z","5769"
"BHL","1m","2026-04-01T08:15:49.0000000Z","2959"
"BHL","1m","2026-04-01T08:16:42.0000000Z","1000"
"BHL","1m","2026-04-01T08:17:48.0000000Z","7145"
"BHL","1m","2026-04-01T08:18:51.0000000Z","6765"
"BHL","1m","2026-04-01T08:19:48.0000000Z","3440"
"BHL","1m","2026-04-01T08:20:53.0000000Z","3500"
"BHL","1m","2026-04-01T08:21:42.0000000Z","1690"
"BHL","1m","2026-04-01T08:22:46.0000000Z","1330"
"BHL","1m","2026-04-01T08:23:49.0000000Z","3675"
"BHL","1m","2026-04-01T08:24:37.0000000Z","1300"
"BHL","1m","2026-04-01T08:25:54.0000000Z","2980"
"BHL","1m","2026-04-01T08:26:55.0000000Z","1820"
"BHL","1m","2026-04-01T08:27:46.0000000Z","4794"
"BHL","1m","2026-04-01T08:28:15.0000000Z","11252"
"BHL","1m","2026-04-01T08:29:27.0000000Z","1500"
"BHL","1m","2026-04-01T08:30:55.0000000Z","8270"
"BHL","1m","2026-04-01T08:31:52.0000000Z","5916"
"BHL","1m","2026-04-01T08:32:55.0000000Z","9823"
"BHL","1m","2026-04-01T08:33:54.0000000Z","5200"
"BHL","1m","2026-04-01T08:34:46.0000000Z","4216"
"BHL","1m","2026-04-01T08:35:29.0000000Z","2611"
"BHL","1m","2026-04-01T08:36:49.0000000Z","6990"
"BHL","1m","2026-04-01T08:37:51.0000000Z","11135"
"BHL","1m","2026-04-01T08:38:57.0000000Z","6888"
"BHL","1m","2026-04-01T08:39:33.0000000Z","200"
"BHL","1m","2026-04-01T08:40:59.0000000Z","6113"
"BHL","1m","2026-04-01T08:41:51.0000000Z","1480"
"BHL","1m","2026-04-01T08:42:59.0000000Z","12943"
"BHL","1m","2026-04-01T08:43:53.0000000Z","650"
"BHL","1m","2026-04-01T08:44:50.0000000Z","2042"
"BHL","1m","2026-04-01T08:45:55.0000000Z","5222"
"BHL","1m","2026-04-01T08:46:56.0000000Z","4939"
"BHL","1m","2026-04-01T08:47:54.0000000Z","4460"
"BHL","1m","2026-04-01T08:48:56.0000000Z","9093"
"BHL","1m","2026-04-01T08:49:42.0000000Z","5355"
"BHL","1m","2026-04-01T08:50:52.0000000Z","3752"
"BHL","1m","2026-04-01T08:51:53.0000000Z","7094"
"BHL","1m","2026-04-01T08:52:53.0000000Z","10970"
"BHL","1m","2026-04-01T08:53:59.0000000Z","1262"
"BHL","1m","2026-04-01T08:54:54.0000000Z","5470"
"BHL","1m","2026-04-01T08:55:34.0000000Z","1134"
"BHL","1m","2026-04-01T08:56:40.0000000Z","6420"
"BHL","1m","2026-04-01T08:57:58.0000000Z","6236"
"BHL","1m","2026-04-01T08:58:59.0000000Z","817"
"BHL","1m","2026-04-01T08:59:25.0000000Z","711"
"BHL","1m","2026-04-01T09:00:49.0000000Z","3383"
"BHL","1m","2026-04-01T09:01:43.0000000Z","2075"
"BHL","1m","2026-04-01T09:02:55.0000000Z","1363"
"BHL","1m","2026-04-01T09:03:58.0000000Z","1737"
"BHL","1m","2026-04-01T09:04:35.0000000Z","403"
"BHL","1m","2026-04-01T09:05:57.0000000Z","9710"
"BHL","1m","2026-04-01T09:06:38.0000000Z","2350"
"BHL","1m","2026-04-01T09:07:56.0000000Z","3070"
"BHL","1m","2026-04-01T09:08:40.0000000Z","7475"
"BHL","1m","2026-04-01T09:09:35.0000000Z","4350"
"BHL","1m","2026-04-01T09:10:38.0000000Z","200"
"BHL","1m","2026-04-01T09:11:55.0000000Z","6033"
"BHL","1m","2026-04-01T09:12:42.0000000Z","6240"
"BHL","1m","2026-04-01T09:13:54.0000000Z","13690"
"BHL","1m","2026-04-01T09:14:59.0000000Z","16698"
"BHL","1m","2026-04-02T05:15:48.0000000Z","10"
"BHL","1m","2026-04-02T05:16:40.0000000Z","3842"
"BHL","1m","2026-04-02T05:17:55.0000000Z","4021"
"BHL","1m","2026-04-02T05:18:56.0000000Z","5062"
"BHL","1m","2026-04-02T05:19:59.0000000Z","15894"
"BHL","1m","2026-04-02T05:20:58.0000000Z","13959"
"BHL","1m","2026-04-02T05:21:55.0000000Z","19219"
"BHL","1m","2026-04-02T05:22:59.0000000Z","21897"
"BHL","1m","2026-04-02T05:23:51.0000000Z","10808"
"BHL","1m","2026-04-02T05:24:51.0000000Z","2062"
"BHL","1m","2026-04-02T05:25:35.0000000Z","12620"
"BHL","1m","2026-04-02T05:26:57.0000000Z","2600"
"BHL","1m","2026-04-02T05:27:59.0000000Z","5156"
"BHL","1m","2026-04-02T05:28:46.0000000Z","5330"
"BHL","1m","2026-04-02T05:29:49.0000000Z","405"
"BHL","1m","2026-04-02T05:30:53.0000000Z","8676"
"BHL","1m","2026-04-02T05:31:59.0000000Z","2933"
"BHL","1m","2026-04-02T05:32:49.0000000Z","6296"
"BHL","1m","2026-04-02T05:33:57.0000000Z","4931"
"BHL","1m","2026-04-02T05:34:43.0000000Z","3650"
"BHL","1m","2026-04-02T05:35:58.0000000Z","2135"
"BHL","1m","2026-04-02T05:36:59.0000000Z","741"
"BHL","1m","2026-04-02T05:37:58.0000000Z","2949"
"BHL","1m","2026-04-02T05:38:55.0000000Z","2150"
"BHL","1m","2026-04-02T05:39:51.0000000Z","5260"
"BHL","1m","2026-04-02T05:40:53.0000000Z","5240"
"BHL","1m","2026-04-02T05:41:56.0000000Z","3907"
"BHL","1m","2026-04-02T05:42:56.0000000Z","4128"
"BHL","1m","2026-04-02T05:43:52.0000000Z","3250"
"BHL","1m","2026-04-02T05:44:59.0000000Z","3833"
"BHL","1m","2026-04-02T05:45:55.0000000Z","2650"
"BHL","1m","2026-04-02T05:46:45.0000000Z","2227"
"BHL","1m","2026-04-02T05:47:47.0000000Z","10300"
"BHL","1m","2026-04-02T05:48:48.0000000Z","11531"
"BHL","1m","2026-04-02T05:49:45.0000000Z","13245"
"BHL","1m","2026-04-02T05:50:56.0000000Z","8837"
"BHL","1m","2026-04-02T05:51:54.0000000Z","5942"
"BHL","1m","2026-04-02T05:52:32.0000000Z","273"
"BHL","1m","2026-04-02T05:53:50.0000000Z","811"
"BHL","1m","2026-04-02T05:54:22.0000000Z","30"
"BHL","1m","2026-04-02T05:55:29.0000000Z","310"
"BHL","1m","2026-04-02T05:56:51.0000000Z","1410"
"BHL","1m","2026-04-02T05:57:58.0000000Z","3060"
"BHL","1m","2026-04-02T05:58:42.0000000Z","3300"
"BHL","1m","2026-04-02T05:59:38.0000000Z","1784"
"BHL","1m","2026-04-02T06:00:58.0000000Z","858"
"BHL","1m","2026-04-02T06:01:37.0000000Z","600"
"BHL","1m","2026-04-02T06:02:47.0000000Z","1375"
"BHL","1m","2026-04-02T06:03:49.0000000Z","5290"
"BHL","1m","2026-04-02T06:04:59.0000000Z","1034"
"BHL","1m","2026-04-02T06:05:48.0000000Z","373"
"BHL","1m","2026-04-02T06:06:08.0000000Z","2240"
"BHL","1m","2026-04-02T06:08:55.0000000Z","7346"
"BHL","1m","2026-04-02T06:09:56.0000000Z","4211"
"BHL","1m","2026-04-02T06:10:51.0000000Z","200"
"BHL","1m","2026-04-02T06:11:50.0000000Z","1315"
"BHL","1m","2026-04-02T06:12:38.0000000Z","205"
"BHL","1m","2026-04-02T06:13:27.0000000Z","780"
"BHL","1m","2026-04-02T06:14:48.0000000Z","1775"
"BHL","1m","2026-04-02T06:15:59.0000000Z","550"
"BHL","1m","2026-04-02T06:16:49.0000000Z","2420"
"BHL","1m","2026-04-02T06:17:58.0000000Z","2463"
"BHL","1m","2026-04-02T06:18:43.0000000Z","2365"
"BHL","1m","2026-04-02T06:25:45.0000000Z","11180"
"BHL","1m","2026-04-02T06:27:11.0000000Z","160"
"BHL","1m","2026-04-02T06:28:59.0000000Z","880"
"BHL","1m","2026-04-02T06:29:18.0000000Z","1000"
"BHL","1m","2026-04-02T06:30:35.0000000Z","100"
"BHL","1m","2026-04-02T06:31:06.0000000Z","1000"
"BHL","1m","2026-04-02T06:32:32.0000000Z","330"
"BHL","1m","2026-04-02T06:33:27.0000000Z","30"
"BHL","1m","2026-04-02T06:34:51.0000000Z","1203"
"BHL","1m","2026-04-02T06:35:47.0000000Z","0"
"BHL","1m","2026-04-02T06:36:18.0000000Z","2327"
"BHL","1m","2026-04-02T06:37:33.0000000Z","1193"
"BHL","1m","2026-04-02T06:38:34.0000000Z","1280"
"BHL","1m","2026-04-02T06:39:50.0000000Z","1826"
"BHL","1m","2026-04-02T06:40:50.0000000Z","755"
"BHL","1m","2026-04-02T06:41:29.0000000Z","283"
"BHL","1m","2026-04-02T06:42:51.0000000Z","281"
"BHL","1m","2026-04-02T06:43:51.0000000Z","910"
"BHL","1m","2026-04-02T06:44:54.0000000Z","110"
"BHL","1m","2026-04-02T06:45:41.0000000Z","118"
"BHL","1m","2026-04-02T06:46:48.0000000Z","1132"
"BHL","1m","2026-04-02T06:47:56.0000000Z","1095"
"BHL","1m","2026-04-02T06:48:48.0000000Z","2145"
"BHL","1m","2026-04-02T06:49:46.0000000Z","5131"
"BHL","1m","2026-04-02T06:50:55.0000000Z","3219"
"BHL","1m","2026-04-02T06:52:47.0000000Z","1686"
"BHL","1m","2026-04-02T06:53:35.0000000Z","433"
"BHL","1m","2026-04-02T06:55:58.0000000Z","0"
"BHL","1m","2026-04-02T06:56:13.0000000Z","1300"
"BHL","1m","2026-04-02T06:57:41.0000000Z","1150"
"BHL","1m","2026-04-02T06:58:19.0000000Z","0"
"BHL","1m","2026-04-02T06:59:41.0000000Z","936"
"BHL","1m","2026-04-02T07:00:54.0000000Z","880"
"BHL","1m","2026-04-02T07:01:24.0000000Z","30"
"BHL","1m","2026-04-02T07:02:43.0000000Z","50"
"BHL","1m","2026-04-02T07:03:56.0000000Z","160"
"BHL","1m","2026-04-02T07:04:54.0000000Z","1400"
"BHL","1m","2026-04-02T07:05:53.0000000Z","1400"
"BHL","1m","2026-04-02T07:06:44.0000000Z","2045"
"BHL","1m","2026-04-02T07:07:57.0000000Z","5200"
"BHL","1m","2026-04-02T07:08:53.0000000Z","8000"
"BHL","1m","2026-04-02T07:09:12.0000000Z","2000"
"BHL","1m","2026-04-02T07:10:40.0000000Z","7565"
"BHL","1m","2026-04-02T07:11:42.0000000Z","1589"
"BHL","1m","2026-04-02T07:12:50.0000000Z","4282"
"BHL","1m","2026-04-02T07:13:57.0000000Z","2738"
"BHL","1m","2026-04-02T07:14:58.0000000Z","2882"
"BHL","1m","2026-04-02T07:15:32.0000000Z","1700"
"BHL","1m","2026-04-02T07:16:59.0000000Z","2773"
"BHL","1m","2026-04-02T07:17:57.0000000Z","3995"
"BHL","1m","2026-04-02T07:18:38.0000000Z","1750"
"BHL","1m","2026-04-02T07:19:43.0000000Z","8850"
"BHL","1m","2026-04-02T07:20:29.0000000Z","13984"
"BHL","1m","2026-04-02T07:21:59.0000000Z","8360"
"BHL","1m","2026-04-02T07:22:53.0000000Z","21040"
"BHL","1m","2026-04-02T07:23:51.0000000Z","2010"
"BHL","1m","2026-04-02T07:24:55.0000000Z","3520"
"BHL","1m","2026-04-02T07:25:58.0000000Z","3500"
"BHL","1m","2026-04-02T07:26:42.0000000Z","0"
"BHL","1m","2026-04-02T07:27:59.0000000Z","8079"
"BHL","1m","2026-04-02T07:28:45.0000000Z","5577"
"BHL","1m","2026-04-02T07:29:55.0000000Z","12602"
"BHL","1m","2026-04-02T07:30:35.0000000Z","950"
"BHL","1m","2026-04-02T07:31:56.0000000Z","2552"
"BHL","1m","2026-04-02T07:32:29.0000000Z","1715"
"BHL","1m","2026-04-02T07:33:59.0000000Z","573"
"BHL","1m","2026-04-02T07:35:56.0000000Z","140"
"BHL","1m","2026-04-02T07:36:57.0000000Z","1365"
"BHL","1m","2026-04-02T07:37:47.0000000Z","4280"
"BHL","1m","2026-04-02T07:38:20.0000000Z","330"
"BHL","1m","2026-04-02T07:39:51.0000000Z","730"
"BHL","1m","2026-04-02T07:40:51.0000000Z","1355"
"BHL","1m","2026-04-02T07:41:48.0000000Z","7336"
"BHL","1m","2026-04-02T07:42:37.0000000Z","225"
"BHL","1m","2026-04-02T07:44:00.0000000Z","1500"
"BHL","1m","2026-04-02T07:45:00.0000000Z","80"
"BHL","1m","2026-04-02T07:46:47.0000000Z","282"
"BHL","1m","2026-04-02T07:47:58.0000000Z","0"
"BHL","1m","2026-04-02T07:48:51.0000000Z","5765"
"BHL","1m","2026-04-02T07:49:44.0000000Z","2310"
"BHL","1m","2026-04-02T07:50:37.0000000Z","1737"
"BHL","1m","2026-04-02T07:51:55.0000000Z","2213"
"BHL","1m","2026-04-02T07:52:58.0000000Z","2250"
"BHL","1m","2026-04-02T07:53:54.0000000Z","550"
"BHL","1m","2026-04-02T07:54:12.0000000Z","1500"
"BHL","1m","2026-04-02T07:55:22.0000000Z","20"
"BHL","1m","2026-04-02T07:57:42.0000000Z","1200"
"BHL","1m","2026-04-02T07:58:20.0000000Z","1100"
"BHL","1m","2026-04-02T07:59:40.0000000Z","675"
"BHL","1m","2026-04-02T08:00:57.0000000Z","1140"
"BHL","1m","2026-04-02T08:01:09.0000000Z","0"
"BHL","1m","2026-04-02T08:02:32.0000000Z","230"
"BHL","1m","2026-04-02T08:03:45.0000000Z","10"
"BHL","1m","2026-04-02T08:04:51.0000000Z","8151"
"BHL","1m","2026-04-02T08:05:30.0000000Z","365"
"BHL","1m","2026-04-02T08:06:54.0000000Z","1065"
"BHL","1m","2026-04-02T08:07:40.0000000Z","1275"
"BHL","1m","2026-04-02T08:08:56.0000000Z","1170"
"BHL","1m","2026-04-02T08:09:47.0000000Z","109"
"BHL","1m","2026-04-02T08:10:35.0000000Z","659"
"BHL","1m","2026-04-02T08:12:59.0000000Z","1700"
"BHL","1m","2026-04-02T08:13:55.0000000Z","80"
"BHL","1m","2026-04-02T08:14:57.0000000Z","2326"
"BHL","1m","2026-04-02T08:15:59.0000000Z","1051"
"BHL","1m","2026-04-02T08:16:51.0000000Z","89"
"BHL","1m","2026-04-02T08:17:37.0000000Z","10100"
"BHL","1m","2026-04-02T08:18:48.0000000Z","800"
"BHL","1m","2026-04-02T08:19:53.0000000Z","0"
"BHL","1m","2026-04-02T08:20:58.0000000Z","16247"
"BHL","1m","2026-04-02T08:21:49.0000000Z","1250"
"BHL","1m","2026-04-02T08:22:47.0000000Z","2153"
"BHL","1m","2026-04-02T08:23:39.0000000Z","453"
"BHL","1m","2026-04-02T08:24:44.0000000Z","225"
"BHL","1m","2026-04-02T08:25:28.0000000Z","1439"
"BHL","1m","2026-04-02T08:26:47.0000000Z","825"
"BHL","1m","2026-04-02T08:27:56.0000000Z","5646"
"BHL","1m","2026-04-02T08:29:54.0000000Z","2230"
"BHL","1m","2026-04-02T08:30:51.0000000Z","540"
"BHL","1m","2026-04-02T08:31:32.0000000Z","725"
"BHL","1m","2026-04-02T08:32:56.0000000Z","397"
"BHL","1m","2026-04-02T08:33:58.0000000Z","1200"
"BHL","1m","2026-04-02T08:34:30.0000000Z","1460"
"BHL","1m","2026-04-02T08:35:44.0000000Z","0"
"BHL","1m","2026-04-02T08:36:08.0000000Z","3099"
"BHL","1m","2026-04-02T08:38:39.0000000Z","30"
"BHL","1m","2026-04-02T08:39:58.0000000Z","751"
"BHL","1m","2026-04-02T08:40:26.0000000Z","1921"
"BHL","1m","2026-04-02T08:41:45.0000000Z","500"
"BHL","1m","2026-04-02T08:42:24.0000000Z","0"
"BHL","1m","2026-04-02T08:43:44.0000000Z","715"
"BHL","1m","2026-04-02T08:44:56.0000000Z","3150"
"BHL","1m","2026-04-02T08:45:42.0000000Z","3110"
"BHL","1m","2026-04-02T08:46:50.0000000Z","100"
"BHL","1m","2026-04-02T08:47:47.0000000Z","500"
"BHL","1m","2026-04-02T08:48:28.0000000Z","100"
"BHL","1m","2026-04-02T08:49:47.0000000Z","3610"
"BHL","1m","2026-04-02T08:50:47.0000000Z","100"
"BHL","1m","2026-04-02T08:51:38.0000000Z","60"
"BHL","1m","2026-04-02T08:52:58.0000000Z","120"
"BHL","1m","2026-04-02T08:53:45.0000000Z","50"
"BHL","1m","2026-04-02T08:54:46.0000000Z","2090"
"BHL","1m","2026-04-02T08:55:00.0000000Z","100"
"BHL","1m","2026-04-02T08:56:52.0000000Z","3504"
"BHL","1m","2026-04-02T08:57:59.0000000Z","4656"
"BHL","1m","2026-04-02T08:58:58.0000000Z","3400"
"BHL","1m","2026-04-02T08:59:46.0000000Z","2000"
"BHL","1m","2026-04-02T09:00:48.0000000Z","9066"
"BHL","1m","2026-04-02T09:01:37.0000000Z","1900"
"BHL","1m","2026-04-02T09:02:59.0000000Z","2610"
"BHL","1m","2026-04-02T09:03:45.0000000Z","3966"
"BHL","1m","2026-04-02T09:04:29.0000000Z","1245"
"BHL","1m","2026-04-02T09:05:40.0000000Z","830"
"BHL","1m","2026-04-02T09:06:50.0000000Z","3736"
"BHL","1m","2026-04-02T09:07:59.0000000Z","2334"
"BHL","1m","2026-04-02T09:08:20.0000000Z","346"
"BHL","1m","2026-04-02T09:09:53.0000000Z","4480"
"BHL","1m","2026-04-02T09:10:56.0000000Z","1641"
"BHL","1m","2026-04-02T09:11:12.0000000Z","0"
"BHL","1m","2026-04-02T09:12:38.0000000Z","3480"
"BHL","1m","2026-04-02T09:13:58.0000000Z","6772"
"BHL","1m","2026-04-02T09:14:59.0000000Z","7824"
"BHL","1m","2026-04-05T05:15:51.0000000Z","950"
"BHL","1m","2026-04-05T05:16:58.0000000Z","9440"
"BHL","1m","2026-04-05T05:17:56.0000000Z","9294"
"BHL","1m","2026-04-05T05:18:59.0000000Z","5689"
"BHL","1m","2026-04-05T05:19:55.0000000Z","11822"
"BHL","1m","2026-04-05T05:20:52.0000000Z","8103"
"BHL","1m","2026-04-05T05:21:51.0000000Z","5170"
"BHL","1m","2026-04-05T05:22:29.0000000Z","13085"
"BHL","1m","2026-04-05T05:23:59.0000000Z","1000"
"BHL","1m","2026-04-05T05:24:53.0000000Z","8488"
"BHL","1m","2026-04-05T05:25:50.0000000Z","4562"
"BHL","1m","2026-04-05T05:26:55.0000000Z","5420"
"BHL","1m","2026-04-05T05:27:39.0000000Z","2739"
"BHL","1m","2026-04-05T05:28:40.0000000Z","3048"
"BHL","1m","2026-04-05T05:29:53.0000000Z","3992"
"BHL","1m","2026-04-05T05:30:48.0000000Z","3111"
"BHL","1m","2026-04-05T05:31:37.0000000Z","4182"
"BHL","1m","2026-04-05T05:32:46.0000000Z","606"
"BHL","1m","2026-04-05T05:33:28.0000000Z","2320"
"BHL","1m","2026-04-05T05:34:52.0000000Z","3299"
"BHL","1m","2026-04-05T05:35:57.0000000Z","1625"
"BHL","1m","2026-04-05T05:36:48.0000000Z","1190"
"BHL","1m","2026-04-05T05:37:47.0000000Z","2618"
"BHL","1m","2026-04-05T05:38:58.0000000Z","5599"
"BHL","1m","2026-04-05T05:39:50.0000000Z","1100"
"BHL","1m","2026-04-05T05:40:32.0000000Z","830"
"BHL","1m","2026-04-05T05:41:56.0000000Z","1805"
"BHL","1m","2026-04-05T05:42:26.0000000Z","720"
"BHL","1m","2026-04-05T05:43:56.0000000Z","8279"
"BHL","1m","2026-04-05T05:44:53.0000000Z","6363"
"BHL","1m","2026-04-05T05:45:18.0000000Z","1271"
"BHL","1m","2026-04-05T05:46:53.0000000Z","1863"
"BHL","1m","2026-04-05T05:47:11.0000000Z","10"
"BHL","1m","2026-04-05T05:48:48.0000000Z","6691"
"BHL","1m","2026-04-05T05:49:54.0000000Z","1000"
"BHL","1m","2026-04-05T05:50:22.0000000Z","1748"
"BHL","1m","2026-04-05T05:51:43.0000000Z","20420"
"BHL","1m","2026-04-05T05:52:35.0000000Z","10"
"BHL","1m","2026-04-05T05:53:54.0000000Z","300"
"BHL","1m","2026-04-05T05:54:54.0000000Z","1740"
"BHL","1m","2026-04-05T05:55:39.0000000Z","162"
"BHL","1m","2026-04-05T05:56:51.0000000Z","15513"
"BHL","1m","2026-04-05T05:57:59.0000000Z","15187"
"BHL","1m","2026-04-05T05:59:25.0000000Z","1885"
"BHL","1m","2026-04-05T06:00:50.0000000Z","2800"
"BHL","1m","2026-04-05T06:01:47.0000000Z","485"
"BHL","1m","2026-04-05T06:02:55.0000000Z","630"
"BHL","1m","2026-04-05T06:03:58.0000000Z","350"
"BHL","1m","2026-04-05T06:04:50.0000000Z","366"
"BHL","1m","2026-04-05T06:05:42.0000000Z","1939"
"BHL","1m","2026-04-05T06:06:58.0000000Z","300"
"BHL","1m","2026-04-05T06:07:07.0000000Z","0"
"BHL","1m","2026-04-05T06:08:53.0000000Z","700"
"BHL","1m","2026-04-05T06:09:55.0000000Z","920"
"BHL","1m","2026-04-05T06:11:46.0000000Z","600"
"BHL","1m","2026-04-05T06:12:48.0000000Z","598"
"BHL","1m","2026-04-05T06:13:49.0000000Z","730"
"BHL","1m","2026-04-05T06:14:57.0000000Z","1370"
"BHL","1m","2026-04-05T06:15:58.0000000Z","6034"
"BHL","1m","2026-04-05T06:16:34.0000000Z","8100"
"BHL","1m","2026-04-05T06:17:54.0000000Z","696"
"BHL","1m","2026-04-05T06:18:57.0000000Z","1400"
"BHL","1m","2026-04-05T06:19:43.0000000Z","817"
"BHL","1m","2026-04-05T06:20:22.0000000Z","310"
"BHL","1m","2026-04-05T06:21:55.0000000Z","1123"
"BHL","1m","2026-04-05T06:22:09.0000000Z","2000"
"BHL","1m","2026-04-05T06:23:42.0000000Z","2118"
"BHL","1m","2026-04-05T06:24:54.0000000Z","1965"
"BHL","1m","2026-04-05T06:25:02.0000000Z","35"
"BHL","1m","2026-04-05T06:26:35.0000000Z","20"
"BHL","1m","2026-04-05T06:27:11.0000000Z","200"
"BHL","1m","2026-04-05T06:28:13.0000000Z","3500"
"BHL","1m","2026-04-05T06:29:53.0000000Z","46"
"BHL","1m","2026-04-05T06:30:56.0000000Z","400"
"BHL","1m","2026-04-05T06:31:32.0000000Z","15"
"BHL","1m","2026-04-05T06:32:41.0000000Z","720"
"BHL","1m","2026-04-05T06:33:56.0000000Z","25264"
"BHL","1m","2026-04-05T06:34:49.0000000Z","1850"
"BHL","1m","2026-04-05T06:35:16.0000000Z","300"
"BHL","1m","2026-04-05T06:36:51.0000000Z","365"
"BHL","1m","2026-04-05T06:37:05.0000000Z","75"
"BHL","1m","2026-04-05T06:38:56.0000000Z","665"
"BHL","1m","2026-04-05T06:39:57.0000000Z","750"
"BHL","1m","2026-04-05T06:40:17.0000000Z","8360"
"BHL","1m","2026-04-05T06:41:44.0000000Z","330"
"BHL","1m","2026-04-05T06:42:52.0000000Z","700"
"BHL","1m","2026-04-05T06:43:41.0000000Z","1130"
"BHL","1m","2026-04-05T06:44:53.0000000Z","307"
"BHL","1m","2026-04-05T06:45:10.0000000Z","370"
"BHL","1m","2026-04-05T06:46:17.0000000Z","0"
"BHL","1m","2026-04-05T06:47:05.0000000Z","137"
"BHL","1m","2026-04-05T06:48:24.0000000Z","722"
"BHL","1m","2026-04-05T06:50:42.0000000Z","710"
"BHL","1m","2026-04-05T06:51:16.0000000Z","25"
"BHL","1m","2026-04-05T06:52:29.0000000Z","534"
"BHL","1m","2026-04-05T06:53:53.0000000Z","1500"
"BHL","1m","2026-04-05T06:54:53.0000000Z","791"
"BHL","1m","2026-04-05T06:55:49.0000000Z","250"
"BHL","1m","2026-04-05T06:56:41.0000000Z","1430"
"BHL","1m","2026-04-05T06:58:41.0000000Z","1069"
"BHL","1m","2026-04-05T06:59:59.0000000Z","10700"
"BHL","1m","2026-04-05T07:00:48.0000000Z","9641"
"BHL","1m","2026-04-05T07:01:54.0000000Z","1610"
"BHL","1m","2026-04-05T07:02:23.0000000Z","200"
"BHL","1m","2026-04-05T07:03:49.0000000Z","1070"
"BHL","1m","2026-04-05T07:04:35.0000000Z","1500"
"BHL","1m","2026-04-05T07:05:51.0000000Z","1591"
"BHL","1m","2026-04-05T07:06:50.0000000Z","1200"
"BHL","1m","2026-04-05T07:07:50.0000000Z","2331"
"BHL","1m","2026-04-05T07:08:57.0000000Z","310"
"BHL","1m","2026-04-05T07:09:51.0000000Z","492"
"BHL","1m","2026-04-05T07:10:38.0000000Z","2072"
"BHL","1m","2026-04-05T07:11:23.0000000Z","1578"
"BHL","1m","2026-04-05T07:12:24.0000000Z","50"
"BHL","1m","2026-04-05T07:13:17.0000000Z","22"
"BHL","1m","2026-04-05T07:14:59.0000000Z","2171"
"BHL","1m","2026-04-05T07:15:44.0000000Z","0"
"BHL","1m","2026-04-05T07:16:08.0000000Z","0"
"BHL","1m","2026-04-05T07:17:50.0000000Z","904"
"BHL","1m","2026-04-05T07:18:13.0000000Z","968"
"BHL","1m","2026-04-05T07:20:54.0000000Z","1757"
"BHL","1m","2026-04-05T07:21:56.0000000Z","1895"
"BHL","1m","2026-04-05T07:22:52.0000000Z","3215"
"BHL","1m","2026-04-05T07:23:43.0000000Z","1848"
"BHL","1m","2026-04-05T07:24:34.0000000Z","2240"
"BHL","1m","2026-04-05T07:25:45.0000000Z","6500"
"BHL","1m","2026-04-05T07:26:50.0000000Z","1150"
"BHL","1m","2026-04-05T07:27:46.0000000Z","2069"
"BHL","1m","2026-04-05T07:28:34.0000000Z","1469"
"BHL","1m","2026-04-05T07:29:26.0000000Z","760"
"BHL","1m","2026-04-05T07:30:44.0000000Z","3425"
"BHL","1m","2026-04-05T07:31:47.0000000Z","930"
"BHL","1m","2026-04-05T07:32:48.0000000Z","4020"
"BHL","1m","2026-04-05T07:33:38.0000000Z","10103"
"BHL","1m","2026-04-05T07:34:55.0000000Z","15195"
"BHL","1m","2026-04-05T07:35:05.0000000Z","200"
"BHL","1m","2026-04-05T07:36:45.0000000Z","2792"
"BHL","1m","2026-04-05T07:37:54.0000000Z","12100"
"BHL","1m","2026-04-05T07:38:02.0000000Z","2000"
"BHL","1m","2026-04-05T07:39:49.0000000Z","3386"
"BHL","1m","2026-04-05T07:40:56.0000000Z","8738"
"BHL","1m","2026-04-05T07:41:23.0000000Z","525"
"BHL","1m","2026-04-05T07:42:47.0000000Z","1715"
"BHL","1m","2026-04-05T07:43:57.0000000Z","10540"
"BHL","1m","2026-04-05T07:44:41.0000000Z","1130"
"BHL","1m","2026-04-05T07:45:38.0000000Z","2373"
"BHL","1m","2026-04-05T07:46:53.0000000Z","1327"
"BHL","1m","2026-04-05T07:47:45.0000000Z","96"
"BHL","1m","2026-04-05T07:48:46.0000000Z","7574"
"BHL","1m","2026-04-05T07:49:57.0000000Z","1402"
"BHL","1m","2026-04-05T07:50:59.0000000Z","14594"
"BHL","1m","2026-04-05T07:51:53.0000000Z","2395"
"BHL","1m","2026-04-05T07:52:57.0000000Z","0"
"BHL","1m","2026-04-05T07:53:33.0000000Z","30683"
"BHL","1m","2026-04-05T07:54:52.0000000Z","10227"
"BHL","1m","2026-04-05T07:55:51.0000000Z","7333"
"BHL","1m","2026-04-05T07:56:29.0000000Z","1550"
"BHL","1m","2026-04-05T07:57:31.0000000Z","2052"
"BHL","1m","2026-04-05T07:58:43.0000000Z","900"
"BHL","1m","2026-04-05T07:59:28.0000000Z","140"
"BHL","1m","2026-04-05T08:00:45.0000000Z","210"
"BHL","1m","2026-04-05T08:02:50.0000000Z","3170"
"BHL","1m","2026-04-05T08:03:42.0000000Z","552"
"BHL","1m","2026-04-05T08:04:59.0000000Z","3353"
"BHL","1m","2026-04-05T08:05:59.0000000Z","0"
"BHL","1m","2026-04-05T08:06:55.0000000Z","5723"
"BHL","1m","2026-04-05T08:07:42.0000000Z","530"
"BHL","1m","2026-04-05T08:08:27.0000000Z","2010"
"BHL","1m","2026-04-05T08:09:18.0000000Z","10"
"BHL","1m","2026-04-05T08:10:42.0000000Z","1270"
"BHL","1m","2026-04-05T08:11:37.0000000Z","966"
"BHL","1m","2026-04-05T08:12:38.0000000Z","1000"
"BHL","1m","2026-04-05T08:13:54.0000000Z","280"
"BHL","1m","2026-04-05T08:14:50.0000000Z","1135"
"BHL","1m","2026-04-05T08:15:58.0000000Z","1910"
"BHL","1m","2026-04-05T08:16:35.0000000Z","613"
"BHL","1m","2026-04-05T08:17:52.0000000Z","3662"
"BHL","1m","2026-04-05T08:18:50.0000000Z","1104"
"BHL","1m","2026-04-05T08:19:51.0000000Z","0"
"BHL","1m","2026-04-05T08:20:28.0000000Z","872"
"BHL","1m","2026-04-05T08:21:11.0000000Z","10"
"BHL","1m","2026-04-05T08:23:40.0000000Z","1050"
"BHL","1m","2026-04-05T08:24:06.0000000Z","60"
"BHL","1m","2026-04-05T08:25:54.0000000Z","50"
"BHL","1m","2026-04-05T08:26:54.0000000Z","5550"
"BHL","1m","2026-04-05T08:27:18.0000000Z","200"
"BHL","1m","2026-04-05T08:28:24.0000000Z","500"
"BHL","1m","2026-04-05T08:29:27.0000000Z","1416"
"BHL","1m","2026-04-05T08:31:59.0000000Z","521"
"BHL","1m","2026-04-05T08:32:54.0000000Z","150"
"BHL","1m","2026-04-05T08:33:33.0000000Z","214"
"BHL","1m","2026-04-05T08:34:52.0000000Z","500"
"BHL","1m","2026-04-05T08:35:40.0000000Z","0"
"BHL","1m","2026-04-05T08:36:48.0000000Z","2410"
"BHL","1m","2026-04-05T08:37:51.0000000Z","242"
"BHL","1m","2026-04-05T08:38:55.0000000Z","1970"
"BHL","1m","2026-04-05T08:39:56.0000000Z","210"
"BHL","1m","2026-04-05T08:41:00.0000000Z","0"
"BHL","1m","2026-04-05T08:42:20.0000000Z","2865"
"BHL","1m","2026-04-05T08:43:41.0000000Z","200"
"BHL","1m","2026-04-05T08:44:40.0000000Z","160"
"BHL","1m","2026-04-05T08:45:51.0000000Z","100"
"BHL","1m","2026-04-05T08:46:42.0000000Z","1843"
"BHL","1m","2026-04-05T08:47:49.0000000Z","469"
"BHL","1m","2026-04-05T08:48:31.0000000Z","4200"
"BHL","1m","2026-04-05T08:49:33.0000000Z","120"
"BHL","1m","2026-04-05T08:50:39.0000000Z","340"
"BHL","1m","2026-04-05T08:51:58.0000000Z","2957"
"BHL","1m","2026-04-05T08:52:41.0000000Z","2316"
"BHL","1m","2026-04-05T08:53:52.0000000Z","3893"
"BHL","1m","2026-04-05T08:54:54.0000000Z","1110"
"BHL","1m","2026-04-05T08:56:47.0000000Z","1816"
"BHL","1m","2026-04-05T08:57:20.0000000Z","1531"
"BHL","1m","2026-04-05T08:58:52.0000000Z","3040"
"BHL","1m","2026-04-05T08:59:54.0000000Z","3000"
"BHL","1m","2026-04-05T09:00:52.0000000Z","1480"
"BHL","1m","2026-04-05T09:01:26.0000000Z","300"
"BHL","1m","2026-04-05T09:02:53.0000000Z","260"
"BHL","1m","2026-04-05T09:03:57.0000000Z","5315"
"BHL","1m","2026-04-05T09:04:56.0000000Z","8805"
"BHL","1m","2026-04-05T09:05:47.0000000Z","710"
"BHL","1m","2026-04-05T09:06:58.0000000Z","406"
"BHL","1m","2026-04-05T09:07:59.0000000Z","2822"
"BHL","1m","2026-04-05T09:08:53.0000000Z","8510"
"BHL","1m","2026-04-05T09:09:55.0000000Z","5371"
"BHL","1m","2026-04-05T09:10:56.0000000Z","9570"
"BHL","1m","2026-04-05T09:11:52.0000000Z","313"
"BHL","1m","2026-04-05T09:12:47.0000000Z","8587"
"BHL","1m","2026-04-05T09:13:57.0000000Z","19523"
"BHL","1m","2026-04-05T09:14:59.0000000Z","14816"
"BHL","1m","2026-04-06T05:15:55.0000000Z","2020"
"BHL","1m","2026-04-06T05:16:54.0000000Z","3022"
"BHL","1m","2026-04-06T05:17:33.0000000Z","465"
"BHL","1m","2026-04-06T05:18:57.0000000Z","4735"
"BHL","1m","2026-04-06T05:19:52.0000000Z","1626"
"BHL","1m","2026-04-06T05:20:51.0000000Z","240"
"BHL","1m","2026-04-06T05:21:51.0000000Z","4229"
"BHL","1m","2026-04-06T05:22:48.0000000Z","1650"
"BHL","1m","2026-04-06T05:23:59.0000000Z","3692"
"BHL","1m","2026-04-06T05:24:50.0000000Z","3267"
"BHL","1m","2026-04-06T05:25:51.0000000Z","3492"
"BHL","1m","2026-04-06T05:26:59.0000000Z","6323"
"BHL","1m","2026-04-06T05:27:57.0000000Z","2500"
"BHL","1m","2026-04-06T05:28:47.0000000Z","565"
"BHL","1m","2026-04-06T05:29:46.0000000Z","855"
"BHL","1m","2026-04-06T05:30:49.0000000Z","11929"
"BHL","1m","2026-04-06T05:31:57.0000000Z","4467"
"BHL","1m","2026-04-06T05:32:54.0000000Z","7054"
"BHL","1m","2026-04-06T05:33:53.0000000Z","16528"
"BHL","1m","2026-04-06T05:34:53.0000000Z","6594"
"BHL","1m","2026-04-06T05:35:55.0000000Z","12306"
"BHL","1m","2026-04-06T05:36:59.0000000Z","1715"
"BHL","1m","2026-04-06T05:37:47.0000000Z","1720"
"BHL","1m","2026-04-06T05:38:59.0000000Z","2215"
"BHL","1m","2026-04-06T05:39:58.0000000Z","425"
"BHL","1m","2026-04-06T05:40:47.0000000Z","4207"
"BHL","1m","2026-04-06T05:41:36.0000000Z","851"
"BHL","1m","2026-04-06T05:42:49.0000000Z","3438"
"BHL","1m","2026-04-06T05:43:00.0000000Z","440"
"BHL","1m","2026-04-06T05:44:05.0000000Z","560"
"BHL","1m","2026-04-06T05:45:54.0000000Z","3916"
"BHL","1m","2026-04-06T05:46:59.0000000Z","1415"
"BHL","1m","2026-04-06T05:47:32.0000000Z","20"
"BHL","1m","2026-04-06T05:48:40.0000000Z","290"
"BHL","1m","2026-04-06T05:49:53.0000000Z","3024"
"BHL","1m","2026-04-06T05:50:43.0000000Z","1200"
"BHL","1m","2026-04-06T05:51:19.0000000Z","910"
"BHL","1m","2026-04-06T05:52:58.0000000Z","7662"
"BHL","1m","2026-04-06T05:53:37.0000000Z","1130"
"BHL","1m","2026-04-06T05:54:54.0000000Z","4076"
"BHL","1m","2026-04-06T05:55:55.0000000Z","705"
"BHL","1m","2026-04-06T05:56:58.0000000Z","2693"
"BHL","1m","2026-04-06T05:57:48.0000000Z","2320"
"BHL","1m","2026-04-06T05:58:49.0000000Z","8039"
"BHL","1m","2026-04-06T05:59:47.0000000Z","0"
"BHL","1m","2026-04-06T06:00:55.0000000Z","4508"
"BHL","1m","2026-04-06T06:01:48.0000000Z","3580"
"BHL","1m","2026-04-06T06:02:57.0000000Z","3666"
"BHL","1m","2026-04-06T06:03:41.0000000Z","3632"
"BHL","1m","2026-04-06T06:04:49.0000000Z","2320"
"BHL","1m","2026-04-06T06:05:43.0000000Z","8800"
"BHL","1m","2026-04-06T06:06:41.0000000Z","2720"
"BHL","1m","2026-04-06T06:07:44.0000000Z","100"
"BHL","1m","2026-04-06T06:08:19.0000000Z","8381"
"BHL","1m","2026-04-06T06:09:55.0000000Z","15297"
"BHL","1m","2026-04-06T06:10:53.0000000Z","2132"
"BHL","1m","2026-04-06T06:11:53.0000000Z","3120"
"BHL","1m","2026-04-06T06:12:53.0000000Z","5360"
"BHL","1m","2026-04-06T06:13:57.0000000Z","1308"
"BHL","1m","2026-04-06T06:14:58.0000000Z","5477"
"BHL","1m","2026-04-06T06:15:58.0000000Z","2225"
"BHL","1m","2026-04-06T06:16:58.0000000Z","14435"
"BHL","1m","2026-04-06T06:17:48.0000000Z","1430"
"BHL","1m","2026-04-06T06:18:55.0000000Z","9477"
"BHL","1m","2026-04-06T06:19:52.0000000Z","2100"
"BHL","1m","2026-04-06T06:20:56.0000000Z","1805"
"BHL","1m","2026-04-06T06:21:11.0000000Z","2387"
"BHL","1m","2026-04-06T06:22:43.0000000Z","210"
"BHL","1m","2026-04-06T06:23:32.0000000Z","65"
"BHL","1m","2026-04-06T06:24:50.0000000Z","1042"
"BHL","1m","2026-04-06T06:25:47.0000000Z","600"
"BHL","1m","2026-04-06T06:26:51.0000000Z","3926"
"BHL","1m","2026-04-06T06:27:42.0000000Z","890"
"BHL","1m","2026-04-06T06:28:50.0000000Z","1155"
"BHL","1m","2026-04-06T06:29:46.0000000Z","836"
"BHL","1m","2026-04-06T06:30:38.0000000Z","1286"
"BHL","1m","2026-04-06T06:31:52.0000000Z","1900"
"BHL","1m","2026-04-06T06:32:53.0000000Z","3202"
"BHL","1m","2026-04-06T06:33:49.0000000Z","4339"
"BHL","1m","2026-04-06T06:34:59.0000000Z","4325"
"BHL","1m","2026-04-06T06:35:55.0000000Z","191"
"BHL","1m","2026-04-06T06:36:47.0000000Z","320"
"BHL","1m","2026-04-06T06:37:55.0000000Z","2652"
"BHL","1m","2026-04-06T06:38:52.0000000Z","770"
"BHL","1m","2026-04-06T06:40:54.0000000Z","3654"
"BHL","1m","2026-04-06T06:41:48.0000000Z","2220"
"BHL","1m","2026-04-06T06:42:57.0000000Z","1420"
"BHL","1m","2026-04-06T06:43:56.0000000Z","19"
"BHL","1m","2026-04-06T06:44:58.0000000Z","1390"
"BHL","1m","2026-04-06T06:45:57.0000000Z","1348"
"BHL","1m","2026-04-06T06:46:18.0000000Z","20"
"BHL","1m","2026-04-06T06:47:50.0000000Z","2194"
"BHL","1m","2026-04-06T06:48:53.0000000Z","5741"
"BHL","1m","2026-04-06T06:49:47.0000000Z","4214"
"BHL","1m","2026-04-06T06:50:35.0000000Z","1324"
"BHL","1m","2026-04-06T06:51:41.0000000Z","1075"
"BHL","1m","2026-04-06T06:52:49.0000000Z","4047"
"BHL","1m","2026-04-06T06:53:37.0000000Z","0"
"BHL","1m","2026-04-06T06:54:57.0000000Z","3900"
"BHL","1m","2026-04-06T06:55:46.0000000Z","750"
"BHL","1m","2026-04-06T06:56:50.0000000Z","1250"
"BHL","1m","2026-04-06T06:57:31.0000000Z","300"
"BHL","1m","2026-04-06T06:58:20.0000000Z","443"
"BHL","1m","2026-04-06T06:59:49.0000000Z","445"
"BHL","1m","2026-04-06T07:00:45.0000000Z","3110"
"BHL","1m","2026-04-06T07:01:47.0000000Z","670"
"BHL","1m","2026-04-06T07:02:30.0000000Z","445"
"BHL","1m","2026-04-06T07:03:23.0000000Z","3003"
"BHL","1m","2026-04-06T07:04:54.0000000Z","645"
"BHL","1m","2026-04-06T07:05:05.0000000Z","20"
"BHL","1m","2026-04-06T07:06:45.0000000Z","400"
"BHL","1m","2026-04-06T07:08:46.0000000Z","1510"
"BHL","1m","2026-04-06T07:09:54.0000000Z","700"
"BHL","1m","2026-04-06T07:10:39.0000000Z","1933"
"BHL","1m","2026-04-06T07:11:38.0000000Z","555"
"BHL","1m","2026-04-06T07:12:28.0000000Z","1100"
"BHL","1m","2026-04-06T07:13:45.0000000Z","756"
"BHL","1m","2026-04-06T07:14:34.0000000Z","194"
"BHL","1m","2026-04-06T07:15:41.0000000Z","3065"
"BHL","1m","2026-04-06T07:16:26.0000000Z","50"
"BHL","1m","2026-04-06T07:17:56.0000000Z","3138"
"BHL","1m","2026-04-06T07:18:43.0000000Z","2350"
"BHL","1m","2026-04-06T07:19:38.0000000Z","210"
"BHL","1m","2026-04-06T07:20:40.0000000Z","10"
"BHL","1m","2026-04-06T07:21:53.0000000Z","1345"
"BHL","1m","2026-04-06T07:22:33.0000000Z","450"
"BHL","1m","2026-04-06T07:23:58.0000000Z","4759"
"BHL","1m","2026-04-06T07:24:56.0000000Z","430"
"BHL","1m","2026-04-06T07:25:51.0000000Z","110"
"BHL","1m","2026-04-06T07:26:53.0000000Z","10"
"BHL","1m","2026-04-06T07:27:58.0000000Z","210"
"BHL","1m","2026-04-06T07:28:36.0000000Z","380"
"BHL","1m","2026-04-06T07:29:49.0000000Z","0"
"BHL","1m","2026-04-06T07:30:35.0000000Z","390"
"BHL","1m","2026-04-06T07:31:56.0000000Z","995"
"BHL","1m","2026-04-06T07:32:40.0000000Z","116"
"BHL","1m","2026-04-06T07:34:41.0000000Z","20"
"BHL","1m","2026-04-06T07:35:23.0000000Z","15"
"BHL","1m","2026-04-06T07:36:12.0000000Z","460"
"BHL","1m","2026-04-06T07:37:53.0000000Z","30"
"BHL","1m","2026-04-06T07:39:49.0000000Z","1575"
"BHL","1m","2026-04-06T07:40:45.0000000Z","1480"
"BHL","1m","2026-04-06T07:41:18.0000000Z","244"
"BHL","1m","2026-04-06T07:42:52.0000000Z","3054"
"BHL","1m","2026-04-06T07:43:51.0000000Z","1071"
"BHL","1m","2026-04-06T07:44:47.0000000Z","11700"
"BHL","1m","2026-04-06T07:45:51.0000000Z","1600"
"BHL","1m","2026-04-06T07:49:34.0000000Z","110"
"BHL","1m","2026-04-06T07:50:38.0000000Z","400"
"BHL","1m","2026-04-06T07:51:53.0000000Z","2050"
"BHL","1m","2026-04-06T07:53:36.0000000Z","610"
"BHL","1m","2026-04-06T07:54:55.0000000Z","220"
"BHL","1m","2026-04-06T07:55:50.0000000Z","1600"
"BHL","1m","2026-04-06T07:56:04.0000000Z","1000"
"BHL","1m","2026-04-06T07:57:48.0000000Z","1600"
"BHL","1m","2026-04-06T07:58:36.0000000Z","843"
"BHL","1m","2026-04-06T07:59:39.0000000Z","80"
"BHL","1m","2026-04-06T08:02:50.0000000Z","2674"
"BHL","1m","2026-04-06T08:03:52.0000000Z","4103"
"BHL","1m","2026-04-06T08:04:47.0000000Z","1900"
"BHL","1m","2026-04-06T08:05:59.0000000Z","1506"
"BHL","1m","2026-04-06T08:06:40.0000000Z","60"
"BHL","1m","2026-04-06T08:07:55.0000000Z","2880"
"BHL","1m","2026-04-06T08:08:41.0000000Z","1434"
"BHL","1m","2026-04-06T08:09:45.0000000Z","1300"
"BHL","1m","2026-04-06T08:10:51.0000000Z","6212"
"BHL","1m","2026-04-06T08:11:22.0000000Z","1100"
"BHL","1m","2026-04-06T08:12:57.0000000Z","7000"
"BHL","1m","2026-04-06T08:13:58.0000000Z","2350"
"BHL","1m","2026-04-06T08:14:36.0000000Z","50"
"BHL","1m","2026-04-06T08:16:52.0000000Z","2544"
"BHL","1m","2026-04-06T08:17:44.0000000Z","590"
"BHL","1m","2026-04-06T08:18:17.0000000Z","1060"
"BHL","1m","2026-04-06T08:19:59.0000000Z","2111"
"BHL","1m","2026-04-06T08:20:59.0000000Z","6144"
"BHL","1m","2026-04-06T08:21:53.0000000Z","1033"
"BHL","1m","2026-04-06T08:22:37.0000000Z","750"
"BHL","1m","2026-04-06T08:23:59.0000000Z","4194"
"BHL","1m","2026-04-06T08:24:18.0000000Z","220"
"BHL","1m","2026-04-06T08:25:52.0000000Z","841"
"BHL","1m","2026-04-06T08:26:42.0000000Z","11510"
"BHL","1m","2026-04-06T08:27:54.0000000Z","14760"
"BHL","1m","2026-04-06T08:28:53.0000000Z","4959"
"BHL","1m","2026-04-06T08:29:57.0000000Z","1560"
"BHL","1m","2026-04-06T08:30:37.0000000Z","2054"
"BHL","1m","2026-04-06T08:31:57.0000000Z","4987"
"BHL","1m","2026-04-06T08:32:46.0000000Z","3414"
"BHL","1m","2026-04-06T08:33:50.0000000Z","4242"
"BHL","1m","2026-04-06T08:34:57.0000000Z","6150"
"BHL","1m","2026-04-06T08:35:52.0000000Z","1240"
"BHL","1m","2026-04-06T08:36:50.0000000Z","1830"
"BHL","1m","2026-04-06T08:37:52.0000000Z","7519"
"BHL","1m","2026-04-06T08:38:59.0000000Z","3160"
"BHL","1m","2026-04-06T08:39:56.0000000Z","1800"
"BHL","1m","2026-04-06T08:40:51.0000000Z","1320"
"BHL","1m","2026-04-06T08:41:55.0000000Z","1699"
"BHL","1m","2026-04-06T08:42:45.0000000Z","4950"
"BHL","1m","2026-04-06T08:43:58.0000000Z","230"
"BHL","1m","2026-04-06T08:44:51.0000000Z","4590"
"BHL","1m","2026-04-06T08:45:54.0000000Z","2007"
"BHL","1m","2026-04-06T08:46:58.0000000Z","2088"
"BHL","1m","2026-04-06T08:47:52.0000000Z","4560"
"BHL","1m","2026-04-06T08:48:52.0000000Z","120"
"BHL","1m","2026-04-06T08:49:50.0000000Z","3227"
"BHL","1m","2026-04-06T08:50:50.0000000Z","8259"
"BHL","1m","2026-04-06T08:51:57.0000000Z","2140"
"BHL","1m","2026-04-06T08:52:59.0000000Z","8381"
"BHL","1m","2026-04-06T08:53:59.0000000Z","3445"
"BHL","1m","2026-04-06T08:54:42.0000000Z","2810"
"BHL","1m","2026-04-06T08:55:56.0000000Z","2710"
"BHL","1m","2026-04-06T08:56:55.0000000Z","6300"
"BHL","1m","2026-04-06T08:57:50.0000000Z","4751"
"BHL","1m","2026-04-06T08:58:40.0000000Z","2809"
"BHL","1m","2026-04-06T08:59:40.0000000Z","3646"
"BHL","1m","2026-04-06T09:00:54.0000000Z","3022"
"BHL","1m","2026-04-06T09:01:58.0000000Z","3209"
"BHL","1m","2026-04-06T09:02:57.0000000Z","2802"
"BHL","1m","2026-04-06T09:03:45.0000000Z","3085"
"BHL","1m","2026-04-06T09:04:54.0000000Z","7470"
"BHL","1m","2026-04-06T09:05:57.0000000Z","4100"
"BHL","1m","2026-04-06T09:06:57.0000000Z","5875"
"BHL","1m","2026-04-06T09:07:47.0000000Z","2225"
"BHL","1m","2026-04-06T09:08:48.0000000Z","1045"
"BHL","1m","2026-04-06T09:09:59.0000000Z","1790"
"BHL","1m","2026-04-06T09:10:55.0000000Z","3360"
"BHL","1m","2026-04-06T09:11:37.0000000Z","2068"
"BHL","1m","2026-04-06T09:12:55.0000000Z","1901"
"BHL","1m","2026-04-06T09:13:56.0000000Z","9256"
"BHL","1m","2026-04-06T09:14:59.0000000Z","9394"
"BHL","1m","2026-04-07T05:15:54.0000000Z","2733"
"BHL","1m","2026-04-07T05:16:58.0000000Z","5075"
"BHL","1m","2026-04-07T05:17:50.0000000Z","7460"
"BHL","1m","2026-04-07T05:18:59.0000000Z","8964"
"BHL","1m","2026-04-07T05:19:43.0000000Z","3916"
"BHL","1m","2026-04-07T05:20:51.0000000Z","10789"
"BHL","1m","2026-04-07T05:21:49.0000000Z","3064"
"BHL","1m","2026-04-07T05:22:58.0000000Z","5009"
"BHL","1m","2026-04-07T05:23:54.0000000Z","9117"
"BHL","1m","2026-04-07T05:24:59.0000000Z","3889"
"BHL","1m","2026-04-07T05:25:57.0000000Z","1250"
"BHL","1m","2026-04-07T05:26:52.0000000Z","7871"
"BHL","1m","2026-04-07T05:27:41.0000000Z","10765"
"BHL","1m","2026-04-07T05:28:55.0000000Z","6819"
"BHL","1m","2026-04-07T05:29:47.0000000Z","5412"
"BHL","1m","2026-04-07T05:30:59.0000000Z","9362"
"BHL","1m","2026-04-07T05:31:47.0000000Z","0"
"BHL","1m","2026-04-07T05:32:57.0000000Z","8172"
"BHL","1m","2026-04-07T05:33:57.0000000Z","9088"
"BHL","1m","2026-04-07T05:34:53.0000000Z","2001"
"BHL","1m","2026-04-07T05:35:57.0000000Z","3121"
"BHL","1m","2026-04-07T05:36:52.0000000Z","136"
"BHL","1m","2026-04-07T05:37:36.0000000Z","1103"
"BHL","1m","2026-04-07T05:38:49.0000000Z","3897"
"BHL","1m","2026-04-07T05:39:58.0000000Z","2650"
"BHL","1m","2026-04-07T05:40:41.0000000Z","5580"
"BHL","1m","2026-04-07T05:41:51.0000000Z","5768"
"BHL","1m","2026-04-07T05:42:39.0000000Z","1100"
"BHL","1m","2026-04-07T05:43:51.0000000Z","1200"
"BHL","1m","2026-04-07T05:44:43.0000000Z","890"
"BHL","1m","2026-04-07T05:45:58.0000000Z","5500"
"BHL","1m","2026-04-07T05:46:48.0000000Z","950"
"BHL","1m","2026-04-07T05:47:40.0000000Z","1390"
"BHL","1m","2026-04-07T05:48:12.0000000Z","30"
"BHL","1m","2026-04-07T05:49:58.0000000Z","3325"
"BHL","1m","2026-04-07T05:50:32.0000000Z","100"
"BHL","1m","2026-04-07T05:51:50.0000000Z","1560"
"BHL","1m","2026-04-07T05:52:56.0000000Z","1035"
"BHL","1m","2026-04-07T05:53:47.0000000Z","1087"
"BHL","1m","2026-04-07T05:54:31.0000000Z","350"
"BHL","1m","2026-04-07T05:55:55.0000000Z","6218"
"BHL","1m","2026-04-07T05:56:47.0000000Z","825"
"BHL","1m","2026-04-07T05:57:48.0000000Z","2528"
"BHL","1m","2026-04-07T05:58:46.0000000Z","7704"
"BHL","1m","2026-04-07T05:59:41.0000000Z","2990"
"BHL","1m","2026-04-07T06:00:17.0000000Z","145"
"BHL","1m","2026-04-07T06:01:43.0000000Z","3183"
"BHL","1m","2026-04-07T06:02:51.0000000Z","2010"
"BHL","1m","2026-04-07T06:03:08.0000000Z","150"
"BHL","1m","2026-04-07T06:04:32.0000000Z","1000"
"BHL","1m","2026-04-07T06:05:22.0000000Z","2015"
"BHL","1m","2026-04-07T06:06:51.0000000Z","2287"
"BHL","1m","2026-04-07T06:07:21.0000000Z","0"
"BHL","1m","2026-04-07T06:08:30.0000000Z","1352"
"BHL","1m","2026-04-07T06:09:51.0000000Z","56"
"BHL","1m","2026-04-07T06:10:54.0000000Z","1851"
"BHL","1m","2026-04-07T06:11:51.0000000Z","4250"
"BHL","1m","2026-04-07T06:12:50.0000000Z","50"
"BHL","1m","2026-04-07T06:13:46.0000000Z","2487"
"BHL","1m","2026-04-07T06:14:45.0000000Z","326"
"BHL","1m","2026-04-07T06:15:56.0000000Z","960"
"BHL","1m","2026-04-07T06:16:22.0000000Z","1810"
"BHL","1m","2026-04-07T06:17:45.0000000Z","26"
"BHL","1m","2026-04-07T06:18:58.0000000Z","2900"
"BHL","1m","2026-04-07T06:19:41.0000000Z","710"
"BHL","1m","2026-04-07T06:20:39.0000000Z","2290"
"BHL","1m","2026-04-07T06:21:31.0000000Z","1536"
"BHL","1m","2026-04-07T06:22:44.0000000Z","15"
"BHL","1m","2026-04-07T06:24:40.0000000Z","820"
"BHL","1m","2026-04-07T06:25:59.0000000Z","240"
"BHL","1m","2026-04-07T06:26:55.0000000Z","500"
"BHL","1m","2026-04-07T06:28:54.0000000Z","117"
"BHL","1m","2026-04-07T06:29:49.0000000Z","1810"
"BHL","1m","2026-04-07T06:30:40.0000000Z","983"
"BHL","1m","2026-04-07T06:31:45.0000000Z","983"
"BHL","1m","2026-04-07T06:32:38.0000000Z","0"
"BHL","1m","2026-04-07T06:33:57.0000000Z","3304"
"BHL","1m","2026-04-07T06:34:56.0000000Z","495"
"BHL","1m","2026-04-07T06:35:39.0000000Z","550"
"BHL","1m","2026-04-07T06:36:39.0000000Z","2910"
"BHL","1m","2026-04-07T06:37:44.0000000Z","7490"
"BHL","1m","2026-04-07T06:38:49.0000000Z","11582"
"BHL","1m","2026-04-07T06:39:30.0000000Z","2100"
"BHL","1m","2026-04-07T06:40:59.0000000Z","3417"
"BHL","1m","2026-04-07T06:41:22.0000000Z","3630"
"BHL","1m","2026-04-07T06:42:32.0000000Z","273"
"BHL","1m","2026-04-07T06:43:47.0000000Z","18807"
"BHL","1m","2026-04-07T06:44:56.0000000Z","3373"
"BHL","1m","2026-04-07T06:45:18.0000000Z","0"
"BHL","1m","2026-04-07T06:46:58.0000000Z","7023"
"BHL","1m","2026-04-07T06:47:47.0000000Z","20788"
"BHL","1m","2026-04-07T06:48:44.0000000Z","6200"
"BHL","1m","2026-04-07T06:49:54.0000000Z","5300"
"BHL","1m","2026-04-07T06:50:27.0000000Z","700"
"BHL","1m","2026-04-07T06:51:57.0000000Z","360"
"BHL","1m","2026-04-07T06:53:56.0000000Z","270"
"BHL","1m","2026-04-07T06:54:37.0000000Z","3930"
"BHL","1m","2026-04-07T06:55:59.0000000Z","40"
"BHL","1m","2026-04-07T06:56:24.0000000Z","2815"
"BHL","1m","2026-04-07T06:57:53.0000000Z","610"
"BHL","1m","2026-04-07T06:58:46.0000000Z","2760"
"BHL","1m","2026-04-07T06:59:38.0000000Z","10"
"BHL","1m","2026-04-07T07:00:58.0000000Z","2578"
"BHL","1m","2026-04-07T07:01:38.0000000Z","976"
"BHL","1m","2026-04-07T07:02:44.0000000Z","1050"
"BHL","1m","2026-04-07T07:03:07.0000000Z","200"
"BHL","1m","2026-04-07T07:04:13.0000000Z","360"
"BHL","1m","2026-04-07T07:05:18.0000000Z","100"
"BHL","1m","2026-04-07T07:08:46.0000000Z","2530"
"BHL","1m","2026-04-07T07:09:37.0000000Z","0"
"BHL","1m","2026-04-07T07:10:54.0000000Z","4549"
"BHL","1m","2026-04-07T07:11:20.0000000Z","132"
"BHL","1m","2026-04-07T07:12:39.0000000Z","3100"
"BHL","1m","2026-04-07T07:13:17.0000000Z","100"
"BHL","1m","2026-04-07T07:14:04.0000000Z","2000"
"BHL","1m","2026-04-07T07:15:52.0000000Z","1535"
"BHL","1m","2026-04-07T07:16:35.0000000Z","915"
"BHL","1m","2026-04-07T07:17:29.0000000Z","2841"
"BHL","1m","2026-04-07T07:18:50.0000000Z","789"
"BHL","1m","2026-04-07T07:19:22.0000000Z","1610"
"BHL","1m","2026-04-07T07:20:44.0000000Z","1300"
"BHL","1m","2026-04-07T07:22:35.0000000Z","730"
"BHL","1m","2026-04-07T07:24:18.0000000Z","150"
"BHL","1m","2026-04-07T07:25:20.0000000Z","920"
"BHL","1m","2026-04-07T07:26:57.0000000Z","960"
"BHL","1m","2026-04-07T07:27:22.0000000Z","0"
"BHL","1m","2026-04-07T07:28:53.0000000Z","475"
"BHL","1m","2026-04-07T07:29:51.0000000Z","70"
"BHL","1m","2026-04-07T07:31:18.0000000Z","68"
"BHL","1m","2026-04-07T07:32:41.0000000Z","180"
"BHL","1m","2026-04-07T07:34:40.0000000Z","200"
"BHL","1m","2026-04-07T07:36:50.0000000Z","500"
"BHL","1m","2026-04-07T07:38:59.0000000Z","300"
"BHL","1m","2026-04-07T07:39:50.0000000Z","1630"
"BHL","1m","2026-04-07T07:40:08.0000000Z","225"
"BHL","1m","2026-04-07T07:41:35.0000000Z","1010"
"BHL","1m","2026-04-07T07:42:05.0000000Z","102"
"BHL","1m","2026-04-07T07:43:30.0000000Z","0"
"BHL","1m","2026-04-07T07:44:51.0000000Z","3115"
"BHL","1m","2026-04-07T07:45:33.0000000Z","50"
"BHL","1m","2026-04-07T07:46:34.0000000Z","2410"
"BHL","1m","2026-04-07T07:47:59.0000000Z","3491"
"BHL","1m","2026-04-07T07:48:32.0000000Z","2209"
"BHL","1m","2026-04-07T07:49:45.0000000Z","3510"
"BHL","1m","2026-04-07T07:51:44.0000000Z","1000"
"BHL","1m","2026-04-07T07:52:40.0000000Z","10"
"BHL","1m","2026-04-07T07:53:48.0000000Z","2000"
"BHL","1m","2026-04-07T07:54:54.0000000Z","40"
"BHL","1m","2026-04-07T07:55:41.0000000Z","10"
"BHL","1m","2026-04-07T07:56:39.0000000Z","200"
"BHL","1m","2026-04-07T07:57:54.0000000Z","3610"
"BHL","1m","2026-04-07T07:58:14.0000000Z","200"
"BHL","1m","2026-04-07T08:00:13.0000000Z","540"
"BHL","1m","2026-04-07T08:01:36.0000000Z","500"
"BHL","1m","2026-04-07T08:02:58.0000000Z","467"
"BHL","1m","2026-04-07T08:03:40.0000000Z","750"
"BHL","1m","2026-04-07T08:04:50.0000000Z","698"
"BHL","1m","2026-04-07T08:05:49.0000000Z","257"
"BHL","1m","2026-04-07T08:06:22.0000000Z","1000"
"BHL","1m","2026-04-07T08:09:29.0000000Z","330"
"BHL","1m","2026-04-07T08:11:07.0000000Z","0"
"BHL","1m","2026-04-07T08:12:30.0000000Z","2264"
"BHL","1m","2026-04-07T08:13:54.0000000Z","0"
"BHL","1m","2026-04-07T08:14:37.0000000Z","12575"
"BHL","1m","2026-04-07T08:15:48.0000000Z","0"
"BHL","1m","2026-04-07T08:16:06.0000000Z","46"
"BHL","1m","2026-04-07T08:17:52.0000000Z","80"
"BHL","1m","2026-04-07T08:18:49.0000000Z","205"
"BHL","1m","2026-04-07T08:19:41.0000000Z","1090"
"BHL","1m","2026-04-07T08:20:41.0000000Z","1208"
"BHL","1m","2026-04-07T08:22:29.0000000Z","492"
"BHL","1m","2026-04-07T08:23:58.0000000Z","30"
"BHL","1m","2026-04-07T08:24:35.0000000Z","360"
"BHL","1m","2026-04-07T08:25:31.0000000Z","698"
"BHL","1m","2026-04-07T08:27:43.0000000Z","350"
"BHL","1m","2026-04-07T08:28:45.0000000Z","110"
"BHL","1m","2026-04-07T08:29:55.0000000Z","738"
"BHL","1m","2026-04-07T08:30:47.0000000Z","162"
"BHL","1m","2026-04-07T08:31:42.0000000Z","10"
"BHL","1m","2026-04-07T08:32:35.0000000Z","0"
"BHL","1m","2026-04-07T08:34:45.0000000Z","3822"
"BHL","1m","2026-04-07T08:35:37.0000000Z","2000"
"BHL","1m","2026-04-07T08:36:59.0000000Z","13933"
"BHL","1m","2026-04-07T08:38:38.0000000Z","2460"
"BHL","1m","2026-04-07T08:39:12.0000000Z","20"
"BHL","1m","2026-04-07T08:40:54.0000000Z","2270"
"BHL","1m","2026-04-07T08:42:43.0000000Z","260"
"BHL","1m","2026-04-07T08:43:40.0000000Z","515"
"BHL","1m","2026-04-07T08:44:43.0000000Z","2020"
"BHL","1m","2026-04-07T08:46:44.0000000Z","700"
"BHL","1m","2026-04-07T08:47:56.0000000Z","310"
"BHL","1m","2026-04-07T08:48:51.0000000Z","10050"
"BHL","1m","2026-04-07T08:49:53.0000000Z","1100"
"BHL","1m","2026-04-07T08:50:44.0000000Z","1187"
"BHL","1m","2026-04-07T08:51:45.0000000Z","490"
"BHL","1m","2026-04-07T08:52:35.0000000Z","93"
"BHL","1m","2026-04-07T08:53:39.0000000Z","0"
"BHL","1m","2026-04-07T08:54:49.0000000Z","6030"
"BHL","1m","2026-04-07T08:55:53.0000000Z","3113"
"BHL","1m","2026-04-07T08:56:44.0000000Z","120"
"BHL","1m","2026-04-07T08:57:44.0000000Z","525"
"BHL","1m","2026-04-07T08:58:58.0000000Z","1100"
"BHL","1m","2026-04-07T08:59:51.0000000Z","200"
"BHL","1m","2026-04-07T09:00:49.0000000Z","1213"
"BHL","1m","2026-04-07T09:01:31.0000000Z","780"
"BHL","1m","2026-04-07T09:02:56.0000000Z","25"
"BHL","1m","2026-04-07T09:03:35.0000000Z","2615"
"BHL","1m","2026-04-07T09:04:40.0000000Z","707"
"BHL","1m","2026-04-07T09:05:41.0000000Z","1305"
"BHL","1m","2026-04-07T09:06:47.0000000Z","1450"
"BHL","1m","2026-04-07T09:07:50.0000000Z","2940"
"BHL","1m","2026-04-07T09:08:50.0000000Z","1200"
"BHL","1m","2026-04-07T09:09:59.0000000Z","7570"
"BHL","1m","2026-04-07T09:10:19.0000000Z","25"
"BHL","1m","2026-04-07T09:11:39.0000000Z","5290"
"BHL","1m","2026-04-07T09:12:49.0000000Z","5495"
"BHL","1m","2026-04-07T09:13:30.0000000Z","7134"
"BHL","1m","2026-04-07T09:14:59.0000000Z","16090"
"BHL","1m","2026-04-08T05:15:54.0000000Z","10"
"BHL","1m","2026-04-08T05:16:58.0000000Z","7988"
"BHL","1m","2026-04-08T05:17:55.0000000Z","7318"
"BHL","1m","2026-04-08T05:18:55.0000000Z","2258"
"BHL","1m","2026-04-08T05:19:33.0000000Z","5498"
"BHL","1m","2026-04-08T05:20:59.0000000Z","2940"
"BHL","1m","2026-04-08T05:22:57.0000000Z","9120"
"BHL","1m","2026-04-08T05:23:15.0000000Z","1720"
"BHL","1m","2026-04-08T05:24:52.0000000Z","260"
"BHL","1m","2026-04-08T05:25:57.0000000Z","360"
"BHL","1m","2026-04-08T05:26:32.0000000Z","934"
"BHL","1m","2026-04-08T05:27:46.0000000Z","1170"
"BHL","1m","2026-04-08T05:28:57.0000000Z","1450"
"BHL","1m","2026-04-08T05:29:55.0000000Z","90"
"BHL","1m","2026-04-08T05:30:18.0000000Z","210"
"BHL","1m","2026-04-08T05:31:56.0000000Z","2325"
"BHL","1m","2026-04-08T05:32:50.0000000Z","4000"
"BHL","1m","2026-04-08T05:33:54.0000000Z","240"
"BHL","1m","2026-04-08T05:35:44.0000000Z","20"
"BHL","1m","2026-04-08T05:37:36.0000000Z","1880"
"BHL","1m","2026-04-08T05:38:45.0000000Z","10"
"BHL","1m","2026-04-08T05:39:24.0000000Z","220"
"BHL","1m","2026-04-08T05:40:49.0000000Z","611"
"BHL","1m","2026-04-08T05:41:59.0000000Z","235"
"BHL","1m","2026-04-08T05:42:51.0000000Z","1740"
"BHL","1m","2026-04-08T05:43:48.0000000Z","30"
"BHL","1m","2026-04-08T05:44:53.0000000Z","1740"
"BHL","1m","2026-04-08T05:45:33.0000000Z","1644"
"BHL","1m","2026-04-08T05:46:59.0000000Z","2810"
"BHL","1m","2026-04-08T05:47:53.0000000Z","290"
"BHL","1m","2026-04-08T05:48:45.0000000Z","1580"
"BHL","1m","2026-04-08T05:49:28.0000000Z","1150"
"BHL","1m","2026-04-08T05:50:45.0000000Z","480"
"BHL","1m","2026-04-08T05:51:59.0000000Z","305"
"BHL","1m","2026-04-08T05:52:36.0000000Z","420"
"BHL","1m","2026-04-08T05:53:57.0000000Z","260"
"BHL","1m","2026-04-08T05:54:33.0000000Z","1570"
"BHL","1m","2026-04-08T05:55:41.0000000Z","644"
"BHL","1m","2026-04-08T05:56:46.0000000Z","1113"
"BHL","1m","2026-04-08T05:57:49.0000000Z","350"
"BHL","1m","2026-04-08T05:58:07.0000000Z","192"
"BHL","1m","2026-04-08T05:59:22.0000000Z","6800"
"BHL","1m","2026-04-08T06:01:58.0000000Z","100"
"BHL","1m","2026-04-08T06:02:31.0000000Z","500"
"BHL","1m","2026-04-08T06:04:52.0000000Z","1240"
"BHL","1m","2026-04-08T06:05:21.0000000Z","153"
"BHL","1m","2026-04-08T06:06:48.0000000Z","3350"
"BHL","1m","2026-04-08T06:07:51.0000000Z","0"
"BHL","1m","2026-04-08T06:09:02.0000000Z","3340"
"BHL","1m","2026-04-08T06:10:29.0000000Z","105"
"BHL","1m","2026-04-08T06:12:51.0000000Z","2240"
"BHL","1m","2026-04-08T06:13:50.0000000Z","1100"
"BHL","1m","2026-04-08T06:14:23.0000000Z","100"
"BHL","1m","2026-04-08T06:15:04.0000000Z","20"
"BHL","1m","2026-04-08T06:17:45.0000000Z","50"
"BHL","1m","2026-04-08T06:18:20.0000000Z","745"
"BHL","1m","2026-04-08T06:19:26.0000000Z","200"
"BHL","1m","2026-04-08T06:20:32.0000000Z","20"
"BHL","1m","2026-04-08T06:21:47.0000000Z","1000"
"BHL","1m","2026-04-08T06:22:38.0000000Z","47"
"BHL","1m","2026-04-08T06:24:46.0000000Z","263"
"BHL","1m","2026-04-08T06:25:42.0000000Z","2737"
"BHL","1m","2026-04-08T06:26:03.0000000Z","400"
"BHL","1m","2026-04-08T06:27:35.0000000Z","1275"
"BHL","1m","2026-04-08T06:28:10.0000000Z","10"
"BHL","1m","2026-04-08T06:30:34.0000000Z","100"
"BHL","1m","2026-04-08T06:32:40.0000000Z","110"
"BHL","1m","2026-04-08T06:33:39.0000000Z","1000"
"BHL","1m","2026-04-08T06:35:46.0000000Z","2084"
"BHL","1m","2026-04-08T06:36:45.0000000Z","2412"
"BHL","1m","2026-04-08T06:37:48.0000000Z","3310"
"BHL","1m","2026-04-08T06:38:52.0000000Z","1068"
"BHL","1m","2026-04-08T06:39:34.0000000Z","0"
"BHL","1m","2026-04-08T06:41:26.0000000Z","925"
"BHL","1m","2026-04-08T06:42:45.0000000Z","54"
"BHL","1m","2026-04-08T06:43:56.0000000Z","440"
"BHL","1m","2026-04-08T06:44:57.0000000Z","0"
"BHL","1m","2026-04-08T06:45:04.0000000Z","464"
"BHL","1m","2026-04-08T06:46:13.0000000Z","40"
"BHL","1m","2026-04-08T06:49:34.0000000Z","25"
"BHL","1m","2026-04-08T06:51:48.0000000Z","420"
"BHL","1m","2026-04-08T06:52:40.0000000Z","497"
"BHL","1m","2026-04-08T06:53:47.0000000Z","50"
"BHL","1m","2026-04-08T06:54:55.0000000Z","115"
"BHL","1m","2026-04-08T06:55:56.0000000Z","710"
"BHL","1m","2026-04-08T06:56:55.0000000Z","0"
"BHL","1m","2026-04-08T06:57:51.0000000Z","300"
"BHL","1m","2026-04-08T06:58:47.0000000Z","315"
"BHL","1m","2026-04-08T06:59:02.0000000Z","90"
"BHL","1m","2026-04-08T07:00:52.0000000Z","1669"
"BHL","1m","2026-04-08T07:01:38.0000000Z","1296"
"BHL","1m","2026-04-08T07:03:49.0000000Z","410"
"BHL","1m","2026-04-08T07:04:23.0000000Z","270"
"BHL","1m","2026-04-08T07:05:49.0000000Z","130"
"BHL","1m","2026-04-08T07:06:57.0000000Z","490"
"BHL","1m","2026-04-08T07:07:56.0000000Z","910"
"BHL","1m","2026-04-08T07:08:51.0000000Z","140"
"BHL","1m","2026-04-08T07:09:52.0000000Z","3710"
"BHL","1m","2026-04-08T07:10:08.0000000Z","0"
"BHL","1m","2026-04-08T07:11:17.0000000Z","1100"
"BHL","1m","2026-04-08T07:12:57.0000000Z","231"
"BHL","1m","2026-04-08T07:13:48.0000000Z","4101"
"BHL","1m","2026-04-08T07:14:57.0000000Z","990"
"BHL","1m","2026-04-08T07:15:04.0000000Z","990"
"BHL","1m","2026-04-08T07:16:08.0000000Z","1060"
"BHL","1m","2026-04-08T07:17:38.0000000Z","950"
"BHL","1m","2026-04-08T07:18:42.0000000Z","50"
"BHL","1m","2026-04-08T07:19:51.0000000Z","2700"
"BHL","1m","2026-04-08T07:20:23.0000000Z","110"
"BHL","1m","2026-04-08T07:21:54.0000000Z","514"
"BHL","1m","2026-04-08T07:22:53.0000000Z","4650"
"BHL","1m","2026-04-08T07:23:50.0000000Z","700"
"BHL","1m","2026-04-08T07:24:59.0000000Z","300"
"BHL","1m","2026-04-08T07:25:44.0000000Z","620"
"BHL","1m","2026-04-08T07:26:38.0000000Z","410"
"BHL","1m","2026-04-08T07:27:53.0000000Z","553"
"BHL","1m","2026-04-08T07:28:39.0000000Z","276"
"BHL","1m","2026-04-08T07:29:39.0000000Z","76"
"BHL","1m","2026-04-08T07:30:53.0000000Z","1054"
"BHL","1m","2026-04-08T07:31:47.0000000Z","500"
"BHL","1m","2026-04-08T07:32:39.0000000Z","3555"
"BHL","1m","2026-04-08T07:34:50.0000000Z","355"
"BHL","1m","2026-04-08T07:36:09.0000000Z","194"
"BHL","1m","2026-04-08T07:37:58.0000000Z","638"
"BHL","1m","2026-04-08T07:38:38.0000000Z","60"
"BHL","1m","2026-04-08T07:39:14.0000000Z","12"
"BHL","1m","2026-04-08T07:41:51.0000000Z","424"
"BHL","1m","2026-04-08T07:42:12.0000000Z","527"
"BHL","1m","2026-04-08T07:43:39.0000000Z","0"
"BHL","1m","2026-04-08T07:45:37.0000000Z","1067"
"BHL","1m","2026-04-08T07:47:11.0000000Z","200"
"BHL","1m","2026-04-08T07:48:30.0000000Z","220"
"BHL","1m","2026-04-08T07:49:09.0000000Z","1246"
"BHL","1m","2026-04-08T07:51:55.0000000Z","1770"
"BHL","1m","2026-04-08T07:52:43.0000000Z","14094"
"BHL","1m","2026-04-08T07:55:52.0000000Z","600"
"BHL","1m","2026-04-08T07:56:48.0000000Z","1020"
"BHL","1m","2026-04-08T07:57:37.0000000Z","3100"
"BHL","1m","2026-04-08T07:58:24.0000000Z","2708"
"BHL","1m","2026-04-08T07:59:59.0000000Z","3620"
"BHL","1m","2026-04-08T08:00:23.0000000Z","380"
"BHL","1m","2026-04-08T08:01:45.0000000Z","98"
"BHL","1m","2026-04-08T08:02:50.0000000Z","523"
"BHL","1m","2026-04-08T08:03:22.0000000Z","0"
"BHL","1m","2026-04-08T08:04:48.0000000Z","487"
"BHL","1m","2026-04-08T08:05:02.0000000Z","20"
"BHL","1m","2026-04-08T08:06:59.0000000Z","474"
"BHL","1m","2026-04-08T08:07:17.0000000Z","186"
"BHL","1m","2026-04-08T08:08:22.0000000Z","500"
"BHL","1m","2026-04-08T08:09:46.0000000Z","3020"
"BHL","1m","2026-04-08T08:10:38.0000000Z","2000"
"BHL","1m","2026-04-08T08:11:42.0000000Z","11"
"BHL","1m","2026-04-08T08:12:31.0000000Z","602"
"BHL","1m","2026-04-08T08:13:31.0000000Z","565"
"BHL","1m","2026-04-08T08:16:59.0000000Z","700"
"BHL","1m","2026-04-08T08:18:03.0000000Z","319"
"BHL","1m","2026-04-08T08:19:00.0000000Z","30"
"BHL","1m","2026-04-08T08:20:12.0000000Z","198"
"BHL","1m","2026-04-08T08:22:23.0000000Z","20"
"BHL","1m","2026-04-08T08:23:40.0000000Z","1000"
"BHL","1m","2026-04-08T08:24:42.0000000Z","1534"
"BHL","1m","2026-04-08T08:26:57.0000000Z","35"
"BHL","1m","2026-04-08T08:27:58.0000000Z","855"
"BHL","1m","2026-04-08T08:28:46.0000000Z","2829"
"BHL","1m","2026-04-08T08:29:22.0000000Z","879"
"BHL","1m","2026-04-08T08:30:14.0000000Z","121"
"BHL","1m","2026-04-08T08:32:34.0000000Z","25"
"BHL","1m","2026-04-08T08:34:34.0000000Z","52"
"BHL","1m","2026-04-08T08:35:52.0000000Z","0"
"BHL","1m","2026-04-08T08:36:47.0000000Z","4283"
"BHL","1m","2026-04-08T08:37:45.0000000Z","8269"
"BHL","1m","2026-04-08T08:38:50.0000000Z","2651"
"BHL","1m","2026-04-08T08:40:22.0000000Z","10"
"BHL","1m","2026-04-08T08:41:18.0000000Z","1500"
"BHL","1m","2026-04-08T08:43:26.0000000Z","12"
"BHL","1m","2026-04-08T08:44:25.0000000Z","0"
"BHL","1m","2026-04-08T08:45:48.0000000Z","315"
"BHL","1m","2026-04-08T08:47:53.0000000Z","2020"
"BHL","1m","2026-04-08T08:48:41.0000000Z","300"
"BHL","1m","2026-04-08T08:50:42.0000000Z","20"
"BHL","1m","2026-04-08T08:51:40.0000000Z","0"
"BHL","1m","2026-04-08T08:52:43.0000000Z","619"
"BHL","1m","2026-04-08T08:53:42.0000000Z","0"
"BHL","1m","2026-04-08T08:54:30.0000000Z","235"
"BHL","1m","2026-04-08T08:56:38.0000000Z","4065"
"BHL","1m","2026-04-08T08:57:50.0000000Z","750"
"BHL","1m","2026-04-08T08:58:51.0000000Z","2256"
"BHL","1m","2026-04-08T08:59:58.0000000Z","514"
"BHL","1m","2026-04-08T09:00:49.0000000Z","779"
"BHL","1m","2026-04-08T09:01:54.0000000Z","540"
"BHL","1m","2026-04-08T09:02:46.0000000Z","4343"
"BHL","1m","2026-04-08T09:03:39.0000000Z","180"
"BHL","1m","2026-04-08T09:04:53.0000000Z","300"
"BHL","1m","2026-04-08T09:05:12.0000000Z","180"
"BHL","1m","2026-04-08T09:06:52.0000000Z","1470"
"BHL","1m","2026-04-08T09:07:46.0000000Z","100"
"BHL","1m","2026-04-08T09:08:49.0000000Z","1450"
"BHL","1m","2026-04-08T09:09:51.0000000Z","584"
"BHL","1m","2026-04-08T09:10:41.0000000Z","2047"
"BHL","1m","2026-04-08T09:11:44.0000000Z","4820"
"BHL","1m","2026-04-08T09:12:53.0000000Z","5020"
"BHL","1m","2026-04-08T09:13:55.0000000Z","3350"
"BHL","1m","2026-04-08T09:14:59.0000000Z","7200"
"BHL","1m","2026-04-09T05:15:45.0000000Z","143"
"BHL","1m","2026-04-09T05:16:22.0000000Z","0"
"BHL","1m","2026-04-09T05:19:29.0000000Z","540"
"BHL","1m","2026-04-09T05:21:59.0000000Z","1145"
"BHL","1m","2026-04-09T05:23:54.0000000Z","4200"
"BHL","1m","2026-04-09T05:24:43.0000000Z","211"
"BHL","1m","2026-04-09T05:25:46.0000000Z","335"
"BHL","1m","2026-04-09T05:26:51.0000000Z","520"
"BHL","1m","2026-04-09T05:27:59.0000000Z","5067"
"BHL","1m","2026-04-09T05:28:56.0000000Z","1900"
"BHL","1m","2026-04-09T05:29:59.0000000Z","2873"
"BHL","1m","2026-04-09T05:30:35.0000000Z","100"
"BHL","1m","2026-04-09T05:32:53.0000000Z","2033"
"BHL","1m","2026-04-09T05:33:26.0000000Z","10"
"BHL","1m","2026-04-09T05:36:34.0000000Z","1535"
"BHL","1m","2026-04-09T05:37:22.0000000Z","0"
"BHL","1m","2026-04-09T05:39:45.0000000Z","110"
"BHL","1m","2026-04-09T05:40:55.0000000Z","715"
"BHL","1m","2026-04-09T05:42:31.0000000Z","700"
"BHL","1m","2026-04-09T05:45:58.0000000Z","0"
"BHL","1m","2026-04-09T05:46:59.0000000Z","1548"
"BHL","1m","2026-04-09T05:47:31.0000000Z","1500"
"BHL","1m","2026-04-09T05:48:37.0000000Z","1608"
"BHL","1m","2026-04-09T05:50:38.0000000Z","710"
"BHL","1m","2026-04-09T05:51:26.0000000Z","10"
"BHL","1m","2026-04-09T05:52:27.0000000Z","120"
"BHL","1m","2026-04-09T05:53:37.0000000Z","3380"
"BHL","1m","2026-04-09T05:54:10.0000000Z","100"
"BHL","1m","2026-04-09T05:55:54.0000000Z","2149"
"BHL","1m","2026-04-09T05:56:55.0000000Z","1340"
"BHL","1m","2026-04-09T05:57:35.0000000Z","90"
"BHL","1m","2026-04-09T05:58:55.0000000Z","182"
"BHL","1m","2026-04-09T06:00:21.0000000Z","1200"
"BHL","1m","2026-04-09T06:01:56.0000000Z","1000"
"BHL","1m","2026-04-09T06:02:44.0000000Z","2700"
"BHL","1m","2026-04-09T06:03:41.0000000Z","350"
"BHL","1m","2026-04-09T06:05:48.0000000Z","710"
"BHL","1m","2026-04-09T06:06:00.0000000Z","0"
"BHL","1m","2026-04-09T06:07:47.0000000Z","2610"
"BHL","1m","2026-04-09T06:08:53.0000000Z","4700"
"BHL","1m","2026-04-09T06:09:37.0000000Z","22"
"BHL","1m","2026-04-09T06:10:29.0000000Z","500"
"BHL","1m","2026-04-09T06:11:54.0000000Z","2473"
"BHL","1m","2026-04-09T06:12:51.0000000Z","1444"
"BHL","1m","2026-04-09T06:13:50.0000000Z","20"
"BHL","1m","2026-04-09T06:14:51.0000000Z","1685"
"BHL","1m","2026-04-09T06:16:43.0000000Z","1010"
"BHL","1m","2026-04-09T06:17:50.0000000Z","926"
"BHL","1m","2026-04-09T06:18:03.0000000Z","40"
"BHL","1m","2026-04-09T06:19:06.0000000Z","250"
"BHL","1m","2026-04-09T06:20:56.0000000Z","1378"
"BHL","1m","2026-04-09T06:21:59.0000000Z","4012"
"BHL","1m","2026-04-09T06:22:46.0000000Z","0"
"BHL","1m","2026-04-09T06:24:49.0000000Z","1880"
"BHL","1m","2026-04-09T06:25:54.0000000Z","470"
"BHL","1m","2026-04-09T06:26:52.0000000Z","1205"
"BHL","1m","2026-04-09T06:27:39.0000000Z","566"
"BHL","1m","2026-04-09T06:28:45.0000000Z","90"
"BHL","1m","2026-04-09T06:29:58.0000000Z","5482"
"BHL","1m","2026-04-09T06:30:04.0000000Z","0"
"BHL","1m","2026-04-09T06:31:37.0000000Z","2968"
"BHL","1m","2026-04-09T06:32:55.0000000Z","1620"
"BHL","1m","2026-04-09T06:33:57.0000000Z","2532"
"BHL","1m","2026-04-09T06:34:19.0000000Z","750"
"BHL","1m","2026-04-09T06:35:50.0000000Z","2130"
"BHL","1m","2026-04-09T06:36:49.0000000Z","1670"
"BHL","1m","2026-04-09T06:37:53.0000000Z","2500"
"BHL","1m","2026-04-09T06:38:32.0000000Z","2090"
"BHL","1m","2026-04-09T06:39:32.0000000Z","1495"
"BHL","1m","2026-04-09T06:40:47.0000000Z","2407"
"BHL","1m","2026-04-09T06:41:44.0000000Z","10200"
"BHL","1m","2026-04-09T06:42:45.0000000Z","4432"
"BHL","1m","2026-04-09T06:43:03.0000000Z","430"
"BHL","1m","2026-04-09T06:44:52.0000000Z","3588"
"BHL","1m","2026-04-09T06:45:55.0000000Z","2325"
"BHL","1m","2026-04-09T06:46:56.0000000Z","2381"
"BHL","1m","2026-04-09T06:47:51.0000000Z","483"
"BHL","1m","2026-04-09T06:48:38.0000000Z","100"
"BHL","1m","2026-04-09T06:49:41.0000000Z","1530"
"BHL","1m","2026-04-09T06:50:31.0000000Z","960"
"BHL","1m","2026-04-09T06:51:37.0000000Z","3860"
"BHL","1m","2026-04-09T06:52:35.0000000Z","1050"
"BHL","1m","2026-04-09T06:53:56.0000000Z","2330"
"BHL","1m","2026-04-09T06:54:57.0000000Z","2215"
"BHL","1m","2026-04-09T06:55:57.0000000Z","1075"
"BHL","1m","2026-04-09T06:56:53.0000000Z","700"
"BHL","1m","2026-04-09T06:57:08.0000000Z","842"
"BHL","1m","2026-04-09T06:58:47.0000000Z","400"
"BHL","1m","2026-04-09T07:00:54.0000000Z","1549"
"BHL","1m","2026-04-09T07:01:55.0000000Z","620"
"BHL","1m","2026-04-09T07:02:54.0000000Z","725"
"BHL","1m","2026-04-09T07:03:57.0000000Z","3060"
"BHL","1m","2026-04-09T07:04:17.0000000Z","200"
"BHL","1m","2026-04-09T07:05:04.0000000Z","100"
"BHL","1m","2026-04-09T07:06:17.0000000Z","3458"
"BHL","1m","2026-04-09T07:07:32.0000000Z","1000"
"BHL","1m","2026-04-09T07:08:23.0000000Z","1000"
"BHL","1m","2026-04-09T07:09:42.0000000Z","2363"
"BHL","1m","2026-04-09T07:10:54.0000000Z","1260"
"BHL","1m","2026-04-09T07:11:53.0000000Z","1211"
"BHL","1m","2026-04-09T07:12:57.0000000Z","1650"
"BHL","1m","2026-04-09T07:13:39.0000000Z","1064"
"BHL","1m","2026-04-09T07:14:24.0000000Z","540"
"BHL","1m","2026-04-09T07:15:09.0000000Z","1036"
"BHL","1m","2026-04-09T07:16:11.0000000Z","0"
"BHL","1m","2026-04-09T07:17:46.0000000Z","1280"
"BHL","1m","2026-04-09T07:18:53.0000000Z","945"
"BHL","1m","2026-04-09T07:19:49.0000000Z","2275"
"BHL","1m","2026-04-09T07:20:00.0000000Z","275"
"BHL","1m","2026-04-09T07:21:37.0000000Z","532"
"BHL","1m","2026-04-09T07:22:55.0000000Z","4715"
"BHL","1m","2026-04-09T07:23:47.0000000Z","20"
"BHL","1m","2026-04-09T07:24:58.0000000Z","1363"
"BHL","1m","2026-04-09T07:25:55.0000000Z","600"
"BHL","1m","2026-04-09T07:26:49.0000000Z","3197"
"BHL","1m","2026-04-09T07:27:59.0000000Z","112"
"BHL","1m","2026-04-09T07:29:47.0000000Z","100"
"BHL","1m","2026-04-09T07:30:27.0000000Z","0"
"BHL","1m","2026-04-09T07:31:06.0000000Z","150"
"BHL","1m","2026-04-09T07:32:58.0000000Z","1214"
"BHL","1m","2026-04-09T07:33:47.0000000Z","1410"
"BHL","1m","2026-04-09T07:34:14.0000000Z","110"
"BHL","1m","2026-04-09T07:35:56.0000000Z","977"
"BHL","1m","2026-04-09T07:36:53.0000000Z","1241"
"BHL","1m","2026-04-09T07:37:24.0000000Z","383"
"BHL","1m","2026-04-09T07:38:48.0000000Z","3700"
"BHL","1m","2026-04-09T07:39:45.0000000Z","1410"
"BHL","1m","2026-04-09T07:40:55.0000000Z","3020"
"BHL","1m","2026-04-09T07:41:55.0000000Z","20"
"BHL","1m","2026-04-09T07:42:45.0000000Z","59933"
"BHL","1m","2026-04-09T07:43:26.0000000Z","177"
"BHL","1m","2026-04-09T07:44:38.0000000Z","1663"
"BHL","1m","2026-04-09T07:45:48.0000000Z","1290"
"BHL","1m","2026-04-09T07:46:56.0000000Z","150"
"BHL","1m","2026-04-09T07:47:52.0000000Z","220"
"BHL","1m","2026-04-09T07:48:29.0000000Z","1725"
"BHL","1m","2026-04-09T07:49:52.0000000Z","25"
"BHL","1m","2026-04-09T07:50:53.0000000Z","838"
"BHL","1m","2026-04-09T07:51:53.0000000Z","445"
"BHL","1m","2026-04-09T07:52:40.0000000Z","902"
"BHL","1m","2026-04-09T07:53:49.0000000Z","0"
"BHL","1m","2026-04-09T07:54:27.0000000Z","5313"
"BHL","1m","2026-04-09T07:56:17.0000000Z","310"
"BHL","1m","2026-04-09T07:58:56.0000000Z","854"
"BHL","1m","2026-04-09T07:59:28.0000000Z","347"
"BHL","1m","2026-04-09T08:00:22.0000000Z","819"
"BHL","1m","2026-04-09T08:03:56.0000000Z","0"
"BHL","1m","2026-04-09T08:04:51.0000000Z","720"
"BHL","1m","2026-04-09T08:06:54.0000000Z","19400"
"BHL","1m","2026-04-09T08:07:42.0000000Z","11081"
"BHL","1m","2026-04-09T08:08:56.0000000Z","3421"
"BHL","1m","2026-04-09T08:09:54.0000000Z","110"
"BHL","1m","2026-04-09T08:10:57.0000000Z","4000"
"BHL","1m","2026-04-09T08:11:28.0000000Z","667"
"BHL","1m","2026-04-09T08:12:05.0000000Z","818"
"BHL","1m","2026-04-09T08:13:59.0000000Z","6710"
"BHL","1m","2026-04-09T08:14:32.0000000Z","258"
"BHL","1m","2026-04-09T08:15:31.0000000Z","100"
"BHL","1m","2026-04-09T08:16:31.0000000Z","692"
"BHL","1m","2026-04-09T08:17:23.0000000Z","368"
"BHL","1m","2026-04-09T08:18:46.0000000Z","630"
"BHL","1m","2026-04-09T08:19:26.0000000Z","1000"
"BHL","1m","2026-04-09T08:20:42.0000000Z","2010"
"BHL","1m","2026-04-09T08:21:29.0000000Z","1500"
"BHL","1m","2026-04-09T08:22:31.0000000Z","522"
"BHL","1m","2026-04-09T08:23:54.0000000Z","30"
"BHL","1m","2026-04-09T08:24:52.0000000Z","2070"
"BHL","1m","2026-04-09T08:25:49.0000000Z","630"
"BHL","1m","2026-04-09T08:26:39.0000000Z","200"
"BHL","1m","2026-04-09T08:27:38.0000000Z","610"
"BHL","1m","2026-04-09T08:28:50.0000000Z","30"
"BHL","1m","2026-04-09T08:29:52.0000000Z","3200"
"BHL","1m","2026-04-09T08:30:56.0000000Z","10038"
"BHL","1m","2026-04-09T08:31:44.0000000Z","2260"
"BHL","1m","2026-04-09T08:32:54.0000000Z","2987"
"BHL","1m","2026-04-09T08:33:56.0000000Z","4874"
"BHL","1m","2026-04-09T08:34:30.0000000Z","2540"
"BHL","1m","2026-04-09T08:35:39.0000000Z","0"
"BHL","1m","2026-04-09T08:36:43.0000000Z","1357"
"BHL","1m","2026-04-09T08:37:28.0000000Z","726"
"BHL","1m","2026-04-09T08:38:54.0000000Z","1460"
"BHL","1m","2026-04-09T08:39:44.0000000Z","13347"
"BHL","1m","2026-04-09T08:40:29.0000000Z","1610"
"BHL","1m","2026-04-09T08:41:47.0000000Z","2092"
"BHL","1m","2026-04-09T08:42:53.0000000Z","0"
"BHL","1m","2026-04-09T08:43:25.0000000Z","3810"
"BHL","1m","2026-04-09T08:44:52.0000000Z","3042"
"BHL","1m","2026-04-09T08:45:41.0000000Z","225"
"BHL","1m","2026-04-09T08:46:55.0000000Z","2720"
"BHL","1m","2026-04-09T08:47:50.0000000Z","2510"
"BHL","1m","2026-04-09T08:48:32.0000000Z","611"
"BHL","1m","2026-04-09T08:50:55.0000000Z","210"
"BHL","1m","2026-04-09T08:51:41.0000000Z","1020"
"BHL","1m","2026-04-09T08:52:37.0000000Z","2250"
"BHL","1m","2026-04-09T08:53:57.0000000Z","3820"
"BHL","1m","2026-04-09T08:54:42.0000000Z","3309"
"BHL","1m","2026-04-09T08:55:41.0000000Z","910"
"BHL","1m","2026-04-09T08:56:41.0000000Z","2458"
"BHL","1m","2026-04-09T08:57:45.0000000Z","0"
"BHL","1m","2026-04-09T08:58:45.0000000Z","8622"
"BHL","1m","2026-04-09T08:59:53.0000000Z","20360"
"BHL","1m","2026-04-09T09:00:35.0000000Z","5503"
"BHL","1m","2026-04-09T09:01:41.0000000Z","800"
"BHL","1m","2026-04-09T09:02:55.0000000Z","14093"
"BHL","1m","2026-04-09T09:03:58.0000000Z","6923"
"BHL","1m","2026-04-09T09:04:55.0000000Z","335"
"BHL","1m","2026-04-09T09:05:50.0000000Z","7402"
"BHL","1m","2026-04-09T09:06:56.0000000Z","9330"
"BHL","1m","2026-04-09T09:07:47.0000000Z","2700"
"BHL","1m","2026-04-09T09:08:58.0000000Z","2620"
"BHL","1m","2026-04-09T09:09:51.0000000Z","6070"
"BHL","1m","2026-04-09T09:10:55.0000000Z","3450"
"BHL","1m","2026-04-09T09:11:53.0000000Z","1857"
"BHL","1m","2026-04-09T09:12:49.0000000Z","3712"
"BHL","1m","2026-04-09T09:13:54.0000000Z","8932"
"BHL","1m","2026-04-09T09:14:59.0000000Z","6880"
"BHL","1m","2026-04-10T05:17:17.0000000Z","819"
"BHL","1m","2026-04-10T05:18:53.0000000Z","200"
"BHL","1m","2026-04-10T05:19:58.0000000Z","670"
"BHL","1m","2026-04-10T05:20:30.0000000Z","250"
"BHL","1m","2026-04-10T05:21:41.0000000Z","1452"
"BHL","1m","2026-04-10T05:22:45.0000000Z","592"
"BHL","1m","2026-04-10T05:24:32.0000000Z","686"
"BHL","1m","2026-04-10T05:26:41.0000000Z","20"
"BHL","1m","2026-04-10T05:27:53.0000000Z","250"
"BHL","1m","2026-04-10T05:28:24.0000000Z","2250"
"BHL","1m","2026-04-10T05:29:22.0000000Z","50"
"BHL","1m","2026-04-10T05:30:59.0000000Z","0"
"BHL","1m","2026-04-10T05:31:43.0000000Z","3882"
"BHL","1m","2026-04-10T05:32:30.0000000Z","10"
"BHL","1m","2026-04-10T05:33:51.0000000Z","76"
"BHL","1m","2026-04-10T05:34:37.0000000Z","300"
"BHL","1m","2026-04-10T05:35:27.0000000Z","2410"
"BHL","1m","2026-04-10T05:36:53.0000000Z","4099"
"BHL","1m","2026-04-10T05:37:46.0000000Z","6605"
"BHL","1m","2026-04-10T05:38:57.0000000Z","3081"
"BHL","1m","2026-04-10T05:39:23.0000000Z","490"
"BHL","1m","2026-04-10T05:40:59.0000000Z","3175"
"BHL","1m","2026-04-10T05:41:52.0000000Z","210"
"BHL","1m","2026-04-10T05:42:41.0000000Z","1859"
"BHL","1m","2026-04-10T05:43:34.0000000Z","2405"
"BHL","1m","2026-04-10T05:44:53.0000000Z","164"
"BHL","1m","2026-04-10T05:45:46.0000000Z","1100"
"BHL","1m","2026-04-10T05:46:11.0000000Z","105"
"BHL","1m","2026-04-10T05:47:42.0000000Z","342"
"BHL","1m","2026-04-10T05:48:38.0000000Z","1200"
"BHL","1m","2026-04-10T05:49:52.0000000Z","1645"
"BHL","1m","2026-04-10T05:51:58.0000000Z","10833"
"BHL","1m","2026-04-10T05:52:56.0000000Z","1722"
"BHL","1m","2026-04-10T05:53:05.0000000Z","0"
"BHL","1m","2026-04-10T05:54:45.0000000Z","635"
"BHL","1m","2026-04-10T05:55:56.0000000Z","6165"
"BHL","1m","2026-04-10T05:56:53.0000000Z","1000"
"BHL","1m","2026-04-10T05:57:06.0000000Z","509"
"BHL","1m","2026-04-10T05:58:29.0000000Z","455"
"BHL","1m","2026-04-10T05:59:55.0000000Z","310"
"BHL","1m","2026-04-10T06:00:59.0000000Z","1184"
"BHL","1m","2026-04-10T06:01:36.0000000Z","3864"
"BHL","1m","2026-04-10T06:03:44.0000000Z","210"
"BHL","1m","2026-04-10T06:04:46.0000000Z","1030"
"BHL","1m","2026-04-10T06:06:20.0000000Z","640"
"BHL","1m","2026-04-10T06:08:54.0000000Z","65"
"BHL","1m","2026-04-10T06:09:55.0000000Z","1565"
"BHL","1m","2026-04-10T06:11:51.0000000Z","600"
"BHL","1m","2026-04-10T06:12:33.0000000Z","685"
"BHL","1m","2026-04-10T06:13:26.0000000Z","270"
"BHL","1m","2026-04-10T06:15:59.0000000Z","3043"
"BHL","1m","2026-04-10T06:16:55.0000000Z","876"
"BHL","1m","2026-04-10T06:17:55.0000000Z","5040"
"BHL","1m","2026-04-10T06:18:30.0000000Z","6800"
"BHL","1m","2026-04-10T06:19:05.0000000Z","1000"
"BHL","1m","2026-04-10T06:20:37.0000000Z","210"
"BHL","1m","2026-04-10T06:21:49.0000000Z","3145"
"BHL","1m","2026-04-10T06:23:55.0000000Z","10"
"BHL","1m","2026-04-10T06:25:59.0000000Z","5430"
"BHL","1m","2026-04-10T06:26:54.0000000Z","3098"
"BHL","1m","2026-04-10T06:27:51.0000000Z","855"
"BHL","1m","2026-04-10T06:28:53.0000000Z","600"
"BHL","1m","2026-04-10T06:29:41.0000000Z","378"
"BHL","1m","2026-04-10T06:30:25.0000000Z","1125"
"BHL","1m","2026-04-10T06:31:55.0000000Z","14200"
"BHL","1m","2026-04-10T06:32:59.0000000Z","2120"
"BHL","1m","2026-04-10T06:33:47.0000000Z","536"
"BHL","1m","2026-04-10T06:34:33.0000000Z","929"
"BHL","1m","2026-04-10T06:35:42.0000000Z","8125"
"BHL","1m","2026-04-10T06:36:52.0000000Z","1778"
"BHL","1m","2026-04-10T06:38:59.0000000Z","4075"
"BHL","1m","2026-04-10T06:39:56.0000000Z","3110"
"BHL","1m","2026-04-10T06:40:58.0000000Z","1910"
"BHL","1m","2026-04-10T06:41:42.0000000Z","11265"
"BHL","1m","2026-04-10T06:42:58.0000000Z","9121"
"BHL","1m","2026-04-10T06:43:29.0000000Z","0"
"BHL","1m","2026-04-10T06:44:58.0000000Z","6102"
"BHL","1m","2026-04-10T06:45:29.0000000Z","912"
"BHL","1m","2026-04-10T06:46:29.0000000Z","864"
"BHL","1m","2026-04-10T06:47:49.0000000Z","2840"
"BHL","1m","2026-04-10T06:48:21.0000000Z","20"
"BHL","1m","2026-04-10T06:49:29.0000000Z","2200"
"BHL","1m","2026-04-10T06:50:51.0000000Z","150"
"BHL","1m","2026-04-10T06:51:37.0000000Z","240"
"BHL","1m","2026-04-10T06:52:56.0000000Z","5330"
"BHL","1m","2026-04-10T06:53:51.0000000Z","1300"
"BHL","1m","2026-04-10T06:54:55.0000000Z","1467"
"BHL","1m","2026-04-10T06:55:54.0000000Z","25"
"BHL","1m","2026-04-10T06:57:02.0000000Z","435"
"BHL","1m","2026-04-10T06:58:52.0000000Z","1100"
"BHL","1m","2026-04-10T06:59:13.0000000Z","0"
"BHL","1m","2026-04-10T07:00:09.0000000Z","100"
"BHL","1m","2026-04-10T07:01:41.0000000Z","30"
"BHL","1m","2026-04-10T07:02:42.0000000Z","530"
"BHL","1m","2026-04-10T07:03:28.0000000Z","170"
"BHL","1m","2026-04-10T07:04:22.0000000Z","10"
"BHL","1m","2026-04-10T07:08:38.0000000Z","1000"
"BHL","1m","2026-04-10T07:10:59.0000000Z","650"
"BHL","1m","2026-04-10T07:11:12.0000000Z","0"
"BHL","1m","2026-04-10T07:13:28.0000000Z","1240"
"BHL","1m","2026-04-10T07:14:06.0000000Z","100"
"BHL","1m","2026-04-10T07:15:32.0000000Z","0"
"BHL","1m","2026-04-10T07:16:56.0000000Z","500"
"BHL","1m","2026-04-10T07:18:27.0000000Z","400"
"BHL","1m","2026-04-10T07:19:32.0000000Z","360"
"BHL","1m","2026-04-10T07:20:25.0000000Z","0"
"BHL","1m","2026-04-10T07:21:51.0000000Z","1360"
"BHL","1m","2026-04-10T07:22:34.0000000Z","430"
"BHL","1m","2026-04-10T07:23:22.0000000Z","800"
"BHL","1m","2026-04-10T07:24:47.0000000Z","746"
"BHL","1m","2026-04-10T07:25:26.0000000Z","0"
"BHL","1m","2026-04-10T07:26:04.0000000Z","30"
"BHL","1m","2026-04-10T07:27:21.0000000Z","1440"
"BHL","1m","2026-04-10T07:29:54.0000000Z","80"
"BHL","1m","2026-04-10T07:31:08.0000000Z","1920"
"BHL","1m","2026-04-10T07:32:49.0000000Z","277"
"BHL","1m","2026-04-10T07:33:09.0000000Z","1295"
"BHL","1m","2026-04-10T07:34:27.0000000Z","50"
"BHL","1m","2026-04-10T07:35:16.0000000Z","575"
"BHL","1m","2026-04-10T07:36:42.0000000Z","4025"
"BHL","1m","2026-04-10T07:38:58.0000000Z","287"
"BHL","1m","2026-04-10T07:40:43.0000000Z","3463"
"BHL","1m","2026-04-10T07:41:36.0000000Z","600"
"BHL","1m","2026-04-10T07:44:25.0000000Z","72"
"BHL","1m","2026-04-10T07:45:34.0000000Z","450"
"BHL","1m","2026-04-10T07:46:31.0000000Z","460"
"BHL","1m","2026-04-10T07:50:10.0000000Z","0"
"BHL","1m","2026-04-10T07:51:47.0000000Z","500"
"BHL","1m","2026-04-10T07:52:41.0000000Z","510"
"BHL","1m","2026-04-10T07:53:41.0000000Z","20"
"BHL","1m","2026-04-10T07:55:53.0000000Z","3953"
"BHL","1m","2026-04-10T07:56:08.0000000Z","1000"
"BHL","1m","2026-04-10T07:57:59.0000000Z","4342"
"BHL","1m","2026-04-10T07:58:59.0000000Z","1000"
"BHL","1m","2026-04-10T08:03:32.0000000Z","10"
"BHL","1m","2026-04-10T08:04:25.0000000Z","10"
"BHL","1m","2026-04-10T08:06:32.0000000Z","720"
"BHL","1m","2026-04-10T08:07:59.0000000Z","330"
"BHL","1m","2026-04-10T08:08:59.0000000Z","90"
"BHL","1m","2026-04-10T08:09:57.0000000Z","1687"
"BHL","1m","2026-04-10T08:10:21.0000000Z","6769"
"BHL","1m","2026-04-10T08:11:40.0000000Z","13100"
"BHL","1m","2026-04-10T08:12:39.0000000Z","6936"
"BHL","1m","2026-04-10T08:13:58.0000000Z","2950"
"BHL","1m","2026-04-10T08:14:56.0000000Z","500"
"BHL","1m","2026-04-10T08:15:28.0000000Z","560"
"BHL","1m","2026-04-10T08:16:15.0000000Z","210"
"BHL","1m","2026-04-10T08:17:37.0000000Z","1734"
"BHL","1m","2026-04-10T08:18:56.0000000Z","0"
"BHL","1m","2026-04-10T08:19:52.0000000Z","1970"
"BHL","1m","2026-04-10T08:20:34.0000000Z","30"
"BHL","1m","2026-04-10T08:22:32.0000000Z","20"
"BHL","1m","2026-04-10T08:23:42.0000000Z","595"
"BHL","1m","2026-04-10T08:24:27.0000000Z","585"
"BHL","1m","2026-04-10T08:26:53.0000000Z","542"
"BHL","1m","2026-04-10T08:27:39.0000000Z","518"
"BHL","1m","2026-04-10T08:28:51.0000000Z","320"
"BHL","1m","2026-04-10T08:30:06.0000000Z","1210"
"BHL","1m","2026-04-10T08:31:37.0000000Z","910"
"BHL","1m","2026-04-10T08:32:04.0000000Z","200"
"BHL","1m","2026-04-10T08:34:44.0000000Z","0"
"BHL","1m","2026-04-10T08:35:50.0000000Z","2020"
"BHL","1m","2026-04-10T08:37:04.0000000Z","95"
"BHL","1m","2026-04-10T08:38:22.0000000Z","29"
"BHL","1m","2026-04-10T08:39:54.0000000Z","570"
"BHL","1m","2026-04-10T08:40:36.0000000Z","2000"
"BHL","1m","2026-04-10T08:41:58.0000000Z","4010"
"BHL","1m","2026-04-10T08:42:37.0000000Z","120"
"BHL","1m","2026-04-10T08:43:40.0000000Z","1940"
"BHL","1m","2026-04-10T08:44:33.0000000Z","900"
"BHL","1m","2026-04-10T08:45:53.0000000Z","560"
"BHL","1m","2026-04-10T08:46:55.0000000Z","8530"
"BHL","1m","2026-04-10T08:47:21.0000000Z","4500"
"BHL","1m","2026-04-10T08:48:51.0000000Z","2478"
"BHL","1m","2026-04-10T08:49:17.0000000Z","10"
"BHL","1m","2026-04-10T08:50:41.0000000Z","470"
"BHL","1m","2026-04-10T08:51:21.0000000Z","107"
"BHL","1m","2026-04-10T08:52:41.0000000Z","500"
"BHL","1m","2026-04-10T08:53:44.0000000Z","408"
"BHL","1m","2026-04-10T08:54:56.0000000Z","620"
"BHL","1m","2026-04-10T08:55:49.0000000Z","2010"
"BHL","1m","2026-04-10T08:56:24.0000000Z","11307"
"BHL","1m","2026-04-10T08:57:35.0000000Z","0"
"BHL","1m","2026-04-10T08:58:58.0000000Z","2510"
"BHL","1m","2026-04-10T08:59:33.0000000Z","3703"
"BHL","1m","2026-04-10T09:00:46.0000000Z","3802"
"BHL","1m","2026-04-10T09:01:48.0000000Z","1102"
"BHL","1m","2026-04-10T09:02:49.0000000Z","3510"
"BHL","1m","2026-04-10T09:03:49.0000000Z","2490"
"BHL","1m","2026-04-10T09:04:59.0000000Z","9740"
"BHL","1m","2026-04-10T09:05:56.0000000Z","2281"
"BHL","1m","2026-04-10T09:06:53.0000000Z","2235"
"BHL","1m","2026-04-10T09:07:55.0000000Z","2045"
"BHL","1m","2026-04-10T09:08:56.0000000Z","117"
"BHL","1m","2026-04-10T09:09:39.0000000Z","1668"
"BHL","1m","2026-04-10T09:10:58.0000000Z","8675"
"BHL","1m","2026-04-10T09:11:54.0000000Z","1655"
"BHL","1m","2026-04-10T09:12:49.0000000Z","2955"
"BHL","1m","2026-04-10T09:13:40.0000000Z","5910"
"BHL","1m","2026-04-10T09:14:59.0000000Z","9969"
"BHL","1m","2026-04-13T05:15:50.0000000Z","1150"
"BHL","1m","2026-04-13T05:16:45.0000000Z","90"
"BHL","1m","2026-04-13T05:17:21.0000000Z","510"
"BHL","1m","2026-04-13T05:18:18.0000000Z","1600"
"BHL","1m","2026-04-13T05:19:31.0000000Z","400"
"BHL","1m","2026-04-13T05:20:50.0000000Z","5157"
"BHL","1m","2026-04-13T05:21:43.0000000Z","2012"
"BHL","1m","2026-04-13T05:22:32.0000000Z","4996"
"BHL","1m","2026-04-13T05:23:53.0000000Z","2000"
"BHL","1m","2026-04-13T05:24:24.0000000Z","1544"
"BHL","1m","2026-04-13T05:26:16.0000000Z","1000"
"BHL","1m","2026-04-13T05:27:42.0000000Z","1330"
"BHL","1m","2026-04-13T05:28:34.0000000Z","355"
"BHL","1m","2026-04-13T05:29:10.0000000Z","60"
"BHL","1m","2026-04-13T05:31:57.0000000Z","1550"
"BHL","1m","2026-04-13T05:32:44.0000000Z","3493"
"BHL","1m","2026-04-13T05:33:58.0000000Z","995"
"BHL","1m","2026-04-13T05:34:53.0000000Z","1244"
"BHL","1m","2026-04-13T05:35:58.0000000Z","723"
"BHL","1m","2026-04-13T05:36:44.0000000Z","50"
"BHL","1m","2026-04-13T05:37:54.0000000Z","1400"
"BHL","1m","2026-04-13T05:38:41.0000000Z","1150"
"BHL","1m","2026-04-13T05:39:47.0000000Z","580"
"BHL","1m","2026-04-13T05:40:06.0000000Z","10"
"BHL","1m","2026-04-13T05:41:53.0000000Z","6800"
"BHL","1m","2026-04-13T05:42:06.0000000Z","10"
"BHL","1m","2026-04-13T05:44:42.0000000Z","1990"
"BHL","1m","2026-04-13T05:45:42.0000000Z","1390"
"BHL","1m","2026-04-13T05:47:23.0000000Z","4000"
"BHL","1m","2026-04-13T05:48:25.0000000Z","160"
"BHL","1m","2026-04-13T05:49:27.0000000Z","10"
"BHL","1m","2026-04-13T05:50:12.0000000Z","0"
"BHL","1m","2026-04-13T05:51:43.0000000Z","1900"
"BHL","1m","2026-04-13T05:52:25.0000000Z","440"
"BHL","1m","2026-04-13T05:54:13.0000000Z","10"
"BHL","1m","2026-04-13T05:55:59.0000000Z","45"
"BHL","1m","2026-04-13T05:56:33.0000000Z","35"
"BHL","1m","2026-04-13T05:57:08.0000000Z","45"
"BHL","1m","2026-04-13T06:00:45.0000000Z","0"
"BHL","1m","2026-04-13T06:02:33.0000000Z","1435"
"BHL","1m","2026-04-13T06:03:09.0000000Z","730"
"BHL","1m","2026-04-13T06:04:32.0000000Z","0"
"BHL","1m","2026-04-13T06:05:41.0000000Z","1340"
"BHL","1m","2026-04-13T06:06:27.0000000Z","320"
"BHL","1m","2026-04-13T06:07:24.0000000Z","9200"
"BHL","1m","2026-04-13T06:08:35.0000000Z","612"
"BHL","1m","2026-04-13T06:09:46.0000000Z","600"
"BHL","1m","2026-04-13T06:10:01.0000000Z","0"
"BHL","1m","2026-04-13T06:12:58.0000000Z","608"
"BHL","1m","2026-04-13T06:13:39.0000000Z","160"
"BHL","1m","2026-04-13T06:14:24.0000000Z","1910"
"BHL","1m","2026-04-13T06:15:41.0000000Z","380"
"BHL","1m","2026-04-13T06:18:27.0000000Z","180"
"BHL","1m","2026-04-13T06:19:04.0000000Z","240"
"BHL","1m","2026-04-13T06:20:12.0000000Z","250"
"BHL","1m","2026-04-13T06:21:34.0000000Z","0"
"BHL","1m","2026-04-13T06:22:38.0000000Z","710"
"BHL","1m","2026-04-13T06:23:38.0000000Z","4420"
"BHL","1m","2026-04-13T06:24:11.0000000Z","0"
"BHL","1m","2026-04-13T06:25:04.0000000Z","3733"
"BHL","1m","2026-04-13T06:28:44.0000000Z","950"
"BHL","1m","2026-04-13T06:30:37.0000000Z","30"
"BHL","1m","2026-04-13T06:34:03.0000000Z","980"
"BHL","1m","2026-04-13T06:35:33.0000000Z","10"
"BHL","1m","2026-04-13T06:36:22.0000000Z","10"
"BHL","1m","2026-04-13T06:37:41.0000000Z","500"
"BHL","1m","2026-04-13T06:38:44.0000000Z","4929"
"BHL","1m","2026-04-13T06:39:37.0000000Z","3900"
"BHL","1m","2026-04-13T06:40:04.0000000Z","200"
"BHL","1m","2026-04-13T06:41:36.0000000Z","1020"
"BHL","1m","2026-04-13T06:42:44.0000000Z","2020"
"BHL","1m","2026-04-13T06:43:35.0000000Z","338"
"BHL","1m","2026-04-13T06:44:53.0000000Z","5437"
"BHL","1m","2026-04-13T06:45:36.0000000Z","988"
"BHL","1m","2026-04-13T06:46:16.0000000Z","1384"
"BHL","1m","2026-04-13T06:47:54.0000000Z","2690"
"BHL","1m","2026-04-13T06:50:30.0000000Z","10"
"BHL","1m","2026-04-13T06:51:20.0000000Z","20"
"BHL","1m","2026-04-13T06:52:39.0000000Z","4100"
"BHL","1m","2026-04-13T06:53:48.0000000Z","500"
"BHL","1m","2026-04-13T06:54:32.0000000Z","1720"
"BHL","1m","2026-04-13T06:55:54.0000000Z","0"
"BHL","1m","2026-04-13T06:57:53.0000000Z","2000"
"BHL","1m","2026-04-13T06:58:09.0000000Z","0"
"BHL","1m","2026-04-13T06:59:07.0000000Z","1371"
"BHL","1m","2026-04-13T07:00:36.0000000Z","10"
"BHL","1m","2026-04-13T07:01:18.0000000Z","20"
"BHL","1m","2026-04-13T07:02:54.0000000Z","5336"
"BHL","1m","2026-04-13T07:04:49.0000000Z","1000"
"BHL","1m","2026-04-13T07:05:43.0000000Z","100"
"BHL","1m","2026-04-13T07:07:54.0000000Z","2023"
"BHL","1m","2026-04-13T07:08:28.0000000Z","1000"
"BHL","1m","2026-04-13T07:11:15.0000000Z","300"
"BHL","1m","2026-04-13T07:12:43.0000000Z","20"
"BHL","1m","2026-04-13T07:13:36.0000000Z","1780"
"BHL","1m","2026-04-13T07:14:25.0000000Z","1530"
"BHL","1m","2026-04-13T07:16:46.0000000Z","100"
"BHL","1m","2026-04-13T07:17:50.0000000Z","10"
"BHL","1m","2026-04-13T07:18:47.0000000Z","1000"
"BHL","1m","2026-04-13T07:19:44.0000000Z","10"
"BHL","1m","2026-04-13T07:21:49.0000000Z","1210"
"BHL","1m","2026-04-13T07:22:27.0000000Z","2158"
"BHL","1m","2026-04-13T07:23:42.0000000Z","990"
"BHL","1m","2026-04-13T07:24:59.0000000Z","510"
"BHL","1m","2026-04-13T07:25:16.0000000Z","1500"
"BHL","1m","2026-04-13T07:26:35.0000000Z","895"
"BHL","1m","2026-04-13T07:27:52.0000000Z","0"
"BHL","1m","2026-04-13T07:28:28.0000000Z","230"
"BHL","1m","2026-04-13T07:29:53.0000000Z","1270"
"BHL","1m","2026-04-13T07:30:30.0000000Z","120"
"BHL","1m","2026-04-13T07:31:11.0000000Z","835"
"BHL","1m","2026-04-13T07:32:44.0000000Z","150"
"BHL","1m","2026-04-13T07:33:51.0000000Z","160"
"BHL","1m","2026-04-13T07:34:42.0000000Z","700"
"BHL","1m","2026-04-13T07:36:56.0000000Z","5776"
"BHL","1m","2026-04-13T07:37:48.0000000Z","3933"
"BHL","1m","2026-04-13T07:38:51.0000000Z","1560"
"BHL","1m","2026-04-13T07:39:54.0000000Z","420"
"BHL","1m","2026-04-13T07:40:50.0000000Z","1675"
"BHL","1m","2026-04-13T07:41:57.0000000Z","1390"
"BHL","1m","2026-04-13T07:42:38.0000000Z","1000"
"BHL","1m","2026-04-13T07:43:02.0000000Z","3383"
"BHL","1m","2026-04-13T07:44:46.0000000Z","264"
"BHL","1m","2026-04-13T07:45:38.0000000Z","130"
"BHL","1m","2026-04-13T07:46:35.0000000Z","165"
"BHL","1m","2026-04-13T07:47:49.0000000Z","1015"
"BHL","1m","2026-04-13T07:48:02.0000000Z","0"
"BHL","1m","2026-04-13T07:50:43.0000000Z","375"
"BHL","1m","2026-04-13T07:51:45.0000000Z","365"
"BHL","1m","2026-04-13T07:52:23.0000000Z","1056"
"BHL","1m","2026-04-13T07:53:40.0000000Z","4432"
"BHL","1m","2026-04-13T07:54:44.0000000Z","360"
"BHL","1m","2026-04-13T07:55:26.0000000Z","6255"
"BHL","1m","2026-04-13T07:56:51.0000000Z","1035"
"BHL","1m","2026-04-13T07:57:42.0000000Z","1800"
"BHL","1m","2026-04-13T07:58:48.0000000Z","5418"
"BHL","1m","2026-04-13T07:59:31.0000000Z","718"
"BHL","1m","2026-04-13T08:00:22.0000000Z","2125"
"BHL","1m","2026-04-13T08:01:59.0000000Z","4250"
"BHL","1m","2026-04-13T08:02:45.0000000Z","2257"
"BHL","1m","2026-04-13T08:03:00.0000000Z","208"
"BHL","1m","2026-04-13T08:04:39.0000000Z","3913"
"BHL","1m","2026-04-13T08:05:58.0000000Z","1260"
"BHL","1m","2026-04-13T08:06:48.0000000Z","1050"
"BHL","1m","2026-04-13T08:07:58.0000000Z","450"
"BHL","1m","2026-04-13T08:08:55.0000000Z","880"
"BHL","1m","2026-04-13T08:09:48.0000000Z","1520"
"BHL","1m","2026-04-13T08:10:06.0000000Z","950"
"BHL","1m","2026-04-13T08:14:52.0000000Z","2600"
"BHL","1m","2026-04-13T08:16:24.0000000Z","20"
"BHL","1m","2026-04-13T08:18:51.0000000Z","0"
"BHL","1m","2026-04-13T08:19:57.0000000Z","1226"
"BHL","1m","2026-04-13T08:21:51.0000000Z","3000"
"BHL","1m","2026-04-13T08:22:39.0000000Z","250"
"BHL","1m","2026-04-13T08:23:57.0000000Z","4653"
"BHL","1m","2026-04-13T08:24:30.0000000Z","3032"
"BHL","1m","2026-04-13T08:25:46.0000000Z","1710"
"BHL","1m","2026-04-13T08:26:57.0000000Z","527"
"BHL","1m","2026-04-13T08:28:22.0000000Z","11285"
"BHL","1m","2026-04-13T08:29:47.0000000Z","10"
"BHL","1m","2026-04-13T08:31:48.0000000Z","1700"
"BHL","1m","2026-04-13T08:32:35.0000000Z","1500"
"BHL","1m","2026-04-13T08:33:24.0000000Z","2120"
"BHL","1m","2026-04-13T08:35:52.0000000Z","260"
"BHL","1m","2026-04-13T08:36:28.0000000Z","10"
"BHL","1m","2026-04-13T08:37:27.0000000Z","710"
"BHL","1m","2026-04-13T08:38:38.0000000Z","1520"
"BHL","1m","2026-04-13T08:39:47.0000000Z","480"
"BHL","1m","2026-04-13T08:40:02.0000000Z","150"
"BHL","1m","2026-04-13T08:41:48.0000000Z","5055"
"BHL","1m","2026-04-13T08:42:58.0000000Z","3500"
"BHL","1m","2026-04-13T08:44:57.0000000Z","2560"
"BHL","1m","2026-04-13T08:45:50.0000000Z","605"
"BHL","1m","2026-04-13T08:46:34.0000000Z","4000"
"BHL","1m","2026-04-13T08:47:17.0000000Z","1000"
"BHL","1m","2026-04-13T08:48:08.0000000Z","120"
"BHL","1m","2026-04-13T08:50:30.0000000Z","1100"
"BHL","1m","2026-04-13T08:51:43.0000000Z","2700"
"BHL","1m","2026-04-13T08:52:33.0000000Z","0"
"BHL","1m","2026-04-13T08:53:04.0000000Z","725"
"BHL","1m","2026-04-13T08:54:47.0000000Z","4020"
"BHL","1m","2026-04-13T08:55:22.0000000Z","905"
"BHL","1m","2026-04-13T08:56:17.0000000Z","5265"
"BHL","1m","2026-04-13T08:57:48.0000000Z","1000"
"BHL","1m","2026-04-13T08:58:48.0000000Z","2395"
"BHL","1m","2026-04-13T08:59:57.0000000Z","2084"
"BHL","1m","2026-04-13T09:00:36.0000000Z","10"
"BHL","1m","2026-04-13T09:01:14.0000000Z","0"
"BHL","1m","2026-04-13T09:02:47.0000000Z","6311"
"BHL","1m","2026-04-13T09:03:59.0000000Z","3848"
"BHL","1m","2026-04-13T09:04:37.0000000Z","720"
"BHL","1m","2026-04-13T09:05:57.0000000Z","5150"
"BHL","1m","2026-04-13T09:06:15.0000000Z","10"
"BHL","1m","2026-04-13T09:07:46.0000000Z","12520"
"BHL","1m","2026-04-13T09:08:32.0000000Z","200"
"BHL","1m","2026-04-13T09:09:37.0000000Z","10277"
"BHL","1m","2026-04-13T09:10:50.0000000Z","300"
"BHL","1m","2026-04-13T09:11:45.0000000Z","2473"
"BHL","1m","2026-04-13T09:12:56.0000000Z","6020"
"BHL","1m","2026-04-13T09:13:47.0000000Z","1270"
"BHL","1m","2026-04-13T09:14:59.0000000Z","17063"
"BHL","1m","2026-04-15T05:15:00.0000000Z","320"
"BHL","1m","2026-04-15T05:16:58.0000000Z","557"
"BHL","1m","2026-04-15T05:17:23.0000000Z","1070"
"BHL","1m","2026-04-15T05:19:44.0000000Z","100"
"BHL","1m","2026-04-15T05:20:44.0000000Z","2749"
"BHL","1m","2026-04-15T05:21:55.0000000Z","28"
"BHL","1m","2026-04-15T05:22:44.0000000Z","1200"
"BHL","1m","2026-04-15T05:23:26.0000000Z","850"
"BHL","1m","2026-04-15T05:24:35.0000000Z","60"
"BHL","1m","2026-04-15T05:25:59.0000000Z","1790"
"BHL","1m","2026-04-15T05:26:36.0000000Z","500"
"BHL","1m","2026-04-15T05:27:39.0000000Z","2690"
"BHL","1m","2026-04-15T05:28:54.0000000Z","550"
"BHL","1m","2026-04-15T05:29:48.0000000Z","711"
"BHL","1m","2026-04-15T05:30:28.0000000Z","500"
"BHL","1m","2026-04-15T05:32:55.0000000Z","750"
"BHL","1m","2026-04-15T05:33:29.0000000Z","210"
"BHL","1m","2026-04-15T05:35:25.0000000Z","10"
"BHL","1m","2026-04-15T05:36:55.0000000Z","900"
"BHL","1m","2026-04-15T05:37:51.0000000Z","980"
"BHL","1m","2026-04-15T05:38:29.0000000Z","205"
"BHL","1m","2026-04-15T05:39:52.0000000Z","2500"
"BHL","1m","2026-04-15T05:43:21.0000000Z","2000"
"BHL","1m","2026-04-15T05:44:32.0000000Z","20"
"BHL","1m","2026-04-15T05:45:25.0000000Z","0"
"BHL","1m","2026-04-15T05:46:53.0000000Z","2247"
"BHL","1m","2026-04-15T05:47:22.0000000Z","510"
"BHL","1m","2026-04-15T05:48:45.0000000Z","150"
"BHL","1m","2026-04-15T05:49:41.0000000Z","1480"
"BHL","1m","2026-04-15T05:50:22.0000000Z","1250"
"BHL","1m","2026-04-15T05:51:52.0000000Z","8494"
"BHL","1m","2026-04-15T05:52:56.0000000Z","1880"
"BHL","1m","2026-04-15T05:53:54.0000000Z","3482"
"BHL","1m","2026-04-15T05:54:53.0000000Z","1278"
"BHL","1m","2026-04-15T05:55:58.0000000Z","2583"
"BHL","1m","2026-04-15T05:56:52.0000000Z","800"
"BHL","1m","2026-04-15T05:57:56.0000000Z","500"
"BHL","1m","2026-04-15T05:58:46.0000000Z","1110"
"BHL","1m","2026-04-15T05:59:37.0000000Z","636"
"BHL","1m","2026-04-15T06:00:48.0000000Z","1884"
"BHL","1m","2026-04-15T06:01:31.0000000Z","550"
"BHL","1m","2026-04-15T06:02:54.0000000Z","1889"
"BHL","1m","2026-04-15T06:03:55.0000000Z","1951"
"BHL","1m","2026-04-15T06:04:11.0000000Z","2225"
"BHL","1m","2026-04-15T06:05:45.0000000Z","2735"
"BHL","1m","2026-04-15T06:06:48.0000000Z","1015"
"BHL","1m","2026-04-15T06:08:45.0000000Z","2387"
"BHL","1m","2026-04-15T06:09:51.0000000Z","18025"
"BHL","1m","2026-04-15T06:10:50.0000000Z","9185"
"BHL","1m","2026-04-15T06:11:54.0000000Z","7454"
"BHL","1m","2026-04-15T06:12:53.0000000Z","11200"
"BHL","1m","2026-04-15T06:13:50.0000000Z","11907"
"BHL","1m","2026-04-15T06:14:58.0000000Z","4309"
"BHL","1m","2026-04-15T06:15:38.0000000Z","3354"
"BHL","1m","2026-04-15T06:16:57.0000000Z","4300"
"BHL","1m","2026-04-15T06:17:58.0000000Z","4801"
"BHL","1m","2026-04-15T06:18:59.0000000Z","1218"
"BHL","1m","2026-04-15T06:19:21.0000000Z","4375"
"BHL","1m","2026-04-15T06:20:41.0000000Z","865"
"BHL","1m","2026-04-15T06:21:58.0000000Z","630"
"BHL","1m","2026-04-15T06:22:23.0000000Z","1201"
"BHL","1m","2026-04-15T06:23:51.0000000Z","4029"
"BHL","1m","2026-04-15T06:24:49.0000000Z","100"
"BHL","1m","2026-04-15T06:25:52.0000000Z","3259"
"BHL","1m","2026-04-15T06:26:51.0000000Z","2380"
"BHL","1m","2026-04-15T06:27:51.0000000Z","4910"
"BHL","1m","2026-04-15T06:28:38.0000000Z","810"
"BHL","1m","2026-04-15T06:29:57.0000000Z","1595"
"BHL","1m","2026-04-15T06:30:52.0000000Z","1012"
"BHL","1m","2026-04-15T06:31:40.0000000Z","350"
"BHL","1m","2026-04-15T06:32:35.0000000Z","2870"
"BHL","1m","2026-04-15T06:33:52.0000000Z","1921"
"BHL","1m","2026-04-15T06:34:41.0000000Z","2149"
"BHL","1m","2026-04-15T06:35:49.0000000Z","5500"
"BHL","1m","2026-04-15T06:36:52.0000000Z","1000"
"BHL","1m","2026-04-15T06:37:57.0000000Z","4020"
"BHL","1m","2026-04-15T06:38:58.0000000Z","14652"
"BHL","1m","2026-04-15T06:39:42.0000000Z","9189"
"BHL","1m","2026-04-15T06:40:41.0000000Z","1304"
"BHL","1m","2026-04-15T06:41:32.0000000Z","1861"
"BHL","1m","2026-04-15T06:42:33.0000000Z","2936"
"BHL","1m","2026-04-15T06:43:38.0000000Z","1510"
"BHL","1m","2026-04-15T06:44:59.0000000Z","5667"
"BHL","1m","2026-04-15T06:45:53.0000000Z","220"
"BHL","1m","2026-04-15T06:46:39.0000000Z","5450"
"BHL","1m","2026-04-15T06:47:57.0000000Z","1363"
"BHL","1m","2026-04-15T06:48:44.0000000Z","9906"
"BHL","1m","2026-04-15T06:49:43.0000000Z","100"
"BHL","1m","2026-04-15T06:51:14.0000000Z","50"
"BHL","1m","2026-04-15T06:52:54.0000000Z","3845"
"BHL","1m","2026-04-15T06:53:43.0000000Z","804"
"BHL","1m","2026-04-15T06:54:50.0000000Z","350"
"BHL","1m","2026-04-15T06:55:43.0000000Z","15877"
"BHL","1m","2026-04-15T06:56:51.0000000Z","3805"
"BHL","1m","2026-04-15T06:57:59.0000000Z","1080"
"BHL","1m","2026-04-15T06:58:56.0000000Z","1020"
"BHL","1m","2026-04-15T06:59:58.0000000Z","792"
"BHL","1m","2026-04-15T07:00:51.0000000Z","4778"
"BHL","1m","2026-04-15T07:01:46.0000000Z","4190"
"BHL","1m","2026-04-15T07:03:56.0000000Z","3125"
"BHL","1m","2026-04-15T07:04:18.0000000Z","520"
"BHL","1m","2026-04-15T07:05:35.0000000Z","230"
"BHL","1m","2026-04-15T07:06:38.0000000Z","1910"
"BHL","1m","2026-04-15T07:07:31.0000000Z","428"
"BHL","1m","2026-04-15T07:08:52.0000000Z","722"
"BHL","1m","2026-04-15T07:09:36.0000000Z","0"
"BHL","1m","2026-04-15T07:10:56.0000000Z","2670"
"BHL","1m","2026-04-15T07:11:29.0000000Z","685"
"BHL","1m","2026-04-15T07:13:57.0000000Z","44"
"BHL","1m","2026-04-15T07:14:33.0000000Z","628"
"BHL","1m","2026-04-15T07:15:38.0000000Z","4060"
"BHL","1m","2026-04-15T07:16:56.0000000Z","0"
"BHL","1m","2026-04-15T07:17:38.0000000Z","2400"
"BHL","1m","2026-04-15T07:19:44.0000000Z","355"
"BHL","1m","2026-04-15T07:20:56.0000000Z","80"
"BHL","1m","2026-04-15T07:21:01.0000000Z","10"
"BHL","1m","2026-04-15T07:22:02.0000000Z","65"
"BHL","1m","2026-04-15T07:23:24.0000000Z","165"
"BHL","1m","2026-04-15T07:24:43.0000000Z","71"
"BHL","1m","2026-04-15T07:25:03.0000000Z","530"
"BHL","1m","2026-04-15T07:26:38.0000000Z","500"
"BHL","1m","2026-04-15T07:27:41.0000000Z","310"
"BHL","1m","2026-04-15T07:28:33.0000000Z","612"
"BHL","1m","2026-04-15T07:29:58.0000000Z","2000"
"BHL","1m","2026-04-15T07:30:45.0000000Z","1200"
"BHL","1m","2026-04-15T07:31:35.0000000Z","261"
"BHL","1m","2026-04-15T07:32:57.0000000Z","2013"
"BHL","1m","2026-04-15T07:33:03.0000000Z","2010"
"BHL","1m","2026-04-15T07:34:21.0000000Z","110"
"BHL","1m","2026-04-15T07:35:44.0000000Z","300"
"BHL","1m","2026-04-15T07:36:35.0000000Z","80"
"BHL","1m","2026-04-15T07:37:59.0000000Z","10"
"BHL","1m","2026-04-15T07:38:41.0000000Z","400"
"BHL","1m","2026-04-15T07:39:16.0000000Z","40"
"BHL","1m","2026-04-15T07:40:39.0000000Z","20"
"BHL","1m","2026-04-15T07:41:24.0000000Z","616"
"BHL","1m","2026-04-15T07:42:52.0000000Z","270"
"BHL","1m","2026-04-15T07:43:56.0000000Z","20"
"BHL","1m","2026-04-15T07:44:57.0000000Z","2769"
"BHL","1m","2026-04-15T07:45:15.0000000Z","3785"
"BHL","1m","2026-04-15T07:46:49.0000000Z","438"
"BHL","1m","2026-04-15T07:47:47.0000000Z","561"
"BHL","1m","2026-04-15T07:48:49.0000000Z","270"
"BHL","1m","2026-04-15T07:49:56.0000000Z","267"
"BHL","1m","2026-04-15T07:50:25.0000000Z","1949"
"BHL","1m","2026-04-15T07:51:55.0000000Z","60"
"BHL","1m","2026-04-15T07:52:35.0000000Z","1055"
"BHL","1m","2026-04-15T07:53:41.0000000Z","150"
"BHL","1m","2026-04-15T07:54:49.0000000Z","675"
"BHL","1m","2026-04-15T07:55:46.0000000Z","4310"
"BHL","1m","2026-04-15T07:56:12.0000000Z","500"
"BHL","1m","2026-04-15T07:57:35.0000000Z","75"
"BHL","1m","2026-04-15T07:58:52.0000000Z","1565"
"BHL","1m","2026-04-15T07:59:46.0000000Z","3515"
"BHL","1m","2026-04-15T08:00:53.0000000Z","4810"
"BHL","1m","2026-04-15T08:01:37.0000000Z","4855"
"BHL","1m","2026-04-15T08:02:43.0000000Z","3000"
"BHL","1m","2026-04-15T08:03:19.0000000Z","64"
"BHL","1m","2026-04-15T08:04:59.0000000Z","2400"
"BHL","1m","2026-04-15T08:05:41.0000000Z","3736"
"BHL","1m","2026-04-15T08:06:27.0000000Z","800"
"BHL","1m","2026-04-15T08:07:01.0000000Z","260"
"BHL","1m","2026-04-15T08:08:15.0000000Z","600"
"BHL","1m","2026-04-15T08:09:03.0000000Z","0"
"BHL","1m","2026-04-15T08:10:43.0000000Z","282"
"BHL","1m","2026-04-15T08:12:55.0000000Z","0"
"BHL","1m","2026-04-15T08:13:28.0000000Z","0"
"BHL","1m","2026-04-15T08:14:59.0000000Z","700"
"BHL","1m","2026-04-15T08:15:43.0000000Z","1505"
"BHL","1m","2026-04-15T08:16:02.0000000Z","100"
"BHL","1m","2026-04-15T08:17:47.0000000Z","567"
"BHL","1m","2026-04-15T08:18:46.0000000Z","582"
"BHL","1m","2026-04-15T08:19:10.0000000Z","718"
"BHL","1m","2026-04-15T08:20:51.0000000Z","725"
"BHL","1m","2026-04-15T08:21:17.0000000Z","140"
"BHL","1m","2026-04-15T08:22:36.0000000Z","180"
"BHL","1m","2026-04-15T08:23:32.0000000Z","0"
"BHL","1m","2026-04-15T08:24:46.0000000Z","62"
"BHL","1m","2026-04-15T08:26:46.0000000Z","234"
"BHL","1m","2026-04-15T08:28:40.0000000Z","20"
"BHL","1m","2026-04-15T08:29:50.0000000Z","16218"
"BHL","1m","2026-04-15T08:30:28.0000000Z","20"
"BHL","1m","2026-04-15T08:31:58.0000000Z","620"
"BHL","1m","2026-04-15T08:32:23.0000000Z","85"
"BHL","1m","2026-04-15T08:33:51.0000000Z","1385"
"BHL","1m","2026-04-15T08:34:57.0000000Z","1034"
"BHL","1m","2026-04-15T08:35:21.0000000Z","876"
"BHL","1m","2026-04-15T08:36:55.0000000Z","6171"
"BHL","1m","2026-04-15T08:37:56.0000000Z","10075"
"BHL","1m","2026-04-15T08:38:47.0000000Z","4025"
"BHL","1m","2026-04-15T08:39:53.0000000Z","1560"
"BHL","1m","2026-04-15T08:40:09.0000000Z","700"
"BHL","1m","2026-04-15T08:41:56.0000000Z","2113"
"BHL","1m","2026-04-15T08:43:47.0000000Z","300"
"BHL","1m","2026-04-15T08:44:36.0000000Z","6481"
"BHL","1m","2026-04-15T08:45:45.0000000Z","11209"
"BHL","1m","2026-04-15T08:46:54.0000000Z","4482"
"BHL","1m","2026-04-15T08:47:47.0000000Z","41"
"BHL","1m","2026-04-15T08:48:27.0000000Z","3000"
"BHL","1m","2026-04-15T08:49:58.0000000Z","5210"
"BHL","1m","2026-04-15T08:50:55.0000000Z","300"
"BHL","1m","2026-04-15T08:51:45.0000000Z","6229"
"BHL","1m","2026-04-15T08:52:58.0000000Z","380"
"BHL","1m","2026-04-15T08:53:23.0000000Z","690"
"BHL","1m","2026-04-15T08:54:54.0000000Z","4165"
"BHL","1m","2026-04-15T08:55:43.0000000Z","400"
"BHL","1m","2026-04-15T08:56:56.0000000Z","1841"
"BHL","1m","2026-04-15T08:57:59.0000000Z","1035"
"BHL","1m","2026-04-15T08:58:50.0000000Z","100"
"BHL","1m","2026-04-15T08:59:50.0000000Z","11631"
"BHL","1m","2026-04-15T09:00:58.0000000Z","4574"
"BHL","1m","2026-04-15T09:01:57.0000000Z","10020"
"BHL","1m","2026-04-15T09:02:12.0000000Z","100"
"BHL","1m","2026-04-15T09:03:52.0000000Z","1045"
"BHL","1m","2026-04-15T09:04:13.0000000Z","510"
"BHL","1m","2026-04-15T09:05:34.0000000Z","1300"
"BHL","1m","2026-04-15T09:06:59.0000000Z","2800"
"BHL","1m","2026-04-15T09:07:52.0000000Z","2643"
"BHL","1m","2026-04-15T09:08:14.0000000Z","751"
"BHL","1m","2026-04-15T09:09:32.0000000Z","150"
"BHL","1m","2026-04-15T09:10:52.0000000Z","790"
"BHL","1m","2026-04-15T09:11:54.0000000Z","14075"
"BHL","1m","2026-04-15T09:12:53.0000000Z","3711"
"BHL","1m","2026-04-15T09:13:58.0000000Z","5187"
"BHL","1m","2026-04-15T09:14:59.0000000Z","5484"
"BHL","1m","2026-04-16T05:16:25.0000000Z","20"
"BHL","1m","2026-04-16T05:18:39.0000000Z","510"
"BHL","1m","2026-04-16T05:19:45.0000000Z","160"
"BHL","1m","2026-04-16T05:20:47.0000000Z","20"
"BHL","1m","2026-04-16T05:21:35.0000000Z","895"
"BHL","1m","2026-04-16T05:22:31.0000000Z","1936"
"BHL","1m","2026-04-16T05:23:47.0000000Z","8318"
"BHL","1m","2026-04-16T05:24:39.0000000Z","2004"
"BHL","1m","2026-04-16T05:25:52.0000000Z","5331"
"BHL","1m","2026-04-16T05:26:44.0000000Z","2524"
"BHL","1m","2026-04-16T05:27:51.0000000Z","4176"
"BHL","1m","2026-04-16T05:28:43.0000000Z","560"
"BHL","1m","2026-04-16T05:29:34.0000000Z","990"
"BHL","1m","2026-04-16T05:30:34.0000000Z","300"
"BHL","1m","2026-04-16T05:31:57.0000000Z","797"
"BHL","1m","2026-04-16T05:32:32.0000000Z","1500"
"BHL","1m","2026-04-16T05:33:02.0000000Z","500"
"BHL","1m","2026-04-16T05:34:52.0000000Z","100"
"BHL","1m","2026-04-16T05:35:13.0000000Z","7500"
"BHL","1m","2026-04-16T05:36:22.0000000Z","2040"
"BHL","1m","2026-04-16T05:37:40.0000000Z","1550"
"BHL","1m","2026-04-16T05:39:23.0000000Z","1000"
"BHL","1m","2026-04-16T05:40:54.0000000Z","228"
"BHL","1m","2026-04-16T05:41:47.0000000Z","4652"
"BHL","1m","2026-04-16T05:42:50.0000000Z","3754"
"BHL","1m","2026-04-16T05:43:52.0000000Z","4025"
"BHL","1m","2026-04-16T05:44:07.0000000Z","110"
"BHL","1m","2026-04-16T05:45:55.0000000Z","2174"
"BHL","1m","2026-04-16T05:46:22.0000000Z","1017"
"BHL","1m","2026-04-16T05:47:35.0000000Z","1330"
"BHL","1m","2026-04-16T05:48:38.0000000Z","386"
"BHL","1m","2026-04-16T05:50:23.0000000Z","60"
"BHL","1m","2026-04-16T05:51:56.0000000Z","4856"
"BHL","1m","2026-04-16T05:52:52.0000000Z","210"
"BHL","1m","2026-04-16T05:53:53.0000000Z","1070"
"BHL","1m","2026-04-16T05:54:45.0000000Z","4535"
"BHL","1m","2026-04-16T05:55:00.0000000Z","0"
"BHL","1m","2026-04-16T05:56:22.0000000Z","1493"
"BHL","1m","2026-04-16T05:57:52.0000000Z","10"
"BHL","1m","2026-04-16T05:58:38.0000000Z","86"
"BHL","1m","2026-04-16T05:59:39.0000000Z","10"
"BHL","1m","2026-04-16T06:00:57.0000000Z","521"
"BHL","1m","2026-04-16T06:01:53.0000000Z","2000"
"BHL","1m","2026-04-16T06:02:58.0000000Z","60"
"BHL","1m","2026-04-16T06:03:54.0000000Z","590"
"BHL","1m","2026-04-16T06:04:51.0000000Z","78"
"BHL","1m","2026-04-16T06:05:58.0000000Z","1481"
"BHL","1m","2026-04-16T06:06:53.0000000Z","200"
"BHL","1m","2026-04-16T06:07:03.0000000Z","620"
"BHL","1m","2026-04-16T06:08:58.0000000Z","3600"
"BHL","1m","2026-04-16T06:09:44.0000000Z","339"
"BHL","1m","2026-04-16T06:10:30.0000000Z","422"
"BHL","1m","2026-04-16T06:11:58.0000000Z","1339"
"BHL","1m","2026-04-16T06:12:37.0000000Z","415"
"BHL","1m","2026-04-16T06:13:55.0000000Z","2500"
"BHL","1m","2026-04-16T06:14:14.0000000Z","427"
"BHL","1m","2026-04-16T06:15:14.0000000Z","400"
"BHL","1m","2026-04-16T06:16:36.0000000Z","644"
"BHL","1m","2026-04-16T06:17:37.0000000Z","3320"
"BHL","1m","2026-04-16T06:20:49.0000000Z","2071"
"BHL","1m","2026-04-16T06:22:45.0000000Z","1000"
"BHL","1m","2026-04-16T06:23:46.0000000Z","0"
"BHL","1m","2026-04-16T06:24:55.0000000Z","3589"
"BHL","1m","2026-04-16T06:25:58.0000000Z","3290"
"BHL","1m","2026-04-16T06:26:35.0000000Z","1300"
"BHL","1m","2026-04-16T06:27:38.0000000Z","0"
"BHL","1m","2026-04-16T06:29:51.0000000Z","310"
"BHL","1m","2026-04-16T06:32:42.0000000Z","215"
"BHL","1m","2026-04-16T06:33:42.0000000Z","326"
"BHL","1m","2026-04-16T06:34:15.0000000Z","750"
"BHL","1m","2026-04-16T06:35:40.0000000Z","500"
"BHL","1m","2026-04-16T06:36:03.0000000Z","200"
"BHL","1m","2026-04-16T06:37:35.0000000Z","600"
"BHL","1m","2026-04-16T06:38:30.0000000Z","200"
"BHL","1m","2026-04-16T06:39:39.0000000Z","1000"
"BHL","1m","2026-04-16T06:40:53.0000000Z","4094"
"BHL","1m","2026-04-16T06:41:06.0000000Z","4880"
"BHL","1m","2026-04-16T06:42:36.0000000Z","255"
"BHL","1m","2026-04-16T06:43:59.0000000Z","0"
"BHL","1m","2026-04-16T06:45:14.0000000Z","544"
"BHL","1m","2026-04-16T06:47:00.0000000Z","100"
"BHL","1m","2026-04-16T06:48:32.0000000Z","57"
"BHL","1m","2026-04-16T06:49:49.0000000Z","223"
"BHL","1m","2026-04-16T06:50:51.0000000Z","806"
"BHL","1m","2026-04-16T06:51:47.0000000Z","100"
"BHL","1m","2026-04-16T06:52:59.0000000Z","1281"
"BHL","1m","2026-04-16T06:53:19.0000000Z","601"
"BHL","1m","2026-04-16T06:54:42.0000000Z","1653"
"BHL","1m","2026-04-16T06:55:43.0000000Z","2000"
"BHL","1m","2026-04-16T06:56:03.0000000Z","50"
"BHL","1m","2026-04-16T06:59:44.0000000Z","0"
"BHL","1m","2026-04-16T07:00:09.0000000Z","500"
"BHL","1m","2026-04-16T07:01:03.0000000Z","26"
"BHL","1m","2026-04-16T07:03:45.0000000Z","1210"
"BHL","1m","2026-04-16T07:04:50.0000000Z","0"
"BHL","1m","2026-04-16T07:05:54.0000000Z","240"
"BHL","1m","2026-04-16T07:07:04.0000000Z","200"
"BHL","1m","2026-04-16T07:08:02.0000000Z","10"
"BHL","1m","2026-04-16T07:10:32.0000000Z","10"
"BHL","1m","2026-04-16T07:11:56.0000000Z","645"
"BHL","1m","2026-04-16T07:12:03.0000000Z","22"
"BHL","1m","2026-04-16T07:13:19.0000000Z","21"
"BHL","1m","2026-04-16T07:14:51.0000000Z","1129"
"BHL","1m","2026-04-16T07:15:46.0000000Z","615"
"BHL","1m","2026-04-16T07:16:50.0000000Z","20"
"BHL","1m","2026-04-16T07:18:01.0000000Z","1860"
"BHL","1m","2026-04-16T07:21:53.0000000Z","2010"
"BHL","1m","2026-04-16T07:22:05.0000000Z","900"
"BHL","1m","2026-04-16T07:24:56.0000000Z","2100"
"BHL","1m","2026-04-16T07:25:53.0000000Z","7038"
"BHL","1m","2026-04-16T07:26:40.0000000Z","15710"
"BHL","1m","2026-04-16T07:27:50.0000000Z","175"
"BHL","1m","2026-04-16T07:29:58.0000000Z","15445"
"BHL","1m","2026-04-16T07:30:45.0000000Z","560"
"BHL","1m","2026-04-16T07:31:58.0000000Z","0"
"BHL","1m","2026-04-16T07:32:39.0000000Z","4284"
"BHL","1m","2026-04-16T07:33:43.0000000Z","300"
"BHL","1m","2026-04-16T07:34:44.0000000Z","5982"
"BHL","1m","2026-04-16T07:35:01.0000000Z","20"
"BHL","1m","2026-04-16T07:36:48.0000000Z","600"
"BHL","1m","2026-04-16T07:37:13.0000000Z","0"
"BHL","1m","2026-04-16T07:38:54.0000000Z","5863"
"BHL","1m","2026-04-16T07:39:49.0000000Z","2345"
"BHL","1m","2026-04-16T07:40:37.0000000Z","1217"
"BHL","1m","2026-04-16T07:41:48.0000000Z","4155"
"BHL","1m","2026-04-16T07:42:44.0000000Z","310"
"BHL","1m","2026-04-16T07:43:27.0000000Z","0"
"BHL","1m","2026-04-16T07:44:32.0000000Z","256"
"BHL","1m","2026-04-16T07:45:51.0000000Z","730"
"BHL","1m","2026-04-16T07:46:55.0000000Z","168"
"BHL","1m","2026-04-16T07:47:57.0000000Z","0"
"BHL","1m","2026-04-16T07:48:51.0000000Z","30823"
"BHL","1m","2026-04-16T07:49:52.0000000Z","634"
"BHL","1m","2026-04-16T07:50:57.0000000Z","4076"
"BHL","1m","2026-04-16T07:51:48.0000000Z","5000"
"BHL","1m","2026-04-16T07:52:50.0000000Z","4677"
"BHL","1m","2026-04-16T07:53:30.0000000Z","1300"
"BHL","1m","2026-04-16T07:54:36.0000000Z","3830"
"BHL","1m","2026-04-16T07:55:54.0000000Z","100"
"BHL","1m","2026-04-16T07:56:57.0000000Z","3592"
"BHL","1m","2026-04-16T07:58:42.0000000Z","2920"
"BHL","1m","2026-04-16T07:59:07.0000000Z","10"
"BHL","1m","2026-04-16T08:00:37.0000000Z","805"
"BHL","1m","2026-04-16T08:01:53.0000000Z","1250"
"BHL","1m","2026-04-16T08:03:43.0000000Z","400"
"BHL","1m","2026-04-16T08:04:39.0000000Z","279"
"BHL","1m","2026-04-16T08:05:54.0000000Z","5124"
"BHL","1m","2026-04-16T08:06:07.0000000Z","250"
"BHL","1m","2026-04-16T08:07:20.0000000Z","100"
"BHL","1m","2026-04-16T08:08:27.0000000Z","2700"
"BHL","1m","2026-04-16T08:10:47.0000000Z","270"
"BHL","1m","2026-04-16T08:12:52.0000000Z","10"
"BHL","1m","2026-04-16T08:14:56.0000000Z","0"
"BHL","1m","2026-04-16T08:15:57.0000000Z","11380"
"BHL","1m","2026-04-16T08:16:58.0000000Z","3999"
"BHL","1m","2026-04-16T08:18:04.0000000Z","10"
"BHL","1m","2026-04-16T08:19:27.0000000Z","0"
"BHL","1m","2026-04-16T08:20:52.0000000Z","12436"
"BHL","1m","2026-04-16T08:22:40.0000000Z","135"
"BHL","1m","2026-04-16T08:23:30.0000000Z","190"
"BHL","1m","2026-04-16T08:24:32.0000000Z","7360"
"BHL","1m","2026-04-16T08:25:06.0000000Z","1000"
"BHL","1m","2026-04-16T08:27:44.0000000Z","330"
"BHL","1m","2026-04-16T08:28:04.0000000Z","10"
"BHL","1m","2026-04-16T08:29:41.0000000Z","2450"
"BHL","1m","2026-04-16T08:30:38.0000000Z","150"
"BHL","1m","2026-04-16T08:31:55.0000000Z","1040"
"BHL","1m","2026-04-16T08:33:23.0000000Z","100"
"BHL","1m","2026-04-16T08:34:56.0000000Z","2200"
"BHL","1m","2026-04-16T08:35:50.0000000Z","2000"
"BHL","1m","2026-04-16T08:36:18.0000000Z","1560"
"BHL","1m","2026-04-16T08:37:05.0000000Z","240"
"BHL","1m","2026-04-16T08:38:33.0000000Z","1786"
"BHL","1m","2026-04-16T08:39:31.0000000Z","0"
"BHL","1m","2026-04-16T08:40:47.0000000Z","1074"
"BHL","1m","2026-04-16T08:41:43.0000000Z","1240"
"BHL","1m","2026-04-16T08:42:29.0000000Z","20"
"BHL","1m","2026-04-16T08:43:44.0000000Z","960"
"BHL","1m","2026-04-16T08:44:48.0000000Z","670"
"BHL","1m","2026-04-16T08:46:44.0000000Z","430"
"BHL","1m","2026-04-16T08:47:51.0000000Z","1789"
"BHL","1m","2026-04-16T08:48:27.0000000Z","240"
"BHL","1m","2026-04-16T08:49:17.0000000Z","90"
"BHL","1m","2026-04-16T08:50:54.0000000Z","1000"
"BHL","1m","2026-04-16T08:51:40.0000000Z","120"
"BHL","1m","2026-04-16T08:52:59.0000000Z","730"
"BHL","1m","2026-04-16T08:53:21.0000000Z","30"
"BHL","1m","2026-04-16T08:54:53.0000000Z","520"
"BHL","1m","2026-04-16T08:55:34.0000000Z","0"
"BHL","1m","2026-04-16T08:56:37.0000000Z","2848"
"BHL","1m","2026-04-16T08:57:46.0000000Z","150"
"BHL","1m","2026-04-16T08:58:50.0000000Z","500"
"BHL","1m","2026-04-16T08:59:10.0000000Z","385"
"BHL","1m","2026-04-16T09:00:43.0000000Z","1935"
"BHL","1m","2026-04-16T09:01:41.0000000Z","2337"
"BHL","1m","2026-04-16T09:02:48.0000000Z","350"
"BHL","1m","2026-04-16T09:03:32.0000000Z","1505"
"BHL","1m","2026-04-16T09:04:50.0000000Z","8984"
"BHL","1m","2026-04-16T09:05:49.0000000Z","1536"
"BHL","1m","2026-04-16T09:06:15.0000000Z","10"
"BHL","1m","2026-04-16T09:07:57.0000000Z","4172"
"BHL","1m","2026-04-16T09:08:52.0000000Z","8242"
"BHL","1m","2026-04-16T09:09:54.0000000Z","2100"
"BHL","1m","2026-04-16T09:10:55.0000000Z","1090"
"BHL","1m","2026-04-16T09:11:53.0000000Z","200"
"BHL","1m","2026-04-16T09:12:56.0000000Z","4772"
"BHL","1m","2026-04-16T09:13:50.0000000Z","502"
"BHL","1m","2026-04-16T09:14:59.0000000Z","9327"
"BHL","1m","2026-04-17T05:15:41.0000000Z","2600"
"BHL","1m","2026-04-17T05:16:32.0000000Z","150"
"BHL","1m","2026-04-17T05:17:51.0000000Z","1910"
"BHL","1m","2026-04-17T05:18:22.0000000Z","647"
"BHL","1m","2026-04-17T05:19:44.0000000Z","490"
"BHL","1m","2026-04-17T05:20:38.0000000Z","350"
"BHL","1m","2026-04-17T05:21:36.0000000Z","2536"
"BHL","1m","2026-04-17T05:22:58.0000000Z","1503"
"BHL","1m","2026-04-17T05:23:54.0000000Z","5878"
"BHL","1m","2026-04-17T05:24:49.0000000Z","4385"
"BHL","1m","2026-04-17T05:25:44.0000000Z","558"
"BHL","1m","2026-04-17T05:26:56.0000000Z","705"
"BHL","1m","2026-04-17T05:27:59.0000000Z","4540"
"BHL","1m","2026-04-17T05:28:43.0000000Z","2552"
"BHL","1m","2026-04-17T05:29:54.0000000Z","3510"
"BHL","1m","2026-04-17T05:30:41.0000000Z","1181"
"BHL","1m","2026-04-17T05:31:49.0000000Z","1150"
"BHL","1m","2026-04-17T05:32:51.0000000Z","1611"
"BHL","1m","2026-04-17T05:33:43.0000000Z","555"
"BHL","1m","2026-04-17T05:34:40.0000000Z","335"
"BHL","1m","2026-04-17T05:36:18.0000000Z","300"
"BHL","1m","2026-04-17T05:37:51.0000000Z","500"
"BHL","1m","2026-04-17T05:38:51.0000000Z","2730"
"BHL","1m","2026-04-17T05:39:28.0000000Z","1714"
"BHL","1m","2026-04-17T05:40:27.0000000Z","90"
"BHL","1m","2026-04-17T05:41:45.0000000Z","5921"
"BHL","1m","2026-04-17T05:42:38.0000000Z","2797"
"BHL","1m","2026-04-17T05:43:51.0000000Z","349"
"BHL","1m","2026-04-17T05:44:42.0000000Z","13653"
"BHL","1m","2026-04-17T05:45:14.0000000Z","2051"
"BHL","1m","2026-04-17T05:46:52.0000000Z","1155"
"BHL","1m","2026-04-17T05:47:01.0000000Z","500"
"BHL","1m","2026-04-17T05:48:48.0000000Z","435"
"BHL","1m","2026-04-17T05:49:48.0000000Z","650"
"BHL","1m","2026-04-17T05:50:57.0000000Z","210"
"BHL","1m","2026-04-17T05:51:59.0000000Z","3695"
"BHL","1m","2026-04-17T05:52:59.0000000Z","0"
"BHL","1m","2026-04-17T05:53:42.0000000Z","4996"
"BHL","1m","2026-04-17T05:54:56.0000000Z","1410"
"BHL","1m","2026-04-17T05:55:14.0000000Z","10"
"BHL","1m","2026-04-17T05:58:25.0000000Z","773"
"BHL","1m","2026-04-17T05:59:12.0000000Z","28"
"BHL","1m","2026-04-17T06:00:39.0000000Z","500"
"BHL","1m","2026-04-17T06:01:43.0000000Z","3783"
"BHL","1m","2026-04-17T06:02:31.0000000Z","1555"
"BHL","1m","2026-04-17T06:03:27.0000000Z","500"
"BHL","1m","2026-04-17T06:05:55.0000000Z","1610"
"BHL","1m","2026-04-17T06:08:54.0000000Z","550"
"BHL","1m","2026-04-17T06:09:33.0000000Z","655"
"BHL","1m","2026-04-17T06:10:39.0000000Z","559"
"BHL","1m","2026-04-17T06:11:56.0000000Z","1461"
"BHL","1m","2026-04-17T06:12:02.0000000Z","300"
"BHL","1m","2026-04-17T06:13:49.0000000Z","259"
"BHL","1m","2026-04-17T06:14:22.0000000Z","3916"
"BHL","1m","2026-04-17T06:15:26.0000000Z","500"
"BHL","1m","2026-04-17T06:16:15.0000000Z","2293"
"BHL","1m","2026-04-17T06:18:33.0000000Z","2200"
"BHL","1m","2026-04-17T06:19:47.0000000Z","400"
"BHL","1m","2026-04-17T06:20:18.0000000Z","5170"
"BHL","1m","2026-04-17T06:22:47.0000000Z","30"
"BHL","1m","2026-04-17T06:24:53.0000000Z","355"
"BHL","1m","2026-04-17T06:25:47.0000000Z","1160"
"BHL","1m","2026-04-17T06:26:46.0000000Z","3665"
"BHL","1m","2026-04-17T06:28:51.0000000Z","1000"
"BHL","1m","2026-04-17T06:29:01.0000000Z","250"
"BHL","1m","2026-04-17T06:30:35.0000000Z","906"
"BHL","1m","2026-04-17T06:31:45.0000000Z","450"
"BHL","1m","2026-04-17T06:32:24.0000000Z","310"
"BHL","1m","2026-04-17T06:34:48.0000000Z","10"
"BHL","1m","2026-04-17T06:35:35.0000000Z","750"
"BHL","1m","2026-04-17T06:36:33.0000000Z","0"
"BHL","1m","2026-04-17T06:37:58.0000000Z","1723"
"BHL","1m","2026-04-17T06:38:33.0000000Z","1200"
"BHL","1m","2026-04-17T06:40:05.0000000Z","0"
"BHL","1m","2026-04-17T06:41:55.0000000Z","685"
"BHL","1m","2026-04-17T06:42:59.0000000Z","480"
"BHL","1m","2026-04-17T06:43:10.0000000Z","10"
"BHL","1m","2026-04-17T06:44:41.0000000Z","519"
"BHL","1m","2026-04-17T06:45:17.0000000Z","500"
"BHL","1m","2026-04-17T06:47:44.0000000Z","50"
"BHL","1m","2026-04-17T06:48:34.0000000Z","1071"
"BHL","1m","2026-04-17T06:49:46.0000000Z","5060"
"BHL","1m","2026-04-17T06:52:57.0000000Z","15"
"BHL","1m","2026-04-17T06:53:14.0000000Z","130"
"BHL","1m","2026-04-17T06:55:44.0000000Z","0"
"BHL","1m","2026-04-17T06:56:38.0000000Z","113"
"BHL","1m","2026-04-17T06:58:24.0000000Z","157"
"BHL","1m","2026-04-17T06:59:33.0000000Z","99"
"BHL","1m","2026-04-17T07:00:18.0000000Z","1671"
"BHL","1m","2026-04-17T07:01:14.0000000Z","555"
"BHL","1m","2026-04-17T07:02:36.0000000Z","3217"
"BHL","1m","2026-04-17T07:03:51.0000000Z","2423"
"BHL","1m","2026-04-17T07:04:09.0000000Z","0"
"BHL","1m","2026-04-17T07:05:14.0000000Z","10"
"BHL","1m","2026-04-17T07:06:58.0000000Z","1540"
"BHL","1m","2026-04-17T07:07:52.0000000Z","865"
"BHL","1m","2026-04-17T07:08:39.0000000Z","2207"
"BHL","1m","2026-04-17T07:09:46.0000000Z","413"
"BHL","1m","2026-04-17T07:10:24.0000000Z","2318"
"BHL","1m","2026-04-17T07:11:45.0000000Z","878"
"BHL","1m","2026-04-17T07:12:54.0000000Z","6841"
"BHL","1m","2026-04-17T07:13:07.0000000Z","100"
"BHL","1m","2026-04-17T07:14:42.0000000Z","170"
"BHL","1m","2026-04-17T07:15:53.0000000Z","0"
"BHL","1m","2026-04-17T07:16:55.0000000Z","2573"
"BHL","1m","2026-04-17T07:20:24.0000000Z","0"
"BHL","1m","2026-04-17T07:22:43.0000000Z","115"
"BHL","1m","2026-04-17T07:25:04.0000000Z","0"
"BHL","1m","2026-04-17T07:26:41.0000000Z","170"
"BHL","1m","2026-04-17T07:27:43.0000000Z","200"
"BHL","1m","2026-04-17T07:28:12.0000000Z","200"
"BHL","1m","2026-04-17T07:31:07.0000000Z","250"
"BHL","1m","2026-04-17T07:32:28.0000000Z","35"
"BHL","1m","2026-04-17T07:33:19.0000000Z","200"
"BHL","1m","2026-04-17T07:34:24.0000000Z","530"
"BHL","1m","2026-04-17T07:38:41.0000000Z","246"
"BHL","1m","2026-04-17T07:39:47.0000000Z","33"
"BHL","1m","2026-04-17T07:40:36.0000000Z","1455"
"BHL","1m","2026-04-17T07:41:51.0000000Z","1269"
"BHL","1m","2026-04-17T07:42:41.0000000Z","6078"
"BHL","1m","2026-04-17T07:46:48.0000000Z","1000"
"BHL","1m","2026-04-17T07:47:14.0000000Z","255"
"BHL","1m","2026-04-17T07:48:56.0000000Z","245"
"BHL","1m","2026-04-17T07:49:50.0000000Z","4125"
"BHL","1m","2026-04-17T07:50:44.0000000Z","6100"
"BHL","1m","2026-04-17T07:51:51.0000000Z","0"
"BHL","1m","2026-04-17T07:52:47.0000000Z","4200"
"BHL","1m","2026-04-17T07:53:43.0000000Z","200"
"BHL","1m","2026-04-17T07:54:56.0000000Z","6782"
"BHL","1m","2026-04-17T07:55:55.0000000Z","3930"
"BHL","1m","2026-04-17T07:56:58.0000000Z","3232"
"BHL","1m","2026-04-17T07:58:57.0000000Z","50"
"BHL","1m","2026-04-17T07:59:06.0000000Z","687"
"BHL","1m","2026-04-17T08:02:21.0000000Z","550"
"BHL","1m","2026-04-17T08:03:30.0000000Z","0"
"BHL","1m","2026-04-17T08:07:49.0000000Z","10"
"BHL","1m","2026-04-17T08:08:08.0000000Z","0"
"BHL","1m","2026-04-17T08:09:05.0000000Z","3513"
"BHL","1m","2026-04-17T08:10:04.0000000Z","0"
"BHL","1m","2026-04-17T08:12:49.0000000Z","20"
"BHL","1m","2026-04-17T08:13:56.0000000Z","113"
"BHL","1m","2026-04-17T08:16:38.0000000Z","40"
"BHL","1m","2026-04-17T08:18:56.0000000Z","1045"
"BHL","1m","2026-04-17T08:19:49.0000000Z","0"
"BHL","1m","2026-04-17T08:20:40.0000000Z","1897"
"BHL","1m","2026-04-17T08:21:48.0000000Z","120"
"BHL","1m","2026-04-17T08:22:44.0000000Z","800"
"BHL","1m","2026-04-17T08:24:55.0000000Z","100"
"BHL","1m","2026-04-17T08:25:52.0000000Z","7360"
"BHL","1m","2026-04-17T08:26:57.0000000Z","2360"
"BHL","1m","2026-04-17T08:27:59.0000000Z","233"
"BHL","1m","2026-04-17T08:28:46.0000000Z","20"
"BHL","1m","2026-04-17T08:29:44.0000000Z","280"
"BHL","1m","2026-04-17T08:30:45.0000000Z","507"
"BHL","1m","2026-04-17T08:31:50.0000000Z","220"
"BHL","1m","2026-04-17T08:32:42.0000000Z","430"
"BHL","1m","2026-04-17T08:33:55.0000000Z","1468"
"BHL","1m","2026-04-17T08:34:42.0000000Z","2370"
"BHL","1m","2026-04-17T08:35:47.0000000Z","590"
"BHL","1m","2026-04-17T08:36:18.0000000Z","4197"
"BHL","1m","2026-04-17T08:37:57.0000000Z","1069"
"BHL","1m","2026-04-17T08:38:51.0000000Z","1987"
"BHL","1m","2026-04-17T08:39:40.0000000Z","0"
"BHL","1m","2026-04-17T08:42:51.0000000Z","150"
"BHL","1m","2026-04-17T08:43:47.0000000Z","30"
"BHL","1m","2026-04-17T08:45:44.0000000Z","20"
"BHL","1m","2026-04-17T08:49:18.0000000Z","500"
"BHL","1m","2026-04-17T08:50:13.0000000Z","194"
"BHL","1m","2026-04-17T08:51:56.0000000Z","0"
"BHL","1m","2026-04-17T08:52:31.0000000Z","2640"
"BHL","1m","2026-04-17T08:53:54.0000000Z","1918"
"BHL","1m","2026-04-17T08:54:48.0000000Z","1250"
"BHL","1m","2026-04-17T08:55:58.0000000Z","285"
"BHL","1m","2026-04-17T08:56:36.0000000Z","2171"
"BHL","1m","2026-04-17T08:57:30.0000000Z","550"
"BHL","1m","2026-04-17T08:58:23.0000000Z","0"
"BHL","1m","2026-04-17T08:59:17.0000000Z","4897"
"BHL","1m","2026-04-17T09:01:23.0000000Z","0"
"BHL","1m","2026-04-17T09:02:44.0000000Z","1527"
"BHL","1m","2026-04-17T09:04:15.0000000Z","250"
"BHL","1m","2026-04-17T09:06:50.0000000Z","0"
"BHL","1m","2026-04-17T09:07:54.0000000Z","1060"
"BHL","1m","2026-04-17T09:08:56.0000000Z","3230"
"BHL","1m","2026-04-17T09:10:54.0000000Z","530"
"BHL","1m","2026-04-17T09:11:52.0000000Z","807"
"BHL","1m","2026-04-17T09:12:23.0000000Z","5210"
"BHL","1m","2026-04-17T09:13:50.0000000Z","880"
"BHL","1m","2026-04-17T09:14:59.0000000Z","24335"
"BHL","1m","2026-04-20T05:15:00.0000000Z","0"
"BHL","1m","2026-04-20T05:16:55.0000000Z","2787"
"BHL","1m","2026-04-20T05:17:30.0000000Z","500"
"BHL","1m","2026-04-20T05:18:46.0000000Z","2935"
"BHL","1m","2026-04-20T05:19:52.0000000Z","250"
"BHL","1m","2026-04-20T05:20:10.0000000Z","1000"
"BHL","1m","2026-04-20T05:21:38.0000000Z","13465"
"BHL","1m","2026-04-20T05:22:35.0000000Z","1072"
"BHL","1m","2026-04-20T05:23:53.0000000Z","200"
"BHL","1m","2026-04-20T05:25:23.0000000Z","2286"
"BHL","1m","2026-04-20T05:27:41.0000000Z","2250"
"BHL","1m","2026-04-20T05:28:58.0000000Z","2987"
"BHL","1m","2026-04-20T05:29:32.0000000Z","280"
"BHL","1m","2026-04-20T05:30:59.0000000Z","150"
"BHL","1m","2026-04-20T05:32:48.0000000Z","2030"
"BHL","1m","2026-04-20T05:33:33.0000000Z","290"
"BHL","1m","2026-04-20T05:34:56.0000000Z","120"
"BHL","1m","2026-04-20T05:35:48.0000000Z","10"
"BHL","1m","2026-04-20T05:36:54.0000000Z","805"
"BHL","1m","2026-04-20T05:37:50.0000000Z","1314"
"BHL","1m","2026-04-20T05:38:59.0000000Z","667"
"BHL","1m","2026-04-20T05:39:39.0000000Z","700"
"BHL","1m","2026-04-20T05:40:15.0000000Z","100"
"BHL","1m","2026-04-20T05:41:44.0000000Z","100"
"BHL","1m","2026-04-20T05:43:23.0000000Z","310"
"BHL","1m","2026-04-20T05:44:53.0000000Z","1220"
"BHL","1m","2026-04-20T05:45:57.0000000Z","110"
"BHL","1m","2026-04-20T05:46:11.0000000Z","4532"
"BHL","1m","2026-04-20T05:47:18.0000000Z","60"
"BHL","1m","2026-04-20T05:48:18.0000000Z","40"
"BHL","1m","2026-04-20T05:51:04.0000000Z","3780"
"BHL","1m","2026-04-20T05:52:37.0000000Z","1070"
"BHL","1m","2026-04-20T05:53:51.0000000Z","1220"
"BHL","1m","2026-04-20T05:54:22.0000000Z","10"
"BHL","1m","2026-04-20T05:55:15.0000000Z","0"
"BHL","1m","2026-04-20T05:56:39.0000000Z","1090"
"BHL","1m","2026-04-20T05:58:36.0000000Z","4000"
"BHL","1m","2026-04-20T05:59:49.0000000Z","603"
"BHL","1m","2026-04-20T06:00:54.0000000Z","710"
"BHL","1m","2026-04-20T06:01:56.0000000Z","372"
"BHL","1m","2026-04-20T06:02:52.0000000Z","1750"
"BHL","1m","2026-04-20T06:03:22.0000000Z","228"
"BHL","1m","2026-04-20T06:04:39.0000000Z","12"
"BHL","1m","2026-04-20T06:05:48.0000000Z","10"
"BHL","1m","2026-04-20T06:06:09.0000000Z","148"
"BHL","1m","2026-04-20T06:07:53.0000000Z","76"
"BHL","1m","2026-04-20T06:08:56.0000000Z","3260"
"BHL","1m","2026-04-20T06:09:49.0000000Z","235"
"BHL","1m","2026-04-20T06:12:41.0000000Z","500"
"BHL","1m","2026-04-20T06:13:23.0000000Z","1010"
"BHL","1m","2026-04-20T06:15:14.0000000Z","685"
"BHL","1m","2026-04-20T06:16:17.0000000Z","10"
"BHL","1m","2026-04-20T06:17:39.0000000Z","250"
"BHL","1m","2026-04-20T06:18:14.0000000Z","280"
"BHL","1m","2026-04-20T06:21:56.0000000Z","1814"
"BHL","1m","2026-04-20T06:22:52.0000000Z","120"
"BHL","1m","2026-04-20T06:23:39.0000000Z","1119"
"BHL","1m","2026-04-20T06:24:53.0000000Z","981"
"BHL","1m","2026-04-20T06:26:37.0000000Z","300"
"BHL","1m","2026-04-20T06:28:41.0000000Z","33"
"BHL","1m","2026-04-20T06:30:26.0000000Z","491"
"BHL","1m","2026-04-20T06:31:42.0000000Z","2681"
"BHL","1m","2026-04-20T06:33:55.0000000Z","859"
"BHL","1m","2026-04-20T06:35:39.0000000Z","1300"
"BHL","1m","2026-04-20T06:36:50.0000000Z","10"
"BHL","1m","2026-04-20T06:37:14.0000000Z","124"
"BHL","1m","2026-04-20T06:40:56.0000000Z","1020"
"BHL","1m","2026-04-20T06:41:56.0000000Z","190"
"BHL","1m","2026-04-20T06:42:59.0000000Z","0"
"BHL","1m","2026-04-20T06:44:32.0000000Z","3020"
"BHL","1m","2026-04-20T06:45:19.0000000Z","135"
"BHL","1m","2026-04-20T06:48:57.0000000Z","45"
"BHL","1m","2026-04-20T06:49:13.0000000Z","10"
"BHL","1m","2026-04-20T06:51:36.0000000Z","55"
"BHL","1m","2026-04-20T06:52:23.0000000Z","76"
"BHL","1m","2026-04-20T06:53:14.0000000Z","900"
"BHL","1m","2026-04-20T06:54:11.0000000Z","20"
"BHL","1m","2026-04-20T06:55:07.0000000Z","69"
"BHL","1m","2026-04-20T06:57:54.0000000Z","20"
"BHL","1m","2026-04-20T06:58:47.0000000Z","193"
"BHL","1m","2026-04-20T06:59:52.0000000Z","3000"
"BHL","1m","2026-04-20T07:04:34.0000000Z","0"
"BHL","1m","2026-04-20T07:05:14.0000000Z","1331"
"BHL","1m","2026-04-20T07:07:33.0000000Z","360"
"BHL","1m","2026-04-20T07:09:34.0000000Z","840"
"BHL","1m","2026-04-20T07:10:37.0000000Z","9351"
"BHL","1m","2026-04-20T07:11:48.0000000Z","0"
"BHL","1m","2026-04-20T07:12:30.0000000Z","0"
"BHL","1m","2026-04-20T07:13:54.0000000Z","2440"
"BHL","1m","2026-04-20T07:15:16.0000000Z","10"
"BHL","1m","2026-04-20T07:16:15.0000000Z","500"
"BHL","1m","2026-04-20T07:17:44.0000000Z","50"
"BHL","1m","2026-04-20T07:19:31.0000000Z","0"
"BHL","1m","2026-04-20T07:21:56.0000000Z","4295"
"BHL","1m","2026-04-20T07:22:40.0000000Z","200"
"BHL","1m","2026-04-20T07:23:57.0000000Z","1180"
"BHL","1m","2026-04-20T07:24:05.0000000Z","0"
"BHL","1m","2026-04-20T07:25:42.0000000Z","1080"
"BHL","1m","2026-04-20T07:27:28.0000000Z","579"
"BHL","1m","2026-04-20T07:29:38.0000000Z","3241"
"BHL","1m","2026-04-20T07:30:33.0000000Z","235"
"BHL","1m","2026-04-20T07:31:55.0000000Z","755"
"BHL","1m","2026-04-20T07:34:51.0000000Z","44"
"BHL","1m","2026-04-20T07:36:56.0000000Z","210"
"BHL","1m","2026-04-20T07:38:01.0000000Z","10"
"BHL","1m","2026-04-20T07:40:17.0000000Z","200"
"BHL","1m","2026-04-20T07:41:30.0000000Z","0"
"BHL","1m","2026-04-20T07:42:35.0000000Z","400"
"BHL","1m","2026-04-20T07:44:24.0000000Z","205"
"BHL","1m","2026-04-20T07:45:34.0000000Z","1000"
"BHL","1m","2026-04-20T07:46:27.0000000Z","1200"
"BHL","1m","2026-04-20T07:47:24.0000000Z","6006"
"BHL","1m","2026-04-20T07:50:53.0000000Z","0"
"BHL","1m","2026-04-20T07:51:50.0000000Z","90"
"BHL","1m","2026-04-20T07:52:50.0000000Z","500"
"BHL","1m","2026-04-20T07:53:13.0000000Z","134"
"BHL","1m","2026-04-20T07:54:35.0000000Z","110"
"BHL","1m","2026-04-20T07:56:11.0000000Z","390"
"BHL","1m","2026-04-20T07:57:49.0000000Z","3000"
"BHL","1m","2026-04-20T07:59:47.0000000Z","50"
"BHL","1m","2026-04-20T08:00:15.0000000Z","50"
"BHL","1m","2026-04-20T08:01:41.0000000Z","1635"
"BHL","1m","2026-04-20T08:02:47.0000000Z","2096"
"BHL","1m","2026-04-20T08:04:53.0000000Z","210"
"BHL","1m","2026-04-20T08:05:01.0000000Z","70"
"BHL","1m","2026-04-20T08:10:23.0000000Z","150"
"BHL","1m","2026-04-20T08:16:04.0000000Z","25"
"BHL","1m","2026-04-20T08:18:46.0000000Z","2010"
"BHL","1m","2026-04-20T08:19:48.0000000Z","500"
"BHL","1m","2026-04-20T08:20:28.0000000Z","145"
"BHL","1m","2026-04-20T08:21:39.0000000Z","2425"
"BHL","1m","2026-04-20T08:22:18.0000000Z","50"
"BHL","1m","2026-04-20T08:24:40.0000000Z","1500"
"BHL","1m","2026-04-20T08:26:14.0000000Z","400"
"BHL","1m","2026-04-20T08:27:35.0000000Z","80"
"BHL","1m","2026-04-20T08:28:41.0000000Z","750"
"BHL","1m","2026-04-20T08:29:39.0000000Z","835"
"BHL","1m","2026-04-20T08:30:30.0000000Z","50"
"BHL","1m","2026-04-20T08:31:59.0000000Z","1031"
"BHL","1m","2026-04-20T08:32:45.0000000Z","250"
"BHL","1m","2026-04-20T08:34:33.0000000Z","90"
"BHL","1m","2026-04-20T08:35:00.0000000Z","250"
"BHL","1m","2026-04-20T08:36:38.0000000Z","250"
"BHL","1m","2026-04-20T08:37:47.0000000Z","550"
"BHL","1m","2026-04-20T08:39:57.0000000Z","36"
"BHL","1m","2026-04-20T08:40:36.0000000Z","1300"
"BHL","1m","2026-04-20T08:41:36.0000000Z","529"
"BHL","1m","2026-04-20T08:42:53.0000000Z","250"
"BHL","1m","2026-04-20T08:43:37.0000000Z","133"
"BHL","1m","2026-04-20T08:44:58.0000000Z","2230"
"BHL","1m","2026-04-20T08:45:45.0000000Z","110"
"BHL","1m","2026-04-20T08:46:12.0000000Z","200"
"BHL","1m","2026-04-20T08:47:28.0000000Z","420"
"BHL","1m","2026-04-20T08:51:56.0000000Z","510"
"BHL","1m","2026-04-20T08:52:28.0000000Z","1010"
"BHL","1m","2026-04-20T08:53:55.0000000Z","905"
"BHL","1m","2026-04-20T08:54:43.0000000Z","50"
"BHL","1m","2026-04-20T08:55:56.0000000Z","275"
"BHL","1m","2026-04-20T08:56:10.0000000Z","0"
"BHL","1m","2026-04-20T08:58:54.0000000Z","335"
"BHL","1m","2026-04-20T08:59:59.0000000Z","495"
"BHL","1m","2026-04-20T09:00:26.0000000Z","150"
"BHL","1m","2026-04-20T09:01:10.0000000Z","225"
"BHL","1m","2026-04-20T09:02:43.0000000Z","7115"
"BHL","1m","2026-04-20T09:03:40.0000000Z","1300"
"BHL","1m","2026-04-20T09:04:47.0000000Z","5010"
"BHL","1m","2026-04-20T09:06:19.0000000Z","80"
"BHL","1m","2026-04-20T09:07:24.0000000Z","10"
"BHL","1m","2026-04-20T09:09:24.0000000Z","120"
"BHL","1m","2026-04-20T09:10:51.0000000Z","6906"
"BHL","1m","2026-04-20T09:11:53.0000000Z","7080"
"BHL","1m","2026-04-20T09:12:49.0000000Z","7452"
"BHL","1m","2026-04-20T09:13:52.0000000Z","4334"
"BHL","1m","2026-04-20T09:14:59.0000000Z","4686"
"BHL","1m","2026-04-21T05:15:00.0000000Z","10"
"BHL","1m","2026-04-21T05:16:55.0000000Z","220"
"BHL","1m","2026-04-21T05:17:30.0000000Z","10"
"BHL","1m","2026-04-21T05:19:01.0000000Z","100"
"BHL","1m","2026-04-21T05:20:07.0000000Z","20"
"BHL","1m","2026-04-21T05:21:12.0000000Z","10"
"BHL","1m","2026-04-21T05:22:38.0000000Z","0"
"BHL","1m","2026-04-21T05:23:39.0000000Z","1325"
"BHL","1m","2026-04-21T05:24:38.0000000Z","120"
"BHL","1m","2026-04-21T05:25:55.0000000Z","700"
"BHL","1m","2026-04-21T05:26:37.0000000Z","4720"
"BHL","1m","2026-04-21T05:27:01.0000000Z","1090"
"BHL","1m","2026-04-21T05:28:54.0000000Z","20"
"BHL","1m","2026-04-21T05:29:24.0000000Z","1010"
"BHL","1m","2026-04-21T05:30:55.0000000Z","110"
"BHL","1m","2026-04-21T05:31:53.0000000Z","10"
"BHL","1m","2026-04-21T05:32:47.0000000Z","3952"
"BHL","1m","2026-04-21T05:35:21.0000000Z","39"
"BHL","1m","2026-04-21T05:38:08.0000000Z","410"
"BHL","1m","2026-04-21T05:40:54.0000000Z","1404"
"BHL","1m","2026-04-21T05:41:53.0000000Z","10"
"BHL","1m","2026-04-21T05:43:24.0000000Z","500"
"BHL","1m","2026-04-21T05:44:07.0000000Z","500"
"BHL","1m","2026-04-21T05:47:28.0000000Z","500"
"BHL","1m","2026-04-21T05:48:53.0000000Z","1000"
"BHL","1m","2026-04-21T05:53:06.0000000Z","100"
"BHL","1m","2026-04-21T05:55:57.0000000Z","472"
"BHL","1m","2026-04-21T05:56:56.0000000Z","361"
"BHL","1m","2026-04-21T05:58:15.0000000Z","398"
"BHL","1m","2026-04-21T06:01:18.0000000Z","500"
"BHL","1m","2026-04-21T06:02:21.0000000Z","220"
"BHL","1m","2026-04-21T06:03:38.0000000Z","535"
"BHL","1m","2026-04-21T06:04:24.0000000Z","70"
"BHL","1m","2026-04-21T06:05:50.0000000Z","80"
"BHL","1m","2026-04-21T06:06:52.0000000Z","536"
"BHL","1m","2026-04-21T06:08:59.0000000Z","170"
"BHL","1m","2026-04-21T06:09:40.0000000Z","160"
"BHL","1m","2026-04-21T06:11:57.0000000Z","897"
"BHL","1m","2026-04-21T06:12:50.0000000Z","150"
"BHL","1m","2026-04-21T06:13:43.0000000Z","49"
"BHL","1m","2026-04-21T06:14:30.0000000Z","76"
"BHL","1m","2026-04-21T06:16:41.0000000Z","204"
"BHL","1m","2026-04-21T06:17:02.0000000Z","100"
"BHL","1m","2026-04-21T06:19:32.0000000Z","310"
"BHL","1m","2026-04-21T06:20:33.0000000Z","290"
"BHL","1m","2026-04-21T06:24:50.0000000Z","113"
"BHL","1m","2026-04-21T06:26:58.0000000Z","927"
"BHL","1m","2026-04-21T06:29:35.0000000Z","70"
"BHL","1m","2026-04-21T06:33:50.0000000Z","8817"
"BHL","1m","2026-04-21T06:36:54.0000000Z","2100"
"BHL","1m","2026-04-21T06:37:40.0000000Z","3438"
"BHL","1m","2026-04-21T06:38:58.0000000Z","690"
"BHL","1m","2026-04-21T06:39:59.0000000Z","375"
"BHL","1m","2026-04-21T06:43:58.0000000Z","30"
"BHL","1m","2026-04-21T06:44:37.0000000Z","500"
"BHL","1m","2026-04-21T06:45:26.0000000Z","110"
"BHL","1m","2026-04-21T06:46:57.0000000Z","2156"
"BHL","1m","2026-04-21T06:47:38.0000000Z","2000"
"BHL","1m","2026-04-21T06:48:08.0000000Z","1842"
"BHL","1m","2026-04-21T06:49:52.0000000Z","3020"
"BHL","1m","2026-04-21T06:50:38.0000000Z","3500"
"BHL","1m","2026-04-21T06:51:41.0000000Z","3100"
"BHL","1m","2026-04-21T06:52:02.0000000Z","60"
"BHL","1m","2026-04-21T06:54:48.0000000Z","1013"
"BHL","1m","2026-04-21T06:55:33.0000000Z","2979"
"BHL","1m","2026-04-21T06:58:38.0000000Z","150"
"BHL","1m","2026-04-21T06:59:57.0000000Z","660"
"BHL","1m","2026-04-21T07:00:59.0000000Z","230"
"BHL","1m","2026-04-21T07:01:49.0000000Z","35"
"BHL","1m","2026-04-21T07:02:02.0000000Z","65"
"BHL","1m","2026-04-21T07:03:57.0000000Z","170"
"BHL","1m","2026-04-21T07:04:17.0000000Z","700"
"BHL","1m","2026-04-21T07:05:10.0000000Z","10"
"BHL","1m","2026-04-21T07:08:58.0000000Z","30"
"BHL","1m","2026-04-21T07:11:15.0000000Z","700"
"BHL","1m","2026-04-21T07:12:25.0000000Z","10"
"BHL","1m","2026-04-21T07:17:57.0000000Z","2610"
"BHL","1m","2026-04-21T07:18:58.0000000Z","2000"
"BHL","1m","2026-04-21T07:22:44.0000000Z","40"
"BHL","1m","2026-04-21T07:25:35.0000000Z","60"
"BHL","1m","2026-04-21T07:26:42.0000000Z","395"
"BHL","1m","2026-04-21T07:27:48.0000000Z","2249"
"BHL","1m","2026-04-21T07:28:39.0000000Z","20"
"BHL","1m","2026-04-21T07:29:01.0000000Z","3000"
"BHL","1m","2026-04-21T07:30:48.0000000Z","530"
"BHL","1m","2026-04-21T07:32:04.0000000Z","10"
"BHL","1m","2026-04-21T07:33:23.0000000Z","1599"
"BHL","1m","2026-04-21T07:34:49.0000000Z","1000"
"BHL","1m","2026-04-21T07:35:13.0000000Z","328"
"BHL","1m","2026-04-21T07:36:40.0000000Z","0"
"BHL","1m","2026-04-21T07:40:37.0000000Z","263"
"BHL","1m","2026-04-21T07:41:44.0000000Z","500"
"BHL","1m","2026-04-21T07:42:20.0000000Z","100"
"BHL","1m","2026-04-21T07:43:26.0000000Z","400"
"BHL","1m","2026-04-21T07:44:16.0000000Z","0"
"BHL","1m","2026-04-21T07:45:46.0000000Z","10"
"BHL","1m","2026-04-21T07:46:01.0000000Z","4110"
"BHL","1m","2026-04-21T07:47:51.0000000Z","0"
"BHL","1m","2026-04-21T07:48:52.0000000Z","2510"
"BHL","1m","2026-04-21T07:50:21.0000000Z","91"
"BHL","1m","2026-04-21T07:51:47.0000000Z","700"
"BHL","1m","2026-04-21T07:53:20.0000000Z","955"
"BHL","1m","2026-04-21T07:59:57.0000000Z","524"
"BHL","1m","2026-04-21T08:01:43.0000000Z","10"
"BHL","1m","2026-04-21T08:02:16.0000000Z","735"
"BHL","1m","2026-04-21T08:03:38.0000000Z","160"
"BHL","1m","2026-04-21T08:04:05.0000000Z","1150"
"BHL","1m","2026-04-21T08:05:52.0000000Z","9075"
"BHL","1m","2026-04-21T08:06:27.0000000Z","550"
"BHL","1m","2026-04-21T08:07:35.0000000Z","50"
"BHL","1m","2026-04-21T08:08:18.0000000Z","2773"
"BHL","1m","2026-04-21T08:09:24.0000000Z","53"
"BHL","1m","2026-04-21T08:10:57.0000000Z","170"
"BHL","1m","2026-04-21T08:11:55.0000000Z","512"
"BHL","1m","2026-04-21T08:12:43.0000000Z","300"
"BHL","1m","2026-04-21T08:13:37.0000000Z","2500"
"BHL","1m","2026-04-21T08:14:48.0000000Z","626"
"BHL","1m","2026-04-21T08:18:24.0000000Z","200"
"BHL","1m","2026-04-21T08:19:53.0000000Z","110"
"BHL","1m","2026-04-21T08:24:56.0000000Z","350"
"BHL","1m","2026-04-21T08:25:14.0000000Z","40"
"BHL","1m","2026-04-21T08:26:52.0000000Z","1196"
"BHL","1m","2026-04-21T08:27:15.0000000Z","60"
"BHL","1m","2026-04-21T08:28:46.0000000Z","113"
"BHL","1m","2026-04-21T08:31:59.0000000Z","2678"
"BHL","1m","2026-04-21T08:32:32.0000000Z","0"
"BHL","1m","2026-04-21T08:33:56.0000000Z","7390"
"BHL","1m","2026-04-21T08:34:30.0000000Z","130"
"BHL","1m","2026-04-21T08:35:16.0000000Z","470"
"BHL","1m","2026-04-21T08:36:24.0000000Z","30"
"BHL","1m","2026-04-21T08:37:10.0000000Z","150"
"BHL","1m","2026-04-21T08:38:47.0000000Z","845"
"BHL","1m","2026-04-21T08:39:23.0000000Z","0"
"BHL","1m","2026-04-21T08:40:41.0000000Z","6575"
"BHL","1m","2026-04-21T08:41:26.0000000Z","25"
"BHL","1m","2026-04-21T08:42:09.0000000Z","50"
"BHL","1m","2026-04-21T08:43:23.0000000Z","495"
"BHL","1m","2026-04-21T08:44:52.0000000Z","395"
"BHL","1m","2026-04-21T08:45:53.0000000Z","3290"
"BHL","1m","2026-04-21T08:46:57.0000000Z","2053"
"BHL","1m","2026-04-21T08:47:40.0000000Z","6320"
"BHL","1m","2026-04-21T08:48:19.0000000Z","1402"
"BHL","1m","2026-04-21T08:49:31.0000000Z","1710"
"BHL","1m","2026-04-21T08:50:40.0000000Z","810"
"BHL","1m","2026-04-21T08:51:45.0000000Z","1775"
"BHL","1m","2026-04-21T08:52:22.0000000Z","542"
"BHL","1m","2026-04-21T08:53:50.0000000Z","22"
"BHL","1m","2026-04-21T08:54:38.0000000Z","1210"
"BHL","1m","2026-04-21T08:55:52.0000000Z","775"
"BHL","1m","2026-04-21T08:56:58.0000000Z","2847"
"BHL","1m","2026-04-21T08:57:39.0000000Z","188"
"BHL","1m","2026-04-21T08:58:31.0000000Z","3650"
"BHL","1m","2026-04-21T08:59:47.0000000Z","9691"
"BHL","1m","2026-04-21T09:00:50.0000000Z","7423"
"BHL","1m","2026-04-21T09:01:40.0000000Z","1619"
"BHL","1m","2026-04-21T09:02:52.0000000Z","1000"
"BHL","1m","2026-04-21T09:03:54.0000000Z","975"
"BHL","1m","2026-04-21T09:04:58.0000000Z","5531"
"BHL","1m","2026-04-21T09:05:58.0000000Z","16848"
"BHL","1m","2026-04-21T09:06:43.0000000Z","3126"
"BHL","1m","2026-04-21T09:07:55.0000000Z","3452"
"BHL","1m","2026-04-21T09:08:39.0000000Z","848"
"BHL","1m","2026-04-21T09:09:39.0000000Z","2435"
"BHL","1m","2026-04-21T09:10:54.0000000Z","3343"
"BHL","1m","2026-04-21T09:11:57.0000000Z","0"
"BHL","1m","2026-04-21T09:12:58.0000000Z","9924"
"BHL","1m","2026-04-21T09:13:59.0000000Z","9401"
"BHL","1m","2026-04-21T09:14:59.0000000Z","22292"
