symbol,resolution,ts,datetime_np,date_np,open,high,low,close,volume
RADHI,1min,1774775699,2026-03-29 14:59,2026-03-29,870,872.9,870,872,4986
RADHI,1min,1774847700,2026-03-30 11:00,2026-03-30,889.4,889.4,889.4,889.4,10
RADHI,1min,1774847794,2026-03-30 11:01,2026-03-30,889.4,889.4,872,872,10
RADHI,1min,1774847843,2026-03-30 11:02,2026-03-30,872,872,860,860,10
RADHI,1min,1774847902,2026-03-30 11:03,2026-03-30,860,861.9,860,861.9,55
RADHI,1min,1774847943,2026-03-30 11:04,2026-03-30,861.9,862.1,861.9,862.1,500
RADHI,1min,1774848033,2026-03-30 11:05,2026-03-30,862.1,865,862.1,865,10
RADHI,1min,1774848111,2026-03-30 11:06,2026-03-30,865,865.2,865,865.2,1260
RADHI,1min,1774848179,2026-03-30 11:07,2026-03-30,865.2,865.3,865,865,1115
RADHI,1min,1774848214,2026-03-30 11:08,2026-03-30,865,865,862,862,5000
RADHI,1min,1774848292,2026-03-30 11:09,2026-03-30,862,862,860,860,10103
RADHI,1min,1774848352,2026-03-30 11:10,2026-03-30,860,860,857,857,14619
RADHI,1min,1774848414,2026-03-30 11:11,2026-03-30,857,868,857,868,21735
RADHI,1min,1774848421,2026-03-30 11:12,2026-03-30,868,868,868,868,450
RADHI,1min,1774848506,2026-03-30 11:13,2026-03-30,868,868,868,868,276
RADHI,1min,1774848546,2026-03-30 11:14,2026-03-30,868,868,863,863,200
RADHI,1min,1774848688,2026-03-30 11:16,2026-03-30,863,870,863,870,2745
RADHI,1min,1774848752,2026-03-30 11:17,2026-03-30,870,876,870,876,3170
RADHI,1min,1774848820,2026-03-30 11:18,2026-03-30,876,877,876,877,0
RADHI,1min,1774848883,2026-03-30 11:19,2026-03-30,877,877,876,876,2520
RADHI,1min,1774848986,2026-03-30 11:21,2026-03-30,876,879,876,879,1100
RADHI,1min,1774849134,2026-03-30 11:23,2026-03-30,879,879,878.1,878.8,30
RADHI,1min,1774849149,2026-03-30 11:24,2026-03-30,878.8,882,878.8,882,5000
RADHI,1min,1774849241,2026-03-30 11:25,2026-03-30,882,882,878,878,7415
RADHI,1min,1774849421,2026-03-30 11:28,2026-03-30,878,878,875,875,1000
RADHI,1min,1774849484,2026-03-30 11:29,2026-03-30,875,876,866,866,6515
RADHI,1min,1774849509,2026-03-30 11:30,2026-03-30,866,866,865,865,50
RADHI,1min,1774849624,2026-03-30 11:32,2026-03-30,865,865,860.6,860.6,8000
RADHI,1min,1774849823,2026-03-30 11:35,2026-03-30,860.6,860.7,860.6,860.7,5000
RADHI,1min,1774849951,2026-03-30 11:37,2026-03-30,860.7,861,860.7,861,200
RADHI,1min,1774850082,2026-03-30 11:39,2026-03-30,861,862.1,861,862.1,250
RADHI,1min,1774850207,2026-03-30 11:41,2026-03-30,862.1,862.2,862.1,862.2,70
RADHI,1min,1774850260,2026-03-30 11:42,2026-03-30,862.2,862.2,862.2,862.2,0
RADHI,1min,1774850332,2026-03-30 11:43,2026-03-30,862.2,862.2,862.2,862.2,255
RADHI,1min,1774850453,2026-03-30 11:45,2026-03-30,862.2,869,862.2,869,1600
RADHI,1min,1774850678,2026-03-30 11:49,2026-03-30,869,869,863.3,863.3,140
RADHI,1min,1774850904,2026-03-30 11:53,2026-03-30,863.3,866,863.3,866,840
RADHI,1min,1774850957,2026-03-30 11:54,2026-03-30,866,866,863.5,863.5,2890
RADHI,1min,1774851105,2026-03-30 11:56,2026-03-30,863.5,866,863.5,866,750
RADHI,1min,1774851176,2026-03-30 11:57,2026-03-30,866,867,866,867,1258
RADHI,1min,1774851265,2026-03-30 11:59,2026-03-30,867,869,867,869,0
RADHI,1min,1774851342,2026-03-30 12:00,2026-03-30,869,871,869,871,5203
RADHI,1min,1774851528,2026-03-30 12:03,2026-03-30,871,871,869.1,869.1,350
RADHI,1min,1774851568,2026-03-30 12:04,2026-03-30,869.1,871,869.1,871,1130
RADHI,1min,1774851707,2026-03-30 12:06,2026-03-30,871,871,869,869,520
RADHI,1min,1774851752,2026-03-30 12:07,2026-03-30,869,869,867,867,870
RADHI,1min,1774851826,2026-03-30 12:08,2026-03-30,867,867,867,867,140
RADHI,1min,1774851943,2026-03-30 12:10,2026-03-30,867,867.1,867,867.1,60
RADHI,1min,1774851964,2026-03-30 12:11,2026-03-30,867.1,867.1,867.1,867.1,120
RADHI,1min,1774852068,2026-03-30 12:12,2026-03-30,867.1,870,867.1,867.2,1055
RADHI,1min,1774852128,2026-03-30 12:13,2026-03-30,867.2,870,867.2,870,377
RADHI,1min,1774852149,2026-03-30 12:14,2026-03-30,870,870,870,870,95
RADHI,1min,1774852222,2026-03-30 12:15,2026-03-30,870,871,870,871,1000
RADHI,1min,1774852306,2026-03-30 12:16,2026-03-30,871,871.8,871,871.8,80
RADHI,1min,1774852355,2026-03-30 12:17,2026-03-30,871.8,871.8,871.8,871.8,398
RADHI,1min,1774852417,2026-03-30 12:18,2026-03-30,871.8,871.8,871.8,871.8,750
RADHI,1min,1774852484,2026-03-30 12:19,2026-03-30,871.8,873,871.8,873,2000
RADHI,1min,1774852584,2026-03-30 12:21,2026-03-30,873,876,873,876,4997
RADHI,1min,1774852702,2026-03-30 12:23,2026-03-30,876,878,876,878,3000
RADHI,1min,1774852828,2026-03-30 12:25,2026-03-30,878,878,877,877,300
RADHI,1min,1774852960,2026-03-30 12:27,2026-03-30,877,877,871,871,290
RADHI,1min,1774853131,2026-03-30 12:30,2026-03-30,871,877.5,871,877.5,1010
RADHI,1min,1774853231,2026-03-30 12:32,2026-03-30,877.5,877.5,871.3,871.3,60
RADHI,1min,1774853313,2026-03-30 12:33,2026-03-30,871.3,871.3,871.3,871.3,100
RADHI,1min,1774853351,2026-03-30 12:34,2026-03-30,871.3,871.3,871,871,500
RADHI,1min,1774853447,2026-03-30 12:35,2026-03-30,871,871,870,870,1770
RADHI,1min,1774853511,2026-03-30 12:36,2026-03-30,870,870,870,870,111
RADHI,1min,1774853601,2026-03-30 12:38,2026-03-30,870,870,870,870,325
RADHI,1min,1774853717,2026-03-30 12:40,2026-03-30,870,870,867.5,867.5,550
RADHI,1min,1774853807,2026-03-30 12:41,2026-03-30,867.5,867.5,866,866,2462
RADHI,1min,1774854057,2026-03-30 12:45,2026-03-30,866,866,866,866,297
RADHI,1min,1774854074,2026-03-30 12:46,2026-03-30,866,866,865,865,250
RADHI,1min,1774854152,2026-03-30 12:47,2026-03-30,865,865,865,865,42
RADHI,1min,1774854240,2026-03-30 12:49,2026-03-30,865,865,865,865,80
RADHI,1min,1774854303,2026-03-30 12:50,2026-03-30,865,865.2,865,865.2,350
RADHI,1min,1774854394,2026-03-30 12:51,2026-03-30,865.2,866,865.2,866,650
RADHI,1min,1774854450,2026-03-30 12:52,2026-03-30,866,866.2,866,866.2,450
RADHI,1min,1774854491,2026-03-30 12:53,2026-03-30,866.2,870,866.2,870,0
RADHI,1min,1774854593,2026-03-30 12:54,2026-03-30,870,872,866.3,872,1110
RADHI,1min,1774854632,2026-03-30 12:55,2026-03-30,872,872,866.1,866.1,200
RADHI,1min,1774855235,2026-03-30 13:05,2026-03-30,866.1,870,866.1,870,10
RADHI,1min,1774855294,2026-03-30 13:06,2026-03-30,870,870,870,870,114
RADHI,1min,1774855406,2026-03-30 13:08,2026-03-30,870,870,870,870,276
RADHI,1min,1774855471,2026-03-30 13:09,2026-03-30,870,870,870,870,224
RADHI,1min,1774855564,2026-03-30 13:11,2026-03-30,870,870,867.1,867.1,276
RADHI,1min,1774855856,2026-03-30 13:15,2026-03-30,867.1,867.3,866.6,866.6,2250
RADHI,1min,1774855888,2026-03-30 13:16,2026-03-30,866.6,866.6,865,865,4344
RADHI,1min,1774855954,2026-03-30 13:17,2026-03-30,865,865,865,865,10
RADHI,1min,1774856145,2026-03-30 13:20,2026-03-30,865,865,864.2,864.2,50
RADHI,1min,1774856215,2026-03-30 13:21,2026-03-30,864.2,864.2,864,864,736
RADHI,1min,1774856292,2026-03-30 13:23,2026-03-30,864,864,864,864,30
RADHI,1min,1774856423,2026-03-30 13:25,2026-03-30,864,864.1,864,864,90
RADHI,1min,1774856477,2026-03-30 13:26,2026-03-30,864,864,864,864,260
RADHI,1min,1774856556,2026-03-30 13:27,2026-03-30,864,864,863,863,7793
RADHI,1min,1774856601,2026-03-30 13:28,2026-03-30,863,865.1,863,865.1,560
RADHI,1min,1774856688,2026-03-30 13:29,2026-03-30,865.1,866,865.1,866,14550
RADHI,1min,1774856736,2026-03-30 13:30,2026-03-30,866,866,866,866,11115
RADHI,1min,1774856795,2026-03-30 13:31,2026-03-30,866,866,866,866,436
RADHI,1min,1774856862,2026-03-30 13:32,2026-03-30,866,866,866,866,60
RADHI,1min,1774856927,2026-03-30 13:33,2026-03-30,866,866,865.1,865.1,1100
RADHI,1min,1774856992,2026-03-30 13:34,2026-03-30,865.1,865.1,865.1,865.1,470
RADHI,1min,1774857087,2026-03-30 13:36,2026-03-30,865.1,865.1,864,864,2100
RADHI,1min,1774857130,2026-03-30 13:37,2026-03-30,864,864,863,863,50
RADHI,1min,1774857189,2026-03-30 13:38,2026-03-30,863,863,863,863,70
RADHI,1min,1774857290,2026-03-30 13:39,2026-03-30,863,863,862.2,862.2,300
RADHI,1min,1774857339,2026-03-30 13:40,2026-03-30,862.2,862.2,862.2,862.2,80
RADHI,1min,1774857411,2026-03-30 13:41,2026-03-30,862.2,862.2,862,862,500
RADHI,1min,1774857487,2026-03-30 13:43,2026-03-30,862,867.2,862,867.2,95
RADHI,1min,1774857551,2026-03-30 13:44,2026-03-30,867.2,867.2,863,863,90
RADHI,1min,1774857658,2026-03-30 13:45,2026-03-30,863,863,862.1,862.1,1197
RADHI,1min,1774857685,2026-03-30 13:46,2026-03-30,862.1,862.2,862.1,862.2,90
RADHI,1min,1774857742,2026-03-30 13:47,2026-03-30,862.2,863,862.2,863,600
RADHI,1min,1774857785,2026-03-30 13:48,2026-03-30,863,863,862.1,862.1,67
RADHI,1min,1774857892,2026-03-30 13:49,2026-03-30,862.1,867.5,862,862,3310
RADHI,1min,1774857946,2026-03-30 13:50,2026-03-30,862,862,861.2,861.2,110
RADHI,1min,1774858079,2026-03-30 13:52,2026-03-30,861.2,861.2,861.1,861.1,1790
RADHI,1min,1774858121,2026-03-30 13:53,2026-03-30,861.1,861.1,861.1,861.1,0
RADHI,1min,1774858184,2026-03-30 13:54,2026-03-30,861.1,862,861.1,862,100
RADHI,1min,1774858237,2026-03-30 13:55,2026-03-30,862,865,861.2,861.2,210
RADHI,1min,1774858302,2026-03-30 13:56,2026-03-30,861.2,861.2,861,861,2000
RADHI,1min,1774858364,2026-03-30 13:57,2026-03-30,861,861,858,858,6785
RADHI,1min,1774858393,2026-03-30 13:58,2026-03-30,858,858,858,858,200
RADHI,1min,1774858488,2026-03-30 13:59,2026-03-30,858,858,858,858,250
RADHI,1min,1774858555,2026-03-30 14:00,2026-03-30,858,858.1,858,858.1,200
RADHI,1min,1774858572,2026-03-30 14:01,2026-03-30,858.1,860,858.1,860,200
RADHI,1min,1774858673,2026-03-30 14:02,2026-03-30,860,862,858,858,2770
RADHI,1min,1774858722,2026-03-30 14:03,2026-03-30,858,858.1,857.2,858.1,2200
RADHI,1min,1774858788,2026-03-30 14:04,2026-03-30,858.1,858.1,857.3,857.3,250
RADHI,1min,1774858846,2026-03-30 14:05,2026-03-30,857.3,860,857.3,857.3,100
RADHI,1min,1774858904,2026-03-30 14:06,2026-03-30,857.3,857.3,857,857,4097
RADHI,1min,1774858938,2026-03-30 14:07,2026-03-30,857,857,857,857,150
RADHI,1min,1774859012,2026-03-30 14:08,2026-03-30,857,857,857,857,150
RADHI,1min,1774859084,2026-03-30 14:09,2026-03-30,857,857,856.2,856.2,150
RADHI,1min,1774859152,2026-03-30 14:10,2026-03-30,856.2,856.2,856.2,856.2,221
RADHI,1min,1774859209,2026-03-30 14:11,2026-03-30,856.2,856.2,856.1,856.2,370
RADHI,1min,1774859277,2026-03-30 14:12,2026-03-30,856.2,858,856.2,858,1059
RADHI,1min,1774859327,2026-03-30 14:13,2026-03-30,858,858,856.1,856.1,1217
RADHI,1min,1774859398,2026-03-30 14:14,2026-03-30,856.1,860,856.1,860,10
RADHI,1min,1774859411,2026-03-30 14:15,2026-03-30,860,860,856.2,856.2,0
RADHI,1min,1774859516,2026-03-30 14:16,2026-03-30,856.2,860,856.2,857,939
RADHI,1min,1774859557,2026-03-30 14:17,2026-03-30,857,860,857,860,890
RADHI,1min,1774859642,2026-03-30 14:19,2026-03-30,860,860,857.1,857.1,100
RADHI,1min,1774859724,2026-03-30 14:20,2026-03-30,857.1,859.9,857.1,857.1,550
RADHI,1min,1774859805,2026-03-30 14:21,2026-03-30,857.1,859.8,857,859.8,410
RADHI,1min,1774859854,2026-03-30 14:22,2026-03-30,859.8,859.8,856.3,856.3,380
RADHI,1min,1774859936,2026-03-30 14:23,2026-03-30,856.3,856.3,855.3,855.3,5279
RADHI,1min,1774859946,2026-03-30 14:24,2026-03-30,855.3,855.3,855.3,855.3,300
RADHI,1min,1774860056,2026-03-30 14:25,2026-03-30,855.3,859,853,853,10160
RADHI,1min,1774860110,2026-03-30 14:26,2026-03-30,853,853,853,853,210
RADHI,1min,1774860173,2026-03-30 14:27,2026-03-30,853,855,852.7,855,1232
RADHI,1min,1774860198,2026-03-30 14:28,2026-03-30,855,859.9,855,859,5230
RADHI,1min,1774860284,2026-03-30 14:29,2026-03-30,859,860,850.3,850.3,11010
RADHI,1min,1774860355,2026-03-30 14:30,2026-03-30,850.3,860,850.3,860,5109
RADHI,1min,1774860392,2026-03-30 14:31,2026-03-30,860,860,851.3,851.3,0
RADHI,1min,1774860444,2026-03-30 14:32,2026-03-30,851.3,860,851.3,860,7700
RADHI,1min,1774860524,2026-03-30 14:33,2026-03-30,860,860,853.3,859,210
RADHI,1min,1774860592,2026-03-30 14:34,2026-03-30,859,859,859,859,260
RADHI,1min,1774860708,2026-03-30 14:36,2026-03-30,859,859,854,854.1,98
RADHI,1min,1774860765,2026-03-30 14:37,2026-03-30,854.1,858.8,854,855,192
RADHI,1min,1774860837,2026-03-30 14:38,2026-03-30,855,858.8,854,854,2718
RADHI,1min,1774860886,2026-03-30 14:39,2026-03-30,854,854,854,854,200
RADHI,1min,1774860957,2026-03-30 14:40,2026-03-30,854,855,853.3,853.3,2465
RADHI,1min,1774861004,2026-03-30 14:41,2026-03-30,853.3,858.9,853.3,858.8,270
RADHI,1min,1774861075,2026-03-30 14:42,2026-03-30,858.8,858.8,854,854,139
RADHI,1min,1774861137,2026-03-30 14:43,2026-03-30,854,858,854,858,80
RADHI,1min,1774861195,2026-03-30 14:44,2026-03-30,858,858,853.5,853.5,260
RADHI,1min,1774861237,2026-03-30 14:45,2026-03-30,853.5,858,853.5,857,110
RADHI,1min,1774861318,2026-03-30 14:46,2026-03-30,857,857,853.3,857,1100
RADHI,1min,1774861359,2026-03-30 14:47,2026-03-30,857,857,853.8,853.8,70
RADHI,1min,1774861425,2026-03-30 14:48,2026-03-30,853.8,855,853.1,853.1,6786
RADHI,1min,1774861490,2026-03-30 14:49,2026-03-30,853.1,853.5,853.1,853.5,2360
RADHI,1min,1774861547,2026-03-30 14:50,2026-03-30,853.5,853.5,853.1,853.2,2934
RADHI,1min,1774861576,2026-03-30 14:51,2026-03-30,853.2,853.3,853.2,853.3,560
RADHI,1min,1774861660,2026-03-30 14:52,2026-03-30,853.3,853.3,853.2,853.2,240
RADHI,1min,1774861706,2026-03-30 14:53,2026-03-30,853.2,855,853.2,855,405
RADHI,1min,1774861787,2026-03-30 14:54,2026-03-30,855,855,854,854,1233
RADHI,1min,1774861855,2026-03-30 14:55,2026-03-30,854,855,854,855,694
RADHI,1min,1774861915,2026-03-30 14:56,2026-03-30,855,857,855,856.9,498
RADHI,1min,1774861973,2026-03-30 14:57,2026-03-30,856.9,860,855,860,7816
RADHI,1min,1774862025,2026-03-30 14:58,2026-03-30,860,862,860,860,584
RADHI,1min,1774862099,2026-03-30 14:59,2026-03-30,860,864.5,859,864.5,5647
RADHI,1min,1774934129,2026-03-31 11:00,2026-03-31,881.7,881.7,876,876,130
RADHI,1min,1774934195,2026-03-31 11:01,2026-03-31,876,876,860,860,180
RADHI,1min,1774934298,2026-03-31 11:03,2026-03-31,860,869,860,869,350
RADHI,1min,1774934431,2026-03-31 11:05,2026-03-31,869,869,859,859,70
RADHI,1min,1774934555,2026-03-31 11:07,2026-03-31,859,860,859,859,117
RADHI,1min,1774934594,2026-03-31 11:08,2026-03-31,859,859,859,859,0
RADHI,1min,1774934651,2026-03-31 11:09,2026-03-31,859,860,859,860,149
RADHI,1min,1774934750,2026-03-31 11:10,2026-03-31,860,869,860,862,1760
RADHI,1min,1774934799,2026-03-31 11:11,2026-03-31,862,862,862,862,132
RADHI,1min,1774934908,2026-03-31 11:13,2026-03-31,862,863,862,863,2942
RADHI,1min,1774934988,2026-03-31 11:14,2026-03-31,863,868,863,863,538
RADHI,1min,1774935033,2026-03-31 11:15,2026-03-31,863,863,862.2,862.2,350
RADHI,1min,1774935078,2026-03-31 11:16,2026-03-31,862.2,862.2,860,860,0
RADHI,1min,1774935166,2026-03-31 11:17,2026-03-31,860,860,852,854,6264
RADHI,1min,1774935185,2026-03-31 11:18,2026-03-31,854,854,850,850,9680
RADHI,1min,1774935394,2026-03-31 11:21,2026-03-31,850,851,850,851,620
RADHI,1min,1774935474,2026-03-31 11:22,2026-03-31,851,852,851,851,350
RADHI,1min,1774935649,2026-03-31 11:25,2026-03-31,851,852,851,852,40
RADHI,1min,1774935702,2026-03-31 11:26,2026-03-31,852,852,852,852,430
RADHI,1min,1774935827,2026-03-31 11:28,2026-03-31,852,852,852,852,170
RADHI,1min,1774935890,2026-03-31 11:29,2026-03-31,852,852,852,852,130
RADHI,1min,1774936015,2026-03-31 11:31,2026-03-31,852,852,850,850,13681
RADHI,1min,1774936036,2026-03-31 11:32,2026-03-31,850,850,850,850,1319
RADHI,1min,1774936164,2026-03-31 11:34,2026-03-31,850,850,848.2,848.2,2000
RADHI,1min,1774936226,2026-03-31 11:35,2026-03-31,848.2,850.1,848.2,850.1,70
RADHI,1min,1774936286,2026-03-31 11:36,2026-03-31,850.1,850.1,850,850.1,0
RADHI,1min,1774936417,2026-03-31 11:38,2026-03-31,850.1,850.1,848.5,848.5,3974
RADHI,1min,1774936489,2026-03-31 11:39,2026-03-31,848.5,848.5,848,848,19066
RADHI,1min,1774936607,2026-03-31 11:41,2026-03-31,848,848.3,848,848.3,110
RADHI,1min,1774936660,2026-03-31 11:42,2026-03-31,848.3,848.3,848.3,848.3,1600
RADHI,1min,1774936787,2026-03-31 11:44,2026-03-31,848.3,849.1,848.2,849,2160
RADHI,1min,1774936844,2026-03-31 11:45,2026-03-31,849,849,849,849,0
RADHI,1min,1774936904,2026-03-31 11:46,2026-03-31,849,849,848.2,848.2,557
RADHI,1min,1774936958,2026-03-31 11:47,2026-03-31,848.2,848.2,848.1,848.1,860
RADHI,1min,1774937033,2026-03-31 11:48,2026-03-31,848.1,848.1,847,847,4202
RADHI,1min,1774937092,2026-03-31 11:49,2026-03-31,847,848.1,847,848.1,1018
RADHI,1min,1774937156,2026-03-31 11:50,2026-03-31,848.1,848.1,847,847,1000
RADHI,1min,1774937178,2026-03-31 11:51,2026-03-31,847,847.1,847,847.1,50
RADHI,1min,1774937275,2026-03-31 11:52,2026-03-31,847.1,847.2,847,847.2,740
RADHI,1min,1774937315,2026-03-31 11:53,2026-03-31,847.2,848,847,848,6612
RADHI,1min,1774937399,2026-03-31 11:54,2026-03-31,848,849,848,849,730
RADHI,1min,1774937456,2026-03-31 11:55,2026-03-31,849,849,849,849,150
RADHI,1min,1774937518,2026-03-31 11:56,2026-03-31,849,849,848,848,70
RADHI,1min,1774937554,2026-03-31 11:57,2026-03-31,848,849,848,848,465
RADHI,1min,1774937607,2026-03-31 11:58,2026-03-31,848,848,848,848,1020
RADHI,1min,1774937644,2026-03-31 11:59,2026-03-31,848,848,847.1,847.1,500
RADHI,1min,1774937727,2026-03-31 12:00,2026-03-31,847.1,847.1,847.1,847.1,10
RADHI,1min,1774937818,2026-03-31 12:01,2026-03-31,847.1,847.3,847.1,847.3,616
RADHI,1min,1774937876,2026-03-31 12:02,2026-03-31,847.3,847.3,847,847,2835
RADHI,1min,1774937926,2026-03-31 12:03,2026-03-31,847,847,846.6,846.6,376
RADHI,1min,1774937989,2026-03-31 12:04,2026-03-31,846.6,846.9,846.2,846.9,6235
RADHI,1min,1774938048,2026-03-31 12:05,2026-03-31,846.9,846.9,845.5,846,1242
RADHI,1min,1774938089,2026-03-31 12:06,2026-03-31,846,846,845.1,845.1,2000
RADHI,1min,1774938167,2026-03-31 12:07,2026-03-31,845.1,847,845.1,847,314
RADHI,1min,1774938238,2026-03-31 12:08,2026-03-31,847,850,847,850,1548
RADHI,1min,1774938295,2026-03-31 12:09,2026-03-31,850,850,848.4,848.4,1268
RADHI,1min,1774938355,2026-03-31 12:10,2026-03-31,848.4,855,848,855,5427
RADHI,1min,1774938473,2026-03-31 12:12,2026-03-31,855,855,855,855,1588
RADHI,1min,1774938536,2026-03-31 12:13,2026-03-31,855,855,855,855,0
RADHI,1min,1774938637,2026-03-31 12:15,2026-03-31,855,855,854,854,1642
RADHI,1min,1774938678,2026-03-31 12:16,2026-03-31,854,855,854,855,400
RADHI,1min,1774938784,2026-03-31 12:18,2026-03-31,855,855,854.1,854.1,315
RADHI,1min,1774938876,2026-03-31 12:19,2026-03-31,854.1,856.9,854.1,856.9,20
RADHI,1min,1774938939,2026-03-31 12:20,2026-03-31,856.9,857,853,853,1813
RADHI,1min,1774938982,2026-03-31 12:21,2026-03-31,853,853,852,852,320
RADHI,1min,1774939050,2026-03-31 12:22,2026-03-31,852,852,852,852,130
RADHI,1min,1774939089,2026-03-31 12:23,2026-03-31,852,852,850,850,0
RADHI,1min,1774939180,2026-03-31 12:24,2026-03-31,850,854.9,850,854.9,167
RADHI,1min,1774939256,2026-03-31 12:25,2026-03-31,854.9,854.9,848.3,848.3,1110
RADHI,1min,1774939291,2026-03-31 12:26,2026-03-31,848.3,848.3,847.5,847.5,6511
RADHI,1min,1774939331,2026-03-31 12:27,2026-03-31,847.5,847.5,846.6,846.6,4367
RADHI,1min,1774939397,2026-03-31 12:28,2026-03-31,846.6,846.6,845,845,14000
RADHI,1min,1774939723,2026-03-31 12:33,2026-03-31,845,851.9,845,851.9,600
RADHI,1min,1774939799,2026-03-31 12:34,2026-03-31,851.9,851.9,851.9,851.9,150
RADHI,1min,1774939816,2026-03-31 12:35,2026-03-31,851.9,853.8,851.9,853.8,1104
RADHI,1min,1774939947,2026-03-31 12:37,2026-03-31,853.8,853.8,852,852,15
RADHI,1min,1774940092,2026-03-31 12:39,2026-03-31,852,852,852,852,290
RADHI,1min,1774940311,2026-03-31 12:43,2026-03-31,852,853,852,853,13
RADHI,1min,1774940369,2026-03-31 12:44,2026-03-31,853,853.5,853,853.5,0
RADHI,1min,1774940410,2026-03-31 12:45,2026-03-31,853.5,853.7,853.5,853.7,0
RADHI,1min,1774940481,2026-03-31 12:46,2026-03-31,853.7,854,853.5,854,3454
RADHI,1min,1774940533,2026-03-31 12:47,2026-03-31,854,854.1,854,854.1,20
RADHI,1min,1774940630,2026-03-31 12:48,2026-03-31,854.1,855,854.1,855,50
RADHI,1min,1774940656,2026-03-31 12:49,2026-03-31,855,855,855,855,300
RADHI,1min,1774940753,2026-03-31 12:50,2026-03-31,855,855,854.1,854.9,2737
RADHI,1min,1774940864,2026-03-31 12:52,2026-03-31,854.9,855,854.9,854.9,50
RADHI,1min,1774940935,2026-03-31 12:53,2026-03-31,854.9,855,854.3,854.3,1299
RADHI,1min,1774941093,2026-03-31 12:56,2026-03-31,854.3,855.1,854.3,855.1,280
RADHI,1min,1774941128,2026-03-31 12:57,2026-03-31,855.1,856.8,855.1,856.8,300
RADHI,1min,1774941209,2026-03-31 12:58,2026-03-31,856.8,856.8,855,855,2100
RADHI,1min,1774941336,2026-03-31 13:00,2026-03-31,855,860,855,860,2250
RADHI,1min,1774941379,2026-03-31 13:01,2026-03-31,860,865,860,865,20715
RADHI,1min,1774941658,2026-03-31 13:05,2026-03-31,865,865,860,860,1360
RADHI,1min,1774941781,2026-03-31 13:08,2026-03-31,860,862.1,860,862.1,260
RADHI,1min,1774941959,2026-03-31 13:10,2026-03-31,862.1,862.1,853,853,7750
RADHI,1min,1774942252,2026-03-31 13:15,2026-03-31,853,853,853,853,2750
RADHI,1min,1774942521,2026-03-31 13:20,2026-03-31,853,853,853,853,168
RADHI,1min,1774942740,2026-03-31 13:24,2026-03-31,853,853,853,853,50
RADHI,1min,1774943378,2026-03-31 13:34,2026-03-31,853,859,853,859,100
RADHI,1min,1774943420,2026-03-31 13:35,2026-03-31,859,860,859,860,7513
RADHI,1min,1774943752,2026-03-31 13:40,2026-03-31,860,860,860,860,0
RADHI,1min,1774943857,2026-03-31 13:42,2026-03-31,860,860,860,860,2110
RADHI,1min,1774944019,2026-03-31 13:45,2026-03-31,860,860,860,860,90
RADHI,1min,1774944164,2026-03-31 13:47,2026-03-31,860,860,860,860,310
RADHI,1min,1774944656,2026-03-31 13:55,2026-03-31,860,860,856.1,856.1,10
RADHI,1min,1774944670,2026-03-31 13:56,2026-03-31,856.1,856.1,856,856,606
RADHI,1min,1774944815,2026-03-31 13:58,2026-03-31,856,856,854,854,2690
RADHI,1min,1774944955,2026-03-31 14:00,2026-03-31,854,854,854,854,310
RADHI,1min,1774945020,2026-03-31 14:02,2026-03-31,854,854,854,854,100
RADHI,1min,1774945485,2026-03-31 14:09,2026-03-31,854,859.9,854,859.9,885
RADHI,1min,1774945585,2026-03-31 14:11,2026-03-31,859.9,859.9,856.9,856.9,0
RADHI,1min,1774945995,2026-03-31 14:18,2026-03-31,856.9,857,856.9,857,983
RADHI,1min,1774946090,2026-03-31 14:19,2026-03-31,857,857,851,851,3610
RADHI,1min,1774946176,2026-03-31 14:21,2026-03-31,851,857,851,857,500
RADHI,1min,1774946564,2026-03-31 14:27,2026-03-31,857,859,857,857,2500
RADHI,1min,1774946637,2026-03-31 14:28,2026-03-31,857,859.5,857,859.5,100
RADHI,1min,1774946689,2026-03-31 14:29,2026-03-31,859.5,860,859.5,860,6000
RADHI,1min,1774946753,2026-03-31 14:30,2026-03-31,860,863,860,863,5350
RADHI,1min,1774946787,2026-03-31 14:31,2026-03-31,863,863,860,860,2587
RADHI,1min,1774946874,2026-03-31 14:32,2026-03-31,860,860,860,860,8000
RADHI,1min,1774946898,2026-03-31 14:33,2026-03-31,860,863.9,860,863.9,200
RADHI,1min,1774946995,2026-03-31 14:34,2026-03-31,863.9,864,861,861,1500
RADHI,1min,1774947041,2026-03-31 14:35,2026-03-31,861,861,860,860,1443
RADHI,1min,1774947080,2026-03-31 14:36,2026-03-31,860,860,853.1,853.1,4000
RADHI,1min,1774947132,2026-03-31 14:37,2026-03-31,853.1,860,853.1,860,100
RADHI,1min,1774947199,2026-03-31 14:38,2026-03-31,860,860,860,860,50
RADHI,1min,1774947285,2026-03-31 14:39,2026-03-31,860,860,855.1,859,1000
RADHI,1min,1774947308,2026-03-31 14:40,2026-03-31,859,859,855,855,1070
RADHI,1min,1774947474,2026-03-31 14:42,2026-03-31,855,859,855,859,1230
RADHI,1min,1774947534,2026-03-31 14:43,2026-03-31,859,859,857,857,1337
RADHI,1min,1774947597,2026-03-31 14:44,2026-03-31,857,857,857,857,6900
RADHI,1min,1774947707,2026-03-31 14:46,2026-03-31,857,857,855.1,857,530
RADHI,1min,1774947766,2026-03-31 14:47,2026-03-31,857,858,857,858,535
RADHI,1min,1774947823,2026-03-31 14:48,2026-03-31,858,858,858,858,2049
RADHI,1min,1774947956,2026-03-31 14:50,2026-03-31,858,858,857,857,1080
RADHI,1min,1774948014,2026-03-31 14:51,2026-03-31,857,857,857,857,400
RADHI,1min,1774948060,2026-03-31 14:52,2026-03-31,857,857,856,857,1210
RADHI,1min,1774948138,2026-03-31 14:53,2026-03-31,857,858,855,858,3281
RADHI,1min,1774948191,2026-03-31 14:54,2026-03-31,858,858,855,855,1147
RADHI,1min,1774948241,2026-03-31 14:55,2026-03-31,855,855,850,850,26903
RADHI,1min,1774948309,2026-03-31 14:56,2026-03-31,850,854.9,848.2,853,3538
RADHI,1min,1774948366,2026-03-31 14:57,2026-03-31,853,853,848.2,852,1053
RADHI,1min,1774948425,2026-03-31 14:58,2026-03-31,852,852,850,850,590
RADHI,1min,1774948499,2026-03-31 14:59,2026-03-31,850,855,850,854,4930
RADHI,1min,1775020500,2026-04-01 11:00,2026-04-01,837,837,837,837,0
RADHI,1min,1775020613,2026-04-01 11:01,2026-04-01,837,850,837,846,168
RADHI,1min,1775020657,2026-04-01 11:02,2026-04-01,846,846,845.1,845.1,50
RADHI,1min,1775020977,2026-04-01 11:07,2026-04-01,845.1,853,845.1,853,1440
RADHI,1min,1775021098,2026-04-01 11:09,2026-04-01,853,853,853,853,70
RADHI,1min,1775021190,2026-04-01 11:11,2026-04-01,853,853,853,853,995
RADHI,1min,1775021242,2026-04-01 11:12,2026-04-01,853,853,851,851,100
RADHI,1min,1775021282,2026-04-01 11:13,2026-04-01,851,851,847,847,700
RADHI,1min,1775021613,2026-04-01 11:18,2026-04-01,847,847.6,847,847.6,0
RADHI,1min,1775021687,2026-04-01 11:19,2026-04-01,847.6,847.6,845,845,50
RADHI,1min,1775021716,2026-04-01 11:20,2026-04-01,845,845,844,844,4000
RADHI,1min,1775021762,2026-04-01 11:21,2026-04-01,844,844,841.2,841.2,500
RADHI,1min,1775021991,2026-04-01 11:24,2026-04-01,841.2,841.2,840.7,840.7,350
RADHI,1min,1775022365,2026-04-01 11:31,2026-04-01,840.7,841,840.7,841,2400
RADHI,1min,1775022611,2026-04-01 11:35,2026-04-01,841,848,841,848,990
RADHI,1min,1775022686,2026-04-01 11:36,2026-04-01,848,849,848,849,10
RADHI,1min,1775022912,2026-04-01 11:40,2026-04-01,849,849,848.9,848.9,3100
RADHI,1min,1775022978,2026-04-01 11:41,2026-04-01,848.9,848.9,848,848,14
RADHI,1min,1775023041,2026-04-01 11:42,2026-04-01,848,848,845.1,845.1,1000
RADHI,1min,1775023089,2026-04-01 11:43,2026-04-01,845.1,845.1,843,843,3000
RADHI,1min,1775023282,2026-04-01 11:46,2026-04-01,843,843,843,843,0
RADHI,1min,1775023350,2026-04-01 11:47,2026-04-01,843,844,843,844,5000
RADHI,1min,1775023471,2026-04-01 11:49,2026-04-01,844,847,844,844.1,610
RADHI,1min,1775023503,2026-04-01 11:50,2026-04-01,844.1,847,844.1,847,890
RADHI,1min,1775023635,2026-04-01 11:52,2026-04-01,847,847,843.2,843.2,10
RADHI,1min,1775023693,2026-04-01 11:53,2026-04-01,843.2,843.2,843.2,843.2,1400
RADHI,1min,1775023786,2026-04-01 11:54,2026-04-01,843.2,843.2,843.1,843.1,6372
RADHI,1min,1775023853,2026-04-01 11:55,2026-04-01,843.1,843.1,842.1,842.1,6870
RADHI,1min,1775024002,2026-04-01 11:58,2026-04-01,842.1,842.1,842,842,100
RADHI,1min,1775024307,2026-04-01 12:03,2026-04-01,842,843.2,842,843.2,415
RADHI,1min,1775024348,2026-04-01 12:04,2026-04-01,843.2,843.2,843.2,843.2,35
RADHI,1min,1775024548,2026-04-01 12:07,2026-04-01,843.2,845,843.2,845,60
RADHI,1min,1775024595,2026-04-01 12:08,2026-04-01,845,845,843,843,1940
RADHI,1min,1775024739,2026-04-01 12:10,2026-04-01,843,843.1,843,843.1,1000
RADHI,1min,1775024779,2026-04-01 12:11,2026-04-01,843.1,843.1,843.1,843.1,109
RADHI,1min,1775024925,2026-04-01 12:13,2026-04-01,843.1,843.1,843,843.1,4300
RADHI,1min,1775025227,2026-04-01 12:18,2026-04-01,843.1,843.1,843.1,843.1,42
RADHI,1min,1775025262,2026-04-01 12:19,2026-04-01,843.1,843.1,843.1,843.1,200
RADHI,1min,1775025377,2026-04-01 12:21,2026-04-01,843.1,843.1,843.1,843.1,73
RADHI,1min,1775025449,2026-04-01 12:22,2026-04-01,843.1,843.1,843.1,843.1,46
RADHI,1min,1775025524,2026-04-01 12:23,2026-04-01,843.1,843.1,843.1,843.1,100
RADHI,1min,1775025722,2026-04-01 12:27,2026-04-01,843.1,843.1,843,843,11338
RADHI,1min,1775025824,2026-04-01 12:28,2026-04-01,843,843,840.1,840.1,4500
RADHI,1min,1775025898,2026-04-01 12:29,2026-04-01,840.1,840.1,840,840,13382
RADHI,1min,1775025981,2026-04-01 12:31,2026-04-01,840,840,837,837,1100
RADHI,1min,1775026059,2026-04-01 12:32,2026-04-01,837,837,835.1,835.1,0
RADHI,1min,1775026125,2026-04-01 12:33,2026-04-01,835.1,835.1,835,835,2409
RADHI,1min,1775026198,2026-04-01 12:34,2026-04-01,835,835,835,835,966
RADHI,1min,1775026372,2026-04-01 12:37,2026-04-01,835,835,831,831,3000
RADHI,1min,1775026404,2026-04-01 12:38,2026-04-01,831,833,830,833,7200
RADHI,1min,1775026544,2026-04-01 12:40,2026-04-01,833,833,831.5,831.5,2480
RADHI,1min,1775026573,2026-04-01 12:41,2026-04-01,831.5,831.5,831.5,831.5,239
RADHI,1min,1775026654,2026-04-01 12:42,2026-04-01,831.5,831.6,831.5,831.6,85
RADHI,1min,1775026712,2026-04-01 12:43,2026-04-01,831.6,832,831.6,832,500
RADHI,1min,1775026783,2026-04-01 12:44,2026-04-01,832,832,832,832,34
RADHI,1min,1775026897,2026-04-01 12:46,2026-04-01,832,832,832,832,70
RADHI,1min,1775026971,2026-04-01 12:47,2026-04-01,832,832.1,832,832.1,250
RADHI,1min,1775027077,2026-04-01 12:49,2026-04-01,832.1,835,832.1,835,3789
RADHI,1min,1775027386,2026-04-01 12:54,2026-04-01,835,840,835,840,720
RADHI,1min,1775027427,2026-04-01 12:55,2026-04-01,840,840,840,840,1493
RADHI,1min,1775027541,2026-04-01 12:57,2026-04-01,840,840,840,840,50
RADHI,1min,1775027597,2026-04-01 12:58,2026-04-01,840,840,840,840,450
RADHI,1min,1775027690,2026-04-01 12:59,2026-04-01,840,840,837,837,1354
RADHI,1min,1775027781,2026-04-01 13:01,2026-04-01,837,839.9,835.9,835.9,30
RADHI,1min,1775027824,2026-04-01 13:02,2026-04-01,835.9,835.9,835,835,5100
RADHI,1min,1775027910,2026-04-01 13:03,2026-04-01,835,835.1,835,835.1,131
RADHI,1min,1775027957,2026-04-01 13:04,2026-04-01,835.1,835.1,835,835,1000
RADHI,1min,1775028042,2026-04-01 13:05,2026-04-01,835,835,835,835,14
RADHI,1min,1775028128,2026-04-01 13:07,2026-04-01,835,835,835,835,70
RADHI,1min,1775028191,2026-04-01 13:08,2026-04-01,835,835,832,832,135
RADHI,1min,1775028448,2026-04-01 13:12,2026-04-01,832,832,832,832,2510
RADHI,1min,1775028482,2026-04-01 13:13,2026-04-01,832,835,832,835,0
RADHI,1min,1775028874,2026-04-01 13:19,2026-04-01,835,835,835,835,230
RADHI,1min,1775028949,2026-04-01 13:20,2026-04-01,835,836.9,835,836.9,160
RADHI,1min,1775029221,2026-04-01 13:25,2026-04-01,836.9,836.9,836,836,188
RADHI,1min,1775029319,2026-04-01 13:26,2026-04-01,836,836,834.2,834.2,240
RADHI,1min,1775029324,2026-04-01 13:27,2026-04-01,834.2,834.2,833,833,5000
RADHI,1min,1775029586,2026-04-01 13:31,2026-04-01,833,833.1,833,833.1,680
RADHI,1min,1775029675,2026-04-01 13:32,2026-04-01,833.1,834,833.1,834,0
RADHI,1min,1775029834,2026-04-01 13:35,2026-04-01,834,835,834,835,70
RADHI,1min,1775029978,2026-04-01 13:37,2026-04-01,835,835.1,835,835.1,20
RADHI,1min,1775030034,2026-04-01 13:38,2026-04-01,835.1,835.1,835.1,835.1,30
RADHI,1min,1775030087,2026-04-01 13:39,2026-04-01,835.1,835.1,835,835,640
RADHI,1min,1775030133,2026-04-01 13:40,2026-04-01,835,835,832.2,832.2,5010
RADHI,1min,1775030217,2026-04-01 13:41,2026-04-01,832.2,832.2,832,832,950
RADHI,1min,1775030260,2026-04-01 13:42,2026-04-01,832,832.1,832,832.1,610
RADHI,1min,1775030288,2026-04-01 13:43,2026-04-01,832.1,832.1,832,832,0
RADHI,1min,1775030459,2026-04-01 13:45,2026-04-01,832,832.1,831,831,2290
RADHI,1min,1775030468,2026-04-01 13:46,2026-04-01,831,831,830,830,5289
RADHI,1min,1775030526,2026-04-01 13:47,2026-04-01,830,830,828,828,11416
RADHI,1min,1775030633,2026-04-01 13:48,2026-04-01,828,828,827,827,370
RADHI,1min,1775030697,2026-04-01 13:49,2026-04-01,827,827,825.1,825.1,470
RADHI,1min,1775030755,2026-04-01 13:50,2026-04-01,825.1,825.1,825,825,810
RADHI,1min,1775030811,2026-04-01 13:51,2026-04-01,825,825,825,825,354
RADHI,1min,1775030863,2026-04-01 13:52,2026-04-01,825,825,825,825,330
RADHI,1min,1775030936,2026-04-01 13:53,2026-04-01,825,825,821.7,821.7,2050
RADHI,1min,1775030974,2026-04-01 13:54,2026-04-01,821.7,823,821.7,823,38
RADHI,1min,1775031046,2026-04-01 13:55,2026-04-01,823,823,822,822,272
RADHI,1min,1775031085,2026-04-01 13:56,2026-04-01,822,823.7,822,823.7,1228
RADHI,1min,1775031179,2026-04-01 13:57,2026-04-01,823.7,824,822.1,824,1550
RADHI,1min,1775031347,2026-04-01 14:00,2026-04-01,824,824,822.1,822.1,0
RADHI,1min,1775031373,2026-04-01 14:01,2026-04-01,822.1,822.1,822,822,3219
RADHI,1min,1775031468,2026-04-01 14:02,2026-04-01,822,822,821.7,821.7,1410
RADHI,1min,1775031536,2026-04-01 14:03,2026-04-01,821.7,821.7,820.2,820.2,4015
RADHI,1min,1775031570,2026-04-01 14:04,2026-04-01,820.2,820.2,820.1,820.1,238
RADHI,1min,1775031656,2026-04-01 14:05,2026-04-01,820.1,820.1,820,820,2127
RADHI,1min,1775031695,2026-04-01 14:06,2026-04-01,820,820,820,820,32
RADHI,1min,1775031768,2026-04-01 14:07,2026-04-01,820,820,820,820,46
RADHI,1min,1775031801,2026-04-01 14:08,2026-04-01,820,820,819.5,820,979
RADHI,1min,1775031896,2026-04-01 14:09,2026-04-01,820,820,819.5,819.5,0
RADHI,1min,1775031945,2026-04-01 14:10,2026-04-01,819.5,819.9,818.5,818.5,2851
RADHI,1min,1775031985,2026-04-01 14:11,2026-04-01,818.5,818.6,818.3,818.3,6230
RADHI,1min,1775032060,2026-04-01 14:12,2026-04-01,818.3,818.7,815,815,3539
RADHI,1min,1775032096,2026-04-01 14:13,2026-04-01,815,815.1,815,815,3350
RADHI,1min,1775032199,2026-04-01 14:14,2026-04-01,815,815.1,810,810.2,2010
RADHI,1min,1775032246,2026-04-01 14:15,2026-04-01,810.2,810.4,810.2,810.4,587
RADHI,1min,1775032314,2026-04-01 14:16,2026-04-01,810.4,810.6,810.4,810.5,2220
RADHI,1min,1775032357,2026-04-01 14:17,2026-04-01,810.5,810.5,810.4,810.5,689
RADHI,1min,1775032381,2026-04-01 14:18,2026-04-01,810.5,815,810.5,815,0
RADHI,1min,1775032550,2026-04-01 14:20,2026-04-01,815,816,815,816,2401
RADHI,1min,1775032574,2026-04-01 14:21,2026-04-01,816,818,816,818,70
RADHI,1min,1775032627,2026-04-01 14:22,2026-04-01,818,818,815,815,250
RADHI,1min,1775032687,2026-04-01 14:23,2026-04-01,815,818,815,818,81
RADHI,1min,1775032782,2026-04-01 14:24,2026-04-01,818,818,815,815,222
RADHI,1min,1775032851,2026-04-01 14:25,2026-04-01,815,817,815,817,860
RADHI,1min,1775032901,2026-04-01 14:26,2026-04-01,817,817,811,811,2000
RADHI,1min,1775032969,2026-04-01 14:27,2026-04-01,811,811,811,811,3050
RADHI,1min,1775033036,2026-04-01 14:28,2026-04-01,811,812,810.9,810.9,3234
RADHI,1min,1775033085,2026-04-01 14:29,2026-04-01,810.9,814,810.9,814,50
RADHI,1min,1775033143,2026-04-01 14:30,2026-04-01,814,820,814,820,3296
RADHI,1min,1775033183,2026-04-01 14:31,2026-04-01,820,821,820,821,156
RADHI,1min,1775033300,2026-04-01 14:33,2026-04-01,821,821,820,820,1000
RADHI,1min,1775033398,2026-04-01 14:34,2026-04-01,820,821,820,821,745
RADHI,1min,1775033433,2026-04-01 14:35,2026-04-01,821,821,816.5,816.5,1335
RADHI,1min,1775033505,2026-04-01 14:36,2026-04-01,816.5,821,816.5,820,210
RADHI,1min,1775033554,2026-04-01 14:37,2026-04-01,820,820,817,817,280
RADHI,1min,1775033635,2026-04-01 14:38,2026-04-01,817,820,817,817.3,1403
RADHI,1min,1775033734,2026-04-01 14:40,2026-04-01,817.3,824,817.3,824,1010
RADHI,1min,1775033810,2026-04-01 14:41,2026-04-01,824,828,824,828,3933
RADHI,1min,1775033861,2026-04-01 14:42,2026-04-01,828,834,827.9,834,440
RADHI,1min,1775033933,2026-04-01 14:43,2026-04-01,834,834,830,830,851
RADHI,1min,1775033963,2026-04-01 14:44,2026-04-01,830,834,830,834,1500
RADHI,1min,1775034054,2026-04-01 14:45,2026-04-01,834,834,828,828,2000
RADHI,1min,1775034108,2026-04-01 14:46,2026-04-01,828,828,825.1,825.1,1930
RADHI,1min,1775034154,2026-04-01 14:47,2026-04-01,825.1,830,825,825,3705
RADHI,1min,1775034217,2026-04-01 14:48,2026-04-01,825,825,825,825,1883
RADHI,1min,1775034292,2026-04-01 14:49,2026-04-01,825,825,825,825,989
RADHI,1min,1775034348,2026-04-01 14:50,2026-04-01,825,828,825,828,1036
RADHI,1min,1775034418,2026-04-01 14:51,2026-04-01,828,830,822,822,3989
RADHI,1min,1775034472,2026-04-01 14:52,2026-04-01,822,828,822,828,2010
RADHI,1min,1775034515,2026-04-01 14:53,2026-04-01,828,828,828,828,0
RADHI,1min,1775034599,2026-04-01 14:54,2026-04-01,828,828,820,820,17215
RADHI,1min,1775034628,2026-04-01 14:55,2026-04-01,820,822,820,822,129
RADHI,1min,1775034711,2026-04-01 14:56,2026-04-01,822,822,818,818,3139
RADHI,1min,1775034772,2026-04-01 14:57,2026-04-01,818,818.2,817.1,818.2,2426
RADHI,1min,1775034839,2026-04-01 14:58,2026-04-01,818.2,824,818.1,824,932
RADHI,1min,1775034899,2026-04-01 14:59,2026-04-01,824,824,820,823,2150
RADHI,1min,1775107046,2026-04-02 11:02,2026-04-02,820,820,820,820,250
RADHI,1min,1775107082,2026-04-02 11:03,2026-04-02,820,820,819,819,50
RADHI,1min,1775107235,2026-04-02 11:05,2026-04-02,819,819,811,811,100
RADHI,1min,1775107295,2026-04-02 11:06,2026-04-02,811,811.1,811,811.1,350
RADHI,1min,1775107374,2026-04-02 11:07,2026-04-02,811.1,812,811,812,910
RADHI,1min,1775107391,2026-04-02 11:08,2026-04-02,812,812.1,812,812.1,500
RADHI,1min,1775107496,2026-04-02 11:09,2026-04-02,812.1,815.1,812.1,815.1,849
RADHI,1min,1775107543,2026-04-02 11:10,2026-04-02,815.1,817.9,815.1,817.9,1152
RADHI,1min,1775107615,2026-04-02 11:11,2026-04-02,817.9,817.9,815,815,971
RADHI,1min,1775107631,2026-04-02 11:12,2026-04-02,815,815,815,815,118
RADHI,1min,1775107733,2026-04-02 11:13,2026-04-02,815,815,815,815,100
RADHI,1min,1775107760,2026-04-02 11:14,2026-04-02,815,815,815,815,992
RADHI,1min,1775107851,2026-04-02 11:15,2026-04-02,815,818,815,818,451
RADHI,1min,1775107917,2026-04-02 11:16,2026-04-02,818,818.9,817,818.8,2568
RADHI,1min,1775107961,2026-04-02 11:17,2026-04-02,818.8,818.8,818.8,818.8,74
RADHI,1min,1775108037,2026-04-02 11:18,2026-04-02,818.8,820,818.8,820,1997
RADHI,1min,1775108049,2026-04-02 11:19,2026-04-02,820,824,820,824,16
RADHI,1min,1775108180,2026-04-02 11:21,2026-04-02,824,824,823,823,500
RADHI,1min,1775108279,2026-04-02 11:22,2026-04-02,823,823.9,823,823.9,320
RADHI,1min,1775108323,2026-04-02 11:23,2026-04-02,823.9,830,823.9,830,1994
RADHI,1min,1775108386,2026-04-02 11:24,2026-04-02,830,831,829.9,829.9,900
RADHI,1min,1775108430,2026-04-02 11:25,2026-04-02,829.9,829.9,829,829,200
RADHI,1min,1775108517,2026-04-02 11:26,2026-04-02,829,830,829,830,230
RADHI,1min,1775108576,2026-04-02 11:27,2026-04-02,830,830,830,830,3850
RADHI,1min,1775108614,2026-04-02 11:28,2026-04-02,830,830,830,830,2558
RADHI,1min,1775108655,2026-04-02 11:29,2026-04-02,830,833.7,830,833.7,2000
RADHI,1min,1775108817,2026-04-02 11:31,2026-04-02,833.7,833.7,829,829,1970
RADHI,1min,1775108877,2026-04-02 11:32,2026-04-02,829,829,824.3,824.3,4362
RADHI,1min,1775108925,2026-04-02 11:33,2026-04-02,824.3,824.3,817.3,817.3,4370
RADHI,1min,1775109025,2026-04-02 11:35,2026-04-02,817.3,817.3,817.3,817.3,100
RADHI,1min,1775109137,2026-04-02 11:37,2026-04-02,817.3,817.4,817.3,817.4,250
RADHI,1min,1775109205,2026-04-02 11:38,2026-04-02,817.4,817.4,817.4,817.4,40
RADHI,1min,1775109342,2026-04-02 11:40,2026-04-02,817.4,825.3,817.4,825.3,95
RADHI,1min,1775109396,2026-04-02 11:41,2026-04-02,825.3,825.3,820,820,328
RADHI,1min,1775109481,2026-04-02 11:43,2026-04-02,820,820,818.1,818.1,12
RADHI,1min,1775109712,2026-04-02 11:46,2026-04-02,818.1,825,818.1,825,500
RADHI,1min,1775109747,2026-04-02 11:47,2026-04-02,825,825,825,825,190
RADHI,1min,1775109885,2026-04-02 11:49,2026-04-02,825,825,825,825,306
RADHI,1min,1775109956,2026-04-02 11:50,2026-04-02,825,826,825,826,890
RADHI,1min,1775110012,2026-04-02 11:51,2026-04-02,826,828.5,826,828.5,1150
RADHI,1min,1775110054,2026-04-02 11:52,2026-04-02,828.5,828.5,828.5,828.5,60
RADHI,1min,1775110127,2026-04-02 11:53,2026-04-02,828.5,829.5,828.5,828.5,868
RADHI,1min,1775110192,2026-04-02 11:54,2026-04-02,828.5,829,828.5,829,0
RADHI,1min,1775110259,2026-04-02 11:55,2026-04-02,829,830,829,830,2272
RADHI,1min,1775110370,2026-04-02 11:57,2026-04-02,830,830,829.1,829.1,1025
RADHI,1min,1775110408,2026-04-02 11:58,2026-04-02,829.1,830,829.1,830,14
RADHI,1min,1775110459,2026-04-02 11:59,2026-04-02,830,831,829,831,1034
RADHI,1min,1775110504,2026-04-02 12:00,2026-04-02,831,831,828.5,828.5,100
RADHI,1min,1775110612,2026-04-02 12:01,2026-04-02,828.5,828.5,825.6,825.6,2000
RADHI,1min,1775110925,2026-04-02 12:07,2026-04-02,825.6,825.6,823,823,4760
RADHI,1min,1775111219,2026-04-02 12:11,2026-04-02,823,823,821,821,1000
RADHI,1min,1775111266,2026-04-02 12:12,2026-04-02,821,821,821,821,65
RADHI,1min,1775111475,2026-04-02 12:16,2026-04-02,821,822.1,821,822.1,420
RADHI,1min,1775111569,2026-04-02 12:17,2026-04-02,822.1,822.1,820,820,4000
RADHI,1min,1775111608,2026-04-02 12:18,2026-04-02,820,820,820,820,0
RADHI,1min,1775111641,2026-04-02 12:19,2026-04-02,820,826,820,826,300
RADHI,1min,1775111808,2026-04-02 12:21,2026-04-02,826,826,826,826,400
RADHI,1min,1775111914,2026-04-02 12:23,2026-04-02,826,827.7,826,827.7,250
RADHI,1min,1775112007,2026-04-02 12:25,2026-04-02,827.7,827.7,826,826,375
RADHI,1min,1775112483,2026-04-02 12:33,2026-04-02,826,827,826,827,300
RADHI,1min,1775112988,2026-04-02 12:41,2026-04-02,827,827.6,827,827.6,200
RADHI,1min,1775113057,2026-04-02 12:42,2026-04-02,827.6,828,827.6,828,209
RADHI,1min,1775113122,2026-04-02 12:43,2026-04-02,828,829,828,829,658
RADHI,1min,1775113171,2026-04-02 12:44,2026-04-02,829,830,829,830,6040
RADHI,1min,1775113266,2026-04-02 12:46,2026-04-02,830,830,830,830,1291
RADHI,1min,1775113371,2026-04-02 12:47,2026-04-02,830,830,830,830,50
RADHI,1min,1775113466,2026-04-02 12:49,2026-04-02,830,831,830,831,547
RADHI,1min,1775113586,2026-04-02 12:51,2026-04-02,831,835,831,835,6000
RADHI,1min,1775113665,2026-04-02 12:52,2026-04-02,835,840,835,840,8200
RADHI,1min,1775113738,2026-04-02 12:53,2026-04-02,840,843,840,843,870
RADHI,1min,1775113754,2026-04-02 12:54,2026-04-02,843,843,843,843,100
RADHI,1min,1775113927,2026-04-02 12:57,2026-04-02,843,843,840,840,50
RADHI,1min,1775114205,2026-04-02 13:01,2026-04-02,840,840,838.9,838.9,100
RADHI,1min,1775114265,2026-04-02 13:02,2026-04-02,838.9,838.9,838.9,838.9,1200
RADHI,1min,1775114413,2026-04-02 13:05,2026-04-02,838.9,838.9,834,834,250
RADHI,1min,1775114588,2026-04-02 13:08,2026-04-02,834,834.4,834,834.4,60
RADHI,1min,1775114661,2026-04-02 13:09,2026-04-02,834.4,834.4,834,834,0
RADHI,1min,1775114732,2026-04-02 13:10,2026-04-02,834,834,834,834,11140
RADHI,1min,1775114798,2026-04-02 13:11,2026-04-02,834,834,833,833,0
RADHI,1min,1775114872,2026-04-02 13:12,2026-04-02,833,833,826.1,826.1,510
RADHI,1min,1775114971,2026-04-02 13:14,2026-04-02,826.1,829,826.1,829,1507
RADHI,1min,1775115161,2026-04-02 13:17,2026-04-02,829,829,827,827,100
RADHI,1min,1775115299,2026-04-02 13:19,2026-04-02,827,827,827,827,47
RADHI,1min,1775115331,2026-04-02 13:20,2026-04-02,827,830,827,830,1090
RADHI,1min,1775115475,2026-04-02 13:22,2026-04-02,830,830,827.1,827.1,1975
RADHI,1min,1775115518,2026-04-02 13:23,2026-04-02,827.1,830.1,827.1,830.1,340
RADHI,1min,1775115593,2026-04-02 13:24,2026-04-02,830.1,830.1,828,828,1540
RADHI,1min,1775115604,2026-04-02 13:25,2026-04-02,828,828,828,828,60
RADHI,1min,1775115763,2026-04-02 13:27,2026-04-02,828,832,828,832,500
RADHI,1min,1775115823,2026-04-02 13:28,2026-04-02,832,836,832,836,200
RADHI,1min,1775116014,2026-04-02 13:31,2026-04-02,836,836,835,835,0
RADHI,1min,1775116139,2026-04-02 13:33,2026-04-02,835,835,828.4,828.4,3050
RADHI,1min,1775116152,2026-04-02 13:34,2026-04-02,828.4,835.7,828.4,835.7,200
RADHI,1min,1775116451,2026-04-02 13:39,2026-04-02,835.7,835.7,835.7,835.7,300
RADHI,1min,1775117218,2026-04-02 13:51,2026-04-02,835.7,835.7,833,833,0
RADHI,1min,1775117264,2026-04-02 13:52,2026-04-02,833,833,830.2,830.2,513
RADHI,1min,1775117296,2026-04-02 13:53,2026-04-02,830.2,830.2,830,830,1873
RADHI,1min,1775117386,2026-04-02 13:54,2026-04-02,830,830,828.5,828.5,1000
RADHI,1min,1775117421,2026-04-02 13:55,2026-04-02,828.5,828.5,828.5,828.5,1650
RADHI,1min,1775117496,2026-04-02 13:56,2026-04-02,828.5,828.5,828.5,828.5,30
RADHI,1min,1775117572,2026-04-02 13:57,2026-04-02,828.5,828.5,828.5,828.5,285
RADHI,1min,1775117613,2026-04-02 13:58,2026-04-02,828.5,828.5,828,828,826
RADHI,1min,1775117648,2026-04-02 13:59,2026-04-02,828,828,827,828,674
RADHI,1min,1775117812,2026-04-02 14:01,2026-04-02,828,830,828,830,500
RADHI,1min,1775117987,2026-04-02 14:04,2026-04-02,830,830,830,830,0
RADHI,1min,1775118045,2026-04-02 14:05,2026-04-02,830,830,826,826,2000
RADHI,1min,1775118116,2026-04-02 14:06,2026-04-02,826,826,824,824,3000
RADHI,1min,1775118149,2026-04-02 14:07,2026-04-02,824,824,824,824,1500
RADHI,1min,1775118209,2026-04-02 14:08,2026-04-02,824,824,823,823,0
RADHI,1min,1775118276,2026-04-02 14:09,2026-04-02,823,823,820.3,820.3,6834
RADHI,1min,1775118834,2026-04-02 14:18,2026-04-02,820.3,829,820.3,829,635
RADHI,1min,1775118875,2026-04-02 14:19,2026-04-02,829,829,829,829,70
RADHI,1min,1775119002,2026-04-02 14:21,2026-04-02,829,829,829,829,200
RADHI,1min,1775119068,2026-04-02 14:22,2026-04-02,829,829,829,829,500
RADHI,1min,1775119162,2026-04-02 14:24,2026-04-02,829,829,826,826,5050
RADHI,1min,1775119217,2026-04-02 14:25,2026-04-02,826,826,825,825,200
RADHI,1min,1775119326,2026-04-02 14:27,2026-04-02,825,829,825,829,10
RADHI,1min,1775119538,2026-04-02 14:30,2026-04-02,829,829,828,828,50
RADHI,1min,1775119604,2026-04-02 14:31,2026-04-02,828,828,828,828,150
RADHI,1min,1775119679,2026-04-02 14:32,2026-04-02,828,828,825,825,1813
RADHI,1min,1775119783,2026-04-02 14:34,2026-04-02,825,825,825,825,447
RADHI,1min,1775120199,2026-04-02 14:41,2026-04-02,825,825,825,825,6050
RADHI,1min,1775120266,2026-04-02 14:42,2026-04-02,825,825,825,825,638
RADHI,1min,1775120306,2026-04-02 14:43,2026-04-02,825,825,825,825,50
RADHI,1min,1775120397,2026-04-02 14:44,2026-04-02,825,825,825,825,2000
RADHI,1min,1775120430,2026-04-02 14:45,2026-04-02,825,825,825,825,2013
RADHI,1min,1775120511,2026-04-02 14:46,2026-04-02,825,825,824,824,1030
RADHI,1min,1775120630,2026-04-02 14:48,2026-04-02,824,824,820,820,3066
RADHI,1min,1775120689,2026-04-02 14:49,2026-04-02,820,823,816,816,5250
RADHI,1min,1775120751,2026-04-02 14:50,2026-04-02,816,822.9,816,817,2120
RADHI,1min,1775120772,2026-04-02 14:51,2026-04-02,817,822,817,822,10
RADHI,1min,1775120974,2026-04-02 14:54,2026-04-02,822,822,819,819,1980
RADHI,1min,1775121052,2026-04-02 14:55,2026-04-02,819,821.7,819,820,419
RADHI,1min,1775121093,2026-04-02 14:56,2026-04-02,820,821.6,820,821.6,0
RADHI,1min,1775121136,2026-04-02 14:57,2026-04-02,821.6,821.6,819,821.4,1091
RADHI,1min,1775121235,2026-04-02 14:58,2026-04-02,821.4,821.4,821,821.2,2230
RADHI,1min,1775121299,2026-04-02 14:59,2026-04-02,821.2,821.5,820.1,821,5034
RADHI,1min,1775366153,2026-04-05 11:00,2026-04-05,805,805,805,805,1970
RADHI,1min,1775366216,2026-04-05 11:01,2026-04-05,805,805,804,804,20537
RADHI,1min,1775366273,2026-04-05 11:02,2026-04-05,804,805,790,790,14359
RADHI,1min,1775366313,2026-04-05 11:03,2026-04-05,790,803,790,790.4,110
RADHI,1min,1775366482,2026-04-05 11:06,2026-04-05,790.4,795,790.4,795,230
RADHI,1min,1775366573,2026-04-05 11:07,2026-04-05,795,797,795,797,500
RADHI,1min,1775366635,2026-04-05 11:08,2026-04-05,797,800,797,800,1422
RADHI,1min,1775366655,2026-04-05 11:09,2026-04-05,800,803,798,803,4200
RADHI,1min,1775366756,2026-04-05 11:10,2026-04-05,803,804,803,804,500
RADHI,1min,1775366781,2026-04-05 11:11,2026-04-05,804,804,802,802,50
RADHI,1min,1775366859,2026-04-05 11:12,2026-04-05,802,802,790,790,23000
RADHI,1min,1775367073,2026-04-05 11:16,2026-04-05,790,800,790,800,50
RADHI,1min,1775367155,2026-04-05 11:17,2026-04-05,800,803,800,800,680
RADHI,1min,1775367210,2026-04-05 11:18,2026-04-05,800,800,795.5,795.5,1323
RADHI,1min,1775367296,2026-04-05 11:19,2026-04-05,795.5,799.9,795.1,799.9,1521
RADHI,1min,1775367355,2026-04-05 11:20,2026-04-05,799.9,800,799.9,800,67
RADHI,1min,1775367403,2026-04-05 11:21,2026-04-05,800,800,796.2,796.2,250
RADHI,1min,1775367459,2026-04-05 11:22,2026-04-05,796.2,803.9,796.2,803.9,96
RADHI,1min,1775367593,2026-04-05 11:24,2026-04-05,803.9,804.2,803,803,1540
RADHI,1min,1775367719,2026-04-05 11:26,2026-04-05,803,804.2,803,804.2,3220
RADHI,1min,1775367790,2026-04-05 11:28,2026-04-05,804.2,804.2,800,800,2000
RADHI,1min,1775367889,2026-04-05 11:29,2026-04-05,800,800.1,800,800,2415
RADHI,1min,1775367901,2026-04-05 11:30,2026-04-05,800,800,799,799,600
RADHI,1min,1775367978,2026-04-05 11:31,2026-04-05,799,799,798.1,798.1,390
RADHI,1min,1775368238,2026-04-05 11:35,2026-04-05,798.1,798.1,798.1,798.1,42
RADHI,1min,1775368285,2026-04-05 11:36,2026-04-05,798.1,798.1,792,792,11000
RADHI,1min,1775368362,2026-04-05 11:37,2026-04-05,792,792.1,792,792.1,1000
RADHI,1min,1775368522,2026-04-05 11:40,2026-04-05,792.1,792.1,791.2,791.2,2200
RADHI,1min,1775368572,2026-04-05 11:41,2026-04-05,791.2,791.3,791.2,791.3,0
RADHI,1min,1775368674,2026-04-05 11:42,2026-04-05,791.3,792,791.2,792,1710
RADHI,1min,1775368723,2026-04-05 11:43,2026-04-05,792,792,790,790,10934
RADHI,1min,1775368758,2026-04-05 11:44,2026-04-05,790,790,789.5,789.5,400
RADHI,1min,1775368853,2026-04-05 11:45,2026-04-05,789.5,789.5,785,785,5074
RADHI,1min,1775368896,2026-04-05 11:46,2026-04-05,785,785,785,785,100
RADHI,1min,1775368950,2026-04-05 11:47,2026-04-05,785,785,785,785,286
RADHI,1min,1775369032,2026-04-05 11:48,2026-04-05,785,785,784,785,1630
RADHI,1min,1775369056,2026-04-05 11:49,2026-04-05,785,788,785,788,36
RADHI,1min,1775369166,2026-04-05 11:51,2026-04-05,788,789.5,788,789.5,400
RADHI,1min,1775369278,2026-04-05 11:52,2026-04-05,789.5,791,784,784,1311
RADHI,1min,1775369331,2026-04-05 11:53,2026-04-05,784,784,784,784,783
RADHI,1min,1775369366,2026-04-05 11:54,2026-04-05,784,784,784,784,900
RADHI,1min,1775369403,2026-04-05 11:55,2026-04-05,784,797,784,797,10
RADHI,1min,1775369520,2026-04-05 11:57,2026-04-05,797,797,796,796,0
RADHI,1min,1775369671,2026-04-05 11:59,2026-04-05,796,796,795,795,75
RADHI,1min,1775369749,2026-04-05 12:00,2026-04-05,795,795,790,790,200
RADHI,1min,1775369774,2026-04-05 12:01,2026-04-05,790,795,790,795,200
RADHI,1min,1775369849,2026-04-05 12:02,2026-04-05,795,795,795,795,15
RADHI,1min,1775369899,2026-04-05 12:03,2026-04-05,795,795,795,795,325
RADHI,1min,1775369997,2026-04-05 12:04,2026-04-05,795,795,790.1,790.1,1085
RADHI,1min,1775370034,2026-04-05 12:05,2026-04-05,790.1,790.1,790.1,790.1,20
RADHI,1min,1775370284,2026-04-05 12:09,2026-04-05,790.1,793,790.1,793,10
RADHI,1min,1775370346,2026-04-05 12:10,2026-04-05,793,793,792.5,792.5,100
RADHI,1min,1775370406,2026-04-05 12:11,2026-04-05,792.5,795,792.5,795,220
RADHI,1min,1775370513,2026-04-05 12:13,2026-04-05,795,795,790,790,995
RADHI,1min,1775370577,2026-04-05 12:14,2026-04-05,790,791,790,791,60
RADHI,1min,1775370648,2026-04-05 12:15,2026-04-05,791,794.9,791,794.9,10
RADHI,1min,1775370707,2026-04-05 12:16,2026-04-05,794.9,794.9,790,790,864
RADHI,1min,1775370825,2026-04-05 12:18,2026-04-05,790,790,787.1,787.1,206
RADHI,1min,1775370954,2026-04-05 12:20,2026-04-05,787.1,794,787.1,794,0
RADHI,1min,1775371010,2026-04-05 12:21,2026-04-05,794,794,787.1,787.1,241
RADHI,1min,1775371061,2026-04-05 12:22,2026-04-05,787.1,787.1,787.1,787.1,290
RADHI,1min,1775371104,2026-04-05 12:23,2026-04-05,787.1,787.1,787,787,0
RADHI,1min,1775371170,2026-04-05 12:24,2026-04-05,787,787,787,787,2245
RADHI,1min,1775371317,2026-04-05 12:26,2026-04-05,787,787,787,787,3206
RADHI,1min,1775371368,2026-04-05 12:27,2026-04-05,787,787,786.2,786.2,456
RADHI,1min,1775371764,2026-04-05 12:34,2026-04-05,786.2,787,786.2,787,488
RADHI,1min,1775371824,2026-04-05 12:35,2026-04-05,787,787,786.5,786.5,1300
RADHI,1min,1775371883,2026-04-05 12:36,2026-04-05,786.5,787,786.5,787,500
RADHI,1min,1775372027,2026-04-05 12:38,2026-04-05,787,787,786.5,786.5,880
RADHI,1min,1775372063,2026-04-05 12:39,2026-04-05,786.5,786.5,786.5,786.5,0
RADHI,1min,1775372272,2026-04-05 12:42,2026-04-05,786.5,786.5,786,786,2238
RADHI,1min,1775372326,2026-04-05 12:43,2026-04-05,786,786,784,784,1951
RADHI,1min,1775372343,2026-04-05 12:44,2026-04-05,784,784,784,784,2000
RADHI,1min,1775372508,2026-04-05 12:46,2026-04-05,784,784,780,780.1,5100
RADHI,1min,1775372570,2026-04-05 12:47,2026-04-05,780.1,780.2,780.1,780.2,2000
RADHI,1min,1775372580,2026-04-05 12:48,2026-04-05,780.2,785,780.2,785,10
RADHI,1min,1775372733,2026-04-05 12:50,2026-04-05,785,785,780.2,780.2,490
RADHI,1min,1775372864,2026-04-05 12:52,2026-04-05,780.2,780.2,780.2,780.2,1850
RADHI,1min,1775372890,2026-04-05 12:53,2026-04-05,780.2,780.3,780.2,780.3,53
RADHI,1min,1775372981,2026-04-05 12:54,2026-04-05,780.3,780.4,780.3,780.4,994
RADHI,1min,1775373104,2026-04-05 12:56,2026-04-05,780.4,780.4,780.2,780.2,393
RADHI,1min,1775373140,2026-04-05 12:57,2026-04-05,780.2,782,780.2,782,2492
RADHI,1min,1775373220,2026-04-05 12:58,2026-04-05,782,784,782,784,20
RADHI,1min,1775373297,2026-04-05 12:59,2026-04-05,784,784,782,782,385
RADHI,1min,1775373313,2026-04-05 13:00,2026-04-05,782,782,780.3,780.3,65
RADHI,1min,1775373391,2026-04-05 13:01,2026-04-05,780.3,784,780.3,784,1860
RADHI,1min,1775373590,2026-04-05 13:04,2026-04-05,784,784,781,781,50
RADHI,1min,1775373740,2026-04-05 13:07,2026-04-05,781,781,780.3,780.3,1500
RADHI,1min,1775373810,2026-04-05 13:08,2026-04-05,780.3,783,778.1,778.1,12160
RADHI,1min,1775373853,2026-04-05 13:09,2026-04-05,778.1,778.1,778.1,778.1,229
RADHI,1min,1775374056,2026-04-05 13:12,2026-04-05,778.1,779,778.1,779,15
RADHI,1min,1775374189,2026-04-05 13:14,2026-04-05,779,779,779,779,10
RADHI,1min,1775374258,2026-04-05 13:15,2026-04-05,779,779,776,776,1000
RADHI,1min,1775374295,2026-04-05 13:16,2026-04-05,776,776,776,776,175
RADHI,1min,1775374375,2026-04-05 13:17,2026-04-05,776,776,775.2,775.2,1328
RADHI,1min,1775374452,2026-04-05 13:19,2026-04-05,775.2,775.2,775.1,775.1,2100
RADHI,1min,1775374583,2026-04-05 13:21,2026-04-05,775.1,775.1,775,775,1000
RADHI,1min,1775374730,2026-04-05 13:23,2026-04-05,775,780,775,780,250
RADHI,1min,1775374769,2026-04-05 13:24,2026-04-05,780,780,780,780,820
RADHI,1min,1775374907,2026-04-05 13:26,2026-04-05,780,780,779.9,779.9,50
RADHI,1min,1775374971,2026-04-05 13:27,2026-04-05,779.9,779.9,775,775,2000
RADHI,1min,1775375037,2026-04-05 13:28,2026-04-05,775,775,774.2,774.2,9047
RADHI,1min,1775375065,2026-04-05 13:29,2026-04-05,774.2,774.2,774.2,774.2,1000
RADHI,1min,1775375118,2026-04-05 13:30,2026-04-05,774.2,776,774.2,776,1011
RADHI,1min,1775375267,2026-04-05 13:32,2026-04-05,776,776,771,775,1000
RADHI,1min,1775375361,2026-04-05 13:34,2026-04-05,775,775,775,775,1620
RADHI,1min,1775375438,2026-04-05 13:35,2026-04-05,775,775,771,771,200
RADHI,1min,1775375506,2026-04-05 13:36,2026-04-05,771,775,771,775,210
RADHI,1min,1775375545,2026-04-05 13:37,2026-04-05,775,775,771,775,2000
RADHI,1min,1775375633,2026-04-05 13:38,2026-04-05,775,780,775,780,4400
RADHI,1min,1775375756,2026-04-05 13:40,2026-04-05,780,780,775,780,641
RADHI,1min,1775375813,2026-04-05 13:41,2026-04-05,780,783,780,783,400
RADHI,1min,1775375834,2026-04-05 13:42,2026-04-05,783,786,783,783,1500
RADHI,1min,1775375926,2026-04-05 13:43,2026-04-05,783,785,783,785,500
RADHI,1min,1775375997,2026-04-05 13:44,2026-04-05,785,785,785,785,110
RADHI,1min,1775376051,2026-04-05 13:45,2026-04-05,785,785,785,785,1400
RADHI,1min,1775376090,2026-04-05 13:46,2026-04-05,785,785,785,785,910
RADHI,1min,1775376205,2026-04-05 13:48,2026-04-05,785,785,784,784,0
RADHI,1min,1775376251,2026-04-05 13:49,2026-04-05,784,784,781,781,0
RADHI,1min,1775376307,2026-04-05 13:50,2026-04-05,781,785,781,785,730
RADHI,1min,1775376384,2026-04-05 13:51,2026-04-05,785,789,785,789,2000
RADHI,1min,1775376475,2026-04-05 13:52,2026-04-05,789,789,788,788,0
RADHI,1min,1775376496,2026-04-05 13:53,2026-04-05,788,788,785,785,400
RADHI,1min,1775376596,2026-04-05 13:54,2026-04-05,785,788.9,785,788.9,850
RADHI,1min,1775376772,2026-04-05 13:57,2026-04-05,788.9,788.9,785,785,100
RADHI,1min,1775376816,2026-04-05 13:58,2026-04-05,785,788,785,788,440
RADHI,1min,1775376952,2026-04-05 14:00,2026-04-05,788,788,782.2,782.2,2195
RADHI,1min,1775377017,2026-04-05 14:01,2026-04-05,782.2,782.2,782,782,3127
RADHI,1min,1775377034,2026-04-05 14:02,2026-04-05,782,787,782,787,310
RADHI,1min,1775377105,2026-04-05 14:03,2026-04-05,787,787,782.3,782.3,30
RADHI,1min,1775377198,2026-04-05 14:04,2026-04-05,782.3,782.3,782.1,782.1,0
RADHI,1min,1775377245,2026-04-05 14:05,2026-04-05,782.1,782.1,782.1,782.1,270
RADHI,1min,1775377281,2026-04-05 14:06,2026-04-05,782.1,782.1,782.1,782.1,30
RADHI,1min,1775377351,2026-04-05 14:07,2026-04-05,782.1,782.1,782,782,500
RADHI,1min,1775377423,2026-04-05 14:08,2026-04-05,782,782,780,780,1929
RADHI,1min,1775377535,2026-04-05 14:10,2026-04-05,780,780,779,779,100
RADHI,1min,1775377636,2026-04-05 14:12,2026-04-05,779,779,775,775,1500
RADHI,1min,1775377714,2026-04-05 14:13,2026-04-05,775,775,775,775,2500
RADHI,1min,1775377790,2026-04-05 14:14,2026-04-05,775,775,772.1,772.1,2160
RADHI,1min,1775377851,2026-04-05 14:15,2026-04-05,772.1,772.1,772.1,772.1,271
RADHI,1min,1775377976,2026-04-05 14:17,2026-04-05,772.1,775,772.1,773,7010
RADHI,1min,1775378083,2026-04-05 14:19,2026-04-05,773,780,773,780,10
RADHI,1min,1775378240,2026-04-05 14:22,2026-04-05,780,780,779,779,3500
RADHI,1min,1775378323,2026-04-05 14:23,2026-04-05,779,779,776.1,776.1,500
RADHI,1min,1775378364,2026-04-05 14:24,2026-04-05,776.1,780,776.1,780,10
RADHI,1min,1775378842,2026-04-05 14:32,2026-04-05,780,780,777,777,1500
RADHI,1min,1775378895,2026-04-05 14:33,2026-04-05,777,777.1,777,777.1,10
RADHI,1min,1775378983,2026-04-05 14:34,2026-04-05,777.1,780,777.1,778,662
RADHI,1min,1775379044,2026-04-05 14:35,2026-04-05,778,778,778,778,20
RADHI,1min,1775379105,2026-04-05 14:36,2026-04-05,778,780,778,780,1795
RADHI,1min,1775379139,2026-04-05 14:37,2026-04-05,780,781,780,781,370
RADHI,1min,1775379237,2026-04-05 14:38,2026-04-05,781,781,780,780,180
RADHI,1min,1775379298,2026-04-05 14:39,2026-04-05,780,780,778.1,780,429
RADHI,1min,1775379333,2026-04-05 14:40,2026-04-05,780,780,780,780,0
RADHI,1min,1775379379,2026-04-05 14:41,2026-04-05,780,780,778.3,778.3,1855
RADHI,1min,1775379468,2026-04-05 14:42,2026-04-05,778.3,778.3,778.1,778.1,1951
RADHI,1min,1775379517,2026-04-05 14:43,2026-04-05,778.1,780,778.1,780,190
RADHI,1min,1775379576,2026-04-05 14:44,2026-04-05,780,780,778.1,778.1,1250
RADHI,1min,1775379659,2026-04-05 14:45,2026-04-05,778.1,778.2,778.1,778.1,1700
RADHI,1min,1775379717,2026-04-05 14:46,2026-04-05,778.1,780,778.1,778.1,244
RADHI,1min,1775379815,2026-04-05 14:48,2026-04-05,778.1,778.2,778.1,778.2,100
RADHI,1min,1775379875,2026-04-05 14:49,2026-04-05,778.2,778.2,778.1,778.2,1100
RADHI,1min,1775379935,2026-04-05 14:50,2026-04-05,778.2,778.3,778.2,778.2,320
RADHI,1min,1775380005,2026-04-05 14:51,2026-04-05,778.2,778.2,777,777,8379
RADHI,1min,1775380068,2026-04-05 14:52,2026-04-05,777,778,777,778,1010
RADHI,1min,1775380132,2026-04-05 14:53,2026-04-05,778,778,777,777,600
RADHI,1min,1775380187,2026-04-05 14:54,2026-04-05,777,780,775,775,4930
RADHI,1min,1775380309,2026-04-05 14:56,2026-04-05,775,775,775,775,9550
RADHI,1min,1775380356,2026-04-05 14:57,2026-04-05,775,780,775,780,11151
RADHI,1min,1775380439,2026-04-05 14:58,2026-04-05,780,780,776,780,8015
RADHI,1min,1775380499,2026-04-05 14:59,2026-04-05,780,780,776,776,4881
RADHI,1min,1775452611,2026-04-06 11:01,2026-04-06,787,791,787,791,2050
RADHI,1min,1775452675,2026-04-06 11:02,2026-04-06,791,791,791,791,173
RADHI,1min,1775452791,2026-04-06 11:04,2026-04-06,791,791,788,788,300
RADHI,1min,1775452817,2026-04-06 11:05,2026-04-06,788,788,779,779,50
RADHI,1min,1775452910,2026-04-06 11:06,2026-04-06,779,790,779,790,3000
RADHI,1min,1775452963,2026-04-06 11:07,2026-04-06,790,791,782,791,1360
RADHI,1min,1775453034,2026-04-06 11:08,2026-04-06,791,797.9,791,796,684
RADHI,1min,1775453088,2026-04-06 11:09,2026-04-06,796,797.8,790,797.8,1500
RADHI,1min,1775453121,2026-04-06 11:10,2026-04-06,797.8,797.8,797.8,797.8,1000
RADHI,1min,1775453184,2026-04-06 11:11,2026-04-06,797.8,797.8,797,797,700
RADHI,1min,1775453278,2026-04-06 11:12,2026-04-06,797,797,796.6,796.9,2740
RADHI,1min,1775453296,2026-04-06 11:13,2026-04-06,796.9,796.9,795,795,1000
RADHI,1min,1775453398,2026-04-06 11:14,2026-04-06,795,795,793,794.9,1355
RADHI,1min,1775453427,2026-04-06 11:15,2026-04-06,794.9,795,792,795,557
RADHI,1min,1775453569,2026-04-06 11:17,2026-04-06,795,795,791,791,70
RADHI,1min,1775453633,2026-04-06 11:18,2026-04-06,791,791,788.1,788.1,1750
RADHI,1min,1775453664,2026-04-06 11:19,2026-04-06,788.1,788.1,785,785,700
RADHI,1min,1775453741,2026-04-06 11:20,2026-04-06,785,785,780,780,4100
RADHI,1min,1775453817,2026-04-06 11:21,2026-04-06,780,780,779.2,780,2500
RADHI,1min,1775453827,2026-04-06 11:22,2026-04-06,780,780,780,780,23
RADHI,1min,1775453935,2026-04-06 11:23,2026-04-06,780,780,780,780,0
RADHI,1min,1775453972,2026-04-06 11:24,2026-04-06,780,782.1,780,782.1,620
RADHI,1min,1775454058,2026-04-06 11:25,2026-04-06,782.1,785,782.1,785,4607
RADHI,1min,1775454119,2026-04-06 11:26,2026-04-06,785,790,785,790,220
RADHI,1min,1775454174,2026-04-06 11:27,2026-04-06,790,793,790,793,710
RADHI,1min,1775454180,2026-04-06 11:28,2026-04-06,793,794,793,794,1750
RADHI,1min,1775454251,2026-04-06 11:29,2026-04-06,794,794,793,793,100
RADHI,1min,1775454348,2026-04-06 11:30,2026-04-06,793,793,790,790,350
RADHI,1min,1775454410,2026-04-06 11:31,2026-04-06,790,792,790,792,306
RADHI,1min,1775454466,2026-04-06 11:32,2026-04-06,792,792,792,792,10
RADHI,1min,1775454519,2026-04-06 11:33,2026-04-06,792,794,792,792,1015
RADHI,1min,1775454565,2026-04-06 11:34,2026-04-06,792,792,790,790,1053
RADHI,1min,1775454643,2026-04-06 11:35,2026-04-06,790,790,790,790,535
RADHI,1min,1775454775,2026-04-06 11:37,2026-04-06,790,793,790,790,300
RADHI,1min,1775454895,2026-04-06 11:39,2026-04-06,790,790,790,790,0
RADHI,1min,1775454940,2026-04-06 11:40,2026-04-06,790,790,790,790,1160
RADHI,1min,1775455019,2026-04-06 11:41,2026-04-06,790,792,790,792,700
RADHI,1min,1775455064,2026-04-06 11:42,2026-04-06,792,792.9,792,792.9,150
RADHI,1min,1775455179,2026-04-06 11:44,2026-04-06,792.9,792.9,791,791,100
RADHI,1min,1775455257,2026-04-06 11:45,2026-04-06,791,791,786,791,7434
RADHI,1min,1775455282,2026-04-06 11:46,2026-04-06,791,791,791,791,1089
RADHI,1min,1775455454,2026-04-06 11:49,2026-04-06,791,791,790,790,150
RADHI,1min,1775455540,2026-04-06 11:50,2026-04-06,790,790,789,789,90
RADHI,1min,1775455579,2026-04-06 11:51,2026-04-06,789,791.8,789,791.8,300
RADHI,1min,1775455727,2026-04-06 11:53,2026-04-06,791.8,794.8,788.5,788.5,1403
RADHI,1min,1775455792,2026-04-06 11:54,2026-04-06,788.5,792,788.5,792,727
RADHI,1min,1775455914,2026-04-06 11:56,2026-04-06,792,792,792,792,273
RADHI,1min,1775455972,2026-04-06 11:57,2026-04-06,792,794.8,792,794.8,632
RADHI,1min,1775456008,2026-04-06 11:58,2026-04-06,794.8,794.8,794.4,794.4,35
RADHI,1min,1775456062,2026-04-06 11:59,2026-04-06,794.4,794.4,794,794,45
RADHI,1min,1775456152,2026-04-06 12:00,2026-04-06,794,794.9,790,790,904
RADHI,1min,1775456203,2026-04-06 12:01,2026-04-06,790,790,790,790,1000
RADHI,1min,1775456272,2026-04-06 12:02,2026-04-06,790,790,788.6,790,1891
RADHI,1min,1775456327,2026-04-06 12:03,2026-04-06,790,790,789,789,20
RADHI,1min,1775456391,2026-04-06 12:04,2026-04-06,789,790,788.3,788.3,800
RADHI,1min,1775456407,2026-04-06 12:05,2026-04-06,788.3,788.3,788.3,788.3,990
RADHI,1min,1775456574,2026-04-06 12:07,2026-04-06,788.3,788.3,788.1,788.1,859
RADHI,1min,1775456624,2026-04-06 12:08,2026-04-06,788.1,788.1,786.3,786.3,800
RADHI,1min,1775456812,2026-04-06 12:11,2026-04-06,786.3,794,786.3,794,2789
RADHI,1min,1775456866,2026-04-06 12:12,2026-04-06,794,795,794,795,200
RADHI,1min,1775456932,2026-04-06 12:13,2026-04-06,795,795,794,795,100
RADHI,1min,1775456964,2026-04-06 12:14,2026-04-06,795,796,795,796,4950
RADHI,1min,1775457002,2026-04-06 12:15,2026-04-06,796,796,796,796,29
RADHI,1min,1775457078,2026-04-06 12:16,2026-04-06,796,796,796,796,0
RADHI,1min,1775457251,2026-04-06 12:19,2026-04-06,796,796,796,796,131
RADHI,1min,1775457534,2026-04-06 12:23,2026-04-06,796,796,794,794,50
RADHI,1min,1775457557,2026-04-06 12:24,2026-04-06,794,794,794,794,0
RADHI,1min,1775457645,2026-04-06 12:25,2026-04-06,794,794,793,793,60
RADHI,1min,1775457711,2026-04-06 12:26,2026-04-06,793,793,793,793,90
RADHI,1min,1775457756,2026-04-06 12:27,2026-04-06,793,794,793,794,148
RADHI,1min,1775458298,2026-04-06 12:36,2026-04-06,794,798,794,794.2,4200
RADHI,1min,1775458430,2026-04-06 12:38,2026-04-06,794.2,800,794.2,800,6810
RADHI,1min,1775458481,2026-04-06 12:39,2026-04-06,800,800,800,800,500
RADHI,1min,1775458544,2026-04-06 12:40,2026-04-06,800,800,800,800,500
RADHI,1min,1775458650,2026-04-06 12:42,2026-04-06,800,800,800,800,113
RADHI,1min,1775458779,2026-04-06 12:44,2026-04-06,800,800,796.2,796.2,10
RADHI,1min,1775458858,2026-04-06 12:45,2026-04-06,796.2,796.2,796.1,796.1,300
RADHI,1min,1775459097,2026-04-06 12:49,2026-04-06,796.1,796.1,796,796,1090
RADHI,1min,1775459150,2026-04-06 12:50,2026-04-06,796,796,795.2,795.2,210
RADHI,1min,1775459500,2026-04-06 12:56,2026-04-06,795.2,798,795.2,798,200
RADHI,1min,1775459696,2026-04-06 12:59,2026-04-06,798,798,798,798,100
RADHI,1min,1775459744,2026-04-06 13:00,2026-04-06,798,798,795.1,795.1,3000
RADHI,1min,1775459864,2026-04-06 13:02,2026-04-06,795.1,795.1,794.3,794.3,1000
RADHI,1min,1775459982,2026-04-06 13:04,2026-04-06,794.3,794.3,794,794,2000
RADHI,1min,1775460069,2026-04-06 13:06,2026-04-06,794,794,794,794,282
RADHI,1min,1775460231,2026-04-06 13:08,2026-04-06,794,794,793,793,150
RADHI,1min,1775460307,2026-04-06 13:10,2026-04-06,793,793,792.3,792.3,1000
RADHI,1min,1775460384,2026-04-06 13:11,2026-04-06,792.3,793,792.3,793,50
RADHI,1min,1775460474,2026-04-06 13:12,2026-04-06,793,794,793,794,420
RADHI,1min,1775460821,2026-04-06 13:18,2026-04-06,794,794,794,794,203
RADHI,1min,1775460907,2026-04-06 13:20,2026-04-06,794,794,793,793,16
RADHI,1min,1775461016,2026-04-06 13:21,2026-04-06,793,796.8,791.1,791.1,2100
RADHI,1min,1775461490,2026-04-06 13:29,2026-04-06,791.1,797,791.1,797,1089
RADHI,1min,1775461525,2026-04-06 13:30,2026-04-06,797,798,797,798,1462
RADHI,1min,1775461596,2026-04-06 13:31,2026-04-06,798,798,798,798,100
RADHI,1min,1775461784,2026-04-06 13:34,2026-04-06,798,800,798,800,4000
RADHI,1min,1775461830,2026-04-06 13:35,2026-04-06,800,800,800,800,280
RADHI,1min,1775462020,2026-04-06 13:38,2026-04-06,800,800,800,800,200
RADHI,1min,1775462070,2026-04-06 13:39,2026-04-06,800,800,800,800,350
RADHI,1min,1775462201,2026-04-06 13:41,2026-04-06,800,800.1,800,800.1,500
RADHI,1min,1775462223,2026-04-06 13:42,2026-04-06,800.1,800.1,800.1,800.1,900
RADHI,1min,1775462506,2026-04-06 13:46,2026-04-06,800.1,803,800.1,803,3715
RADHI,1min,1775462570,2026-04-06 13:47,2026-04-06,803,803,802.9,802.9,0
RADHI,1min,1775462631,2026-04-06 13:48,2026-04-06,802.9,803,802.9,803,550
RADHI,1min,1775462657,2026-04-06 13:49,2026-04-06,803,804,803,804,550
RADHI,1min,1775462716,2026-04-06 13:50,2026-04-06,804,804,804,804,4800
RADHI,1min,1775462841,2026-04-06 13:52,2026-04-06,804,804,804,804,150
RADHI,1min,1775462887,2026-04-06 13:53,2026-04-06,804,804,804,804,50
RADHI,1min,1775462985,2026-04-06 13:54,2026-04-06,804,806.9,804,806.9,1984
RADHI,1min,1775463033,2026-04-06 13:55,2026-04-06,806.9,809,806.9,809,2090
RADHI,1min,1775463109,2026-04-06 13:56,2026-04-06,809,810,809,810,3821
RADHI,1min,1775463158,2026-04-06 13:57,2026-04-06,810,812,810,812,2000
RADHI,1min,1775463229,2026-04-06 13:58,2026-04-06,812,816,812,816,5700
RADHI,1min,1775463266,2026-04-06 13:59,2026-04-06,816,819,816,819,1000
RADHI,1min,1775463405,2026-04-06 14:01,2026-04-06,819,819,814,814,2233
RADHI,1min,1775463468,2026-04-06 14:02,2026-04-06,814,814,814,814,796
RADHI,1min,1775463573,2026-04-06 14:04,2026-04-06,814,815,814,815,52
RADHI,1min,1775463602,2026-04-06 14:05,2026-04-06,815,815,812,812,50
RADHI,1min,1775463685,2026-04-06 14:06,2026-04-06,812,812,811,811,340
RADHI,1min,1775464076,2026-04-06 14:12,2026-04-06,811,815.9,811,815.9,2010
RADHI,1min,1775464187,2026-04-06 14:14,2026-04-06,815.9,815.9,815.8,815.9,800
RADHI,1min,1775464239,2026-04-06 14:15,2026-04-06,815.9,815.9,815,815,650
RADHI,1min,1775464309,2026-04-06 14:16,2026-04-06,815,816.9,813,816.9,850
RADHI,1min,1775464354,2026-04-06 14:17,2026-04-06,816.9,816.9,816.9,816.9,200
RADHI,1min,1775464486,2026-04-06 14:19,2026-04-06,816.9,816.9,816,816,1000
RADHI,1min,1775464610,2026-04-06 14:21,2026-04-06,816,816,816,816,1000
RADHI,1min,1775464662,2026-04-06 14:22,2026-04-06,816,816,815.9,815.9,300
RADHI,1min,1775464739,2026-04-06 14:23,2026-04-06,815.9,816,815.9,816,1200
RADHI,1min,1775464838,2026-04-06 14:25,2026-04-06,816,816,816,816,700
RADHI,1min,1775464957,2026-04-06 14:27,2026-04-06,816,816,815.2,816,620
RADHI,1min,1775465024,2026-04-06 14:28,2026-04-06,816,816,815,815,1010
RADHI,1min,1775465098,2026-04-06 14:29,2026-04-06,815,815,814.1,814.1,1340
RADHI,1min,1775465115,2026-04-06 14:30,2026-04-06,814.1,814.1,814,814,100
RADHI,1min,1775465277,2026-04-06 14:32,2026-04-06,814,814,812,812,2000
RADHI,1min,1775465394,2026-04-06 14:34,2026-04-06,812,813.5,812,812,1210
RADHI,1min,1775465499,2026-04-06 14:36,2026-04-06,812,812,812,812,500
RADHI,1min,1775465568,2026-04-06 14:37,2026-04-06,812,812,810,810,1000
RADHI,1min,1775465620,2026-04-06 14:38,2026-04-06,810,810,806,806,535
RADHI,1min,1775465696,2026-04-06 14:39,2026-04-06,806,810,806,806,30
RADHI,1min,1775465819,2026-04-06 14:41,2026-04-06,806,806,803,803,3931
RADHI,1min,1775465885,2026-04-06 14:43,2026-04-06,803,803,803,803,1000
RADHI,1min,1775465944,2026-04-06 14:44,2026-04-06,803,803,803,803,10
RADHI,1min,1775466045,2026-04-06 14:45,2026-04-06,803,806,803,805,400
RADHI,1min,1775466086,2026-04-06 14:46,2026-04-06,805,805,805,805,255
RADHI,1min,1775466173,2026-04-06 14:47,2026-04-06,805,809,805,809,782
RADHI,1min,1775466205,2026-04-06 14:48,2026-04-06,809,809,809,809,150
RADHI,1min,1775466283,2026-04-06 14:49,2026-04-06,809,810,808,808,1000
RADHI,1min,1775466351,2026-04-06 14:50,2026-04-06,808,809.9,808,809.9,100
RADHI,1min,1775466391,2026-04-06 14:51,2026-04-06,809.9,810,809.9,810,1750
RADHI,1min,1775466463,2026-04-06 14:52,2026-04-06,810,812,810,812,1020
RADHI,1min,1775466506,2026-04-06 14:53,2026-04-06,812,813,812,813,740
RADHI,1min,1775466550,2026-04-06 14:54,2026-04-06,813,813,813,813,40
RADHI,1min,1775466654,2026-04-06 14:55,2026-04-06,813,813,813,813,100
RADHI,1min,1775466713,2026-04-06 14:56,2026-04-06,813,813,808,808,1330
RADHI,1min,1775466835,2026-04-06 14:58,2026-04-06,808,810,808,810,270
RADHI,1min,1775466899,2026-04-06 14:59,2026-04-06,810,810,809.5,809.5,1408
RADHI,1min,1775538990,2026-04-07 11:01,2026-04-07,815,815,815,815,161
RADHI,1min,1775539077,2026-04-07 11:02,2026-04-07,815,820,810,820,850
RADHI,1min,1775539126,2026-04-07 11:03,2026-04-07,820,820,819,819,10
RADHI,1min,1775539147,2026-04-07 11:04,2026-04-07,819,819,815,815,120
RADHI,1min,1775539305,2026-04-07 11:06,2026-04-07,815,815,810,810,500
RADHI,1min,1775539409,2026-04-07 11:08,2026-04-07,810,815,810,815,1700
RADHI,1min,1775539446,2026-04-07 11:09,2026-04-07,815,815,815,815,500
RADHI,1min,1775539550,2026-04-07 11:10,2026-04-07,815,815,813,813,1475
RADHI,1min,1775539617,2026-04-07 11:11,2026-04-07,813,816,813,816,580
RADHI,1min,1775539673,2026-04-07 11:12,2026-04-07,816,816,810,811,1180
RADHI,1min,1775539711,2026-04-07 11:13,2026-04-07,811,811,811,811,600
RADHI,1min,1775539785,2026-04-07 11:14,2026-04-07,811,811,806,806,2546
RADHI,1min,1775539911,2026-04-07 11:16,2026-04-07,806,806,806,806,0
RADHI,1min,1775539951,2026-04-07 11:17,2026-04-07,806,806,806,806,500
RADHI,1min,1775540057,2026-04-07 11:19,2026-04-07,806,810,806,810,100
RADHI,1min,1775540249,2026-04-07 11:22,2026-04-07,810,810,807.6,807.6,50
RADHI,1min,1775540380,2026-04-07 11:24,2026-04-07,807.6,810,807.6,810,155
RADHI,1min,1775540406,2026-04-07 11:25,2026-04-07,810,810,810,810,195
RADHI,1min,1775540509,2026-04-07 11:26,2026-04-07,810,814.7,810,814.7,500
RADHI,1min,1775540526,2026-04-07 11:27,2026-04-07,814.7,814.7,814.7,814.7,500
RADHI,1min,1775540693,2026-04-07 11:29,2026-04-07,814.7,814.7,810,810,1740
RADHI,1min,1775540838,2026-04-07 11:32,2026-04-07,810,814,810,814,3000
RADHI,1min,1775540927,2026-04-07 11:33,2026-04-07,814,815,811,815,5500
RADHI,1min,1775541164,2026-04-07 11:37,2026-04-07,815,815.6,815,815.6,1000
RADHI,1min,1775541239,2026-04-07 11:38,2026-04-07,815.6,816,815,816,983
RADHI,1min,1775541295,2026-04-07 11:39,2026-04-07,816,817,816,817,2000
RADHI,1min,1775541353,2026-04-07 11:40,2026-04-07,817,818,817,818,2245
RADHI,1min,1775541408,2026-04-07 11:41,2026-04-07,818,820,818,820,200
RADHI,1min,1775541485,2026-04-07 11:43,2026-04-07,820,822,820,822,3150
RADHI,1min,1775541549,2026-04-07 11:44,2026-04-07,822,824.9,820,824.9,2030
RADHI,1min,1775541763,2026-04-07 11:47,2026-04-07,824.9,824.9,820,824,640
RADHI,1min,1775541824,2026-04-07 11:48,2026-04-07,824,824,824,824,100
RADHI,1min,1775542013,2026-04-07 11:51,2026-04-07,824,824,820,820,2450
RADHI,1min,1775542030,2026-04-07 11:52,2026-04-07,820,820,820,820,50
RADHI,1min,1775542085,2026-04-07 11:53,2026-04-07,820,820.3,820,820.3,0
RADHI,1min,1775542187,2026-04-07 11:54,2026-04-07,820.3,820.3,820,820,3010
RADHI,1min,1775542252,2026-04-07 11:55,2026-04-07,820,820,817.5,818,1080
RADHI,1min,1775542274,2026-04-07 11:56,2026-04-07,818,818,818,818,1540
RADHI,1min,1775542334,2026-04-07 11:57,2026-04-07,818,818,818,818,100
RADHI,1min,1775542426,2026-04-07 11:58,2026-04-07,818,820,818,818,170
RADHI,1min,1775542553,2026-04-07 12:00,2026-04-07,818,818,818,818,414
RADHI,1min,1775542617,2026-04-07 12:01,2026-04-07,818,818,818,818,100
RADHI,1min,1775542648,2026-04-07 12:02,2026-04-07,818,818,818,818,13
RADHI,1min,1775542717,2026-04-07 12:03,2026-04-07,818,818,815,815,1000
RADHI,1min,1775543355,2026-04-07 12:14,2026-04-07,815,817,815,817,12
RADHI,1min,1775543733,2026-04-07 12:20,2026-04-07,817,817,816.2,816.2,100
RADHI,1min,1775543808,2026-04-07 12:21,2026-04-07,816.2,816.2,816,816,3850
RADHI,1min,1775543851,2026-04-07 12:22,2026-04-07,816,816,815.3,815.3,190
RADHI,1min,1775543995,2026-04-07 12:24,2026-04-07,815.3,815.3,815.2,815.2,910
RADHI,1min,1775544015,2026-04-07 12:25,2026-04-07,815.2,815.2,815,815,2730
RADHI,1min,1775544103,2026-04-07 12:26,2026-04-07,815,815,815,815,0
RADHI,1min,1775544135,2026-04-07 12:27,2026-04-07,815,815,814.5,814.5,3542
RADHI,1min,1775544202,2026-04-07 12:28,2026-04-07,814.5,814.5,813,813,80
RADHI,1min,1775544287,2026-04-07 12:29,2026-04-07,813,813,811.3,811.3,0
RADHI,1min,1775544354,2026-04-07 12:30,2026-04-07,811.3,811.3,811,811,686
RADHI,1min,1775544419,2026-04-07 12:31,2026-04-07,811,811,810,810,500
RADHI,1min,1775544539,2026-04-07 12:33,2026-04-07,810,810,809.1,809.1,0
RADHI,1min,1775544579,2026-04-07 12:34,2026-04-07,809.1,809.1,809.1,809.1,0
RADHI,1min,1775544609,2026-04-07 12:35,2026-04-07,809.1,809.1,808,808,2847
RADHI,1min,1775545111,2026-04-07 12:43,2026-04-07,808,811.9,808,811.9,50
RADHI,1min,1775545170,2026-04-07 12:44,2026-04-07,811.9,813,811.9,813,10
RADHI,1min,1775545205,2026-04-07 12:45,2026-04-07,813,813,813,813,90
RADHI,1min,1775545316,2026-04-07 12:46,2026-04-07,813,816.9,813,816.9,10
RADHI,1min,1775545419,2026-04-07 12:48,2026-04-07,816.9,817,816.9,816.9,176
RADHI,1min,1775545498,2026-04-07 12:49,2026-04-07,816.9,816.9,815,815,200
RADHI,1min,1775545533,2026-04-07 12:50,2026-04-07,815,815,815,815,14
RADHI,1min,1775545578,2026-04-07 12:51,2026-04-07,815,815,815,815,200
RADHI,1min,1775545803,2026-04-07 12:55,2026-04-07,815,815,814,814,586
RADHI,1min,1775545971,2026-04-07 12:57,2026-04-07,814,814,809,809,1452
RADHI,1min,1775546024,2026-04-07 12:58,2026-04-07,809,809,807.5,807.5,2900
RADHI,1min,1775546078,2026-04-07 12:59,2026-04-07,807.5,807.5,807.5,807.5,62
RADHI,1min,1775546327,2026-04-07 13:03,2026-04-07,807.5,807.5,806.2,806.2,567
RADHI,1min,1775546425,2026-04-07 13:05,2026-04-07,806.2,806.2,806.2,806.2,12
RADHI,1min,1775546616,2026-04-07 13:08,2026-04-07,806.2,810,806.2,810,10
RADHI,1min,1775546741,2026-04-07 13:10,2026-04-07,810,810,808,808,100
RADHI,1min,1775547122,2026-04-07 13:17,2026-04-07,808,810,808,810,50
RADHI,1min,1775547182,2026-04-07 13:18,2026-04-07,810,810,808,808,100
RADHI,1min,1775547256,2026-04-07 13:19,2026-04-07,808,808,807,807,200
RADHI,1min,1775547380,2026-04-07 13:21,2026-04-07,807,807,807,807,300
RADHI,1min,1775547450,2026-04-07 13:22,2026-04-07,807,807,806,806,1354
RADHI,1min,1775547590,2026-04-07 13:24,2026-04-07,806,806,806,806,336
RADHI,1min,1775548186,2026-04-07 13:34,2026-04-07,806,808,806,808,12
RADHI,1min,1775548539,2026-04-07 13:40,2026-04-07,808,814,808,814,288
RADHI,1min,1775549032,2026-04-07 13:48,2026-04-07,814,814,812,812,100
RADHI,1min,1775549331,2026-04-07 13:53,2026-04-07,812,814,812,814,13
RADHI,1min,1775549377,2026-04-07 13:54,2026-04-07,814,814,810,810,1200
RADHI,1min,1775549414,2026-04-07 13:55,2026-04-07,810,810,810,810,500
RADHI,1min,1775549495,2026-04-07 13:56,2026-04-07,810,810,810,810,523
RADHI,1min,1775549695,2026-04-07 13:59,2026-04-07,810,810,810,810,42
RADHI,1min,1775549717,2026-04-07 14:00,2026-04-07,810,810,808,808,0
RADHI,1min,1775549764,2026-04-07 14:01,2026-04-07,808,813.5,808,813.5,516
RADHI,1min,1775549924,2026-04-07 14:03,2026-04-07,813.5,813.5,810,810,80
RADHI,1min,1775550097,2026-04-07 14:06,2026-04-07,810,810,810,810,134
RADHI,1min,1775550163,2026-04-07 14:07,2026-04-07,810,810,807,807,2000
RADHI,1min,1775550203,2026-04-07 14:08,2026-04-07,807,809,807,809,247
RADHI,1min,1775550250,2026-04-07 14:09,2026-04-07,809,809,807,807,200
RADHI,1min,1775550336,2026-04-07 14:10,2026-04-07,807,807,806,806,1000
RADHI,1min,1775550506,2026-04-07 14:13,2026-04-07,806,806,806,806,600
RADHI,1min,1775550562,2026-04-07 14:14,2026-04-07,806,806,806,806,1000
RADHI,1min,1775550699,2026-04-07 14:16,2026-04-07,806,806,806,806,50
RADHI,1min,1775550854,2026-04-07 14:19,2026-04-07,806,806,806,806,70
RADHI,1min,1775550988,2026-04-07 14:21,2026-04-07,806,806,803.1,803.1,5600
RADHI,1min,1775551401,2026-04-07 14:28,2026-04-07,803.1,804.1,803.1,804.1,60
RADHI,1min,1775551652,2026-04-07 14:32,2026-04-07,804.1,804.1,803,803,474
RADHI,1min,1775551691,2026-04-07 14:33,2026-04-07,803,803,802.5,802.5,1000
RADHI,1min,1775552066,2026-04-07 14:39,2026-04-07,802.5,806.9,802.5,806.9,194
RADHI,1min,1775552144,2026-04-07 14:40,2026-04-07,806.9,806.9,803.1,803.1,1200
RADHI,1min,1775552171,2026-04-07 14:41,2026-04-07,803.1,803.1,803.1,803.1,100
RADHI,1min,1775552237,2026-04-07 14:42,2026-04-07,803.1,803.1,803.1,803.1,50
RADHI,1min,1775552365,2026-04-07 14:44,2026-04-07,803.1,803.1,802,802,2391
RADHI,1min,1775552405,2026-04-07 14:45,2026-04-07,802,802,802,802,750
RADHI,1min,1775552518,2026-04-07 14:46,2026-04-07,802,802.1,801,801,3128
RADHI,1min,1775552557,2026-04-07 14:47,2026-04-07,801,801,801,801,800
RADHI,1min,1775552623,2026-04-07 14:48,2026-04-07,801,801,801,801,3580
RADHI,1min,1775552714,2026-04-07 14:50,2026-04-07,801,801,801,801,105
RADHI,1min,1775552792,2026-04-07 14:51,2026-04-07,801,801,800.5,801,1427
RADHI,1min,1775552999,2026-04-07 14:54,2026-04-07,801,802.9,801,802.9,1200
RADHI,1min,1775553027,2026-04-07 14:55,2026-04-07,802.9,803,801.2,801.2,4289
RADHI,1min,1775553105,2026-04-07 14:56,2026-04-07,801.2,805,801.2,805,1031
RADHI,1min,1775553177,2026-04-07 14:57,2026-04-07,805,805,802.1,805,572
RADHI,1min,1775553239,2026-04-07 14:58,2026-04-07,805,805,803,803,500
RADHI,1min,1775553299,2026-04-07 14:59,2026-04-07,803,809,802.2,809,2116
RADHI,1min,1775625342,2026-04-08 11:00,2026-04-08,815,815,815,815,3000
RADHI,1min,1775625404,2026-04-08 11:01,2026-04-08,815,819,815,819,500
RADHI,1min,1775625515,2026-04-08 11:03,2026-04-08,819,819,815,815,200
RADHI,1min,1775625777,2026-04-08 11:07,2026-04-08,815,815,812,812,1000
RADHI,1min,1775625834,2026-04-08 11:08,2026-04-08,812,812,809,809,2300
RADHI,1min,1775625940,2026-04-08 11:10,2026-04-08,809,809,809,809,1000
RADHI,1min,1775626158,2026-04-08 11:14,2026-04-08,809,810,809,810,100
RADHI,1min,1775626312,2026-04-08 11:16,2026-04-08,810,813.8,810,813.8,100
RADHI,1min,1775626374,2026-04-08 11:17,2026-04-08,813.8,813.8,813.8,813.8,0
RADHI,1min,1775626429,2026-04-08 11:18,2026-04-08,813.8,813.9,813.8,813.9,515
RADHI,1min,1775626479,2026-04-08 11:19,2026-04-08,813.9,815,812,815,3939
RADHI,1min,1775626500,2026-04-08 11:20,2026-04-08,815,818,815,818,500
RADHI,1min,1775627199,2026-04-08 11:31,2026-04-08,818,819.8,818,819.8,1000
RADHI,1min,1775627224,2026-04-08 11:32,2026-04-08,819.8,819.8,819.8,819.8,300
RADHI,1min,1775627308,2026-04-08 11:33,2026-04-08,819.8,819.8,819,819,5000
RADHI,1min,1775627406,2026-04-08 11:35,2026-04-08,819,819,819,819,67
RADHI,1min,1775627491,2026-04-08 11:36,2026-04-08,819,819,815,815,34
RADHI,1min,1775627788,2026-04-08 11:41,2026-04-08,815,815,814,814,520
RADHI,1min,1775627875,2026-04-08 11:42,2026-04-08,814,814,811,811,6000
RADHI,1min,1775627902,2026-04-08 11:43,2026-04-08,811,811,808,808,1548
RADHI,1min,1775628583,2026-04-08 11:54,2026-04-08,808,810,808,810,50
RADHI,1min,1775628608,2026-04-08 11:55,2026-04-08,810,814.9,810,814.9,50
RADHI,1min,1775629168,2026-04-08 12:04,2026-04-08,814.9,814.9,812,812,100
RADHI,1min,1775629613,2026-04-08 12:11,2026-04-08,812,812,810,810,0
RADHI,1min,1775629767,2026-04-08 12:14,2026-04-08,810,815,810,815,2200
RADHI,1min,1775629872,2026-04-08 12:16,2026-04-08,815,815,815,815,110
RADHI,1min,1775629961,2026-04-08 12:17,2026-04-08,815,815,813,813,10
RADHI,1min,1775630276,2026-04-08 12:22,2026-04-08,813,815,813,815,265
RADHI,1min,1775630403,2026-04-08 12:25,2026-04-08,815,815,813,813,490
RADHI,1min,1775630502,2026-04-08 12:26,2026-04-08,813,813,812,812,81
RADHI,1min,1775630645,2026-04-08 12:29,2026-04-08,812,813,812,813,500
RADHI,1min,1775630938,2026-04-08 12:33,2026-04-08,813,813,812,812,1674
RADHI,1min,1775631059,2026-04-08 12:35,2026-04-08,812,812,812,812,126
RADHI,1min,1775631609,2026-04-08 12:45,2026-04-08,812,815,812,815,100
RADHI,1min,1775631760,2026-04-08 12:47,2026-04-08,815,820,812.5,820,3800
RADHI,1min,1775631994,2026-04-08 12:51,2026-04-08,820,820,820,820,4790
RADHI,1min,1775632022,2026-04-08 12:52,2026-04-08,820,820,820,820,210
RADHI,1min,1775632102,2026-04-08 12:53,2026-04-08,820,820,819,819,50
RADHI,1min,1775632378,2026-04-08 12:57,2026-04-08,819,819,814.2,814.2,500
RADHI,1min,1775632389,2026-04-08 12:58,2026-04-08,814.2,821,814.2,821,3000
RADHI,1min,1775632444,2026-04-08 12:59,2026-04-08,821,821,817,817,15
RADHI,1min,1775632618,2026-04-08 13:01,2026-04-08,817,823,817,818,5100
RADHI,1min,1775632622,2026-04-08 13:02,2026-04-08,818,823,818,823,1133
RADHI,1min,1775632959,2026-04-08 13:07,2026-04-08,823,823,820,820,2000
RADHI,1min,1775633030,2026-04-08 13:08,2026-04-08,820,820,819,819,900
RADHI,1min,1775633061,2026-04-08 13:09,2026-04-08,819,819,817,817,2268
RADHI,1min,1775633114,2026-04-08 13:10,2026-04-08,817,820,817,820,1600
RADHI,1min,1775633266,2026-04-08 13:12,2026-04-08,820,820,817,817,84
RADHI,1min,1775633339,2026-04-08 13:13,2026-04-08,817,817,817,817,323
RADHI,1min,1775633373,2026-04-08 13:14,2026-04-08,817,817,816.9,816.9,597
RADHI,1min,1775633429,2026-04-08 13:15,2026-04-08,816.9,817,816,816,200
RADHI,1min,1775633802,2026-04-08 13:21,2026-04-08,816,817,816,817,0
RADHI,1min,1775633854,2026-04-08 13:22,2026-04-08,817,817,815,815,2807
RADHI,1min,1775633993,2026-04-08 13:24,2026-04-08,815,815,815,815,1025
RADHI,1min,1775634004,2026-04-08 13:25,2026-04-08,815,815,815,815,185
RADHI,1min,1775634402,2026-04-08 13:31,2026-04-08,815,817,815,817,118
RADHI,1min,1775634700,2026-04-08 13:36,2026-04-08,817,817,814.2,814.2,1900
RADHI,1min,1775634757,2026-04-08 13:37,2026-04-08,814.2,815,814.2,815,600
RADHI,1min,1775634783,2026-04-08 13:38,2026-04-08,815,815,815,815,500
RADHI,1min,1775634894,2026-04-08 13:39,2026-04-08,815,815,815,815,40
RADHI,1min,1775634940,2026-04-08 13:40,2026-04-08,815,818,815,818,100
RADHI,1min,1775635105,2026-04-08 13:43,2026-04-08,818,818,817.9,817.9,500
RADHI,1min,1775635144,2026-04-08 13:44,2026-04-08,817.9,817.9,814.2,814.2,2010
RADHI,1min,1775635304,2026-04-08 13:46,2026-04-08,814.2,815,814.2,815,910
RADHI,1min,1775635338,2026-04-08 13:47,2026-04-08,815,817.9,815,817.9,240
RADHI,1min,1775635541,2026-04-08 13:50,2026-04-08,817.9,817.9,816.4,816.4,50
RADHI,1min,1775635610,2026-04-08 13:51,2026-04-08,816.4,816.4,815,815,90
RADHI,1min,1775635664,2026-04-08 13:52,2026-04-08,815,815,814.2,814.2,1300
RADHI,1min,1775635732,2026-04-08 13:53,2026-04-08,814.2,814.2,814,814,7350
RADHI,1min,1775635793,2026-04-08 13:54,2026-04-08,814,814,814,814,720
RADHI,1min,1775635835,2026-04-08 13:55,2026-04-08,814,814,813,813,607
RADHI,1min,1775635902,2026-04-08 13:56,2026-04-08,813,816,813,816,1000
RADHI,1min,1775635972,2026-04-08 13:57,2026-04-08,816,816,813,813,1653
RADHI,1min,1775635986,2026-04-08 13:58,2026-04-08,813,813,813,813,0
RADHI,1min,1775636062,2026-04-08 13:59,2026-04-08,813,813,812.5,812.5,6000
RADHI,1min,1775636267,2026-04-08 14:02,2026-04-08,812.5,815,812.5,815,46
RADHI,1min,1775636392,2026-04-08 14:04,2026-04-08,815,815,814.9,814.9,400
RADHI,1min,1775636457,2026-04-08 14:05,2026-04-08,814.9,815.8,814.9,815.8,1484
RADHI,1min,1775636469,2026-04-08 14:06,2026-04-08,815.8,815.8,815.8,815.8,27
RADHI,1min,1775636670,2026-04-08 14:09,2026-04-08,815.8,815.8,815,815,111
RADHI,1min,1775637048,2026-04-08 14:15,2026-04-08,815,815,815,815,100
RADHI,1min,1775637211,2026-04-08 14:18,2026-04-08,815,815,814,814,0
RADHI,1min,1775637291,2026-04-08 14:19,2026-04-08,814,814,813.2,813.2,2079
RADHI,1min,1775637351,2026-04-08 14:20,2026-04-08,813.2,813.2,813.2,813.2,0
RADHI,1min,1775637569,2026-04-08 14:24,2026-04-08,813.2,813.2,813.2,813.2,1679
RADHI,1min,1775637644,2026-04-08 14:25,2026-04-08,813.2,813.5,813.2,813.2,2400
RADHI,1min,1775638319,2026-04-08 14:36,2026-04-08,813.2,815,813.2,815,50
RADHI,1min,1775638355,2026-04-08 14:37,2026-04-08,815,815,814,814,30
RADHI,1min,1775638495,2026-04-08 14:39,2026-04-08,814,815,814,815,1200
RADHI,1min,1775638598,2026-04-08 14:41,2026-04-08,815,819,814.2,819,3157
RADHI,1min,1775638625,2026-04-08 14:42,2026-04-08,819,820,819,820,12000
RADHI,1min,1775638708,2026-04-08 14:43,2026-04-08,820,820,819,819,28
RADHI,1min,1775638740,2026-04-08 14:44,2026-04-08,819,819,819,819,60
RADHI,1min,1775638831,2026-04-08 14:45,2026-04-08,819,819,817,817,1000
RADHI,1min,1775638915,2026-04-08 14:46,2026-04-08,817,819,817,819,125
RADHI,1min,1775638951,2026-04-08 14:47,2026-04-08,819,819,819,819,107
RADHI,1min,1775639030,2026-04-08 14:48,2026-04-08,819,821.9,819,821.9,2520
RADHI,1min,1775639085,2026-04-08 14:49,2026-04-08,821.9,822,820,820,1310
RADHI,1min,1775639158,2026-04-08 14:50,2026-04-08,820,820,820,820,700
RADHI,1min,1775639185,2026-04-08 14:51,2026-04-08,820,820,820,820,5000
RADHI,1min,1775639318,2026-04-08 14:53,2026-04-08,820,820,819.9,819.9,50
RADHI,1min,1775639388,2026-04-08 14:54,2026-04-08,819.9,819.9,816,816,3721
RADHI,1min,1775639447,2026-04-08 14:55,2026-04-08,816,819.9,816,819.9,2279
RADHI,1min,1775639491,2026-04-08 14:56,2026-04-08,819.9,820,819.9,820,1000
RADHI,1min,1775639564,2026-04-08 14:57,2026-04-08,820,820,818,818,500
RADHI,1min,1775639632,2026-04-08 14:58,2026-04-08,818,821,818,820,1315
RADHI,1min,1775639699,2026-04-08 14:59,2026-04-08,820,825,820,825,7262
RADHI,1min,1775712103,2026-04-09 11:06,2026-04-09,825,825,825,825,100
RADHI,1min,1775712199,2026-04-09 11:08,2026-04-09,825,825,817.1,817.1,5651
RADHI,1min,1775712262,2026-04-09 11:09,2026-04-09,817.1,819,817.1,817.1,1200
RADHI,1min,1775712303,2026-04-09 11:10,2026-04-09,817.1,817.2,817.1,817.2,1000
RADHI,1min,1775713014,2026-04-09 11:21,2026-04-09,817.2,826,817.2,826,100
RADHI,1min,1775713106,2026-04-09 11:23,2026-04-09,826,826,826,826,600
RADHI,1min,1775713365,2026-04-09 11:27,2026-04-09,826,826,820,820,600
RADHI,1min,1775713399,2026-04-09 11:28,2026-04-09,820,820,820,820,300
RADHI,1min,1775713572,2026-04-09 11:31,2026-04-09,820,824,820,824,0
RADHI,1min,1775713978,2026-04-09 11:37,2026-04-09,824,829.9,824,829.9,1070
RADHI,1min,1775714029,2026-04-09 11:38,2026-04-09,829.9,829.9,829.9,829.9,20
RADHI,1min,1775714045,2026-04-09 11:39,2026-04-09,829.9,829.9,829.8,829.8,30
RADHI,1min,1775714189,2026-04-09 11:41,2026-04-09,829.8,830,829.8,830,7681
RADHI,1min,1775714245,2026-04-09 11:42,2026-04-09,830,835,830,835,5000
RADHI,1min,1775714392,2026-04-09 11:44,2026-04-09,835,838.9,835,838.9,500
RADHI,1min,1775714693,2026-04-09 11:49,2026-04-09,838.9,838.9,835,838.8,514
RADHI,1min,1775714819,2026-04-09 11:51,2026-04-09,838.8,838.9,838.8,838.9,580
RADHI,1min,1775714844,2026-04-09 11:52,2026-04-09,838.9,839,838.9,839,500
RADHI,1min,1775714909,2026-04-09 11:53,2026-04-09,839,839,839,839,0
RADHI,1min,1775714972,2026-04-09 11:54,2026-04-09,839,839,838,838,1790
RADHI,1min,1775715050,2026-04-09 11:55,2026-04-09,838,838,837,837,705
RADHI,1min,1775715108,2026-04-09 11:56,2026-04-09,837,837,836.2,836.2,2590
RADHI,1min,1775715162,2026-04-09 11:57,2026-04-09,836.2,836.2,833.3,833.3,500
RADHI,1min,1775715298,2026-04-09 11:59,2026-04-09,833.3,833.3,831.2,831.2,500
RADHI,1min,1775715323,2026-04-09 12:00,2026-04-09,831.2,831.2,831,831,700
RADHI,1min,1775715392,2026-04-09 12:01,2026-04-09,831,831,831,831,310
RADHI,1min,1775715472,2026-04-09 12:02,2026-04-09,831,832,831,832,1510
RADHI,1min,1775715518,2026-04-09 12:03,2026-04-09,832,832,832,832,400
RADHI,1min,1775715725,2026-04-09 12:07,2026-04-09,832,832,831,831,90
RADHI,1min,1775715789,2026-04-09 12:08,2026-04-09,831,831,827.2,827.2,1000
RADHI,1min,1775716279,2026-04-09 12:16,2026-04-09,827.2,829,827.2,829,13
RADHI,1min,1775716563,2026-04-09 12:21,2026-04-09,829,830.1,829,830.1,100
RADHI,1min,1775716750,2026-04-09 12:24,2026-04-09,830.1,835,830.1,835,10
RADHI,1min,1775716972,2026-04-09 12:27,2026-04-09,835,835,835,835,500
RADHI,1min,1775717007,2026-04-09 12:28,2026-04-09,835,836.1,835,836.1,840
RADHI,1min,1775717083,2026-04-09 12:29,2026-04-09,836.1,839,836.1,839,3493
RADHI,1min,1775717126,2026-04-09 12:30,2026-04-09,839,840,839,839,1290
RADHI,1min,1775717569,2026-04-09 12:37,2026-04-09,839,839,833.1,833.1,293
RADHI,1min,1775717912,2026-04-09 12:43,2026-04-09,833.1,834,833.1,834,600
RADHI,1min,1775717973,2026-04-09 12:44,2026-04-09,834,838,834,838,2500
RADHI,1min,1775718179,2026-04-09 12:47,2026-04-09,838,838,837.9,837.9,100
RADHI,1min,1775718222,2026-04-09 12:48,2026-04-09,837.9,838,837.9,838,500
RADHI,1min,1775718575,2026-04-09 12:54,2026-04-09,838,838,835,835,1400
RADHI,1min,1775718603,2026-04-09 12:55,2026-04-09,835,835,835,835,200
RADHI,1min,1775718883,2026-04-09 12:59,2026-04-09,835,838,835,838,1360
RADHI,1min,1775719099,2026-04-09 13:03,2026-04-09,838,840,838,840,0
RADHI,1min,1775719167,2026-04-09 13:04,2026-04-09,840,840,840,840,6415
RADHI,1min,1775719230,2026-04-09 13:05,2026-04-09,840,840,840,840,75
RADHI,1min,1775719349,2026-04-09 13:07,2026-04-09,840,840,840,840,10
RADHI,1min,1775719474,2026-04-09 13:09,2026-04-09,840,840.8,840,840.8,500
RADHI,1min,1775719527,2026-04-09 13:10,2026-04-09,840.8,840.8,840.8,840.8,2319
RADHI,1min,1775719572,2026-04-09 13:11,2026-04-09,840.8,840.8,840.8,840.8,500
RADHI,1min,1775719666,2026-04-09 13:12,2026-04-09,840.8,840.8,840,840,1000
RADHI,1min,1775719736,2026-04-09 13:13,2026-04-09,840,840,838,838,2280
RADHI,1min,1775719776,2026-04-09 13:14,2026-04-09,838,838.1,838,838.1,900
RADHI,1min,1775719853,2026-04-09 13:15,2026-04-09,838.1,840,838.1,840,1200
RADHI,1min,1775719910,2026-04-09 13:16,2026-04-09,840,840.7,840,840.7,860
RADHI,1min,1775719934,2026-04-09 13:17,2026-04-09,840.7,840.7,840,840,0
RADHI,1min,1775720027,2026-04-09 13:18,2026-04-09,840,840,839,840,2873
RADHI,1min,1775720044,2026-04-09 13:19,2026-04-09,840,840,839,839,1000
RADHI,1min,1775720264,2026-04-09 13:22,2026-04-09,839,840,838,838,970
RADHI,1min,1775720399,2026-04-09 13:24,2026-04-09,838,838,835.2,835.2,2000
RADHI,1min,1775720515,2026-04-09 13:26,2026-04-09,835.2,835.3,835.2,835.3,330
RADHI,1min,1775720558,2026-04-09 13:27,2026-04-09,835.3,835.3,835.3,835.3,900
RADHI,1min,1775720646,2026-04-09 13:29,2026-04-09,835.3,836,835.3,836,90
RADHI,1min,1775720717,2026-04-09 13:30,2026-04-09,836,836,835,835,5000
RADHI,1min,1775720876,2026-04-09 13:32,2026-04-09,835,835,834.1,834.1,400
RADHI,1min,1775721031,2026-04-09 13:35,2026-04-09,834.1,834.1,834.1,834.1,500
RADHI,1min,1775721157,2026-04-09 13:37,2026-04-09,834.1,838,834.1,838,300
RADHI,1min,1775721219,2026-04-09 13:38,2026-04-09,838,838,838,838,0
RADHI,1min,1775721275,2026-04-09 13:39,2026-04-09,838,838,835,835,239
RADHI,1min,1775721643,2026-04-09 13:45,2026-04-09,835,835,834,834,1738
RADHI,1min,1775721681,2026-04-09 13:46,2026-04-09,834,834,833.5,833.5,500
RADHI,1min,1775721798,2026-04-09 13:48,2026-04-09,833.5,835,833.5,835,50
RADHI,1min,1775721922,2026-04-09 13:50,2026-04-09,835,835,833.5,833.5,139
RADHI,1min,1775721994,2026-04-09 13:51,2026-04-09,833.5,835,833.5,835,394
RADHI,1min,1775722077,2026-04-09 13:52,2026-04-09,835,836.5,833.2,836.5,4000
RADHI,1min,1775722472,2026-04-09 13:59,2026-04-09,836.5,836.5,835,835,1645
RADHI,1min,1775722508,2026-04-09 14:00,2026-04-09,835,836.4,835,836.4,600
RADHI,1min,1775722659,2026-04-09 14:02,2026-04-09,836.4,836.4,836.4,836.4,120
RADHI,1min,1775722778,2026-04-09 14:04,2026-04-09,836.4,836.4,833.2,833.2,0
RADHI,1min,1775722963,2026-04-09 14:07,2026-04-09,833.2,834,833.2,834,3050
RADHI,1min,1775723399,2026-04-09 14:14,2026-04-09,834,836,834,836,100
RADHI,1min,1775723571,2026-04-09 14:17,2026-04-09,836,836,836,836,100
RADHI,1min,1775723599,2026-04-09 14:18,2026-04-09,836,836,836,836,300
RADHI,1min,1775723696,2026-04-09 14:19,2026-04-09,836,836,835.5,835.5,1827
RADHI,1min,1775723719,2026-04-09 14:20,2026-04-09,835.5,835.5,835.5,835.5,600
RADHI,1min,1775723888,2026-04-09 14:23,2026-04-09,835.5,836.4,835.5,836.4,10
RADHI,1min,1775724155,2026-04-09 14:27,2026-04-09,836.4,836.4,836,836,1185
RADHI,1min,1775724228,2026-04-09 14:28,2026-04-09,836,842,835.5,842,4011
RADHI,1min,1775724300,2026-04-09 14:30,2026-04-09,842,842,842,842,10
RADHI,1min,1775724505,2026-04-09 14:33,2026-04-09,842,842,840.9,840.9,1000
RADHI,1min,1775724774,2026-04-09 14:37,2026-04-09,840.9,840.9,839.5,839.5,15
RADHI,1min,1775724784,2026-04-09 14:38,2026-04-09,839.5,840,839.5,840,1000
RADHI,1min,1775724924,2026-04-09 14:40,2026-04-09,840,840,830,830,14373
RADHI,1min,1775725073,2026-04-09 14:42,2026-04-09,830,835,830,835,500
RADHI,1min,1775725100,2026-04-09 14:43,2026-04-09,835,835,835,835,227
RADHI,1min,1775725248,2026-04-09 14:45,2026-04-09,835,840,835,840,240
RADHI,1min,1775725304,2026-04-09 14:46,2026-04-09,840,840,840,840,1400
RADHI,1min,1775725380,2026-04-09 14:48,2026-04-09,840,840,840,840,500
RADHI,1min,1775725551,2026-04-09 14:50,2026-04-09,840,840,839,839,50
RADHI,1min,1775725602,2026-04-09 14:51,2026-04-09,839,840,839,840,1010
RADHI,1min,1775725738,2026-04-09 14:53,2026-04-09,840,840,840,840,310
RADHI,1min,1775725757,2026-04-09 14:54,2026-04-09,840,840,835.5,835.5,1000
RADHI,1min,1775725856,2026-04-09 14:55,2026-04-09,835.5,835.5,835,835,1000
RADHI,1min,1775725908,2026-04-09 14:56,2026-04-09,835,835,835,835,10
RADHI,1min,1775725976,2026-04-09 14:57,2026-04-09,835,835.3,835,835.3,350
RADHI,1min,1775726037,2026-04-09 14:58,2026-04-09,835.3,835.5,835,835.5,1930
RADHI,1min,1775726099,2026-04-09 14:59,2026-04-09,835.5,840,834,840,7404
RADHI,1min,1775798100,2026-04-10 11:00,2026-04-10,845,845,845,845,50
RADHI,1min,1775798561,2026-04-10 11:07,2026-04-10,845,845,832,832,1900
RADHI,1min,1775798666,2026-04-10 11:09,2026-04-10,832,832,830,830,300
RADHI,1min,1775798735,2026-04-10 11:10,2026-04-10,830,834,830,834,50
RADHI,1min,1775798797,2026-04-10 11:11,2026-04-10,834,834,834,834,450
RADHI,1min,1775799037,2026-04-10 11:15,2026-04-10,834,837,834,837,150
RADHI,1min,1775799111,2026-04-10 11:16,2026-04-10,837,837,835,835,650
RADHI,1min,1775799153,2026-04-10 11:17,2026-04-10,835,835,835,835,200
RADHI,1min,1775799202,2026-04-10 11:18,2026-04-10,835,835,834.6,834.6,150
RADHI,1min,1775799290,2026-04-10 11:19,2026-04-10,834.6,835,834.6,835,1380
RADHI,1min,1775799358,2026-04-10 11:20,2026-04-10,835,835,835,835,1010
RADHI,1min,1775799417,2026-04-10 11:21,2026-04-10,835,835,829,829,5350
RADHI,1min,1775799472,2026-04-10 11:22,2026-04-10,829,829.1,829,829,1290
RADHI,1min,1775799530,2026-04-10 11:23,2026-04-10,829,829.1,829,829.1,300
RADHI,1min,1775799595,2026-04-10 11:24,2026-04-10,829.1,829.1,829.1,829.1,1200
RADHI,1min,1775799627,2026-04-10 11:25,2026-04-10,829.1,829.1,825.4,825.4,50
RADHI,1min,1775799811,2026-04-10 11:28,2026-04-10,825.4,826.2,825.4,826.2,100
RADHI,1min,1775799871,2026-04-10 11:29,2026-04-10,826.2,833,826.2,833,50
RADHI,1min,1775800076,2026-04-10 11:32,2026-04-10,833,833,833,833,140
RADHI,1min,1775800131,2026-04-10 11:33,2026-04-10,833,835,833,835,2500
RADHI,1min,1775800183,2026-04-10 11:34,2026-04-10,835,840,835,840,4000
RADHI,1min,1775800360,2026-04-10 11:37,2026-04-10,840,840,832,832,2500
RADHI,1min,1775800427,2026-04-10 11:38,2026-04-10,832,835,831,835,2700
RADHI,1min,1775800506,2026-04-10 11:40,2026-04-10,835,835,835,835,3000
RADHI,1min,1775800709,2026-04-10 11:43,2026-04-10,835,835,832,832,150
RADHI,1min,1775800978,2026-04-10 11:47,2026-04-10,832,835,832,835,276
RADHI,1min,1775801097,2026-04-10 11:49,2026-04-10,835,837,835,837,2050
RADHI,1min,1775801274,2026-04-10 11:52,2026-04-10,837,838,837,838,453
RADHI,1min,1775801411,2026-04-10 11:55,2026-04-10,838,838,832,838,1117
RADHI,1min,1775801527,2026-04-10 11:57,2026-04-10,838,838.9,838,838.9,10
RADHI,1min,1775801584,2026-04-10 11:58,2026-04-10,838.9,838.9,832,832,1000
RADHI,1min,1775802206,2026-04-10 12:08,2026-04-10,832,832,830,830,5300
RADHI,1min,1775802258,2026-04-10 12:09,2026-04-10,830,830,826,826,7969
RADHI,1min,1775802335,2026-04-10 12:10,2026-04-10,826,826,825.6,825.6,0
RADHI,1min,1775802441,2026-04-10 12:12,2026-04-10,825.6,825.7,825.6,825.7,470
RADHI,1min,1775802569,2026-04-10 12:14,2026-04-10,825.7,825.7,825.7,825.7,1000
RADHI,1min,1775802637,2026-04-10 12:15,2026-04-10,825.7,825.7,825.7,825.7,295
RADHI,1min,1775802779,2026-04-10 12:17,2026-04-10,825.7,825.7,825.4,825.4,2519
RADHI,1min,1775802800,2026-04-10 12:18,2026-04-10,825.4,825.7,825.4,825.7,100
RADHI,1min,1775802896,2026-04-10 12:19,2026-04-10,825.7,825.7,825.4,825.4,417
RADHI,1min,1775802938,2026-04-10 12:20,2026-04-10,825.4,825.7,824,824,2846
RADHI,1min,1775803006,2026-04-10 12:21,2026-04-10,824,825,824,825,566
RADHI,1min,1775803023,2026-04-10 12:22,2026-04-10,825,825,825,825,0
RADHI,1min,1775803083,2026-04-10 12:23,2026-04-10,825,825.1,825,825.1,100
RADHI,1min,1775803246,2026-04-10 12:25,2026-04-10,825.1,825.1,825,825,784
RADHI,1min,1775803292,2026-04-10 12:26,2026-04-10,825,825,824,824,600
RADHI,1min,1775803321,2026-04-10 12:27,2026-04-10,824,824,823,823,500
RADHI,1min,1775803487,2026-04-10 12:29,2026-04-10,823,828,820.1,820.1,4900
RADHI,1min,1775803994,2026-04-10 12:38,2026-04-10,820.1,824,820.1,824,1210
RADHI,1min,1775804070,2026-04-10 12:39,2026-04-10,824,824,823.4,823.4,250
RADHI,1min,1775804139,2026-04-10 12:40,2026-04-10,823.4,823.4,822.1,822.1,266
RADHI,1min,1775804176,2026-04-10 12:41,2026-04-10,822.1,822.2,822.1,822.2,200
RADHI,1min,1775804398,2026-04-10 12:44,2026-04-10,822.2,822.2,822.1,822.1,3591
RADHI,1min,1775804449,2026-04-10 12:45,2026-04-10,822.1,823,822.1,823,0
RADHI,1min,1775804603,2026-04-10 12:48,2026-04-10,823,823,823,823,417
RADHI,1min,1775804801,2026-04-10 12:51,2026-04-10,823,827,823,827,0
RADHI,1min,1775805238,2026-04-10 12:58,2026-04-10,827,827,826.9,827,6630
RADHI,1min,1775805383,2026-04-10 13:01,2026-04-10,827,827,827,827,0
RADHI,1min,1775805452,2026-04-10 13:02,2026-04-10,827,827,827,827,170
RADHI,1min,1775805592,2026-04-10 13:04,2026-04-10,827,827,827,827,330
RADHI,1min,1775806110,2026-04-10 13:13,2026-04-10,827,828,827,828,526
RADHI,1min,1775806195,2026-04-10 13:14,2026-04-10,828,828,824,824,1047
RADHI,1min,1775806231,2026-04-10 13:15,2026-04-10,824,824.2,824,824.2,10
RADHI,1min,1775806360,2026-04-10 13:17,2026-04-10,824.2,824.4,824.2,824.4,42
RADHI,1min,1775806589,2026-04-10 13:21,2026-04-10,824.4,832,824.4,832,150
RADHI,1min,1775806667,2026-04-10 13:22,2026-04-10,832,832,832,832,700
RADHI,1min,1775806829,2026-04-10 13:25,2026-04-10,832,832,832,832,500
RADHI,1min,1775807212,2026-04-10 13:31,2026-04-10,832,832,830,830,70
RADHI,1min,1775807353,2026-04-10 13:34,2026-04-10,830,831.9,830,831.9,100
RADHI,1min,1775807437,2026-04-10 13:35,2026-04-10,831.9,831.9,830,830,200
RADHI,1min,1775807535,2026-04-10 13:37,2026-04-10,830,831.9,830,831.9,100
RADHI,1min,1775807606,2026-04-10 13:38,2026-04-10,831.9,831.9,828.2,828.2,336
RADHI,1min,1775807688,2026-04-10 13:39,2026-04-10,828.2,832,828.2,832,769
RADHI,1min,1775807723,2026-04-10 13:40,2026-04-10,832,832.9,832,832.9,620
RADHI,1min,1775807930,2026-04-10 13:43,2026-04-10,832.9,835,832.9,835,3580
RADHI,1min,1775807952,2026-04-10 13:44,2026-04-10,835,836,835,836,0
RADHI,1min,1775808014,2026-04-10 13:45,2026-04-10,836,836,835,835,250
RADHI,1min,1775808094,2026-04-10 13:46,2026-04-10,835,835,835,835,2481
RADHI,1min,1775808219,2026-04-10 13:48,2026-04-10,835,838,835,836,1000
RADHI,1min,1775808259,2026-04-10 13:49,2026-04-10,836,837,836,837,1500
RADHI,1min,1775808435,2026-04-10 13:52,2026-04-10,837,837,837,837,0
RADHI,1min,1775808520,2026-04-10 13:53,2026-04-10,837,837,834,834,3300
RADHI,1min,1775808590,2026-04-10 13:54,2026-04-10,834,839,834,839,10500
RADHI,1min,1775808707,2026-04-10 13:56,2026-04-10,839,839,833.1,833.1,300
RADHI,1min,1775808773,2026-04-10 13:57,2026-04-10,833.1,833.1,825,825,2500
RADHI,1min,1775808812,2026-04-10 13:58,2026-04-10,825,825,825,825,1500
RADHI,1min,1775809006,2026-04-10 14:01,2026-04-10,825,825,825,825,2524
RADHI,1min,1775809023,2026-04-10 14:02,2026-04-10,825,825,825,825,76
RADHI,1min,1775809184,2026-04-10 14:04,2026-04-10,825,825.8,825,825.8,38
RADHI,1min,1775809431,2026-04-10 14:08,2026-04-10,825.8,829.9,825.8,829.9,350
RADHI,1min,1775809445,2026-04-10 14:09,2026-04-10,829.9,830,829.9,830,300
RADHI,1min,1775809585,2026-04-10 14:11,2026-04-10,830,830,830,830,1490
RADHI,1min,1775809859,2026-04-10 14:15,2026-04-10,830,830,830,830,30
RADHI,1min,1775809869,2026-04-10 14:16,2026-04-10,830,832,830,832,50
RADHI,1min,1775809972,2026-04-10 14:17,2026-04-10,832,832,830,830,50
RADHI,1min,1775810017,2026-04-10 14:18,2026-04-10,830,832,830,832,1087
RADHI,1min,1775810068,2026-04-10 14:19,2026-04-10,832,836,832,836,1100
RADHI,1min,1775810188,2026-04-10 14:21,2026-04-10,836,836,830,830,2200
RADHI,1min,1775810514,2026-04-10 14:26,2026-04-10,830,830,827.5,827.5,1176
RADHI,1min,1775810691,2026-04-10 14:29,2026-04-10,827.5,827.5,826.3,826.3,3000
RADHI,1min,1775810745,2026-04-10 14:30,2026-04-10,826.3,826.3,826,826,5207
RADHI,1min,1775810799,2026-04-10 14:31,2026-04-10,826,826,825.4,825.4,1510
RADHI,1min,1775810878,2026-04-10 14:32,2026-04-10,825.4,826,825.4,826,181
RADHI,1min,1775810989,2026-04-10 14:34,2026-04-10,826,827.9,826,827.9,650
RADHI,1min,1775811219,2026-04-10 14:38,2026-04-10,827.9,827.9,826.2,827.9,611
RADHI,1min,1775811292,2026-04-10 14:39,2026-04-10,827.9,827.9,826.1,826.1,200
RADHI,1min,1775811383,2026-04-10 14:41,2026-04-10,826.1,827,826.1,827,200
RADHI,1min,1775811432,2026-04-10 14:42,2026-04-10,827,827,826.1,826.1,0
RADHI,1min,1775811537,2026-04-10 14:43,2026-04-10,826.1,826.1,826,826,1155
RADHI,1min,1775811580,2026-04-10 14:44,2026-04-10,826,826,825.2,825.2,500
RADHI,1min,1775811632,2026-04-10 14:45,2026-04-10,825.2,825.2,825,825,2130
RADHI,1min,1775811719,2026-04-10 14:46,2026-04-10,825,825,824.9,825,1170
RADHI,1min,1775811768,2026-04-10 14:47,2026-04-10,825,825,824.8,824.8,1504
RADHI,1min,1775811819,2026-04-10 14:48,2026-04-10,824.8,825,824.8,825,1520
RADHI,1min,1775811888,2026-04-10 14:49,2026-04-10,825,825,824.8,824.8,2756
RADHI,1min,1775811935,2026-04-10 14:50,2026-04-10,824.8,824.8,823,823,3375
RADHI,1min,1775811995,2026-04-10 14:51,2026-04-10,823,823,823,823,2693
RADHI,1min,1775812023,2026-04-10 14:52,2026-04-10,823,823,822.1,822.1,1210
RADHI,1min,1775812099,2026-04-10 14:53,2026-04-10,822.1,822.1,822,822,212
RADHI,1min,1775812196,2026-04-10 14:54,2026-04-10,822,822,820,820,0
RADHI,1min,1775812252,2026-04-10 14:55,2026-04-10,820,825,820,825,9973
RADHI,1min,1775812324,2026-04-10 14:57,2026-04-10,825,825,821,821,150
RADHI,1min,1775812429,2026-04-10 14:58,2026-04-10,821,822.1,821,822.1,1560
RADHI,1min,1775812499,2026-04-10 14:59,2026-04-10,822.1,827,822.1,825.1,2578
RADHI,1min,1776057888,2026-04-13 11:09,2026-04-13,825.2,825.2,825.2,825.2,13
RADHI,1min,1776057988,2026-04-13 11:11,2026-04-13,825.2,825.2,825,825,987
RADHI,1min,1776058186,2026-04-13 11:14,2026-04-13,825,833,825,833,1000
RADHI,1min,1776058477,2026-04-13 11:19,2026-04-13,833,833,827,827,20
RADHI,1min,1776058648,2026-04-13 11:22,2026-04-13,827,827,827,827,11
RADHI,1min,1776058688,2026-04-13 11:23,2026-04-13,827,827,827,827,1014
RADHI,1min,1776059095,2026-04-13 11:29,2026-04-13,827,827,826,826,315
RADHI,1min,1776059184,2026-04-13 11:31,2026-04-13,826,826,826,826,61
RADHI,1min,1776059514,2026-04-13 11:36,2026-04-13,826,826,826,826,0
RADHI,1min,1776059692,2026-04-13 11:39,2026-04-13,826,830,826,830,620
RADHI,1min,1776060159,2026-04-13 11:47,2026-04-13,830,830,827,827,10
RADHI,1min,1776060220,2026-04-13 11:48,2026-04-13,827,827,827,827,140
RADHI,1min,1776060346,2026-04-13 11:50,2026-04-13,827,829,827,829,0
RADHI,1min,1776060388,2026-04-13 11:51,2026-04-13,829,830,829,830,1200
RADHI,1min,1776060686,2026-04-13 11:56,2026-04-13,830,830,827,827,145
RADHI,1min,1776061046,2026-04-13 12:02,2026-04-13,827,827,827,827,10
RADHI,1min,1776061122,2026-04-13 12:03,2026-04-13,827,827,826,826,2000
RADHI,1min,1776061150,2026-04-13 12:04,2026-04-13,826,828,826,828,97
RADHI,1min,1776061317,2026-04-13 12:06,2026-04-13,828,828,827,827,0
RADHI,1min,1776061366,2026-04-13 12:07,2026-04-13,827,827,826.1,826.1,210
RADHI,1min,1776061400,2026-04-13 12:08,2026-04-13,826.1,826.1,826,826,200
RADHI,1min,1776061592,2026-04-13 12:11,2026-04-13,826,826.1,826,826.1,50
RADHI,1min,1776061628,2026-04-13 12:12,2026-04-13,826.1,827,826.1,827,145
RADHI,1min,1776061904,2026-04-13 12:16,2026-04-13,827,827,826,826,64
RADHI,1min,1776062030,2026-04-13 12:18,2026-04-13,826,829,826,829,1000
RADHI,1min,1776062264,2026-04-13 12:22,2026-04-13,829,829,826,828,510
RADHI,1min,1776062344,2026-04-13 12:24,2026-04-13,828,828,828,828,690
RADHI,1min,1776062861,2026-04-13 12:32,2026-04-13,828,828,828,828,11
RADHI,1min,1776062897,2026-04-13 12:33,2026-04-13,828,828,828,828,1000
RADHI,1min,1776063623,2026-04-13 12:45,2026-04-13,828,828,826.2,826.2,2000
RADHI,1min,1776063713,2026-04-13 12:46,2026-04-13,826.2,826.2,825,825,5266
RADHI,1min,1776063737,2026-04-13 12:47,2026-04-13,825,825,825,825,6900
RADHI,1min,1776063812,2026-04-13 12:48,2026-04-13,825,825,825,825,31
RADHI,1min,1776064134,2026-04-13 12:53,2026-04-13,825,825,825,825,0
RADHI,1min,1776064362,2026-04-13 12:57,2026-04-13,825,825,823,823,2179
RADHI,1min,1776064381,2026-04-13 12:58,2026-04-13,823,823,823,823,179
RADHI,1min,1776064848,2026-04-13 13:05,2026-04-13,823,823.2,823,823.2,490
RADHI,1min,1776064908,2026-04-13 13:06,2026-04-13,823.2,823.2,823.2,823.2,990
RADHI,1min,1776064926,2026-04-13 13:07,2026-04-13,823.2,823.2,823.1,823.1,1000
RADHI,1min,1776065003,2026-04-13 13:08,2026-04-13,823.1,823.1,823.1,823.1,90
RADHI,1min,1776065117,2026-04-13 13:10,2026-04-13,823.1,823.1,823.1,823.1,203
RADHI,1min,1776065408,2026-04-13 13:15,2026-04-13,823.1,824,823.1,824,240
RADHI,1min,1776065622,2026-04-13 13:18,2026-04-13,824,824,824,824,200
RADHI,1min,1776065810,2026-04-13 13:21,2026-04-13,824,829,824,829,1000
RADHI,1min,1776065822,2026-04-13 13:22,2026-04-13,829,830,829,830,3000
RADHI,1min,1776065933,2026-04-13 13:23,2026-04-13,830,830,829.9,829.9,500
RADHI,1min,1776065958,2026-04-13 13:24,2026-04-13,829.9,831,829.9,831,2000
RADHI,1min,1776066656,2026-04-13 13:35,2026-04-13,831,831,830,830,0
RADHI,1min,1776066684,2026-04-13 13:36,2026-04-13,830,830,826,826,2028
RADHI,1min,1776066998,2026-04-13 13:41,2026-04-13,826,826,826,826,12
RADHI,1min,1776067197,2026-04-13 13:44,2026-04-13,826,830,826,830,230
RADHI,1min,1776067308,2026-04-13 13:46,2026-04-13,830,830,825.5,825.5,400
RADHI,1min,1776067357,2026-04-13 13:47,2026-04-13,825.5,830,825.5,825.5,66
RADHI,1min,1776067552,2026-04-13 13:50,2026-04-13,825.5,826,824.5,826,1600
RADHI,1min,1776067713,2026-04-13 13:53,2026-04-13,826,826,825,825,500
RADHI,1min,1776067984,2026-04-13 13:58,2026-04-13,825,830,825,830,0
RADHI,1min,1776068574,2026-04-13 14:07,2026-04-13,830,830,825.4,825.4,1500
RADHI,1min,1776068603,2026-04-13 14:08,2026-04-13,825.4,825.4,824,824,4050
RADHI,1min,1776068696,2026-04-13 14:09,2026-04-13,824,824.1,824,824.1,100
RADHI,1min,1776068736,2026-04-13 14:10,2026-04-13,824.1,825,824.1,825,190
RADHI,1min,1776068829,2026-04-13 14:12,2026-04-13,825,825,820,820,10000
RADHI,1min,1776068894,2026-04-13 14:13,2026-04-13,820,820.1,820,820.1,12
RADHI,1min,1776069041,2026-04-13 14:15,2026-04-13,820.1,820.1,820,820,519
RADHI,1min,1776069299,2026-04-13 14:19,2026-04-13,820,820,820,820,500
RADHI,1min,1776069697,2026-04-13 14:26,2026-04-13,820,824,820,824,500
RADHI,1min,1776069817,2026-04-13 14:28,2026-04-13,824,824,821.4,821.4,210
RADHI,1min,1776069861,2026-04-13 14:29,2026-04-13,821.4,821.4,820.2,820.2,500
RADHI,1min,1776070122,2026-04-13 14:33,2026-04-13,820.2,822,820.2,821,350
RADHI,1min,1776070191,2026-04-13 14:34,2026-04-13,821,821,821,821,400
RADHI,1min,1776070212,2026-04-13 14:35,2026-04-13,821,821,821,821,100
RADHI,1min,1776070461,2026-04-13 14:39,2026-04-13,821,823,821,823,100
RADHI,1min,1776070671,2026-04-13 14:42,2026-04-13,823,823,822,822,25
RADHI,1min,1776070759,2026-04-13 14:44,2026-04-13,822,822,820,820,364
RADHI,1min,1776070914,2026-04-13 14:46,2026-04-13,820,820,818,818,0
RADHI,1min,1776070925,2026-04-13 14:47,2026-04-13,818,818,818,818,0
RADHI,1min,1776071003,2026-04-13 14:48,2026-04-13,818,818,818,818,3060
RADHI,1min,1776071138,2026-04-13 14:50,2026-04-13,818,818,818,818,1000
RADHI,1min,1776071216,2026-04-13 14:51,2026-04-13,818,820,817,820,5960
RADHI,1min,1776071279,2026-04-13 14:52,2026-04-13,820,820,820,820,200
RADHI,1min,1776071329,2026-04-13 14:53,2026-04-13,820,820,817.1,817.1,620
RADHI,1min,1776071386,2026-04-13 14:54,2026-04-13,817.1,820,817.1,817.3,1556
RADHI,1min,1776071434,2026-04-13 14:55,2026-04-13,817.3,821,817.3,821,0
RADHI,1min,1776071494,2026-04-13 14:56,2026-04-13,821,821,819.9,819.9,3110
RADHI,1min,1776071579,2026-04-13 14:57,2026-04-13,819.9,819.9,817,817,3195
RADHI,1min,1776071610,2026-04-13 14:58,2026-04-13,817,818,816.5,816.5,2575
RADHI,1min,1776071699,2026-04-13 14:59,2026-04-13,816.5,817,812,812,21144
RADHI,1min,1776230256,2026-04-15 11:02,2026-04-15,820,820,820,820,10
RADHI,1min,1776230295,2026-04-15 11:03,2026-04-15,820,820,820,820,60
RADHI,1min,1776230388,2026-04-15 11:04,2026-04-15,820,828,820,828,10
RADHI,1min,1776230618,2026-04-15 11:08,2026-04-15,828,828.2,828,828.2,2000
RADHI,1min,1776230720,2026-04-15 11:10,2026-04-15,828.2,828.2,816.3,816.3,1000
RADHI,1min,1776231171,2026-04-15 11:17,2026-04-15,816.3,824.8,816.3,824.8,1000
RADHI,1min,1776231320,2026-04-15 11:20,2026-04-15,824.8,824.8,817,817,1510
RADHI,1min,1776231493,2026-04-15 11:23,2026-04-15,817,817,817,817,40
RADHI,1min,1776231586,2026-04-15 11:24,2026-04-15,817,817,817,817,450
RADHI,1min,1776231701,2026-04-15 11:26,2026-04-15,817,817,816.3,816.3,2048
RADHI,1min,1776231740,2026-04-15 11:27,2026-04-15,816.3,824,816.3,824,10
RADHI,1min,1776232238,2026-04-15 11:35,2026-04-15,824,824,816.5,816.5,500
RADHI,1min,1776232457,2026-04-15 11:39,2026-04-15,816.5,817,816.5,816.5,213
RADHI,1min,1776232605,2026-04-15 11:41,2026-04-15,816.5,820,816.5,820,1000
RADHI,1min,1776232652,2026-04-15 11:42,2026-04-15,820,820,820,820,220
RADHI,1min,1776232724,2026-04-15 11:43,2026-04-15,820,820,820,820,685
RADHI,1min,1776232974,2026-04-15 11:47,2026-04-15,820,820,820,820,700
RADHI,1min,1776233129,2026-04-15 11:50,2026-04-15,820,820,820,820,600
RADHI,1min,1776233407,2026-04-15 11:55,2026-04-15,820,823,820,823,0
RADHI,1min,1776233560,2026-04-15 11:57,2026-04-15,823,823,823,823,2247
RADHI,1min,1776233594,2026-04-15 11:58,2026-04-15,823,823,822.8,822.8,550
RADHI,1min,1776233661,2026-04-15 11:59,2026-04-15,822.8,825,822,825,6013
RADHI,1min,1776233806,2026-04-15 12:01,2026-04-15,825,825,823,823,100
RADHI,1min,1776233899,2026-04-15 12:03,2026-04-15,823,823,823,823,400
RADHI,1min,1776234056,2026-04-15 12:05,2026-04-15,823,824,823,824,50
RADHI,1min,1776234073,2026-04-15 12:06,2026-04-15,824,825,824,825,37
RADHI,1min,1776234238,2026-04-15 12:08,2026-04-15,825,828.2,825,828.2,300
RADHI,1min,1776234478,2026-04-15 12:12,2026-04-15,828.2,828.2,828.2,828.2,1000
RADHI,1min,1776234674,2026-04-15 12:16,2026-04-15,828.2,830,828.2,830,3000
RADHI,1min,1776234826,2026-04-15 12:18,2026-04-15,830,830,830,830,300
RADHI,1min,1776234943,2026-04-15 12:20,2026-04-15,830,830,830,830,139
RADHI,1min,1776235032,2026-04-15 12:22,2026-04-15,830,830,830,830,104
RADHI,1min,1776235136,2026-04-15 12:23,2026-04-15,830,830,829.9,830,939
RADHI,1min,1776235188,2026-04-15 12:24,2026-04-15,830,832,830,832,10300
RADHI,1min,1776235434,2026-04-15 12:28,2026-04-15,832,832.5,832,832.5,2280
RADHI,1min,1776235448,2026-04-15 12:29,2026-04-15,832.5,832.5,832,832,400
RADHI,1min,1776235506,2026-04-15 12:30,2026-04-15,832,832.6,832,832.6,50
RADHI,1min,1776235563,2026-04-15 12:31,2026-04-15,832.6,832.6,830,830,12
RADHI,1min,1776235662,2026-04-15 12:32,2026-04-15,830,832,830,832,1300
RADHI,1min,1776235733,2026-04-15 12:33,2026-04-15,832,832,830,831,95
RADHI,1min,1776235918,2026-04-15 12:36,2026-04-15,831,831.7,830,831.7,1490
RADHI,1min,1776236031,2026-04-15 12:38,2026-04-15,831.7,831.7,831.7,831.7,300
RADHI,1min,1776236269,2026-04-15 12:42,2026-04-15,831.7,831.7,831.6,831.6,100
RADHI,1min,1776236323,2026-04-15 12:43,2026-04-15,831.6,831.6,831,831,150
RADHI,1min,1776236347,2026-04-15 12:44,2026-04-15,831,831,831,831,350
RADHI,1min,1776236631,2026-04-15 12:48,2026-04-15,831,831.5,831,831.5,573
RADHI,1min,1776236893,2026-04-15 12:53,2026-04-15,831.5,831.5,831.5,831.5,100
RADHI,1min,1776237099,2026-04-15 12:56,2026-04-15,831.5,831.5,827,827,0
RADHI,1min,1776237131,2026-04-15 12:57,2026-04-15,827,827,827,827,880
RADHI,1min,1776237341,2026-04-15 13:00,2026-04-15,827,827,826.3,826.3,620
RADHI,1min,1776237393,2026-04-15 13:01,2026-04-15,826.3,828,826.3,828,0
RADHI,1min,1776237446,2026-04-15 13:02,2026-04-15,828,828,826.1,826.1,120
RADHI,1min,1776237592,2026-04-15 13:04,2026-04-15,826.1,826.1,826.1,826.1,300
RADHI,1min,1776237617,2026-04-15 13:05,2026-04-15,826.1,826.2,826.1,826.2,10
RADHI,1min,1776237745,2026-04-15 13:07,2026-04-15,826.2,828,826.2,828,600
RADHI,1min,1776237937,2026-04-15 13:10,2026-04-15,828,828,826,826,500
RADHI,1min,1776238019,2026-04-15 13:11,2026-04-15,826,826,826,826,50
RADHI,1min,1776238058,2026-04-15 13:12,2026-04-15,826,827,826,827,90
RADHI,1min,1776238111,2026-04-15 13:13,2026-04-15,827,828,827,828,272
RADHI,1min,1776238317,2026-04-15 13:16,2026-04-15,828,828,823,823,0
RADHI,1min,1776238363,2026-04-15 13:17,2026-04-15,823,823,823,823,12310
RADHI,1min,1776238549,2026-04-15 13:20,2026-04-15,823,823,823,823,10
RADHI,1min,1776238640,2026-04-15 13:22,2026-04-15,823,823,823,823,1210
RADHI,1min,1776239255,2026-04-15 13:32,2026-04-15,823,823.1,823,823.1,90
RADHI,1min,1776239489,2026-04-15 13:36,2026-04-15,823.1,823.1,821,821,1000
RADHI,1min,1776239677,2026-04-15 13:39,2026-04-15,821,821,821,821,500
RADHI,1min,1776239757,2026-04-15 13:40,2026-04-15,821,821,821,821,1290
RADHI,1min,1776239816,2026-04-15 13:41,2026-04-15,821,821,821,821,710
RADHI,1min,1776239834,2026-04-15 13:42,2026-04-15,821,821,820,820,8890
RADHI,1min,1776239934,2026-04-15 13:43,2026-04-15,820,820,820,820,100
RADHI,1min,1776239985,2026-04-15 13:44,2026-04-15,820,820,819.2,819.2,540
RADHI,1min,1776240229,2026-04-15 13:48,2026-04-15,819.2,823,819.2,823,34
RADHI,1min,1776240392,2026-04-15 13:51,2026-04-15,823,823,820.3,820.3,43
RADHI,1min,1776240735,2026-04-15 13:57,2026-04-15,820.3,821,820.3,821,500
RADHI,1min,1776241320,2026-04-15 14:07,2026-04-15,821,822,821,822,13
RADHI,1min,1776241500,2026-04-15 14:10,2026-04-15,822,824.9,822,824.9,12
RADHI,1min,1776241674,2026-04-15 14:12,2026-04-15,824.9,825,824.9,825,500
RADHI,1min,1776241728,2026-04-15 14:13,2026-04-15,825,825,825,825,850
RADHI,1min,1776241788,2026-04-15 14:14,2026-04-15,825,825,825,825,5000
RADHI,1min,1776241884,2026-04-15 14:16,2026-04-15,825,825,821.5,824,800
RADHI,1min,1776241941,2026-04-15 14:17,2026-04-15,824,824,824,824,100
RADHI,1min,1776242098,2026-04-15 14:19,2026-04-15,824,824,824,824,100
RADHI,1min,1776242118,2026-04-15 14:20,2026-04-15,824,825,824,825,11
RADHI,1min,1776242206,2026-04-15 14:21,2026-04-15,825,825,824,824,3500
RADHI,1min,1776242325,2026-04-15 14:23,2026-04-15,824,824,821,821,4710
RADHI,1min,1776242441,2026-04-15 14:25,2026-04-15,821,821,821,821,0
RADHI,1min,1776242503,2026-04-15 14:26,2026-04-15,821,821,820.2,821,800
RADHI,1min,1776242587,2026-04-15 14:28,2026-04-15,821,821,820.2,820.2,50
RADHI,1min,1776242741,2026-04-15 14:30,2026-04-15,820.2,824,820.2,824,5000
RADHI,1min,1776242771,2026-04-15 14:31,2026-04-15,824,824,820.5,820.5,1000
RADHI,1min,1776242836,2026-04-15 14:32,2026-04-15,820.5,820.6,820.5,820.6,1000
RADHI,1min,1776242983,2026-04-15 14:34,2026-04-15,820.6,822,820.6,822,2500
RADHI,1min,1776243056,2026-04-15 14:35,2026-04-15,822,822,820.6,820.6,10
RADHI,1min,1776243176,2026-04-15 14:37,2026-04-15,820.6,820.6,820,820,2500
RADHI,1min,1776243220,2026-04-15 14:38,2026-04-15,820,820,820,820,0
RADHI,1min,1776243297,2026-04-15 14:39,2026-04-15,820,820,820,820,1443
RADHI,1min,1776243368,2026-04-15 14:41,2026-04-15,820,820,820,820,557
RADHI,1min,1776243447,2026-04-15 14:42,2026-04-15,820,824,820,824,2600
RADHI,1min,1776243561,2026-04-15 14:44,2026-04-15,824,824,820.1,820.1,20
RADHI,1min,1776243881,2026-04-15 14:49,2026-04-15,820.1,823.8,820,820,1294
RADHI,1min,1776243941,2026-04-15 14:50,2026-04-15,820,820,820,820,1000
RADHI,1min,1776243977,2026-04-15 14:51,2026-04-15,820,823.7,820,823.7,0
RADHI,1min,1776244100,2026-04-15 14:53,2026-04-15,823.7,823.7,820.1,821,765
RADHI,1min,1776244165,2026-04-15 14:54,2026-04-15,821,821,819.2,819.2,5735
RADHI,1min,1776244257,2026-04-15 14:55,2026-04-15,819.2,823,819,819,498
RADHI,1min,1776244288,2026-04-15 14:56,2026-04-15,819,823.8,819,823.8,5500
RADHI,1min,1776244437,2026-04-15 14:58,2026-04-15,823.8,823.8,819.4,819.4,150
RADHI,1min,1776244499,2026-04-15 14:59,2026-04-15,819.4,825,819.3,825,3939
RADHI,1min,1776316951,2026-04-16 11:07,2026-04-16,825,825,825,825,47
RADHI,1min,1776316989,2026-04-16 11:08,2026-04-16,825,825,825,825,175
RADHI,1min,1776317060,2026-04-16 11:09,2026-04-16,825,825,820.2,820.2,47
RADHI,1min,1776317127,2026-04-16 11:10,2026-04-16,820.2,820.2,820,820,0
RADHI,1min,1776317247,2026-04-16 11:12,2026-04-16,820,820,819,819,2218
RADHI,1min,1776317391,2026-04-16 11:14,2026-04-16,819,819,819,819,70
RADHI,1min,1776317430,2026-04-16 11:15,2026-04-16,819,819,818.1,818.1,405
RADHI,1min,1776317479,2026-04-16 11:16,2026-04-16,818.1,819,818.1,819,125
RADHI,1min,1776317586,2026-04-16 11:18,2026-04-16,819,819,819,819,100
RADHI,1min,1776317640,2026-04-16 11:19,2026-04-16,819,819,818.3,818.3,217
RADHI,1min,1776318165,2026-04-16 11:27,2026-04-16,818.3,818.4,818.3,818.4,500
RADHI,1min,1776318550,2026-04-16 11:34,2026-04-16,818.4,818.4,818.1,818.1,300
RADHI,1min,1776318710,2026-04-16 11:36,2026-04-16,818.1,819,818.1,819,147
RADHI,1min,1776318740,2026-04-16 11:37,2026-04-16,819,819,818,818,2000
RADHI,1min,1776318783,2026-04-16 11:38,2026-04-16,818,823,818,823,13
RADHI,1min,1776319247,2026-04-16 11:45,2026-04-16,823,825,823,825,992
RADHI,1min,1776319612,2026-04-16 11:51,2026-04-16,825,827.2,825,827.2,20
RADHI,1min,1776319846,2026-04-16 11:55,2026-04-16,827.2,827.2,821,821,400
RADHI,1min,1776320146,2026-04-16 12:00,2026-04-16,821,821,820.2,820.2,1000
RADHI,1min,1776320213,2026-04-16 12:01,2026-04-16,820.2,820.2,820,820,1500
RADHI,1min,1776320228,2026-04-16 12:02,2026-04-16,820,820,820,820,500
RADHI,1min,1776320378,2026-04-16 12:04,2026-04-16,820,820,820,820,37
RADHI,1min,1776320514,2026-04-16 12:06,2026-04-16,820,820.1,820,820.1,0
RADHI,1min,1776320770,2026-04-16 12:11,2026-04-16,820.1,820.1,820,820,1000
RADHI,1min,1776320867,2026-04-16 12:12,2026-04-16,820,820,820,820,4740
RADHI,1min,1776320914,2026-04-16 12:13,2026-04-16,820,820,820,820,83
RADHI,1min,1776320955,2026-04-16 12:14,2026-04-16,820,820,820,820,100
RADHI,1min,1776321097,2026-04-16 12:16,2026-04-16,820,820,820,820,30
RADHI,1min,1776321353,2026-04-16 12:20,2026-04-16,820,820,820,820,3000
RADHI,1min,1776321422,2026-04-16 12:22,2026-04-16,820,820,819,819,88
RADHI,1min,1776321593,2026-04-16 12:24,2026-04-16,819,819,818.1,818.1,200
RADHI,1min,1776321655,2026-04-16 12:25,2026-04-16,818.1,818.1,818,818,1200
RADHI,1min,1776321717,2026-04-16 12:26,2026-04-16,818,819,818,818,1037
RADHI,1min,1776321741,2026-04-16 12:27,2026-04-16,818,818,818,818,90
RADHI,1min,1776322469,2026-04-16 12:39,2026-04-16,818,825,818,825,4500
RADHI,1min,1776323648,2026-04-16 12:59,2026-04-16,825,825,820,820,100
RADHI,1min,1776324117,2026-04-16 13:06,2026-04-16,820,820,818,818,3750
RADHI,1min,1776324159,2026-04-16 13:07,2026-04-16,818,818,817.3,817.3,2590
RADHI,1min,1776324282,2026-04-16 13:09,2026-04-16,817.3,817.3,817.2,817.2,212
RADHI,1min,1776324315,2026-04-16 13:10,2026-04-16,817.2,817.2,817.2,817.2,0
RADHI,1min,1776324456,2026-04-16 13:12,2026-04-16,817.2,817.2,817.1,817.1,550
RADHI,1min,1776324537,2026-04-16 13:13,2026-04-16,817.1,817.1,817.1,817.1,500
RADHI,1min,1776324625,2026-04-16 13:15,2026-04-16,817.1,817.1,817,817,30
RADHI,1min,1776324696,2026-04-16 13:16,2026-04-16,817,817,817,817,0
RADHI,1min,1776324792,2026-04-16 13:18,2026-04-16,817,817,817,817,170
RADHI,1min,1776324867,2026-04-16 13:19,2026-04-16,817,817,815.1,815.1,1050
RADHI,1min,1776324948,2026-04-16 13:20,2026-04-16,815.1,816,815,815,60
RADHI,1min,1776325039,2026-04-16 13:22,2026-04-16,815,815,815,815,0
RADHI,1min,1776325284,2026-04-16 13:26,2026-04-16,815,815.2,815,815.2,5047
RADHI,1min,1776325538,2026-04-16 13:30,2026-04-16,815.2,815.2,815,815,1364
RADHI,1min,1776325573,2026-04-16 13:31,2026-04-16,815,815,815,815,1999
RADHI,1min,1776325630,2026-04-16 13:32,2026-04-16,815,815,815,815,0
RADHI,1min,1776325731,2026-04-16 13:33,2026-04-16,815,815,814,814,150
RADHI,1min,1776325752,2026-04-16 13:34,2026-04-16,814,814,810,810,1000
RADHI,1min,1776325914,2026-04-16 13:36,2026-04-16,810,810.1,810,810.1,0
RADHI,1min,1776326082,2026-04-16 13:39,2026-04-16,810.1,812,810.1,812,70
RADHI,1min,1776326119,2026-04-16 13:40,2026-04-16,812,815,812,815,300
RADHI,1min,1776326339,2026-04-16 13:43,2026-04-16,815,815,811,811,12
RADHI,1min,1776326394,2026-04-16 13:44,2026-04-16,811,814.5,811,814.5,10
RADHI,1min,1776326655,2026-04-16 13:49,2026-04-16,814.5,814.5,814.5,814.5,20
RADHI,1min,1776326744,2026-04-16 13:50,2026-04-16,814.5,815,814.5,815,110
RADHI,1min,1776326957,2026-04-16 13:54,2026-04-16,815,815,814,814,15000
RADHI,1min,1776327290,2026-04-16 13:59,2026-04-16,814,814,813.2,813.2,0
RADHI,1min,1776327306,2026-04-16 14:00,2026-04-16,813.2,813.2,812.7,812.7,30
RADHI,1min,1776327404,2026-04-16 14:01,2026-04-16,812.7,814,812.7,814,15000
RADHI,1min,1776327470,2026-04-16 14:02,2026-04-16,814,814,812,812,700
RADHI,1min,1776327506,2026-04-16 14:03,2026-04-16,812,812,811,811,6243
RADHI,1min,1776327546,2026-04-16 14:04,2026-04-16,811,812,811,812,200
RADHI,1min,1776327636,2026-04-16 14:05,2026-04-16,812,812,811.8,811.8,30
RADHI,1min,1776327701,2026-04-16 14:06,2026-04-16,811.8,815,811,815,2300
RADHI,1min,1776327767,2026-04-16 14:07,2026-04-16,815,817,815,817,2000
RADHI,1min,1776328172,2026-04-16 14:14,2026-04-16,817,817,813,813,20
RADHI,1min,1776328316,2026-04-16 14:16,2026-04-16,813,815,813,815,4000
RADHI,1min,1776328419,2026-04-16 14:18,2026-04-16,815,815,813.1,813.1,10
RADHI,1min,1776328556,2026-04-16 14:20,2026-04-16,813.1,817,813.1,817,10
RADHI,1min,1776328604,2026-04-16 14:21,2026-04-16,817,817,812,817,1510
RADHI,1min,1776328809,2026-04-16 14:25,2026-04-16,817,817,816,816,14
RADHI,1min,1776329035,2026-04-16 14:28,2026-04-16,816,816,810.2,815,2000
RADHI,1min,1776329396,2026-04-16 14:34,2026-04-16,815,815,815,815,330
RADHI,1min,1776329433,2026-04-16 14:35,2026-04-16,815,815,815,815,210
RADHI,1min,1776329508,2026-04-16 14:36,2026-04-16,815,815,811,811,0
RADHI,1min,1776329522,2026-04-16 14:37,2026-04-16,811,811,810.4,810.4,260
RADHI,1min,1776329586,2026-04-16 14:38,2026-04-16,810.4,814.5,810.4,814.5,10
RADHI,1min,1776329996,2026-04-16 14:44,2026-04-16,814.5,814.5,810,813,5030
RADHI,1min,1776330020,2026-04-16 14:45,2026-04-16,813,813,813,813,1010
RADHI,1min,1776330077,2026-04-16 14:46,2026-04-16,813,813,810,813,500
RADHI,1min,1776330174,2026-04-16 14:47,2026-04-16,813,814.5,810,814.5,205
RADHI,1min,1776330192,2026-04-16 14:48,2026-04-16,814.5,814.5,814.5,814.5,1200
RADHI,1min,1776330298,2026-04-16 14:49,2026-04-16,814.5,814.5,810,814,460
RADHI,1min,1776330348,2026-04-16 14:50,2026-04-16,814,814,814,814,10
RADHI,1min,1776330380,2026-04-16 14:51,2026-04-16,814,814,814,814,400
RADHI,1min,1776330496,2026-04-16 14:53,2026-04-16,814,814,809,814,2410
RADHI,1min,1776330594,2026-04-16 14:54,2026-04-16,814,814,809,813,3298
RADHI,1min,1776330712,2026-04-16 14:56,2026-04-16,813,813,808.1,808.1,0
RADHI,1min,1776330833,2026-04-16 14:58,2026-04-16,808.1,811.5,808.1,809,1784
RADHI,1min,1776330899,2026-04-16 14:59,2026-04-16,809,814.5,809,814.5,3970
RADHI,1min,1776403379,2026-04-17 11:07,2026-04-17,815,819,815,819,310
RADHI,1min,1776403801,2026-04-17 11:15,2026-04-17,819,819,814.5,814.5,100
RADHI,1min,1776404077,2026-04-17 11:19,2026-04-17,814.5,814.5,810,810,10
RADHI,1min,1776404621,2026-04-17 11:28,2026-04-17,810,810,810,810,241
RADHI,1min,1776404640,2026-04-17 11:29,2026-04-17,810,810,808.1,808.1,10
RADHI,1min,1776404707,2026-04-17 11:30,2026-04-17,808.1,810,808.1,810,159
RADHI,1min,1776404973,2026-04-17 11:34,2026-04-17,810,810,807,807,1220
RADHI,1min,1776405052,2026-04-17 11:35,2026-04-17,807,807,805,805,2460
RADHI,1min,1776405109,2026-04-17 11:36,2026-04-17,805,818,804.1,818,2073
RADHI,1min,1776405345,2026-04-17 11:40,2026-04-17,818,818,817.9,817.9,1000
RADHI,1min,1776405441,2026-04-17 11:42,2026-04-17,817.9,817.9,806,806,20
RADHI,1min,1776405500,2026-04-17 11:43,2026-04-17,806,815.7,806,815.7,1247
RADHI,1min,1776405734,2026-04-17 11:47,2026-04-17,815.7,815.7,806,806,0
RADHI,1min,1776405898,2026-04-17 11:49,2026-04-17,806,806,805.1,805.1,520
RADHI,1min,1776405933,2026-04-17 11:50,2026-04-17,805.1,805.1,805,805,869
RADHI,1min,1776406018,2026-04-17 11:51,2026-04-17,805,806,800,800,9698
RADHI,1min,1776406048,2026-04-17 11:52,2026-04-17,800,800,800,800,54
RADHI,1min,1776406186,2026-04-17 11:54,2026-04-17,800,807,800,807,130
RADHI,1min,1776406213,2026-04-17 11:55,2026-04-17,807,812,807,812,0
RADHI,1min,1776406404,2026-04-17 11:58,2026-04-17,812,812,800,800,465
RADHI,1min,1776406440,2026-04-17 11:59,2026-04-17,800,809,800,809,10
RADHI,1min,1776406541,2026-04-17 12:00,2026-04-17,809,809,800,809,210
RADHI,1min,1776406656,2026-04-17 12:02,2026-04-17,809,809,800,809,410
RADHI,1min,1776406806,2026-04-17 12:05,2026-04-17,809,809,800,800,73
RADHI,1min,1776406890,2026-04-17 12:06,2026-04-17,800,800,799,799,200
RADHI,1min,1776406948,2026-04-17 12:07,2026-04-17,799,800,799,800,200
RADHI,1min,1776407033,2026-04-17 12:08,2026-04-17,800,800,800,800,50
RADHI,1min,1776407088,2026-04-17 12:09,2026-04-17,800,806.9,800,806.9,10
RADHI,1min,1776407149,2026-04-17 12:10,2026-04-17,806.9,806.9,800,800,150
RADHI,1min,1776407324,2026-04-17 12:13,2026-04-17,800,805,800,805,20
RADHI,1min,1776407399,2026-04-17 12:14,2026-04-17,805,805,799.2,799.2,10
RADHI,1min,1776407411,2026-04-17 12:15,2026-04-17,799.2,805,799.2,805,0
RADHI,1min,1776407609,2026-04-17 12:18,2026-04-17,805,805,805,805,35
RADHI,1min,1776407757,2026-04-17 12:20,2026-04-17,805,805,799,799,400
RADHI,1min,1776407782,2026-04-17 12:21,2026-04-17,799,804.9,799,804.9,0
RADHI,1min,1776408030,2026-04-17 12:25,2026-04-17,804.9,804.9,800,800,510
RADHI,1min,1776408238,2026-04-17 12:28,2026-04-17,800,804,800,804,1290
RADHI,1min,1776408541,2026-04-17 12:34,2026-04-17,804,804,804,804,0
RADHI,1min,1776408632,2026-04-17 12:35,2026-04-17,804,805,804,805,3020
RADHI,1min,1776408775,2026-04-17 12:37,2026-04-17,805,805,805,805,42
RADHI,1min,1776408888,2026-04-17 12:39,2026-04-17,805,805,801.5,801.5,633
RADHI,1min,1776408963,2026-04-17 12:41,2026-04-17,801.5,805,801.5,805,10
RADHI,1min,1776409186,2026-04-17 12:44,2026-04-17,805,808,805,808,0
RADHI,1min,1776409253,2026-04-17 12:45,2026-04-17,808,810,808,810,7027
RADHI,1min,1776409270,2026-04-17 12:46,2026-04-17,810,812,810,812,1000
RADHI,1min,1776409600,2026-04-17 12:51,2026-04-17,812,812,810,810,500
RADHI,1min,1776409672,2026-04-17 12:52,2026-04-17,810,810,810,810,1000
RADHI,1min,1776409681,2026-04-17 12:53,2026-04-17,810,810,803.1,803.1,300
RADHI,1min,1776409787,2026-04-17 12:54,2026-04-17,803.1,803.1,799,799,3664
RADHI,1min,1776409851,2026-04-17 12:55,2026-04-17,799,811,799,811,1020
RADHI,1min,1776410252,2026-04-17 13:02,2026-04-17,811,811,798.1,807,1010
RADHI,1min,1776410927,2026-04-17 13:13,2026-04-17,807,813,807,813,1000
RADHI,1min,1776411141,2026-04-17 13:17,2026-04-17,813,813,810,810,2300
RADHI,1min,1776412016,2026-04-17 13:31,2026-04-17,810,814.5,810,814.5,4000
RADHI,1min,1776412181,2026-04-17 13:34,2026-04-17,814.5,814.5,814.5,814.5,20
RADHI,1min,1776412420,2026-04-17 13:38,2026-04-17,814.5,815,814.5,815,0
RADHI,1min,1776412454,2026-04-17 13:39,2026-04-17,815,815,815,815,0
RADHI,1min,1776412511,2026-04-17 13:40,2026-04-17,815,818.9,815,818.9,4459
RADHI,1min,1776412716,2026-04-17 13:43,2026-04-17,818.9,818.9,815,815,59
RADHI,1min,1776412793,2026-04-17 13:44,2026-04-17,815,815,808.1,808.1,141
RADHI,1min,1776412820,2026-04-17 13:45,2026-04-17,808.1,814,808.1,814,10
RADHI,1min,1776413246,2026-04-17 13:52,2026-04-17,814,814,808,808,0
RADHI,1min,1776413312,2026-04-17 13:53,2026-04-17,808,808,808,808,1300
RADHI,1min,1776413493,2026-04-17 13:56,2026-04-17,808,808,807.2,807.2,200
RADHI,1min,1776413576,2026-04-17 13:57,2026-04-17,807.2,812,807.2,812,0
RADHI,1min,1776413913,2026-04-17 14:03,2026-04-17,812,812,810,810,403
RADHI,1min,1776414289,2026-04-17 14:09,2026-04-17,810,811,810,811,324
RADHI,1min,1776414319,2026-04-17 14:10,2026-04-17,811,811,810,810,100
RADHI,1min,1776415127,2026-04-17 14:23,2026-04-17,810,810,810,810,3000
RADHI,1min,1776415222,2026-04-17 14:25,2026-04-17,810,810,810,810,10
RADHI,1min,1776415497,2026-04-17 14:29,2026-04-17,810,810,809,809,200
RADHI,1min,1776415549,2026-04-17 14:30,2026-04-17,809,809,805,805,2045
RADHI,1min,1776415591,2026-04-17 14:31,2026-04-17,805,805,804,804,1407
RADHI,1min,1776415676,2026-04-17 14:32,2026-04-17,804,805,802,805,1317
RADHI,1min,1776415706,2026-04-17 14:33,2026-04-17,805,805,800,800,15000
RADHI,1min,1776415783,2026-04-17 14:34,2026-04-17,800,802,800,800,1010
RADHI,1min,1776415858,2026-04-17 14:35,2026-04-17,800,802,800,802,1090
RADHI,1min,1776415917,2026-04-17 14:36,2026-04-17,802,808,802,808,0
RADHI,1min,1776416183,2026-04-17 14:41,2026-04-17,808,808,807.8,807.8,1051
RADHI,1min,1776416340,2026-04-17 14:44,2026-04-17,807.8,807.8,807.8,807.8,19
RADHI,1min,1776416515,2026-04-17 14:46,2026-04-17,807.8,807.8,800.1,800.1,2683
RADHI,1min,1776416577,2026-04-17 14:47,2026-04-17,800.1,802,800.1,802,460
RADHI,1min,1776416619,2026-04-17 14:48,2026-04-17,802,809,802,809,3010
RADHI,1min,1776416713,2026-04-17 14:50,2026-04-17,809,809,805,805,50
RADHI,1min,1776416788,2026-04-17 14:51,2026-04-17,805,810,805,810,10
RADHI,1min,1776416956,2026-04-17 14:54,2026-04-17,810,810,809,809,4050
RADHI,1min,1776417049,2026-04-17 14:55,2026-04-17,809,809,803,803,1400
RADHI,1min,1776417101,2026-04-17 14:56,2026-04-17,803,805,803,805,300
RADHI,1min,1776417178,2026-04-17 14:57,2026-04-17,805,805,802,802,1140
RADHI,1min,1776417213,2026-04-17 14:58,2026-04-17,802,805,802,805,925
RADHI,1min,1776417299,2026-04-17 14:59,2026-04-17,805,806,800.2,806,3673
RADHI,1min,1776662150,2026-04-20 11:00,2026-04-20,765.7,811,765.7,811,270
RADHI,1min,1776662196,2026-04-20 11:01,2026-04-20,811,811,810,810,400
RADHI,1min,1776662706,2026-04-20 11:10,2026-04-20,810,810,803,803,250
RADHI,1min,1776662876,2026-04-20 11:12,2026-04-20,803,803,800,800,3012
RADHI,1min,1776662966,2026-04-20 11:14,2026-04-20,800,800,800,800,100
RADHI,1min,1776663058,2026-04-20 11:15,2026-04-20,800,800,796,796,378
RADHI,1min,1776663228,2026-04-20 11:18,2026-04-20,796,800,796,800,262
RADHI,1min,1776663577,2026-04-20 11:24,2026-04-20,800,800,800,800,21
RADHI,1min,1776663636,2026-04-20 11:25,2026-04-20,800,800,800,800,100
RADHI,1min,1776663667,2026-04-20 11:26,2026-04-20,800,802,800,802,520
RADHI,1min,1776663823,2026-04-20 11:28,2026-04-20,802,802,800,800,500
RADHI,1min,1776663882,2026-04-20 11:29,2026-04-20,800,800,800,800,30
RADHI,1min,1776664037,2026-04-20 11:32,2026-04-20,800,800.4,800,800.4,10
RADHI,1min,1776664117,2026-04-20 11:33,2026-04-20,800.4,802,800.4,802,840
RADHI,1min,1776664233,2026-04-20 11:35,2026-04-20,802,804,802,804,1070
RADHI,1min,1776664301,2026-04-20 11:36,2026-04-20,804,804,800.3,800.3,900
RADHI,1min,1776664362,2026-04-20 11:37,2026-04-20,800.3,804,800,804,510
RADHI,1min,1776664492,2026-04-20 11:39,2026-04-20,804,804,800.1,800.1,300
RADHI,1min,1776664538,2026-04-20 11:40,2026-04-20,800.1,800.1,800.1,800.1,0
RADHI,1min,1776664564,2026-04-20 11:41,2026-04-20,800.1,803.3,800.1,803.3,500
RADHI,1min,1776664651,2026-04-20 11:42,2026-04-20,803.3,803.9,800.2,803.9,700
RADHI,1min,1776664732,2026-04-20 11:43,2026-04-20,803.9,803.9,800.1,800.1,500
RADHI,1min,1776664768,2026-04-20 11:44,2026-04-20,800.1,800.1,800,800,1000
RADHI,1min,1776664935,2026-04-20 11:47,2026-04-20,800,800,800,800,285
RADHI,1min,1776665082,2026-04-20 11:49,2026-04-20,800,800,800,800,600
RADHI,1min,1776665144,2026-04-20 11:50,2026-04-20,800,800,799.1,799.1,300
RADHI,1min,1776665251,2026-04-20 11:52,2026-04-20,799.1,799.1,799.1,799.1,147
RADHI,1min,1776665303,2026-04-20 11:53,2026-04-20,799.1,804,799.1,804,2000
RADHI,1min,1776665458,2026-04-20 11:55,2026-04-20,804,804,796.1,796.1,1600
RADHI,1min,1776665533,2026-04-20 11:57,2026-04-20,796.1,796.1,795,795,0
RADHI,1min,1776665630,2026-04-20 11:58,2026-04-20,795,801,795,801,1100
RADHI,1min,1776666121,2026-04-20 12:07,2026-04-20,801,801.8,801,801.8,2000
RADHI,1min,1776666691,2026-04-20 12:16,2026-04-20,801.8,801.8,801,801,370
RADHI,1min,1776666812,2026-04-20 12:18,2026-04-20,801,803,801,803,2410
RADHI,1min,1776667116,2026-04-20 12:23,2026-04-20,803,803,800,800,500
RADHI,1min,1776667223,2026-04-20 12:25,2026-04-20,800,800,800,800,100
RADHI,1min,1776667360,2026-04-20 12:27,2026-04-20,800,800.1,800,800.1,100
RADHI,1min,1776667552,2026-04-20 12:30,2026-04-20,800.1,800.1,800.1,800.1,36
RADHI,1min,1776667561,2026-04-20 12:31,2026-04-20,800.1,800.1,800,800,104
RADHI,1min,1776668746,2026-04-20 12:50,2026-04-20,800,800,799,799,20
RADHI,1min,1776668916,2026-04-20 12:53,2026-04-20,799,799,798,798,85
RADHI,1min,1776669344,2026-04-20 13:00,2026-04-20,798,798,796,796,995
RADHI,1min,1776669384,2026-04-20 13:01,2026-04-20,796,799,796,799,120
RADHI,1min,1776669602,2026-04-20 13:05,2026-04-20,799,799,799,799,500
RADHI,1min,1776669686,2026-04-20 13:06,2026-04-20,799,799,799,799,30
RADHI,1min,1776670085,2026-04-20 13:13,2026-04-20,799,799,796,796,47
RADHI,1min,1776670549,2026-04-20 13:20,2026-04-20,796,796,795.2,795.2,0
RADHI,1min,1776670685,2026-04-20 13:23,2026-04-20,795.2,795.3,795.2,795.3,8810
RADHI,1min,1776671026,2026-04-20 13:28,2026-04-20,795.3,800,795.3,800,750
RADHI,1min,1776671208,2026-04-20 13:31,2026-04-20,800,801.9,796.1,801.9,2047
RADHI,1min,1776671776,2026-04-20 13:41,2026-04-20,801.9,801.9,801,801,20
RADHI,1min,1776671995,2026-04-20 13:44,2026-04-20,801,803.5,801,803.5,2000
RADHI,1min,1776672281,2026-04-20 13:49,2026-04-20,803.5,803.8,803.5,803.8,500
RADHI,1min,1776672786,2026-04-20 13:58,2026-04-20,803.8,803.8,803.8,803.8,215
RADHI,1min,1776672850,2026-04-20 13:59,2026-04-20,803.8,804,803.8,804,1000
RADHI,1min,1776672955,2026-04-20 14:00,2026-04-20,804,804,803,803,150
RADHI,1min,1776673128,2026-04-20 14:03,2026-04-20,803,803,800.1,800.1,55
RADHI,1min,1776673140,2026-04-20 14:04,2026-04-20,800.1,803,800.1,803,0
RADHI,1min,1776673258,2026-04-20 14:05,2026-04-20,803,803,800.1,800.1,30
RADHI,1min,1776673527,2026-04-20 14:10,2026-04-20,800.1,800.3,800.1,800.3,22
RADHI,1min,1776673701,2026-04-20 14:13,2026-04-20,800.3,800.3,800.3,800.3,0
RADHI,1min,1776673802,2026-04-20 14:15,2026-04-20,800.3,800.3,800.2,800.2,133
RADHI,1min,1776673863,2026-04-20 14:16,2026-04-20,800.2,800.5,800.2,800.5,52
RADHI,1min,1776674054,2026-04-20 14:19,2026-04-20,800.5,803,800.5,803,10
RADHI,1min,1776674208,2026-04-20 14:21,2026-04-20,803,803,801,801,60
RADHI,1min,1776674320,2026-04-20 14:23,2026-04-20,801,801,801,801,500
RADHI,1min,1776674453,2026-04-20 14:25,2026-04-20,801,801,800,800,899
RADHI,1min,1776674631,2026-04-20 14:28,2026-04-20,800,800,800,800,500
RADHI,1min,1776674666,2026-04-20 14:29,2026-04-20,800,800,800,800,521
RADHI,1min,1776674712,2026-04-20 14:30,2026-04-20,800,800,798,798,2100
RADHI,1min,1776674963,2026-04-20 14:34,2026-04-20,798,798,797,797,240
RADHI,1min,1776675159,2026-04-20 14:37,2026-04-20,797,799.8,797,799.8,30
RADHI,1min,1776675220,2026-04-20 14:38,2026-04-20,799.8,799.8,796,799.8,2726
RADHI,1min,1776675240,2026-04-20 14:39,2026-04-20,799.8,799.9,799.8,799.9,3000
RADHI,1min,1776675420,2026-04-20 14:42,2026-04-20,799.9,799.9,799.9,799.9,100
RADHI,1min,1776675551,2026-04-20 14:44,2026-04-20,799.9,799.9,795.4,795.4,0
RADHI,1min,1776675655,2026-04-20 14:45,2026-04-20,795.4,795.5,795.4,795.5,2254
RADHI,1min,1776676001,2026-04-20 14:51,2026-04-20,795.5,796,795.5,796,50
RADHI,1min,1776676074,2026-04-20 14:52,2026-04-20,796,796,795.4,795.4,1100
RADHI,1min,1776676114,2026-04-20 14:53,2026-04-20,795.4,795.4,795.2,795.2,2000
RADHI,1min,1776676214,2026-04-20 14:55,2026-04-20,795.2,795.2,795.2,795.2,200
RADHI,1min,1776676499,2026-04-20 14:59,2026-04-20,795.2,799.8,795.2,799.8,80
RADHI,1min,1776748500,2026-04-21 11:00,2026-04-21,759.9,759.9,759.9,759.9,30
RADHI,1min,1776748855,2026-04-21 11:05,2026-04-21,759.9,789,759.9,789,10
RADHI,1min,1776748866,2026-04-21 11:06,2026-04-21,789,789,789,789,33
RADHI,1min,1776749388,2026-04-21 11:14,2026-04-21,789,806,789,806,0
RADHI,1min,1776749597,2026-04-21 11:18,2026-04-21,806,806,804,804,650
RADHI,1min,1776749749,2026-04-21 11:20,2026-04-21,804,804.2,804,804.2,500
RADHI,1min,1776749786,2026-04-21 11:21,2026-04-21,804.2,810,804.2,810,998
RADHI,1min,1776750128,2026-04-21 11:27,2026-04-21,810,810,808.9,808.9,18
RADHI,1min,1776750313,2026-04-21 11:30,2026-04-21,808.9,808.9,808.9,808.9,20
RADHI,1min,1776750517,2026-04-21 11:33,2026-04-21,808.9,808.9,808,808,15
RADHI,1min,1776750730,2026-04-21 11:37,2026-04-21,808,808,807.9,807.9,50
RADHI,1min,1776750893,2026-04-21 11:39,2026-04-21,807.9,807.9,805,807,273
RADHI,1min,1776751179,2026-04-21 11:44,2026-04-21,807,807,805,805,516
RADHI,1min,1776752214,2026-04-21 12:01,2026-04-21,805,805,800.1,800.1,200
RADHI,1min,1776752224,2026-04-21 12:02,2026-04-21,800.1,800.1,800,800,869
RADHI,1min,1776752343,2026-04-21 12:04,2026-04-21,800,800,799.2,799.2,1050
RADHI,1min,1776752413,2026-04-21 12:05,2026-04-21,799.2,799.2,799.2,799.2,10
RADHI,1min,1776752720,2026-04-21 12:10,2026-04-21,799.2,799.2,798,798,600
RADHI,1min,1776753743,2026-04-21 12:27,2026-04-21,798,798,795.3,795.3,42
RADHI,1min,1776754039,2026-04-21 12:32,2026-04-21,795.3,795.3,795.1,795.1,500
RADHI,1min,1776754557,2026-04-21 12:40,2026-04-21,795.1,795.3,795.1,795.3,30
RADHI,1min,1776754619,2026-04-21 12:41,2026-04-21,795.3,795.3,795.3,795.3,800
RADHI,1min,1776754807,2026-04-21 12:45,2026-04-21,795.3,795.5,795.3,795.5,99
RADHI,1min,1776755149,2026-04-21 12:50,2026-04-21,795.5,795.5,789.8,789.8,10000
RADHI,1min,1776755352,2026-04-21 12:54,2026-04-21,789.8,799.2,789.8,799.2,7000
RADHI,1min,1776755575,2026-04-21 12:57,2026-04-21,799.2,799.2,799.1,799.1,250
RADHI,1min,1776757013,2026-04-21 13:21,2026-04-21,799.1,799.2,799.1,799.2,0
RADHI,1min,1776757391,2026-04-21 13:28,2026-04-21,799.2,800,799.2,800,85
RADHI,1min,1776757697,2026-04-21 13:33,2026-04-21,800,800,800,800,150
RADHI,1min,1776757762,2026-04-21 13:34,2026-04-21,800,800,800,800,50
RADHI,1min,1776757828,2026-04-21 13:35,2026-04-21,800,800,799.2,799.2,10
RADHI,1min,1776757975,2026-04-21 13:37,2026-04-21,799.2,799.2,793,793,1500
RADHI,1min,1776758023,2026-04-21 13:38,2026-04-21,793,793,790.3,790.3,0
RADHI,1min,1776758185,2026-04-21 13:41,2026-04-21,790.3,802,790.3,802,10120
RADHI,1min,1776758311,2026-04-21 13:43,2026-04-21,802,802,790.1,790.1,4510
RADHI,1min,1776758380,2026-04-21 13:44,2026-04-21,790.1,801.9,790.1,801.9,120
RADHI,1min,1776759318,2026-04-21 14:00,2026-04-21,801.9,801.9,800,800,46
RADHI,1min,1776759529,2026-04-21 14:03,2026-04-21,800,800,800,800,40
RADHI,1min,1776760392,2026-04-21 14:18,2026-04-21,800,800,800,800,187
RADHI,1min,1776760874,2026-04-21 14:26,2026-04-21,800,800,793,793,38
RADHI,1min,1776761752,2026-04-21 14:40,2026-04-21,793,794,793,794,100
RADHI,1min,1776761819,2026-04-21 14:41,2026-04-21,794,794,794,794,900
RADHI,1min,1776762091,2026-04-21 14:46,2026-04-21,794,794,793,793,796
RADHI,1min,1776762164,2026-04-21 14:47,2026-04-21,793,793,792.9,792.9,42
RADHI,1min,1776762257,2026-04-21 14:49,2026-04-21,792.9,792.9,792,792,500
RADHI,1min,1776762390,2026-04-21 14:51,2026-04-21,792,792,790.7,790.7,894
RADHI,1min,1776762466,2026-04-21 14:52,2026-04-21,790.7,792.9,790.7,792.9,593
RADHI,1min,1776762648,2026-04-21 14:55,2026-04-21,792.9,792.9,792,792,73
RADHI,1min,1776762706,2026-04-21 14:56,2026-04-21,792,792,790,790,0
RADHI,1min,1776762768,2026-04-21 14:57,2026-04-21,790,790,789,790,4525
RADHI,1min,1776762834,2026-04-21 14:58,2026-04-21,790,790,790,790,2172
RADHI,1min,1776762899,2026-04-21 14:59,2026-04-21,790,794,787.2,794,1067
RADHI,1min,1776834941,2026-04-22 11:00,2026-04-22,790,800,790,800,40
RADHI,1min,1776834979,2026-04-22 11:01,2026-04-22,800,805,800,805,20490
RADHI,1min,1776835080,2026-04-22 11:03,2026-04-22,805,805,783,783,10
RADHI,1min,1776835287,2026-04-22 11:06,2026-04-22,783,785,783,785,2900
RADHI,1min,1776835325,2026-04-22 11:07,2026-04-22,785,785,785,785,600
RADHI,1min,1776835995,2026-04-22 11:18,2026-04-22,785,785,781,781,10000
RADHI,1min,1776836801,2026-04-22 11:31,2026-04-22,781,785.2,781,785.2,200
RADHI,1min,1776836855,2026-04-22 11:32,2026-04-22,785.2,785.2,785.1,785.1,300
RADHI,1min,1776837356,2026-04-22 11:40,2026-04-22,785.1,794.7,785.1,794.7,200
RADHI,1min,1776837385,2026-04-22 11:41,2026-04-22,794.7,794.7,794.7,794.7,100
RADHI,1min,1776837681,2026-04-22 11:46,2026-04-22,794.7,794.7,791,791,165
RADHI,1min,1776837868,2026-04-22 11:49,2026-04-22,791,791,788,788,357
RADHI,1min,1776837995,2026-04-22 11:51,2026-04-22,788,788,787,787,185
RADHI,1min,1776838020,2026-04-22 11:52,2026-04-22,787,787,786,786,130
RADHI,1min,1776838128,2026-04-22 11:53,2026-04-22,786,786,785.2,785.2,610
RADHI,1min,1776838197,2026-04-22 11:54,2026-04-22,785.2,785.2,784,784,740
RADHI,1min,1776838240,2026-04-22 11:55,2026-04-22,784,784,783.5,783.5,1500
RADHI,1min,1776838297,2026-04-22 11:56,2026-04-22,783.5,783.5,783.1,783.1,1253
RADHI,1min,1776838413,2026-04-22 11:58,2026-04-22,783.1,783.1,783,783,600
RADHI,1min,1776838451,2026-04-22 11:59,2026-04-22,783,783,783,783,112
RADHI,1min,1776838851,2026-04-22 12:05,2026-04-22,783,783,782.9,783,110
RADHI,1min,1776838892,2026-04-22 12:06,2026-04-22,783,783.1,783,783.1,100
RADHI,1min,1776839103,2026-04-22 12:10,2026-04-22,783.1,783.1,782.4,782.4,10
RADHI,1min,1776839270,2026-04-22 12:12,2026-04-22,782.4,782.4,782.1,782.1,300
RADHI,1min,1776839307,2026-04-22 12:13,2026-04-22,782.1,782.1,780,780,0
RADHI,1min,1776839383,2026-04-22 12:14,2026-04-22,780,780,780,780,1500
RADHI,1min,1776839452,2026-04-22 12:15,2026-04-22,780,780,780,780,762
RADHI,1min,1776839475,2026-04-22 12:16,2026-04-22,780,780,780,780,20
RADHI,1min,1776839582,2026-04-22 12:18,2026-04-22,780,780,780,780,83
RADHI,1min,1776839653,2026-04-22 12:19,2026-04-22,780,780,777,777,110
RADHI,1min,1776839718,2026-04-22 12:20,2026-04-22,777,777,777,777,940
RADHI,1min,1776839799,2026-04-22 12:21,2026-04-22,777,777,777,777,100
RADHI,1min,1776839859,2026-04-22 12:22,2026-04-22,777,777,777,777,1070
RADHI,1min,1776839944,2026-04-22 12:24,2026-04-22,777,777,777,777,1990
RADHI,1min,1776840040,2026-04-22 12:25,2026-04-22,777,777,777,777,1000
RADHI,1min,1776840093,2026-04-22 12:26,2026-04-22,777,777,776.2,776.2,30
RADHI,1min,1776840132,2026-04-22 12:27,2026-04-22,776.2,777,776.2,777,20
RADHI,1min,1776840189,2026-04-22 12:28,2026-04-22,777,777,777,777,0
RADHI,1min,1776840271,2026-04-22 12:29,2026-04-22,777,777,777,777,1580
RADHI,1min,1776840330,2026-04-22 12:30,2026-04-22,777,777,777,777,350
RADHI,1min,1776840417,2026-04-22 12:31,2026-04-22,777,777,777,777,1330
RADHI,1min,1776840513,2026-04-22 12:33,2026-04-22,777,779,777,779,29
RADHI,1min,1776840584,2026-04-22 12:34,2026-04-22,779,780,779,780,277
RADHI,1min,1776840677,2026-04-22 12:36,2026-04-22,780,781,780,781,693
RADHI,1min,1776840749,2026-04-22 12:37,2026-04-22,781,781,781,781,2700
RADHI,1min,1776840801,2026-04-22 12:38,2026-04-22,781,781,780,780,1471
RADHI,1min,1776840841,2026-04-22 12:39,2026-04-22,780,780,779.1,779.1,529
RADHI,1min,1776840967,2026-04-22 12:41,2026-04-22,779.1,780,779.1,780,100
RADHI,1min,1776841071,2026-04-22 12:42,2026-04-22,780,785,780,785,104
RADHI,1min,1776841178,2026-04-22 12:44,2026-04-22,785,785,779.1,779.1,200
RADHI,1min,1776841361,2026-04-22 12:47,2026-04-22,779.1,779.1,779,779,200
RADHI,1min,1776841535,2026-04-22 12:50,2026-04-22,779,780,779,780,0
RADHI,1min,1776841739,2026-04-22 12:53,2026-04-22,780,780,780,780,250
RADHI,1min,1776841948,2026-04-22 12:57,2026-04-22,780,782,780,782,0
RADHI,1min,1776842147,2026-04-22 13:00,2026-04-22,782,782,782,782,247
RADHI,1min,1776842205,2026-04-22 13:01,2026-04-22,782,782,782,782,20
RADHI,1min,1776842268,2026-04-22 13:02,2026-04-22,782,782.1,782,782.1,20
RADHI,1min,1776842523,2026-04-22 13:07,2026-04-22,782.1,782.1,782,782,100
RADHI,1min,1776842902,2026-04-22 13:13,2026-04-22,782,782,782,782,75
RADHI,1min,1776843049,2026-04-22 13:15,2026-04-22,782,782,782,782,20
RADHI,1min,1776843234,2026-04-22 13:18,2026-04-22,782,782,780,780,200
RADHI,1min,1776843629,2026-04-22 13:25,2026-04-22,780,784,780,784,500
RADHI,1min,1776843765,2026-04-22 13:27,2026-04-22,784,784,780.4,780.4,1603
RADHI,1min,1776843787,2026-04-22 13:28,2026-04-22,780.4,780.4,780.2,780.2,397
RADHI,1min,1776843900,2026-04-22 13:30,2026-04-22,780.2,784.9,780.2,784.9,200
RADHI,1min,1776843980,2026-04-22 13:31,2026-04-22,784.9,784.9,780.2,780.2,14
RADHI,1min,1776844196,2026-04-22 13:34,2026-04-22,780.2,780.2,780,780,1490
RADHI,1min,1776844548,2026-04-22 13:40,2026-04-22,780,780,776,776,4080
RADHI,1min,1776844597,2026-04-22 13:41,2026-04-22,776,776,775,775.1,6204
RADHI,1min,1776844872,2026-04-22 13:46,2026-04-22,775.1,776,775.1,776,12
RADHI,1min,1776845506,2026-04-22 13:56,2026-04-22,776,779,776,779,550
RADHI,1min,1776845569,2026-04-22 13:57,2026-04-22,779,782,779,782,300
RADHI,1min,1776845979,2026-04-22 14:04,2026-04-22,782,782,781,781,200
RADHI,1min,1776846000,2026-04-22 14:05,2026-04-22,781,781,781,781,20
RADHI,1min,1776846154,2026-04-22 14:07,2026-04-22,781,781,781,781,0
RADHI,1min,1776846231,2026-04-22 14:08,2026-04-22,781,781,781,781,80
RADHI,1min,1776846400,2026-04-22 14:11,2026-04-22,781,785,781,785,2685
RADHI,1min,1776846438,2026-04-22 14:12,2026-04-22,785,788,785,788,0
RADHI,1min,1776847240,2026-04-22 14:25,2026-04-22,788,788,782,782,2210
RADHI,1min,1776847429,2026-04-22 14:28,2026-04-22,782,782,782,782,2500
RADHI,1min,1776847859,2026-04-22 14:35,2026-04-22,782,782,782,782,1000
RADHI,1min,1776848095,2026-04-22 14:39,2026-04-22,782,793.9,782,793.9,3061
RADHI,1min,1776848159,2026-04-22 14:40,2026-04-22,793.9,795,793.9,795,5000
RADHI,1min,1776848338,2026-04-22 14:43,2026-04-22,795,799,795,799,970
RADHI,1min,1776848516,2026-04-22 14:46,2026-04-22,799,800,798,800,2597
RADHI,1min,1776848627,2026-04-22 14:48,2026-04-22,800,800,800,800,147
RADHI,1min,1776848697,2026-04-22 14:49,2026-04-22,800,800,800,800,200
RADHI,1min,1776848851,2026-04-22 14:52,2026-04-22,800,804,800,801,2327
RADHI,1min,1776848912,2026-04-22 14:53,2026-04-22,801,805,801,805,1040
RADHI,1min,1776848975,2026-04-22 14:54,2026-04-22,805,805.3,803,803,345
RADHI,1min,1776849054,2026-04-22 14:55,2026-04-22,803,805,800,800,1906
RADHI,1min,1776849099,2026-04-22 14:56,2026-04-22,800,803,800,803,10
RADHI,1min,1776849222,2026-04-22 14:58,2026-04-22,803,803,795,795,0
RADHI,1min,1776849299,2026-04-22 14:59,2026-04-22,795,803,793,803,4297
RADHI,1min,1776921300,2026-04-23 11:00,2026-04-23,762.9,762.9,762.9,762.9,0
RADHI,1min,1776921652,2026-04-23 11:05,2026-04-23,762.9,824,762.9,824,150
RADHI,1min,1776921769,2026-04-23 11:07,2026-04-23,824,824,801,809.2,84
RADHI,1min,1776921818,2026-04-23 11:08,2026-04-23,809.2,814.9,800,800,40
RADHI,1min,1776922367,2026-04-23 11:17,2026-04-23,800,800,800,800,50
RADHI,1min,1776922486,2026-04-23 11:19,2026-04-23,800,800,790,790,1000
RADHI,1min,1776923145,2026-04-23 11:30,2026-04-23,790,790.3,790,790.3,100
RADHI,1min,1776923587,2026-04-23 11:38,2026-04-23,790.3,790.3,790.1,790.1,10
RADHI,1min,1776923957,2026-04-23 11:44,2026-04-23,790.1,790.1,790,790,1818
RADHI,1min,1776924194,2026-04-23 11:48,2026-04-23,790,790,787,787,10
RADHI,1min,1776924443,2026-04-23 11:52,2026-04-23,787,787,786.3,786.3,532
RADHI,1min,1776924943,2026-04-23 12:00,2026-04-23,786.3,787,786.3,787,10
RADHI,1min,1776925002,2026-04-23 12:01,2026-04-23,787,787,785,785,1964
RADHI,1min,1776925073,2026-04-23 12:02,2026-04-23,785,785,785,785,20
RADHI,1min,1776925475,2026-04-23 12:09,2026-04-23,785,785,784.1,784.1,100
RADHI,1min,1776925637,2026-04-23 12:12,2026-04-23,784.1,785,784.1,785,210
RADHI,1min,1776925745,2026-04-23 12:14,2026-04-23,785,785,785,785,60
RADHI,1min,1776925813,2026-04-23 12:15,2026-04-23,785,785,785,785,1030
RADHI,1min,1776926081,2026-04-23 12:19,2026-04-23,785,785.1,785,785.1,100
RADHI,1min,1776926282,2026-04-23 12:23,2026-04-23,785.1,785.2,785.1,785.2,500
RADHI,1min,1776927271,2026-04-23 12:39,2026-04-23,785.2,794.7,785.2,794.7,400
RADHI,1min,1776927500,2026-04-23 12:43,2026-04-23,794.7,794.7,787.1,787.1,1000
RADHI,1min,1776927762,2026-04-23 12:47,2026-04-23,787.1,793,787.1,787.1,262
RADHI,1min,1776928311,2026-04-23 12:56,2026-04-23,787.1,793,787.1,793,0
RADHI,1min,1776928328,2026-04-23 12:57,2026-04-23,793,793,793,793,245
RADHI,1min,1776928452,2026-04-23 12:59,2026-04-23,793,793,793,793,500
RADHI,1min,1776928677,2026-04-23 13:02,2026-04-23,793,793,789.1,789.1,3970
RADHI,1min,1776928871,2026-04-23 13:06,2026-04-23,789.1,804,788.5,788.5,5000
RADHI,1min,1776929120,2026-04-23 13:10,2026-04-23,788.5,805,788.5,805,45
RADHI,1min,1776929510,2026-04-23 13:16,2026-04-23,805,805,804.9,804.9,1750
RADHI,1min,1776930153,2026-04-23 13:27,2026-04-23,804.9,804.9,790,790,2958
RADHI,1min,1776930415,2026-04-23 13:31,2026-04-23,790,790,788.7,788.7,470
RADHI,1min,1776930620,2026-04-23 13:35,2026-04-23,788.7,788.7,788.5,788.5,1530
RADHI,1min,1776931342,2026-04-23 13:47,2026-04-23,788.5,788.5,788.5,788.5,650
RADHI,1min,1776932277,2026-04-23 14:02,2026-04-23,788.5,788.5,788.5,788.5,200
RADHI,1min,1776932474,2026-04-23 14:06,2026-04-23,788.5,788.5,785,785,4830
RADHI,1min,1776932562,2026-04-23 14:07,2026-04-23,785,785,785,785,170
RADHI,1min,1776932922,2026-04-23 14:13,2026-04-23,785,794,785,794,100
RADHI,1min,1776933285,2026-04-23 14:19,2026-04-23,794,794,785,785,100
RADHI,1min,1776933702,2026-04-23 14:26,2026-04-23,785,794,785,794,0
RADHI,1min,1776933754,2026-04-23 14:27,2026-04-23,794,794,786.1,786.1,10
RADHI,1min,1776933803,2026-04-23 14:28,2026-04-23,786.1,794,786.1,794,110
RADHI,1min,1776934355,2026-04-23 14:37,2026-04-23,794,794,794,794,300
RADHI,1min,1776934466,2026-04-23 14:39,2026-04-23,794,795,794,795,10
RADHI,1min,1776934542,2026-04-23 14:40,2026-04-23,795,795,795,795,20
RADHI,1min,1776934580,2026-04-23 14:41,2026-04-23,795,795.9,795,795.9,185
RADHI,1min,1776934729,2026-04-23 14:43,2026-04-23,795.9,795.9,786.1,786.1,295
RADHI,1min,1776934757,2026-04-23 14:44,2026-04-23,786.1,786.1,780,780,0
RADHI,1min,1776934809,2026-04-23 14:45,2026-04-23,780,780,780,780,0
RADHI,1min,1776935077,2026-04-23 14:49,2026-04-23,780,780,780,780,11386
RADHI,1min,1776935149,2026-04-23 14:50,2026-04-23,780,794.9,779.1,779.1,1310
RADHI,1min,1776935201,2026-04-23 14:51,2026-04-23,779.1,780,779.1,780,130
RADHI,1min,1776935328,2026-04-23 14:53,2026-04-23,780,790,780,790,10
RADHI,1min,1776935515,2026-04-23 14:56,2026-04-23,790,790,786,786,10
RADHI,1min,1776935530,2026-04-23 14:57,2026-04-23,786,790,786,790,10
RADHI,1min,1776935699,2026-04-23 14:59,2026-04-23,790,790,781,789,1171
RADHI,1min,1777007700,2026-04-24 11:00,2026-04-24,795,795,795,795,0
RADHI,1min,1777008474,2026-04-24 11:12,2026-04-24,795,795,775.2,775.2,300
RADHI,1min,1777008538,2026-04-24 11:13,2026-04-24,775.2,775.2,775.2,775.2,20
RADHI,1min,1777008551,2026-04-24 11:14,2026-04-24,775.2,775.2,775.1,775.1,500
RADHI,1min,1777008619,2026-04-24 11:15,2026-04-24,775.1,775.1,775,775,200
RADHI,1min,1777008662,2026-04-24 11:16,2026-04-24,775,775,775,775,370
RADHI,1min,1777008722,2026-04-24 11:17,2026-04-24,775,775,775,775,70
RADHI,1min,1777008787,2026-04-24 11:18,2026-04-24,775,775,775,775,265
RADHI,1min,1777008996,2026-04-24 11:21,2026-04-24,775,775,775,775,150
RADHI,1min,1777009071,2026-04-24 11:22,2026-04-24,775,775,775,775,60
RADHI,1min,1777009783,2026-04-24 11:34,2026-04-24,775,780.1,775,780.1,500
RADHI,1min,1777009824,2026-04-24 11:35,2026-04-24,780.1,780.2,780.1,780.2,130
RADHI,1min,1777009966,2026-04-24 11:37,2026-04-24,780.2,783,780.2,783,0
RADHI,1min,1777010033,2026-04-24 11:38,2026-04-24,783,783,780.5,780.5,90
RADHI,1min,1777010095,2026-04-24 11:39,2026-04-24,780.5,780.5,780.1,780.1,50
RADHI,1min,1777010318,2026-04-24 11:43,2026-04-24,780.1,783,780.1,783,540
RADHI,1min,1777010440,2026-04-24 11:45,2026-04-24,783,783,780,780,150
RADHI,1min,1777010574,2026-04-24 11:47,2026-04-24,780,780,778,778,50
RADHI,1min,1777010589,2026-04-24 11:48,2026-04-24,778,778,778,778,100
RADHI,1min,1777010653,2026-04-24 11:49,2026-04-24,778,779,778,779,50
RADHI,1min,1777010744,2026-04-24 11:50,2026-04-24,779,779,778,778,100
RADHI,1min,1777010956,2026-04-24 11:54,2026-04-24,778,778,778,778,20
RADHI,1min,1777011272,2026-04-24 11:59,2026-04-24,778,781,778,781,10
RADHI,1min,1777011408,2026-04-24 12:01,2026-04-24,781,781,780,780,20
RADHI,1min,1777011894,2026-04-24 12:09,2026-04-24,780,784,780,784,510
RADHI,1min,1777012071,2026-04-24 12:12,2026-04-24,784,784,784,784,80
RADHI,1min,1777012334,2026-04-24 12:17,2026-04-24,784,784,781,781,85
RADHI,1min,1777012671,2026-04-24 12:22,2026-04-24,781,785,781,785,1975
RADHI,1min,1777012684,2026-04-24 12:23,2026-04-24,785,785,785,785,735
RADHI,1min,1777012912,2026-04-24 12:26,2026-04-24,785,786,785,786,0
RADHI,1min,1777012953,2026-04-24 12:27,2026-04-24,786,787.5,786,787.5,865
RADHI,1min,1777013046,2026-04-24 12:29,2026-04-24,787.5,788,787.5,788,845
RADHI,1min,1777013257,2026-04-24 12:32,2026-04-24,788,788,788,788,0
RADHI,1min,1777013396,2026-04-24 12:34,2026-04-24,788,790,788,790,1301
RADHI,1min,1777013714,2026-04-24 12:40,2026-04-24,790,790,789,789,140
RADHI,1min,1777014279,2026-04-24 12:49,2026-04-24,789,789,788.2,788.2,0
RADHI,1min,1777014320,2026-04-24 12:50,2026-04-24,788.2,790,788,790,0
RADHI,1min,1777014575,2026-04-24 12:54,2026-04-24,790,790,786,786,1033
RADHI,1min,1777014709,2026-04-24 12:56,2026-04-24,786,786,784.2,784.2,1886
RADHI,1min,1777015161,2026-04-24 13:04,2026-04-24,784.2,790,784.2,790,3000
RADHI,1min,1777016423,2026-04-24 13:25,2026-04-24,790,792,790,792,3000
RADHI,1min,1777017990,2026-04-24 13:51,2026-04-24,792,792,781.5,781.5,400
RADHI,1min,1777018210,2026-04-24 13:55,2026-04-24,781.5,781.6,781.5,781.6,0
RADHI,1min,1777018657,2026-04-24 14:02,2026-04-24,781.6,782,781.6,782,58
RADHI,1min,1777018863,2026-04-24 14:06,2026-04-24,782,782,781.6,781.6,229
RADHI,1min,1777019759,2026-04-24 14:20,2026-04-24,781.6,781.6,781.5,781.5,1000
RADHI,1min,1777019831,2026-04-24 14:22,2026-04-24,781.5,781.5,781.4,781.4,500
RADHI,1min,1777020041,2026-04-24 14:25,2026-04-24,781.4,782,781.4,782,275
RADHI,1min,1777020149,2026-04-24 14:27,2026-04-24,782,782,782,782,700
RADHI,1min,1777020311,2026-04-24 14:30,2026-04-24,782,782,782,782,25
RADHI,1min,1777020601,2026-04-24 14:35,2026-04-24,782,782,780.2,780.2,0
RADHI,1min,1777020777,2026-04-24 14:37,2026-04-24,780.2,783,780.2,783,530
RADHI,1min,1777020809,2026-04-24 14:38,2026-04-24,783,784,783,784,0
RADHI,1min,1777020946,2026-04-24 14:40,2026-04-24,784,784,780,780,130
RADHI,1min,1777021065,2026-04-24 14:42,2026-04-24,780,780,780,780,1300
RADHI,1min,1777021293,2026-04-24 14:46,2026-04-24,780,780,779,779,500
RADHI,1min,1777021328,2026-04-24 14:47,2026-04-24,779,779,778.4,778.4,1200
RADHI,1min,1777021534,2026-04-24 14:50,2026-04-24,778.4,782,778.4,782,10
RADHI,1min,1777021607,2026-04-24 14:51,2026-04-24,782,783.9,782,783.9,3000
RADHI,1min,1777021649,2026-04-24 14:52,2026-04-24,783.9,783.9,778.4,783.9,610
RADHI,1min,1777021751,2026-04-24 14:54,2026-04-24,783.9,783.9,783.9,783.9,0
RADHI,1min,1777021903,2026-04-24 14:56,2026-04-24,783.9,783.9,780,783.9,530
RADHI,1min,1777021959,2026-04-24 14:57,2026-04-24,783.9,783.9,780.5,780.5,0
RADHI,1min,1777022030,2026-04-24 14:58,2026-04-24,780.5,783,780.5,783,397
RADHI,1min,1777022099,2026-04-24 14:59,2026-04-24,783,790,782,790,5805
RADHI,1min,1777266900,2026-04-27 11:00,2026-04-27,802.3,802.3,802.3,802.3,30
RADHI,1min,1777267609,2026-04-27 11:11,2026-04-27,802.3,802.3,790,790,10
RADHI,1min,1777268408,2026-04-27 11:25,2026-04-27,790,795,790,795,50
RADHI,1min,1777268744,2026-04-27 11:30,2026-04-27,795,795,790,790,12
RADHI,1min,1777268795,2026-04-27 11:31,2026-04-27,790,790,789,789,45
RADHI,1min,1777269456,2026-04-27 11:42,2026-04-27,789,789,785,785,500
RADHI,1min,1777269969,2026-04-27 11:51,2026-04-27,785,785,785,785,15
RADHI,1min,1777270040,2026-04-27 11:52,2026-04-27,785,794,785,794,250
RADHI,1min,1777270549,2026-04-27 12:00,2026-04-27,794,794,793.9,793.9,0
RADHI,1min,1777270721,2026-04-27 12:03,2026-04-27,793.9,793.9,790,790,335
RADHI,1min,1777272736,2026-04-27 12:37,2026-04-27,790,791,790,791,100
RADHI,1min,1777273013,2026-04-27 12:41,2026-04-27,791,791,780,791,340
RADHI,1min,1777274257,2026-04-27 13:02,2026-04-27,791,791,784.2,790.9,70
RADHI,1min,1777274557,2026-04-27 13:07,2026-04-27,790.9,790.9,783.1,783.1,0
RADHI,1min,1777274876,2026-04-27 13:12,2026-04-27,783.1,785,783.1,785,1448
RADHI,1min,1777274895,2026-04-27 13:13,2026-04-27,785,785,785,785,10
RADHI,1min,1777275355,2026-04-27 13:20,2026-04-27,785,785,785,785,20
RADHI,1min,1777275704,2026-04-27 13:26,2026-04-27,785,789,785,789,490
RADHI,1min,1777275750,2026-04-27 13:27,2026-04-27,789,790,789,790,432
RADHI,1min,1777275886,2026-04-27 13:29,2026-04-27,790,790,790,790,352
RADHI,1min,1777276287,2026-04-27 13:36,2026-04-27,790,790,790,790,285
RADHI,1min,1777276382,2026-04-27 13:38,2026-04-27,790,790.9,790,790.9,85
RADHI,1min,1777276494,2026-04-27 13:39,2026-04-27,790.9,790.9,790,790,15
RADHI,1min,1777276887,2026-04-27 13:46,2026-04-27,790,790,790,790,10
RADHI,1min,1777277320,2026-04-27 13:53,2026-04-27,790,790,790,790,10
RADHI,1min,1777277781,2026-04-27 14:01,2026-04-27,790,790,789,789,113
RADHI,1min,1777278094,2026-04-27 14:06,2026-04-27,789,789,788,788,0
RADHI,1min,1777278685,2026-04-27 14:16,2026-04-27,788,788,787,787,226
RADHI,1min,1777279179,2026-04-27 14:24,2026-04-27,787,787,784.6,784.6,319
RADHI,1min,1777279317,2026-04-27 14:26,2026-04-27,784.6,784.6,784.5,784.5,161
RADHI,1min,1777279356,2026-04-27 14:27,2026-04-27,784.5,784.5,783,783,900
RADHI,1min,1777279464,2026-04-27 14:29,2026-04-27,783,783,783,783,120
RADHI,1min,1777280075,2026-04-27 14:39,2026-04-27,783,783.3,783,783.3,50
RADHI,1min,1777280356,2026-04-27 14:44,2026-04-27,783.3,784,783.3,784,13
RADHI,1min,1777280583,2026-04-27 14:48,2026-04-27,784,785,784,785,10
RADHI,1min,1777280731,2026-04-27 14:50,2026-04-27,785,785,784,784,500
RADHI,1min,1777280863,2026-04-27 14:52,2026-04-27,784,784,784,784,145
RADHI,1min,1777281034,2026-04-27 14:55,2026-04-27,784,784,783.3,783.3,432
RADHI,1min,1777281127,2026-04-27 14:57,2026-04-27,783.3,783.3,782,782,1700
RADHI,1min,1777281234,2026-04-27 14:58,2026-04-27,782,783,782,782,670
RADHI,1min,1777281299,2026-04-27 14:59,2026-04-27,782,789,782,789,2635
RADHI,1min,1777353300,2026-04-28 11:00,2026-04-28,775.5,775.5,775.5,775.5,0
RADHI,1min,1777353630,2026-04-28 11:05,2026-04-28,775.5,798,775.5,798,250
RADHI,1min,1777354172,2026-04-28 11:14,2026-04-28,798,798,797,797,0
RADHI,1min,1777354500,2026-04-28 11:20,2026-04-28,797,797,795,795,210
RADHI,1min,1777354660,2026-04-28 11:22,2026-04-28,795,795,781.5,781.5,50
RADHI,1min,1777354828,2026-04-28 11:25,2026-04-28,781.5,781.7,781.5,781.7,0
RADHI,1min,1777354877,2026-04-28 11:26,2026-04-28,781.7,782,781.7,782,20
RADHI,1min,1777355088,2026-04-28 11:29,2026-04-28,782,783,782,783,190
RADHI,1min,1777355108,2026-04-28 11:30,2026-04-28,783,783,782.3,782.3,110
RADHI,1min,1777355790,2026-04-28 11:41,2026-04-28,782.3,789,782,789,1353
RADHI,1min,1777355824,2026-04-28 11:42,2026-04-28,789,790,789,790,0
RADHI,1min,1777355903,2026-04-28 11:43,2026-04-28,790,790,790,790,10092
RADHI,1min,1777356354,2026-04-28 11:50,2026-04-28,790,790,780,780,1345
RADHI,1min,1777356653,2026-04-28 11:55,2026-04-28,780,780,778,778,755
RADHI,1min,1777357012,2026-04-28 12:01,2026-04-28,778,785,778,785,380
RADHI,1min,1777357166,2026-04-28 12:04,2026-04-28,785,785,778.1,778.1,17
RADHI,1min,1777357297,2026-04-28 12:06,2026-04-28,778.1,778.1,778.1,778.1,10
RADHI,1min,1777357480,2026-04-28 12:09,2026-04-28,778.1,778.1,778.1,778.1,10
RADHI,1min,1777359532,2026-04-28 12:43,2026-04-28,778.1,780.2,778.1,780.2,276
RADHI,1min,1777359600,2026-04-28 12:45,2026-04-28,780.2,780.2,780,780,3500
RADHI,1min,1777359664,2026-04-28 12:46,2026-04-28,780,780,780,780,0
RADHI,1min,1777360275,2026-04-28 12:56,2026-04-28,780,780,780,780,120
RADHI,1min,1777360499,2026-04-28 12:59,2026-04-28,780,780,780,780,200
RADHI,1min,1777360586,2026-04-28 13:01,2026-04-28,780,780,779,779,112
RADHI,1min,1777360630,2026-04-28 13:02,2026-04-28,779,779,778.1,778.1,1125
RADHI,1min,1777362095,2026-04-28 13:26,2026-04-28,778.1,780,778.1,780,4465
RADHI,1min,1777362576,2026-04-28 13:34,2026-04-28,780,780,778.5,778.5,0
RADHI,1min,1777362647,2026-04-28 13:35,2026-04-28,778.5,780,778.5,780,530
RADHI,1min,1777362910,2026-04-28 13:40,2026-04-28,780,780,780,780,60
RADHI,1min,1777363147,2026-04-28 13:44,2026-04-28,780,780,778,778,500
RADHI,1min,1777363340,2026-04-28 13:47,2026-04-28,778,778,778,778,70
RADHI,1min,1777363605,2026-04-28 13:51,2026-04-28,778,780,778,780,0
RADHI,1min,1777363855,2026-04-28 13:55,2026-04-28,780,780,777,777,800
RADHI,1min,1777363876,2026-04-28 13:56,2026-04-28,777,777,777,777,620
RADHI,1min,1777363946,2026-04-28 13:57,2026-04-28,777,777,776,776,10000
RADHI,1min,1777364019,2026-04-28 13:58,2026-04-28,776,777,776,777,1000
RADHI,1min,1777364142,2026-04-28 14:00,2026-04-28,777,777,776.1,776.1,175
RADHI,1min,1777364266,2026-04-28 14:02,2026-04-28,776.1,777,776.1,777,500
RADHI,1min,1777364308,2026-04-28 14:03,2026-04-28,777,777,777,777,500
RADHI,1min,1777364410,2026-04-28 14:05,2026-04-28,777,777,776,776,50
RADHI,1min,1777364584,2026-04-28 14:08,2026-04-28,776,776,776,776,1000
RADHI,1min,1777364695,2026-04-28 14:09,2026-04-28,776,776,776,776,0
RADHI,1min,1777364707,2026-04-28 14:10,2026-04-28,776,776,776,776,1680
RADHI,1min,1777364817,2026-04-28 14:11,2026-04-28,776,776,775.5,775.5,10
RADHI,1min,1777364908,2026-04-28 14:13,2026-04-28,775.5,775.5,775.5,775.5,2075
RADHI,1min,1777365054,2026-04-28 14:15,2026-04-28,775.5,776,775.5,776,0
RADHI,1min,1777365099,2026-04-28 14:16,2026-04-28,776,776,776,776,190
RADHI,1min,1777365198,2026-04-28 14:18,2026-04-28,776,776,776,776,567
RADHI,1min,1777365716,2026-04-28 14:26,2026-04-28,776,779,776,776,3010
RADHI,1min,1777365869,2026-04-28 14:29,2026-04-28,776,776.2,776,776.2,0
RADHI,1min,1777366446,2026-04-28 14:39,2026-04-28,776.2,776.5,776.2,776.5,215
RADHI,1min,1777366621,2026-04-28 14:42,2026-04-28,776.5,779,776.5,779,20
RADHI,1min,1777366718,2026-04-28 14:43,2026-04-28,779,779,776,776,700
RADHI,1min,1777366837,2026-04-28 14:45,2026-04-28,776,778,776,778,10
RADHI,1min,1777366910,2026-04-28 14:46,2026-04-28,778,779,778,779,40
RADHI,1min,1777367028,2026-04-28 14:48,2026-04-28,779,779,779,779,30
RADHI,1min,1777367079,2026-04-28 14:49,2026-04-28,779,779,779,779,0
RADHI,1min,1777367109,2026-04-28 14:50,2026-04-28,779,779,779,779,20
RADHI,1min,1777367219,2026-04-28 14:51,2026-04-28,779,779,776,778,3332
RADHI,1min,1777367260,2026-04-28 14:52,2026-04-28,778,779,776,776,130
RADHI,1min,1777367293,2026-04-28 14:53,2026-04-28,776,779,776,779,180
RADHI,1min,1777367387,2026-04-28 14:54,2026-04-28,779,779,775.2,775.2,1200
RADHI,1min,1777367431,2026-04-28 14:55,2026-04-28,775.2,779,775.1,779,2050
RADHI,1min,1777367577,2026-04-28 14:57,2026-04-28,779,779,779,779,40
RADHI,1min,1777367619,2026-04-28 14:58,2026-04-28,779,779,778.9,778.9,20
RADHI,1min,1777367699,2026-04-28 14:59,2026-04-28,778.9,780,778.9,780,851
RADHI,1min,1777440134,2026-04-29 11:07,2026-04-29,775,775,775,775,70
RADHI,1min,1777440486,2026-04-29 11:13,2026-04-29,775,775,771,771,125
RADHI,1min,1777440596,2026-04-29 11:14,2026-04-29,771,771,767.5,767.5,437
RADHI,1min,1777440658,2026-04-29 11:15,2026-04-29,767.5,768,767.5,768,81
RADHI,1min,1777440679,2026-04-29 11:16,2026-04-29,768,771,768,771,10
RADHI,1min,1777440767,2026-04-29 11:17,2026-04-29,771,771,771,771,0
RADHI,1min,1777440816,2026-04-29 11:18,2026-04-29,771,775,771,775,625
RADHI,1min,1777440949,2026-04-29 11:20,2026-04-29,775,775,771,771,0
RADHI,1min,1777440995,2026-04-29 11:21,2026-04-29,771,775,771,775,80
RADHI,1min,1777441134,2026-04-29 11:23,2026-04-29,775,775,771,771,72
RADHI,1min,1777441218,2026-04-29 11:25,2026-04-29,771,771,771,771,20
RADHI,1min,1777441268,2026-04-29 11:26,2026-04-29,771,771,771,771,100
RADHI,1min,1777441341,2026-04-29 11:27,2026-04-29,771,775,771,775,0
RADHI,1min,1777441519,2026-04-29 11:30,2026-04-29,775,775,769,769,510
RADHI,1min,1777441617,2026-04-29 11:31,2026-04-29,769,769,768.1,768.1,43
RADHI,1min,1777441661,2026-04-29 11:32,2026-04-29,768.1,775,768.1,775,410
RADHI,1min,1777441869,2026-04-29 11:36,2026-04-29,775,775,770,770,15
RADHI,1min,1777441996,2026-04-29 11:38,2026-04-29,770,773,770,773,10
RADHI,1min,1777442301,2026-04-29 11:43,2026-04-29,773,773,770,770,10
RADHI,1min,1777442519,2026-04-29 11:46,2026-04-29,770,770,770,770,75
RADHI,1min,1777442573,2026-04-29 11:47,2026-04-29,770,770,770,770,600
RADHI,1min,1777442629,2026-04-29 11:48,2026-04-29,770,770,770,770,100
RADHI,1min,1777442699,2026-04-29 11:49,2026-04-29,770,770,770,770,50
RADHI,1min,1777442705,2026-04-29 11:50,2026-04-29,770,770,770,770,500
RADHI,1min,1777442786,2026-04-29 11:51,2026-04-29,770,770,770,770,350
RADHI,1min,1777442849,2026-04-29 11:52,2026-04-29,770,772,770,772,0
RADHI,1min,1777443231,2026-04-29 11:58,2026-04-29,772,772,768.6,772,520
RADHI,1min,1777443749,2026-04-29 12:07,2026-04-29,772,772,770,770,387
RADHI,1min,1777443788,2026-04-29 12:08,2026-04-29,770,772,770,772,10
RADHI,1min,1777443906,2026-04-29 12:10,2026-04-29,772,772,770,770,113
RADHI,1min,1777444112,2026-04-29 12:13,2026-04-29,770,770,770,770,0
RADHI,1min,1777444187,2026-04-29 12:14,2026-04-29,770,770,770,770,70
RADHI,1min,1777444497,2026-04-29 12:19,2026-04-29,770,770,770,770,100
RADHI,1min,1777444552,2026-04-29 12:20,2026-04-29,770,770,770,770,100
RADHI,1min,1777444619,2026-04-29 12:21,2026-04-29,770,770,768.1,768.1,1117
RADHI,1min,1777444662,2026-04-29 12:22,2026-04-29,768.1,770,768.1,770,510
RADHI,1min,1777444853,2026-04-29 12:25,2026-04-29,770,770,768.6,768.6,158
RADHI,1min,1777444919,2026-04-29 12:26,2026-04-29,768.6,770,768.6,770,0
RADHI,1min,1777445072,2026-04-29 12:29,2026-04-29,770,770,769,770,1084
RADHI,1min,1777445121,2026-04-29 12:30,2026-04-29,770,770,770,770,500
RADHI,1min,1777445297,2026-04-29 12:33,2026-04-29,770,770,770,770,2000
RADHI,1min,1777445686,2026-04-29 12:39,2026-04-29,770,770,767,770,150
RADHI,1min,1777445704,2026-04-29 12:40,2026-04-29,770,770,768,768,1000
RADHI,1min,1777445807,2026-04-29 12:41,2026-04-29,768,770,768,770,10
RADHI,1min,1777445864,2026-04-29 12:42,2026-04-29,770,770,765,769,7810
RADHI,1min,1777446347,2026-04-29 12:50,2026-04-29,769,769,762,762,5000
RADHI,1min,1777446397,2026-04-29 12:51,2026-04-29,762,767,762,767,10
RADHI,1min,1777446702,2026-04-29 12:56,2026-04-29,767,767,760.3,760.3,900
RADHI,1min,1777446779,2026-04-29 12:57,2026-04-29,760.3,767,760.3,761,110
RADHI,1min,1777446820,2026-04-29 12:58,2026-04-29,761,761,761,761,400
RADHI,1min,1777446840,2026-04-29 12:59,2026-04-29,761,761,760,760,1500
RADHI,1min,1777446912,2026-04-29 13:00,2026-04-29,760,760,760,760,0
RADHI,1min,1777446999,2026-04-29 13:01,2026-04-29,760,767,760,767,46
RADHI,1min,1777447373,2026-04-29 13:07,2026-04-29,767,767,767,767,3000
RADHI,1min,1777448438,2026-04-29 13:25,2026-04-29,767,767,765,765,380
RADHI,1min,1777448500,2026-04-29 13:26,2026-04-29,765,765,763,763,1050
RADHI,1min,1777448629,2026-04-29 13:28,2026-04-29,763,763,762,762,170
RADHI,1min,1777448642,2026-04-29 13:29,2026-04-29,762,762,761.6,761.6,500
RADHI,1min,1777448722,2026-04-29 13:30,2026-04-29,761.6,765,761.6,765,10
RADHI,1min,1777449279,2026-04-29 13:39,2026-04-29,765,765,762,762,94
RADHI,1min,1777449332,2026-04-29 13:40,2026-04-29,762,765,762,765,10
RADHI,1min,1777449701,2026-04-29 13:46,2026-04-29,765,765,765,765,100
RADHI,1min,1777450369,2026-04-29 13:57,2026-04-29,765,767,765,767,1864
RADHI,1min,1777450689,2026-04-29 14:03,2026-04-29,767,767,763,763,0
RADHI,1min,1777450845,2026-04-29 14:05,2026-04-29,763,767,763,767,24
RADHI,1min,1777450888,2026-04-29 14:06,2026-04-29,767,767,767,767,10
RADHI,1min,1777451562,2026-04-29 14:17,2026-04-29,767,767,763.5,763.5,1000
RADHI,1min,1777451622,2026-04-29 14:18,2026-04-29,763.5,767,763.5,767,10
RADHI,1min,1777451730,2026-04-29 14:20,2026-04-29,767,767,763.1,763.1,0
RADHI,1min,1777451832,2026-04-29 14:22,2026-04-29,763.1,767,763.1,767,310
RADHI,1min,1777451962,2026-04-29 14:24,2026-04-29,767,767,766,766,500
RADHI,1min,1777452020,2026-04-29 14:25,2026-04-29,766,766,765,765,300
RADHI,1min,1777452100,2026-04-29 14:26,2026-04-29,765,765,763.1,763.1,700
RADHI,1min,1777452128,2026-04-29 14:27,2026-04-29,763.1,766,763.1,766,1500
RADHI,1min,1777452352,2026-04-29 14:30,2026-04-29,766,766,765,765,60
RADHI,1min,1777452533,2026-04-29 14:33,2026-04-29,765,765,763.5,763.5,81
RADHI,1min,1777452564,2026-04-29 14:34,2026-04-29,763.5,765,763.5,765,10
RADHI,1min,1777452777,2026-04-29 14:37,2026-04-29,765,765,764.1,764.1,0
RADHI,1min,1777452878,2026-04-29 14:39,2026-04-29,764.1,764.1,763.5,764,503
RADHI,1min,1777452924,2026-04-29 14:40,2026-04-29,764,764,763,763,500
RADHI,1min,1777453017,2026-04-29 14:41,2026-04-29,763,763,762.1,762.2,800
RADHI,1min,1777453062,2026-04-29 14:42,2026-04-29,762.2,762.2,762,762,420
RADHI,1min,1777453179,2026-04-29 14:44,2026-04-29,762,762,762,762,0
RADHI,1min,1777453258,2026-04-29 14:45,2026-04-29,762,762,761.3,761.3,1640
RADHI,1min,1777453358,2026-04-29 14:47,2026-04-29,761.3,761.3,761,761,310
RADHI,1min,1777453423,2026-04-29 14:48,2026-04-29,761,761,760.1,760.1,0
RADHI,1min,1777453453,2026-04-29 14:49,2026-04-29,760.1,760.1,760,760,6900
RADHI,1min,1777453516,2026-04-29 14:50,2026-04-29,760,760,755,755,5000
RADHI,1min,1777453617,2026-04-29 14:51,2026-04-29,755,762,755,762,540
RADHI,1min,1777453828,2026-04-29 14:55,2026-04-29,762,762,762,762,60
RADHI,1min,1777453913,2026-04-29 14:56,2026-04-29,762,763,762,763,180
RADHI,1min,1777454008,2026-04-29 14:58,2026-04-29,763,764,763,764,500
RADHI,1min,1777454099,2026-04-29 14:59,2026-04-29,764,764.8,764,764.8,576
