symbol,resolution,ts,datetime_np,date_np,open,high,low,close,volume
RHPL,1min,1774775699,2026-03-29 14:59,2026-03-29,303,306,302.9,306,291
RHPL,1min,1774847818,2026-03-30 11:01,2026-03-30,306,306,306,306,100
RHPL,1min,1774847893,2026-03-30 11:03,2026-03-30,306,306,305,305,10
RHPL,1min,1774847945,2026-03-30 11:04,2026-03-30,305,305,305,305,290
RHPL,1min,1774848095,2026-03-30 11:06,2026-03-30,305,305,304,304,350
RHPL,1min,1774848147,2026-03-30 11:07,2026-03-30,304,304,304,304,50
RHPL,1min,1774848234,2026-03-30 11:08,2026-03-30,304,304,304,304,40
RHPL,1min,1774848302,2026-03-30 11:10,2026-03-30,304,304,302,302,820
RHPL,1min,1774848384,2026-03-30 11:11,2026-03-30,302,302,302,302,1010
RHPL,1min,1774848526,2026-03-30 11:13,2026-03-30,302,302,302,302,700
RHPL,1min,1774848574,2026-03-30 11:14,2026-03-30,302,304,301.1,304,540
RHPL,1min,1774848674,2026-03-30 11:16,2026-03-30,304,304,304,304,10
RHPL,1min,1774848741,2026-03-30 11:17,2026-03-30,304,304,302.2,302.2,250
RHPL,1min,1774848809,2026-03-30 11:18,2026-03-30,302.2,302.2,302,302,1712
RHPL,1min,1774848858,2026-03-30 11:19,2026-03-30,302,302,302,302,0
RHPL,1min,1774848940,2026-03-30 11:20,2026-03-30,302,302.3,302,302.3,1219
RHPL,1min,1774849007,2026-03-30 11:21,2026-03-30,302.3,304,302.3,304,100
RHPL,1min,1774849112,2026-03-30 11:23,2026-03-30,304,304,304,304,315
RHPL,1min,1774849191,2026-03-30 11:24,2026-03-30,304,304,304,304,1275
RHPL,1min,1774849350,2026-03-30 11:27,2026-03-30,304,304.2,304,304.2,280
RHPL,1min,1774849431,2026-03-30 11:28,2026-03-30,304.2,305,304.2,304.2,100
RHPL,1min,1774849495,2026-03-30 11:29,2026-03-30,304.2,305,304.2,305,293
RHPL,1min,1774849628,2026-03-30 11:32,2026-03-30,305,305,304.2,304.2,40
RHPL,1min,1774849718,2026-03-30 11:33,2026-03-30,304.2,304.2,304.2,304.2,0
RHPL,1min,1774849774,2026-03-30 11:34,2026-03-30,304.2,304.2,304,304,507
RHPL,1min,1774849825,2026-03-30 11:35,2026-03-30,304,304,304,304,10
RHPL,1min,1774849964,2026-03-30 11:37,2026-03-30,304,304,304,304,0
RHPL,1min,1774850092,2026-03-30 11:39,2026-03-30,304,304,303.2,303.2,268
RHPL,1min,1774850173,2026-03-30 11:41,2026-03-30,303.2,303.2,303.2,303.2,142
RHPL,1min,1774850308,2026-03-30 11:43,2026-03-30,303.2,303.2,303.2,303.2,50
RHPL,1min,1774850370,2026-03-30 11:44,2026-03-30,303.2,303.2,303.2,303.2,40
RHPL,1min,1774850576,2026-03-30 11:47,2026-03-30,303.2,304,303.2,304,20
RHPL,1min,1774850694,2026-03-30 11:49,2026-03-30,304,304,303.1,303.1,30
RHPL,1min,1774850870,2026-03-30 11:52,2026-03-30,303.1,303.1,303.1,303.1,162
RHPL,1min,1774850946,2026-03-30 11:54,2026-03-30,303.1,304,303.1,304,100
RHPL,1min,1774851179,2026-03-30 11:57,2026-03-30,304,304,303.6,304,1000
RHPL,1min,1774851250,2026-03-30 11:59,2026-03-30,304,304,304,304,10
RHPL,1min,1774851335,2026-03-30 12:00,2026-03-30,304,304.2,304,304.2,20
RHPL,1min,1774851407,2026-03-30 12:01,2026-03-30,304.2,305,304,305,1350
RHPL,1min,1774851536,2026-03-30 12:03,2026-03-30,305,305,305,305,20
RHPL,1min,1774851566,2026-03-30 12:04,2026-03-30,305,305,305,305,80
RHPL,1min,1774851755,2026-03-30 12:07,2026-03-30,305,306,305,306,1338
RHPL,1min,1774851835,2026-03-30 12:08,2026-03-30,306,306,304,304,70
RHPL,1min,1774851956,2026-03-30 12:10,2026-03-30,304,304,304,304,0
RHPL,1min,1774852006,2026-03-30 12:11,2026-03-30,304,304,304,304,250
RHPL,1min,1774852303,2026-03-30 12:16,2026-03-30,304,305,304,305,0
RHPL,1min,1774852439,2026-03-30 12:18,2026-03-30,305,305,304,304,2290
RHPL,1min,1774852454,2026-03-30 12:19,2026-03-30,304,304,304,304,0
RHPL,1min,1774852791,2026-03-30 12:24,2026-03-30,304,307,304,307,910
RHPL,1min,1774852901,2026-03-30 12:26,2026-03-30,307,307,304.7,304.8,60
RHPL,1min,1774853015,2026-03-30 12:28,2026-03-30,304.8,308,304.7,304.7,130
RHPL,1min,1774853260,2026-03-30 12:32,2026-03-30,304.7,307,304.7,307,1015
RHPL,1min,1774853410,2026-03-30 12:35,2026-03-30,307,307,305,305,10
RHPL,1min,1774853505,2026-03-30 12:36,2026-03-30,305,307,305,307,900
RHPL,1min,1774853682,2026-03-30 12:39,2026-03-30,307,308,307,308,0
RHPL,1min,1774853916,2026-03-30 12:43,2026-03-30,308,308,307.9,307.9,800
RHPL,1min,1774854050,2026-03-30 12:45,2026-03-30,307.9,307.9,307,307,2000
RHPL,1min,1774854132,2026-03-30 12:47,2026-03-30,307,307,306,306,10
RHPL,1min,1774854225,2026-03-30 12:48,2026-03-30,306,306,304.9,304.9,1000
RHPL,1min,1774854448,2026-03-30 12:52,2026-03-30,304.9,304.9,304.9,304.9,528
RHPL,1min,1774854515,2026-03-30 12:53,2026-03-30,304.9,304.9,304.9,304.9,1000
RHPL,1min,1774854585,2026-03-30 12:54,2026-03-30,304.9,305,304.9,305,80
RHPL,1min,1774854707,2026-03-30 12:56,2026-03-30,305,306.5,305,305.1,40
RHPL,1min,1774854729,2026-03-30 12:57,2026-03-30,305.1,306.5,305.1,306.5,0
RHPL,1min,1774855223,2026-03-30 13:05,2026-03-30,306.5,307,306.5,307,100
RHPL,1min,1774855348,2026-03-30 13:07,2026-03-30,307,307,307,307,21
RHPL,1min,1774855406,2026-03-30 13:08,2026-03-30,307,307,305.1,305.1,500
RHPL,1min,1774855597,2026-03-30 13:11,2026-03-30,305.1,305.2,305.1,305.2,200
RHPL,1min,1774855789,2026-03-30 13:14,2026-03-30,305.2,306,305.2,306,0
RHPL,1min,1774855839,2026-03-30 13:15,2026-03-30,306,307,305.2,307,129
RHPL,1min,1774855908,2026-03-30 13:16,2026-03-30,307,307,305.2,305.2,10
RHPL,1min,1774856048,2026-03-30 13:19,2026-03-30,305.2,305.2,305,305,1179
RHPL,1min,1774856203,2026-03-30 13:21,2026-03-30,305,305,305,305,1000
RHPL,1min,1774856252,2026-03-30 13:22,2026-03-30,305,305,305,305,0
RHPL,1min,1774856437,2026-03-30 13:25,2026-03-30,305,305,304,304,510
RHPL,1min,1774856620,2026-03-30 13:28,2026-03-30,304,304,304,304,120
RHPL,1min,1774856749,2026-03-30 13:30,2026-03-30,304,304,304,304,70
RHPL,1min,1774856797,2026-03-30 13:31,2026-03-30,304,304,303,303,2875
RHPL,1min,1774856882,2026-03-30 13:33,2026-03-30,303,303,302.3,302.3,0
RHPL,1min,1774857029,2026-03-30 13:35,2026-03-30,302.3,302.3,302.3,302.3,370
RHPL,1min,1774857230,2026-03-30 13:38,2026-03-30,302.3,302.3,302.3,302.3,365
RHPL,1min,1774857293,2026-03-30 13:39,2026-03-30,302.3,302.3,302.3,302.3,10
RHPL,1min,1774857544,2026-03-30 13:44,2026-03-30,302.3,302.4,302.3,302.4,70
RHPL,1min,1774857601,2026-03-30 13:45,2026-03-30,302.4,304,302.4,304,70
RHPL,1min,1774857839,2026-03-30 13:48,2026-03-30,304,304,302.5,302.5,40
RHPL,1min,1774857901,2026-03-30 13:50,2026-03-30,302.5,302.5,302.3,302.3,1500
RHPL,1min,1774858036,2026-03-30 13:52,2026-03-30,302.3,302.3,302.3,302.3,95
RHPL,1min,1774858186,2026-03-30 13:54,2026-03-30,302.3,302.3,302,302,1255
RHPL,1min,1774858320,2026-03-30 13:57,2026-03-30,302,302,302,302,200
RHPL,1min,1774858393,2026-03-30 13:58,2026-03-30,302,302,302,302,100
RHPL,1min,1774858487,2026-03-30 13:59,2026-03-30,302,302,302,302,2811
RHPL,1min,1774858535,2026-03-30 14:00,2026-03-30,302,302,302,302,760
RHPL,1min,1774858604,2026-03-30 14:01,2026-03-30,302,302,302,302,579
RHPL,1min,1774858649,2026-03-30 14:02,2026-03-30,302,302,302,302,1000
RHPL,1min,1774858719,2026-03-30 14:03,2026-03-30,302,302,302,302,70
RHPL,1min,1774858768,2026-03-30 14:04,2026-03-30,302,302,302,302,67
RHPL,1min,1774858820,2026-03-30 14:05,2026-03-30,302,302,302,302,1009
RHPL,1min,1774859046,2026-03-30 14:09,2026-03-30,302,302,302,302,200
RHPL,1min,1774859159,2026-03-30 14:10,2026-03-30,302,302,302,302,0
RHPL,1min,1774859188,2026-03-30 14:11,2026-03-30,302,302,302,302,800
RHPL,1min,1774859276,2026-03-30 14:12,2026-03-30,302,302,301.1,301.1,500
RHPL,1min,1774859344,2026-03-30 14:14,2026-03-30,301.1,301.1,301,301,1500
RHPL,1min,1774859409,2026-03-30 14:15,2026-03-30,301,301.2,301,301.2,100
RHPL,1min,1774859635,2026-03-30 14:18,2026-03-30,301.2,302,301,302,520
RHPL,1min,1774859686,2026-03-30 14:19,2026-03-30,302,302,300,300,13900
RHPL,1min,1774859757,2026-03-30 14:20,2026-03-30,300,300,300,300,145
RHPL,1min,1774859816,2026-03-30 14:21,2026-03-30,300,300,300,300,2382
RHPL,1min,1774859927,2026-03-30 14:23,2026-03-30,300,300,299,299,1496
RHPL,1min,1774860010,2026-03-30 14:25,2026-03-30,299,299,299,299,150
RHPL,1min,1774860072,2026-03-30 14:26,2026-03-30,299,299,298.1,298.1,394
RHPL,1min,1774860173,2026-03-30 14:27,2026-03-30,298.1,298.1,298.1,298.1,1056
RHPL,1min,1774860229,2026-03-30 14:28,2026-03-30,298.1,298.1,292.2,292.2,19610
RHPL,1min,1774860287,2026-03-30 14:29,2026-03-30,292.2,299,292.2,299,114
RHPL,1min,1774860401,2026-03-30 14:31,2026-03-30,299,299,299,299,200
RHPL,1min,1774860451,2026-03-30 14:32,2026-03-30,299,299,298,298,40
RHPL,1min,1774860512,2026-03-30 14:33,2026-03-30,298,298,298,298,70
RHPL,1min,1774860655,2026-03-30 14:35,2026-03-30,298,299,298,298,50
RHPL,1min,1774860775,2026-03-30 14:37,2026-03-30,298,300,298,300,16
RHPL,1min,1774860888,2026-03-30 14:39,2026-03-30,300,300,300,300,100
RHPL,1min,1774861003,2026-03-30 14:41,2026-03-30,300,300,300,300,200
RHPL,1min,1774861052,2026-03-30 14:42,2026-03-30,300,300,298,298,140
RHPL,1min,1774861127,2026-03-30 14:43,2026-03-30,298,298,296,296,500
RHPL,1min,1774861151,2026-03-30 14:44,2026-03-30,296,296,296,296,10
RHPL,1min,1774861226,2026-03-30 14:45,2026-03-30,296,298,296,298,180
RHPL,1min,1774861280,2026-03-30 14:46,2026-03-30,298,298,297,297,1500
RHPL,1min,1774861373,2026-03-30 14:47,2026-03-30,297,297,297,297,200
RHPL,1min,1774861456,2026-03-30 14:49,2026-03-30,297,297,297,297,0
RHPL,1min,1774861553,2026-03-30 14:50,2026-03-30,297,297,297,297,363
RHPL,1min,1774861659,2026-03-30 14:52,2026-03-30,297,297,297,297,860
RHPL,1min,1774861685,2026-03-30 14:53,2026-03-30,297,299,297,299,0
RHPL,1min,1774861906,2026-03-30 14:56,2026-03-30,299,299,298.5,298.5,1200
RHPL,1min,1774861961,2026-03-30 14:57,2026-03-30,298.5,298.5,296.5,296.5,2440
RHPL,1min,1774862034,2026-03-30 14:58,2026-03-30,296.5,296.5,296.5,296.5,100
RHPL,1min,1774862099,2026-03-30 14:59,2026-03-30,296.5,297,296.5,296.5,4854
RHPL,1min,1774934221,2026-03-31 11:02,2026-03-31,302,302,302,302,10
RHPL,1min,1774934743,2026-03-31 11:10,2026-03-31,302,302,300,300,200
RHPL,1min,1774934877,2026-03-31 11:12,2026-03-31,300,300,299.9,299.9,700
RHPL,1min,1774934935,2026-03-31 11:13,2026-03-31,299.9,301,299.9,301,230
RHPL,1min,1774934958,2026-03-31 11:14,2026-03-31,301,302,301,302,3000
RHPL,1min,1774935025,2026-03-31 11:15,2026-03-31,302,302,300,300,500
RHPL,1min,1774935143,2026-03-31 11:17,2026-03-31,300,302,300,300,880
RHPL,1min,1774935206,2026-03-31 11:18,2026-03-31,300,301.9,300,301.9,64
RHPL,1min,1774935303,2026-03-31 11:20,2026-03-31,301.9,301.9,300,300,16
RHPL,1min,1774935374,2026-03-31 11:21,2026-03-31,300,300,300,300,110
RHPL,1min,1774935436,2026-03-31 11:22,2026-03-31,300,300,299,299,130
RHPL,1min,1774935560,2026-03-31 11:24,2026-03-31,299,299,299,299,40
RHPL,1min,1774935715,2026-03-31 11:26,2026-03-31,299,299,299,299,10
RHPL,1min,1774935950,2026-03-31 11:30,2026-03-31,299,299,298.7,298.7,20
RHPL,1min,1774936013,2026-03-31 11:31,2026-03-31,298.7,298.7,298.6,298.6,44
RHPL,1min,1774936070,2026-03-31 11:32,2026-03-31,298.6,298.6,298.6,298.6,30
RHPL,1min,1774936189,2026-03-31 11:34,2026-03-31,298.6,298.6,298.5,298.5,10
RHPL,1min,1774936252,2026-03-31 11:35,2026-03-31,298.5,298.5,298.5,298.5,10
RHPL,1min,1774936303,2026-03-31 11:36,2026-03-31,298.5,298.5,298.2,298.2,40
RHPL,1min,1774936380,2026-03-31 11:38,2026-03-31,298.2,298.2,298.2,298.2,220
RHPL,1min,1774936463,2026-03-31 11:39,2026-03-31,298.2,298.2,298.2,298.2,40
RHPL,1min,1774936550,2026-03-31 11:40,2026-03-31,298.2,298.2,298,298,0
RHPL,1min,1774936674,2026-03-31 11:42,2026-03-31,298,298,296,296,1730
RHPL,1min,1774936730,2026-03-31 11:43,2026-03-31,296,296,294,294,2000
RHPL,1min,1774936795,2026-03-31 11:44,2026-03-31,294,294,294,294,110
RHPL,1min,1774936815,2026-03-31 11:45,2026-03-31,294,294,293.1,293.1,0
RHPL,1min,1774936960,2026-03-31 11:47,2026-03-31,293.1,293.2,293.1,293.1,690
RHPL,1min,1774937092,2026-03-31 11:49,2026-03-31,293.1,293.1,293.1,293.1,15
RHPL,1min,1774937147,2026-03-31 11:50,2026-03-31,293.1,293.1,293,293,404
RHPL,1min,1774937210,2026-03-31 11:51,2026-03-31,293,293,293,293,150
RHPL,1min,1774937247,2026-03-31 11:52,2026-03-31,293,293,293,293,0
RHPL,1min,1774937389,2026-03-31 11:54,2026-03-31,293,293.2,293,293.2,645
RHPL,1min,1774937427,2026-03-31 11:55,2026-03-31,293.2,294,293.2,294,15
RHPL,1min,1774937631,2026-03-31 11:58,2026-03-31,294,294,292.3,292.3,711
RHPL,1min,1774937699,2026-03-31 11:59,2026-03-31,292.3,292.3,292,292,30
RHPL,1min,1774937748,2026-03-31 12:00,2026-03-31,292,292,292,292,970
RHPL,1min,1774937784,2026-03-31 12:01,2026-03-31,292,292,290.6,290.6,3000
RHPL,1min,1774937864,2026-03-31 12:02,2026-03-31,290.6,290.6,290,290,1000
RHPL,1min,1774937939,2026-03-31 12:03,2026-03-31,290,290,290,290,200
RHPL,1min,1774938000,2026-03-31 12:05,2026-03-31,290,290,290,290,30
RHPL,1min,1774938076,2026-03-31 12:06,2026-03-31,290,290,290,290,10
RHPL,1min,1774938121,2026-03-31 12:07,2026-03-31,290,290,290,290,40
RHPL,1min,1774938211,2026-03-31 12:08,2026-03-31,290,293,290,293,240
RHPL,1min,1774938393,2026-03-31 12:11,2026-03-31,293,294,293,294,1925
RHPL,1min,1774938432,2026-03-31 12:12,2026-03-31,294,294,294,294,80
RHPL,1min,1774938503,2026-03-31 12:13,2026-03-31,294,295,294,295,975
RHPL,1min,1774938603,2026-03-31 12:15,2026-03-31,295,297,295,297,100
RHPL,1min,1774938717,2026-03-31 12:16,2026-03-31,297,297,294.2,294.2,20
RHPL,1min,1774938854,2026-03-31 12:19,2026-03-31,294.2,294.2,294.2,294.2,70
RHPL,1min,1774938978,2026-03-31 12:21,2026-03-31,294.2,294.2,294.2,294.2,0
RHPL,1min,1774939062,2026-03-31 12:22,2026-03-31,294.2,294.2,294,294,1469
RHPL,1min,1774939112,2026-03-31 12:23,2026-03-31,294,294,294,294,0
RHPL,1min,1774939149,2026-03-31 12:24,2026-03-31,294,294,293,293,250
RHPL,1min,1774939200,2026-03-31 12:25,2026-03-31,293,293,293,293,120
RHPL,1min,1774939280,2026-03-31 12:26,2026-03-31,293,293,291.5,291.5,100
RHPL,1min,1774939389,2026-03-31 12:28,2026-03-31,291.5,293,291.5,293,510
RHPL,1min,1774939468,2026-03-31 12:29,2026-03-31,293,293,291.3,291.3,40
RHPL,1min,1774939621,2026-03-31 12:32,2026-03-31,291.3,291.4,291.3,291.4,40
RHPL,1min,1774939728,2026-03-31 12:33,2026-03-31,291.4,293,291.4,293,320
RHPL,1min,1774939861,2026-03-31 12:36,2026-03-31,293,294,293,294,150
RHPL,1min,1774940047,2026-03-31 12:39,2026-03-31,294,294,294,294,405
RHPL,1min,1774940214,2026-03-31 12:41,2026-03-31,294,294,294,294,40
RHPL,1min,1774940338,2026-03-31 12:43,2026-03-31,294,295.1,294,295.1,2571
RHPL,1min,1774940529,2026-03-31 12:47,2026-03-31,295.1,295.1,294,294,500
RHPL,1min,1774940588,2026-03-31 12:48,2026-03-31,294,296,294,296,0
RHPL,1min,1774941092,2026-03-31 12:56,2026-03-31,296,296,296,296,180
RHPL,1min,1774941471,2026-03-31 13:02,2026-03-31,296,296.9,296,296.9,100
RHPL,1min,1774941531,2026-03-31 13:03,2026-03-31,296.9,298,296.9,298,233
RHPL,1min,1774941594,2026-03-31 13:04,2026-03-31,298,298.3,298,298.3,0
RHPL,1min,1774941784,2026-03-31 13:08,2026-03-31,298.3,298.3,298.1,298.1,25
RHPL,1min,1774941890,2026-03-31 13:09,2026-03-31,298.1,298.1,297,297,1317
RHPL,1min,1774941918,2026-03-31 13:10,2026-03-31,297,297,297,297,100
RHPL,1min,1774942004,2026-03-31 13:11,2026-03-31,297,297,296.1,296.1,800
RHPL,1min,1774942073,2026-03-31 13:12,2026-03-31,296.1,296.1,296,296,285
RHPL,1min,1774942358,2026-03-31 13:17,2026-03-31,296,296,296,296,10
RHPL,1min,1774942494,2026-03-31 13:19,2026-03-31,296,296,296,296,0
RHPL,1min,1774942715,2026-03-31 13:23,2026-03-31,296,297,296,297,35
RHPL,1min,1774942852,2026-03-31 13:25,2026-03-31,297,297,297,297,0
RHPL,1min,1774943194,2026-03-31 13:31,2026-03-31,297,297,296,296,930
RHPL,1min,1774943395,2026-03-31 13:34,2026-03-31,296,296,296,296,0
RHPL,1min,1774943437,2026-03-31 13:35,2026-03-31,296,296,295.4,295.4,130
RHPL,1min,1774943681,2026-03-31 13:39,2026-03-31,295.4,296,295.4,296,450
RHPL,1min,1774943731,2026-03-31 13:40,2026-03-31,296,296,296,296,0
RHPL,1min,1774944104,2026-03-31 13:46,2026-03-31,296,296.1,296,296.1,190
RHPL,1min,1774944147,2026-03-31 13:47,2026-03-31,296.1,296.1,296.1,296.1,100
RHPL,1min,1774944286,2026-03-31 13:49,2026-03-31,296.1,297.5,296.1,297.5,10
RHPL,1min,1774944645,2026-03-31 13:55,2026-03-31,297.5,297.5,296,296,1000
RHPL,1min,1774944673,2026-03-31 13:56,2026-03-31,296,296,296,296,107
RHPL,1min,1774944954,2026-03-31 14:00,2026-03-31,296,296,295.2,295.2,363
RHPL,1min,1774945095,2026-03-31 14:03,2026-03-31,295.2,295.2,295.1,295.1,70
RHPL,1min,1774945206,2026-03-31 14:05,2026-03-31,295.1,297.4,295.1,297.4,10
RHPL,1min,1774945354,2026-03-31 14:07,2026-03-31,297.4,297.4,296.9,296.9,20
RHPL,1min,1774945406,2026-03-31 14:08,2026-03-31,296.9,296.9,295.1,295.1,40
RHPL,1min,1774945497,2026-03-31 14:09,2026-03-31,295.1,295.1,295.1,295.1,500
RHPL,1min,1774945522,2026-03-31 14:10,2026-03-31,295.1,296.9,295.1,296.9,50
RHPL,1min,1774945799,2026-03-31 14:14,2026-03-31,296.9,296.9,296,296,70
RHPL,1min,1774945973,2026-03-31 14:17,2026-03-31,296,297.2,296,297.2,10
RHPL,1min,1774946159,2026-03-31 14:20,2026-03-31,297.2,297.2,296.5,296.5,70
RHPL,1min,1774946312,2026-03-31 14:23,2026-03-31,296.5,297.2,296.5,297.2,10
RHPL,1min,1774946373,2026-03-31 14:24,2026-03-31,297.2,297.2,296.9,297,0
RHPL,1min,1774946572,2026-03-31 14:27,2026-03-31,297,297,296.5,296.5,120
RHPL,1min,1774946584,2026-03-31 14:28,2026-03-31,296.5,296.5,296.5,296.5,190
RHPL,1min,1774946699,2026-03-31 14:29,2026-03-31,296.5,296.5,296.5,296.5,10
RHPL,1min,1774946743,2026-03-31 14:30,2026-03-31,296.5,297,296.5,297,680
RHPL,1min,1774946807,2026-03-31 14:31,2026-03-31,297,297.6,297,297.6,3080
RHPL,1min,1774946838,2026-03-31 14:32,2026-03-31,297.6,298,297.6,298,60
RHPL,1min,1774946977,2026-03-31 14:34,2026-03-31,298,298.3,298,298.3,10
RHPL,1min,1774947059,2026-03-31 14:35,2026-03-31,298.3,298.3,298.3,298.3,190
RHPL,1min,1774947088,2026-03-31 14:36,2026-03-31,298.3,299,298.3,299,10
RHPL,1min,1774947268,2026-03-31 14:39,2026-03-31,299,300,299,300,2120
RHPL,1min,1774947412,2026-03-31 14:41,2026-03-31,300,301,300,301,750
RHPL,1min,1774947470,2026-03-31 14:42,2026-03-31,301,301,301,301,100
RHPL,1min,1774947521,2026-03-31 14:43,2026-03-31,301,301,301,301,994
RHPL,1min,1774947651,2026-03-31 14:45,2026-03-31,301,301,300.5,300.5,800
RHPL,1min,1774947711,2026-03-31 14:46,2026-03-31,300.5,300.5,300.5,300.5,200
RHPL,1min,1774947776,2026-03-31 14:47,2026-03-31,300.5,300.5,300.5,300.5,90
RHPL,1min,1774947881,2026-03-31 14:49,2026-03-31,300.5,300.5,300.1,300.5,620
RHPL,1min,1774947949,2026-03-31 14:50,2026-03-31,300.5,300.5,300,300,260
RHPL,1min,1774948017,2026-03-31 14:51,2026-03-31,300,300,300,300,240
RHPL,1min,1774948193,2026-03-31 14:54,2026-03-31,300,300,298.7,298.7,1000
RHPL,1min,1774948245,2026-03-31 14:55,2026-03-31,298.7,298.7,298.7,298.7,281
RHPL,1min,1774948314,2026-03-31 14:56,2026-03-31,298.7,298.7,297.1,297.1,1563
RHPL,1min,1774948358,2026-03-31 14:57,2026-03-31,297.1,298,297.1,297.1,500
RHPL,1min,1774948433,2026-03-31 14:58,2026-03-31,297.1,297.9,297.1,297.9,1149
RHPL,1min,1774948499,2026-03-31 14:59,2026-03-31,297.9,297.9,297.2,297.2,213
RHPL,1min,1775020665,2026-04-01 11:02,2026-04-01,302.9,302.9,302.9,302.9,10
RHPL,1min,1775020793,2026-04-01 11:04,2026-04-01,302.9,302.9,300,300,50
RHPL,1min,1775020877,2026-04-01 11:06,2026-04-01,300,300,297,297,190
RHPL,1min,1775020946,2026-04-01 11:07,2026-04-01,297,300,297,300,10
RHPL,1min,1775021115,2026-04-01 11:10,2026-04-01,300,300,298,298,50
RHPL,1min,1775021209,2026-04-01 11:11,2026-04-01,298,300,298,298,330
RHPL,1min,1775021233,2026-04-01 11:12,2026-04-01,298,298,297.5,297.5,300
RHPL,1min,1775021323,2026-04-01 11:13,2026-04-01,297.5,297.5,297,297,510
RHPL,1min,1775021395,2026-04-01 11:14,2026-04-01,297,300,297,297,510
RHPL,1min,1775021597,2026-04-01 11:18,2026-04-01,297,300,297,300,60
RHPL,1min,1775021647,2026-04-01 11:19,2026-04-01,300,300,300,300,366
RHPL,1min,1775021995,2026-04-01 11:24,2026-04-01,300,300,296.3,296.3,50
RHPL,1min,1775022178,2026-04-01 11:27,2026-04-01,296.3,297.2,296.2,297.2,440
RHPL,1min,1775022218,2026-04-01 11:28,2026-04-01,297.2,299.9,297.2,299.9,50
RHPL,1min,1775022297,2026-04-01 11:29,2026-04-01,299.9,300,296.4,300,281
RHPL,1min,1775022658,2026-04-01 11:35,2026-04-01,300,300,300,300,60
RHPL,1min,1775022710,2026-04-01 11:36,2026-04-01,300,300,300,300,0
RHPL,1min,1775022806,2026-04-01 11:38,2026-04-01,300,300,300,300,15
RHPL,1min,1775022889,2026-04-01 11:39,2026-04-01,300,300,300,300,830
RHPL,1min,1775023116,2026-04-01 11:43,2026-04-01,300,300,297,297,80
RHPL,1min,1775023156,2026-04-01 11:44,2026-04-01,297,300,297,300,10
RHPL,1min,1775023591,2026-04-01 11:51,2026-04-01,300,300,297,297,664
RHPL,1min,1775023641,2026-04-01 11:52,2026-04-01,297,297,297,297,400
RHPL,1min,1775023760,2026-04-01 11:54,2026-04-01,297,297,297,297,500
RHPL,1min,1775023825,2026-04-01 11:55,2026-04-01,297,297,297,297,370
RHPL,1min,1775024431,2026-04-01 12:05,2026-04-01,297,297.5,297,297.5,0
RHPL,1min,1775024491,2026-04-01 12:06,2026-04-01,297.5,297.5,297.5,297.5,395
RHPL,1min,1775024573,2026-04-01 12:07,2026-04-01,297.5,297.5,297.5,297.5,555
RHPL,1min,1775024637,2026-04-01 12:08,2026-04-01,297.5,297.5,297.5,297.5,55
RHPL,1min,1775024876,2026-04-01 12:12,2026-04-01,297.5,297.5,297.5,297.5,10
RHPL,1min,1775024905,2026-04-01 12:13,2026-04-01,297.5,297.5,297.5,297.5,40
RHPL,1min,1775024944,2026-04-01 12:14,2026-04-01,297.5,297.5,297.5,297.5,300
RHPL,1min,1775025213,2026-04-01 12:18,2026-04-01,297.5,298,297.5,298,300
RHPL,1min,1775025328,2026-04-01 12:20,2026-04-01,298,298,298,298,500
RHPL,1min,1775025493,2026-04-01 12:23,2026-04-01,298,298,298,298,350
RHPL,1min,1775025630,2026-04-01 12:25,2026-04-01,298,298,297.5,297.5,70
RHPL,1min,1775025853,2026-04-01 12:29,2026-04-01,297.5,297.5,297.5,297.5,40
RHPL,1min,1775026073,2026-04-01 12:32,2026-04-01,297.5,297.5,297.5,297.5,150
RHPL,1min,1775026137,2026-04-01 12:33,2026-04-01,297.5,297.5,297.1,297.1,3500
RHPL,1min,1775026175,2026-04-01 12:34,2026-04-01,297.1,297.1,297.1,297.1,110
RHPL,1min,1775026314,2026-04-01 12:36,2026-04-01,297.1,298.9,297.1,298.9,10
RHPL,1min,1775026323,2026-04-01 12:37,2026-04-01,298.9,298.9,297.1,297.1,20
RHPL,1min,1775026874,2026-04-01 12:46,2026-04-01,297.1,298.8,297.1,298.8,0
RHPL,1min,1775027096,2026-04-01 12:49,2026-04-01,298.8,298.8,297.2,297.2,110
RHPL,1min,1775027214,2026-04-01 12:51,2026-04-01,297.2,297.2,297.1,297.1,914
RHPL,1min,1775027331,2026-04-01 12:53,2026-04-01,297.1,297.2,297,297,840
RHPL,1min,1775027552,2026-04-01 12:57,2026-04-01,297,297,297,297,1998
RHPL,1min,1775028009,2026-04-01 13:05,2026-04-01,297,297,296.9,296.9,1000
RHPL,1min,1775028089,2026-04-01 13:06,2026-04-01,296.9,296.9,296.3,296.3,310
RHPL,1min,1775028170,2026-04-01 13:07,2026-04-01,296.3,296.3,296,296,1016
RHPL,1min,1775028472,2026-04-01 13:12,2026-04-01,296,296,296,296,40
RHPL,1min,1775028716,2026-04-01 13:16,2026-04-01,296,296,296,296,0
RHPL,1min,1775029041,2026-04-01 13:22,2026-04-01,296,296,295.1,295.1,424
RHPL,1min,1775029207,2026-04-01 13:25,2026-04-01,295.1,295.1,295,295,270
RHPL,1min,1775029291,2026-04-01 13:26,2026-04-01,295,295,295,295,0
RHPL,1min,1775029391,2026-04-01 13:28,2026-04-01,295,296.9,295,296.9,179
RHPL,1min,1775029950,2026-04-01 13:37,2026-04-01,296.9,296.9,295.1,295.1,70
RHPL,1min,1775029988,2026-04-01 13:38,2026-04-01,295.1,295.1,295.1,295.1,70
RHPL,1min,1775030067,2026-04-01 13:39,2026-04-01,295.1,295.1,295.1,295.1,293
RHPL,1min,1775030133,2026-04-01 13:40,2026-04-01,295.1,295.1,295.1,295.1,287
RHPL,1min,1775030364,2026-04-01 13:44,2026-04-01,295.1,295.1,295,295,20
RHPL,1min,1775030422,2026-04-01 13:45,2026-04-01,295,295,295,295,80
RHPL,1min,1775030576,2026-04-01 13:47,2026-04-01,295,295,295,295,429
RHPL,1min,1775030591,2026-04-01 13:48,2026-04-01,295,296,295,296,30
RHPL,1min,1775030669,2026-04-01 13:49,2026-04-01,296,296,295,295,300
RHPL,1min,1775030810,2026-04-01 13:51,2026-04-01,295,296,295,295,1321
RHPL,1min,1775030894,2026-04-01 13:53,2026-04-01,295,295,294,294,1123
RHPL,1min,1775030987,2026-04-01 13:54,2026-04-01,294,294,293.5,293.5,10
RHPL,1min,1775031058,2026-04-01 13:55,2026-04-01,293.5,294,293.5,294,477
RHPL,1min,1775031272,2026-04-01 13:59,2026-04-01,294,294,293.5,294,44
RHPL,1min,1775031347,2026-04-01 14:00,2026-04-01,294,294,293,293.5,320
RHPL,1min,1775031445,2026-04-01 14:02,2026-04-01,293.5,293.5,293,293,393
RHPL,1min,1775031590,2026-04-01 14:04,2026-04-01,293,293,292.5,292.5,500
RHPL,1min,1775031649,2026-04-01 14:05,2026-04-01,292.5,292.5,292.1,292.1,584
RHPL,1min,1775031701,2026-04-01 14:06,2026-04-01,292.1,292.1,292.1,292.1,1000
RHPL,1min,1775031756,2026-04-01 14:07,2026-04-01,292.1,292.1,292,292,200
RHPL,1min,1775031821,2026-04-01 14:08,2026-04-01,292,292.1,292,292,1100
RHPL,1min,1775031868,2026-04-01 14:09,2026-04-01,292,292,292,292,630
RHPL,1min,1775031912,2026-04-01 14:10,2026-04-01,292,292,292,292,641
RHPL,1min,1775031997,2026-04-01 14:11,2026-04-01,292,292,291.1,291.1,0
RHPL,1min,1775032214,2026-04-01 14:15,2026-04-01,291.1,291.2,291.1,291.2,1070
RHPL,1min,1775032277,2026-04-01 14:16,2026-04-01,291.2,292,291.2,292,1000
RHPL,1min,1775032403,2026-04-01 14:18,2026-04-01,292,292,291.5,291.5,0
RHPL,1min,1775032451,2026-04-01 14:19,2026-04-01,291.5,291.5,291.5,291.5,44
RHPL,1min,1775032562,2026-04-01 14:21,2026-04-01,291.5,291.5,291.5,291.5,656
RHPL,1min,1775032652,2026-04-01 14:22,2026-04-01,291.5,291.5,291.4,291.4,80
RHPL,1min,1775032799,2026-04-01 14:24,2026-04-01,291.4,291.4,291.1,291.1,1230
RHPL,1min,1775032859,2026-04-01 14:25,2026-04-01,291.1,291.1,291,291,650
RHPL,1min,1775032963,2026-04-01 14:27,2026-04-01,291,291,291,291,10
RHPL,1min,1775033012,2026-04-01 14:28,2026-04-01,291,291,290.4,290.4,800
RHPL,1min,1775033073,2026-04-01 14:29,2026-04-01,290.4,290.4,290.1,290.1,366
RHPL,1min,1775033184,2026-04-01 14:31,2026-04-01,290.1,290.1,290.1,290.1,370
RHPL,1min,1775033295,2026-04-01 14:33,2026-04-01,290.1,290.1,290,290,100
RHPL,1min,1775033377,2026-04-01 14:34,2026-04-01,290,290.5,290,290.5,550
RHPL,1min,1775033455,2026-04-01 14:35,2026-04-01,290.5,290.5,290.5,290.5,1184
RHPL,1min,1775033617,2026-04-01 14:38,2026-04-01,290.5,290.5,290.5,290.5,150
RHPL,1min,1775033680,2026-04-01 14:39,2026-04-01,290.5,290.5,290.5,290.5,250
RHPL,1min,1775033725,2026-04-01 14:40,2026-04-01,290.5,290.5,290,290,0
RHPL,1min,1775033805,2026-04-01 14:41,2026-04-01,290,290.5,290,290.5,1336
RHPL,1min,1775033854,2026-04-01 14:42,2026-04-01,290.5,290.5,290.5,290.5,204
RHPL,1min,1775033904,2026-04-01 14:43,2026-04-01,290.5,290.5,290.5,290.5,145
RHPL,1min,1775034036,2026-04-01 14:45,2026-04-01,290.5,291.5,290.5,291.5,10
RHPL,1min,1775034070,2026-04-01 14:46,2026-04-01,291.5,291.5,291.5,291.5,35
RHPL,1min,1775034158,2026-04-01 14:47,2026-04-01,291.5,292,291.5,292,50
RHPL,1min,1775034216,2026-04-01 14:48,2026-04-01,292,292,291.5,291.5,50
RHPL,1min,1775034276,2026-04-01 14:49,2026-04-01,291.5,292,291.5,292,350
RHPL,1min,1775034312,2026-04-01 14:50,2026-04-01,292,293,292,293,45
RHPL,1min,1775034373,2026-04-01 14:51,2026-04-01,293,293,292,292,1740
RHPL,1min,1775034519,2026-04-01 14:53,2026-04-01,292,292,292,292,66
RHPL,1min,1775034599,2026-04-01 14:54,2026-04-01,292,293,291.6,293,585
RHPL,1min,1775034659,2026-04-01 14:55,2026-04-01,293,293,291.6,291.6,1415
RHPL,1min,1775034691,2026-04-01 14:56,2026-04-01,291.6,291.6,291,291.6,2080
RHPL,1min,1775034743,2026-04-01 14:57,2026-04-01,291.6,291.6,291,291,100
RHPL,1min,1775034792,2026-04-01 14:58,2026-04-01,291,291,289.5,289.5,3740
RHPL,1min,1775034899,2026-04-01 14:59,2026-04-01,289.5,293.8,289.5,293.8,20
RHPL,1min,1775107190,2026-04-02 11:04,2026-04-02,289.2,289.2,288,288,2730
RHPL,1min,1775107311,2026-04-02 11:06,2026-04-02,288,289,288,288,400
RHPL,1min,1775107373,2026-04-02 11:07,2026-04-02,288,288,280.2,280.2,1750
RHPL,1min,1775107433,2026-04-02 11:08,2026-04-02,280.2,280.2,280,280,2410
RHPL,1min,1775107486,2026-04-02 11:09,2026-04-02,280,280,276.1,276.1,3790
RHPL,1min,1775107520,2026-04-02 11:10,2026-04-02,276.1,279,276.1,278,535
RHPL,1min,1775107721,2026-04-02 11:13,2026-04-02,278,283,278,283,700
RHPL,1min,1775107791,2026-04-02 11:14,2026-04-02,283,283,283,283,300
RHPL,1min,1775107816,2026-04-02 11:15,2026-04-02,283,285,283,285,70
RHPL,1min,1775107884,2026-04-02 11:16,2026-04-02,285,285,285,285,425
RHPL,1min,1775107962,2026-04-02 11:17,2026-04-02,285,285,283.5,283.5,10
RHPL,1min,1775108006,2026-04-02 11:18,2026-04-02,283.5,283.5,283.5,283.5,10
RHPL,1min,1775108063,2026-04-02 11:19,2026-04-02,283.5,283.5,283.5,283.5,30
RHPL,1min,1775108183,2026-04-02 11:21,2026-04-02,283.5,289.1,283.5,289.1,375
RHPL,1min,1775108260,2026-04-02 11:22,2026-04-02,289.1,289.2,289.1,289.2,80
RHPL,1min,1775108333,2026-04-02 11:23,2026-04-02,289.2,289.6,289.2,289.6,35
RHPL,1min,1775108364,2026-04-02 11:24,2026-04-02,289.6,293,289.6,293,10
RHPL,1min,1775108612,2026-04-02 11:28,2026-04-02,293,293,293,293,30
RHPL,1min,1775108814,2026-04-02 11:31,2026-04-02,293,293,291,293,975
RHPL,1min,1775108872,2026-04-02 11:32,2026-04-02,293,293,293,293,500
RHPL,1min,1775108917,2026-04-02 11:33,2026-04-02,293,294.9,290,290,2920
RHPL,1min,1775108976,2026-04-02 11:34,2026-04-02,290,290,289.6,289.6,321
RHPL,1min,1775109019,2026-04-02 11:35,2026-04-02,289.6,289.6,289.1,289.1,180
RHPL,1min,1775109216,2026-04-02 11:38,2026-04-02,289.1,289.1,288,288,100
RHPL,1min,1775109437,2026-04-02 11:42,2026-04-02,288,293,288,293,320
RHPL,1min,1775109587,2026-04-02 11:44,2026-04-02,293,293,293,293,170
RHPL,1min,1775109943,2026-04-02 11:50,2026-04-02,293,293,293,293,250
RHPL,1min,1775109984,2026-04-02 11:51,2026-04-02,293,294,293,293,270
RHPL,1min,1775110027,2026-04-02 11:52,2026-04-02,293,293,293,293,20
RHPL,1min,1775110154,2026-04-02 11:54,2026-04-02,293,293,293,293,70
RHPL,1min,1775110595,2026-04-02 12:01,2026-04-02,293,293.2,293,293.2,45
RHPL,1min,1775110667,2026-04-02 12:02,2026-04-02,293.2,294,293,293,450
RHPL,1min,1775111171,2026-04-02 12:11,2026-04-02,293,293,291,291,515
RHPL,1min,1775111260,2026-04-02 12:12,2026-04-02,291,291,291,291,50
RHPL,1min,1775111346,2026-04-02 12:14,2026-04-02,291,291,291,291,80
RHPL,1min,1775111577,2026-04-02 12:17,2026-04-02,291,291.5,291,291.5,30
RHPL,1min,1775111601,2026-04-02 12:18,2026-04-02,291.5,291.5,291.5,291.5,0
RHPL,1min,1775112122,2026-04-02 12:27,2026-04-02,291.5,291.5,291,291,100
RHPL,1min,1775112227,2026-04-02 12:28,2026-04-02,291,291.1,291,291.1,40
RHPL,1min,1775112304,2026-04-02 12:30,2026-04-02,291.1,291.1,291.1,291.1,10
RHPL,1min,1775112599,2026-04-02 12:34,2026-04-02,291.1,291.2,291,291,1000
RHPL,1min,1775112618,2026-04-02 12:35,2026-04-02,291,291,291,291,630
RHPL,1min,1775112679,2026-04-02 12:36,2026-04-02,291,291,290.1,290.1,100
RHPL,1min,1775112864,2026-04-02 12:39,2026-04-02,290.1,293,290.1,293,200
RHPL,1min,1775112959,2026-04-02 12:40,2026-04-02,293,293,291,291,0
RHPL,1min,1775112996,2026-04-02 12:41,2026-04-02,291,292.8,291,292.8,80
RHPL,1min,1775113026,2026-04-02 12:42,2026-04-02,292.8,293,292.8,293,265
RHPL,1min,1775113184,2026-04-02 12:44,2026-04-02,293,293,292,292,60
RHPL,1min,1775113238,2026-04-02 12:45,2026-04-02,292,292,292,292,100
RHPL,1min,1775113604,2026-04-02 12:51,2026-04-02,292,292,292,292,140
RHPL,1min,1775113658,2026-04-02 12:52,2026-04-02,292,292,292,292,40
RHPL,1min,1775113915,2026-04-02 12:56,2026-04-02,292,292,292,292,10
RHPL,1min,1775113954,2026-04-02 12:57,2026-04-02,292,292,292,292,91
RHPL,1min,1775114181,2026-04-02 13:01,2026-04-02,292,293,292,293,815
RHPL,1min,1775114239,2026-04-02 13:02,2026-04-02,293,294,293,294,200
RHPL,1min,1775114332,2026-04-02 13:03,2026-04-02,294,294.3,294,294.3,360
RHPL,1min,1775114399,2026-04-02 13:04,2026-04-02,294.3,294.9,294.3,294.9,340
RHPL,1min,1775114441,2026-04-02 13:05,2026-04-02,294.9,295,294.9,295,150
RHPL,1min,1775114486,2026-04-02 13:06,2026-04-02,295,295,294,294,700
RHPL,1min,1775114573,2026-04-02 13:07,2026-04-02,294,294,293,293,40
RHPL,1min,1775114782,2026-04-02 13:11,2026-04-02,293,294,293,294,0
RHPL,1min,1775114866,2026-04-02 13:12,2026-04-02,294,294,294,294,400
RHPL,1min,1775114922,2026-04-02 13:13,2026-04-02,294,294,293.1,293.1,3300
RHPL,1min,1775114945,2026-04-02 13:14,2026-04-02,293.1,294,293.1,294,20
RHPL,1min,1775115093,2026-04-02 13:16,2026-04-02,294,294,293,293,522
RHPL,1min,1775115216,2026-04-02 13:18,2026-04-02,293,293,292,292,236
RHPL,1min,1775115272,2026-04-02 13:19,2026-04-02,292,292,291.5,291.5,399
RHPL,1min,1775115354,2026-04-02 13:20,2026-04-02,291.5,291.5,291.5,291.5,601
RHPL,1min,1775115398,2026-04-02 13:21,2026-04-02,291.5,291.5,290,290,3050
RHPL,1min,1775115517,2026-04-02 13:23,2026-04-02,290,290,290,290,80
RHPL,1min,1775115550,2026-04-02 13:24,2026-04-02,290,290.1,290,290.1,40
RHPL,1min,1775115674,2026-04-02 13:26,2026-04-02,290.1,292,290.1,292,70
RHPL,1min,1775115973,2026-04-02 13:31,2026-04-02,292,292,292,292,120
RHPL,1min,1775116263,2026-04-02 13:36,2026-04-02,292,293,292,293,50
RHPL,1min,1775116362,2026-04-02 13:37,2026-04-02,293,293,293,293,150
RHPL,1min,1775116436,2026-04-02 13:38,2026-04-02,293,294,293,294,70
RHPL,1min,1775116774,2026-04-02 13:44,2026-04-02,294,294,293.1,293.1,400
RHPL,1min,1775117026,2026-04-02 13:48,2026-04-02,293.1,293.1,293.1,293.1,0
RHPL,1min,1775117105,2026-04-02 13:50,2026-04-02,293.1,293.1,293.1,293.1,540
RHPL,1min,1775117191,2026-04-02 13:51,2026-04-02,293.1,293.1,293.1,293.1,176
RHPL,1min,1775117279,2026-04-02 13:52,2026-04-02,293.1,293.1,293.1,293.1,84
RHPL,1min,1775117435,2026-04-02 13:55,2026-04-02,293.1,293.1,293,293,50
RHPL,1min,1775117519,2026-04-02 13:56,2026-04-02,293,293,293,293,1800
RHPL,1min,1775117530,2026-04-02 13:57,2026-04-02,293,293,293,293,50
RHPL,1min,1775117617,2026-04-02 13:58,2026-04-02,293,293,293,293,600
RHPL,1min,1775117640,2026-04-02 13:59,2026-04-02,293,293,293,293,20
RHPL,1min,1775117739,2026-04-02 14:00,2026-04-02,293,293,292.5,292.5,50
RHPL,1min,1775117882,2026-04-02 14:03,2026-04-02,292.5,292.5,290.1,290.1,10
RHPL,1min,1775118131,2026-04-02 14:07,2026-04-02,290.1,290.1,290,290,1019
RHPL,1min,1775118351,2026-04-02 14:10,2026-04-02,290,293,290,293,1500
RHPL,1min,1775118834,2026-04-02 14:18,2026-04-02,293,293,292,292,25
RHPL,1min,1775119083,2026-04-02 14:23,2026-04-02,292,292,290.1,290.1,30
RHPL,1min,1775119173,2026-04-02 14:24,2026-04-02,290.1,290.1,290,290,125
RHPL,1min,1775119470,2026-04-02 14:29,2026-04-02,290,292,290,292,1455
RHPL,1min,1775119968,2026-04-02 14:37,2026-04-02,292,292,291,291,300
RHPL,1min,1775120148,2026-04-02 14:40,2026-04-02,291,291,291,291,65
RHPL,1min,1775120253,2026-04-02 14:42,2026-04-02,291,291,290.9,290.9,36
RHPL,1min,1775120309,2026-04-02 14:43,2026-04-02,290.9,290.9,290.1,290.1,2115
RHPL,1min,1775120399,2026-04-02 14:44,2026-04-02,290.1,290.8,290.1,290.1,600
RHPL,1min,1775120622,2026-04-02 14:48,2026-04-02,290.1,292,290.1,292,4599
RHPL,1min,1775120688,2026-04-02 14:49,2026-04-02,292,292,292,292,60
RHPL,1min,1775120803,2026-04-02 14:51,2026-04-02,292,292,290.1,290.1,1950
RHPL,1min,1775120868,2026-04-02 14:52,2026-04-02,290.1,290.1,290.1,290.1,70
RHPL,1min,1775120909,2026-04-02 14:53,2026-04-02,290.1,292,290.1,292,25
RHPL,1min,1775121059,2026-04-02 14:55,2026-04-02,292,292,290.1,290.1,930
RHPL,1min,1775121169,2026-04-02 14:57,2026-04-02,290.1,291,290.1,291,210
RHPL,1min,1775121226,2026-04-02 14:58,2026-04-02,291,291,290.1,290.1,730
RHPL,1min,1775121299,2026-04-02 14:59,2026-04-02,290.1,292,290.1,292,125
RHPL,1min,1775366192,2026-04-05 11:01,2026-04-05,286.2,286.2,286.2,286.2,80
RHPL,1min,1775366340,2026-04-05 11:04,2026-04-05,286.2,286.2,286.2,286.2,240
RHPL,1min,1775366500,2026-04-05 11:06,2026-04-05,286.2,286.2,281.9,281.9,0
RHPL,1min,1775366534,2026-04-05 11:07,2026-04-05,281.9,281.9,281,281,0
RHPL,1min,1775366580,2026-04-05 11:08,2026-04-05,281,281.1,281,281.1,200
RHPL,1min,1775366709,2026-04-05 11:10,2026-04-05,281.1,281.4,281.1,281.4,790
RHPL,1min,1775366788,2026-04-05 11:11,2026-04-05,281.4,285,281.4,285,45
RHPL,1min,1775366859,2026-04-05 11:12,2026-04-05,285,285,282,282,100
RHPL,1min,1775366880,2026-04-05 11:13,2026-04-05,282,282,282,282,10
RHPL,1min,1775366989,2026-04-05 11:14,2026-04-05,282,282,282,282,550
RHPL,1min,1775367070,2026-04-05 11:16,2026-04-05,282,285,282,285,50
RHPL,1min,1775367131,2026-04-05 11:17,2026-04-05,285,285,283,283,35
RHPL,1min,1775367333,2026-04-05 11:20,2026-04-05,283,288,283,288,640
RHPL,1min,1775367395,2026-04-05 11:21,2026-04-05,288,288.6,288,288.6,50
RHPL,1min,1775367487,2026-04-05 11:23,2026-04-05,288.6,290,288.6,290,110
RHPL,1min,1775367581,2026-04-05 11:24,2026-04-05,290,293.6,290,293.6,265
RHPL,1min,1775367694,2026-04-05 11:26,2026-04-05,293.6,293.6,293,293,1200
RHPL,1min,1775367803,2026-04-05 11:28,2026-04-05,293,293,290,290,32
RHPL,1min,1775367868,2026-04-05 11:29,2026-04-05,290,290,288.1,288.1,20
RHPL,1min,1775367954,2026-04-05 11:30,2026-04-05,288.1,288.1,288,288,1240
RHPL,1min,1775368001,2026-04-05 11:31,2026-04-05,288,288,286,286,520
RHPL,1min,1775368064,2026-04-05 11:32,2026-04-05,286,286,285.1,285.1,4200
RHPL,1min,1775368434,2026-04-05 11:38,2026-04-05,285.1,286,285.1,286,250
RHPL,1min,1775368652,2026-04-05 11:42,2026-04-05,286,286,285,285,100
RHPL,1min,1775368695,2026-04-05 11:43,2026-04-05,285,285,285,285,0
RHPL,1min,1775368792,2026-04-05 11:44,2026-04-05,285,286,285,286,1490
RHPL,1min,1775368812,2026-04-05 11:45,2026-04-05,286,286,285,285,300
RHPL,1min,1775368915,2026-04-05 11:46,2026-04-05,285,288,285,288,135
RHPL,1min,1775368959,2026-04-05 11:47,2026-04-05,288,288,283.1,283.1,1500
RHPL,1min,1775369066,2026-04-05 11:49,2026-04-05,283.1,283.1,283.1,283.1,350
RHPL,1min,1775369225,2026-04-05 11:52,2026-04-05,283.1,283.1,275.5,275.5,16372
RHPL,1min,1775369354,2026-04-05 11:54,2026-04-05,275.5,275.5,273,273,200
RHPL,1min,1775369440,2026-04-05 11:55,2026-04-05,273,275.1,273,275.1,80
RHPL,1min,1775369512,2026-04-05 11:56,2026-04-05,275.1,281,275.1,281,0
RHPL,1min,1775369562,2026-04-05 11:57,2026-04-05,281,281,277.5,277.5,110
RHPL,1min,1775369800,2026-04-05 12:01,2026-04-05,277.5,288,277.5,288,10
RHPL,1min,1775369968,2026-04-05 12:04,2026-04-05,288,288,283,283,20
RHPL,1min,1775370101,2026-04-05 12:06,2026-04-05,283,283,283,283,0
RHPL,1min,1775370348,2026-04-05 12:10,2026-04-05,283,283,283,283,450
RHPL,1min,1775370404,2026-04-05 12:11,2026-04-05,283,283,282.3,282.3,1100
RHPL,1min,1775370539,2026-04-05 12:13,2026-04-05,282.3,283,282.3,283,0
RHPL,1min,1775370719,2026-04-05 12:16,2026-04-05,283,283,282.5,282.5,200
RHPL,1min,1775370803,2026-04-05 12:18,2026-04-05,282.5,283,282.5,283,50
RHPL,1min,1775370889,2026-04-05 12:19,2026-04-05,283,283,282,282,220
RHPL,1min,1775371127,2026-04-05 12:23,2026-04-05,282,282.1,282,282.1,20
RHPL,1min,1775371259,2026-04-05 12:25,2026-04-05,282.1,282.1,281,281,62
RHPL,1min,1775371619,2026-04-05 12:31,2026-04-05,281,281,281,281,108
RHPL,1min,1775371821,2026-04-05 12:35,2026-04-05,281,281,280.2,280.2,20
RHPL,1min,1775372023,2026-04-05 12:38,2026-04-05,280.2,280.2,280.2,280.2,100
RHPL,1min,1775372131,2026-04-05 12:40,2026-04-05,280.2,280.2,280,280,600
RHPL,1min,1775372190,2026-04-05 12:41,2026-04-05,280,280,280,280,80
RHPL,1min,1775372273,2026-04-05 12:42,2026-04-05,280,280.2,280,280.2,50
RHPL,1min,1775372295,2026-04-05 12:43,2026-04-05,280.2,280.2,280,280,487
RHPL,1min,1775372371,2026-04-05 12:44,2026-04-05,280,280,280,280,0
RHPL,1min,1775372452,2026-04-05 12:45,2026-04-05,280,280,280,280,1390
RHPL,1min,1775372496,2026-04-05 12:46,2026-04-05,280,280,280,280,150
RHPL,1min,1775372618,2026-04-05 12:48,2026-04-05,280,281,280,281,517
RHPL,1min,1775372645,2026-04-05 12:49,2026-04-05,281,281,279.5,279.5,200
RHPL,1min,1775372728,2026-04-05 12:50,2026-04-05,279.5,279.5,279.4,279.4,50
RHPL,1min,1775372798,2026-04-05 12:51,2026-04-05,279.4,279.4,279.4,279.4,500
RHPL,1min,1775372894,2026-04-05 12:53,2026-04-05,279.4,280,279.4,280,450
RHPL,1min,1775373106,2026-04-05 12:56,2026-04-05,280,281,280,281,260
RHPL,1min,1775373167,2026-04-05 12:57,2026-04-05,281,281,280,280,50
RHPL,1min,1775373389,2026-04-05 13:01,2026-04-05,280,281,280,280.1,81
RHPL,1min,1775373472,2026-04-05 13:02,2026-04-05,280.1,280.1,280,280,80
RHPL,1min,1775373529,2026-04-05 13:03,2026-04-05,280,280.1,280,280.1,600
RHPL,1min,1775373582,2026-04-05 13:04,2026-04-05,280.1,280.1,280,280,300
RHPL,1min,1775373634,2026-04-05 13:05,2026-04-05,280,280,280,280,500
RHPL,1min,1775373739,2026-04-05 13:07,2026-04-05,280,280,280,280,117
RHPL,1min,1775374078,2026-04-05 13:12,2026-04-05,280,280,279,279,1670
RHPL,1min,1775374169,2026-04-05 13:14,2026-04-05,279,279,279,279,20
RHPL,1min,1775374342,2026-04-05 13:17,2026-04-05,279,279,278.2,279,200
RHPL,1min,1775374610,2026-04-05 13:21,2026-04-05,279,279,278,278,1480
RHPL,1min,1775374676,2026-04-05 13:22,2026-04-05,278,278,277.9,278,350
RHPL,1min,1775374761,2026-04-05 13:24,2026-04-05,278,278,277.9,277.9,70
RHPL,1min,1775374964,2026-04-05 13:27,2026-04-05,277.9,279,277.9,279,130
RHPL,1min,1775375069,2026-04-05 13:29,2026-04-05,279,279,279,279,370
RHPL,1min,1775375219,2026-04-05 13:31,2026-04-05,279,279,278,278,150
RHPL,1min,1775375256,2026-04-05 13:32,2026-04-05,278,278,278,278,0
RHPL,1min,1775375338,2026-04-05 13:33,2026-04-05,278,278,277,277,2833
RHPL,1min,1775375357,2026-04-05 13:34,2026-04-05,277,277,276.5,276.5,20
RHPL,1min,1775375421,2026-04-05 13:35,2026-04-05,276.5,276.5,276,276,40
RHPL,1min,1775375683,2026-04-05 13:39,2026-04-05,276,276.4,276,276.4,600
RHPL,1min,1775375746,2026-04-05 13:40,2026-04-05,276.4,277.4,276.4,277.4,480
RHPL,1min,1775376056,2026-04-05 13:45,2026-04-05,277.4,277.6,277.4,277.6,500
RHPL,1min,1775376074,2026-04-05 13:46,2026-04-05,277.6,279,277.6,279,10
RHPL,1min,1775376217,2026-04-05 13:48,2026-04-05,279,279.9,279,279.9,0
RHPL,1min,1775376268,2026-04-05 13:49,2026-04-05,279.9,279.9,278,278,90
RHPL,1min,1775376348,2026-04-05 13:50,2026-04-05,278,278,277.6,277.6,100
RHPL,1min,1775376414,2026-04-05 13:51,2026-04-05,277.6,278,277.6,278,849
RHPL,1min,1775376481,2026-04-05 13:53,2026-04-05,278,278,278,278,10
RHPL,1min,1775376624,2026-04-05 13:55,2026-04-05,278,278,278,278,26
RHPL,1min,1775376772,2026-04-05 13:57,2026-04-05,278,278,277.6,277.6,60
RHPL,1min,1775376821,2026-04-05 13:58,2026-04-05,277.6,279,277.6,279,40
RHPL,1min,1775376849,2026-04-05 13:59,2026-04-05,279,279,277.6,277.6,200
RHPL,1min,1775376918,2026-04-05 14:00,2026-04-05,277.6,277.7,277.6,277.7,40
RHPL,1min,1775377043,2026-04-05 14:02,2026-04-05,277.7,277.7,277.7,277.7,50
RHPL,1min,1775377184,2026-04-05 14:04,2026-04-05,277.7,277.7,277.6,277.6,0
RHPL,1min,1775377263,2026-04-05 14:06,2026-04-05,277.6,277.7,277.6,277.7,1200
RHPL,1min,1775377396,2026-04-05 14:08,2026-04-05,277.7,277.7,277.7,277.7,130
RHPL,1min,1775377581,2026-04-05 14:11,2026-04-05,277.7,277.7,277.6,277.6,0
RHPL,1min,1775377658,2026-04-05 14:12,2026-04-05,277.6,277.6,277.6,277.6,290
RHPL,1min,1775378031,2026-04-05 14:18,2026-04-05,277.6,278,277.6,278,132
RHPL,1min,1775378050,2026-04-05 14:19,2026-04-05,278,278,278,278,100
RHPL,1min,1775378183,2026-04-05 14:21,2026-04-05,278,278,278,278,200
RHPL,1min,1775378229,2026-04-05 14:22,2026-04-05,278,278,277.8,277.8,30
RHPL,1min,1775378494,2026-04-05 14:26,2026-04-05,277.8,277.8,277.8,277.8,30
RHPL,1min,1775378550,2026-04-05 14:27,2026-04-05,277.8,278,277.8,278,150
RHPL,1min,1775378624,2026-04-05 14:28,2026-04-05,278,278,277.8,277.8,0
RHPL,1min,1775378645,2026-04-05 14:29,2026-04-05,277.8,277.8,277.5,277.5,1540
RHPL,1min,1775378998,2026-04-05 14:34,2026-04-05,277.5,277.8,277.5,277.5,89
RHPL,1min,1775379114,2026-04-05 14:36,2026-04-05,277.5,277.5,277.5,277.5,111
RHPL,1min,1775379133,2026-04-05 14:37,2026-04-05,277.5,277.8,277.5,277.8,100
RHPL,1min,1775379295,2026-04-05 14:39,2026-04-05,277.8,277.8,277.8,277.8,50
RHPL,1min,1775379336,2026-04-05 14:40,2026-04-05,277.8,277.8,277.5,277.5,0
RHPL,1min,1775379389,2026-04-05 14:41,2026-04-05,277.5,277.5,277,277,1695
RHPL,1min,1775379444,2026-04-05 14:42,2026-04-05,277,277,276.4,276.4,180
RHPL,1min,1775379524,2026-04-05 14:43,2026-04-05,276.4,276.4,275.6,276.1,4070
RHPL,1min,1775379561,2026-04-05 14:44,2026-04-05,276.1,277,276.1,277,1010
RHPL,1min,1775379646,2026-04-05 14:45,2026-04-05,277,277,275.6,275.6,100
RHPL,1min,1775379698,2026-04-05 14:46,2026-04-05,275.6,275.6,275.6,275.6,100
RHPL,1min,1775379773,2026-04-05 14:47,2026-04-05,275.6,276,275.6,276,470
RHPL,1min,1775379911,2026-04-05 14:50,2026-04-05,276,276,276,276,80
RHPL,1min,1775380033,2026-04-05 14:52,2026-04-05,276,276.1,276,276.1,40
RHPL,1min,1775380135,2026-04-05 14:53,2026-04-05,276.1,277,276.1,277,560
RHPL,1min,1775380224,2026-04-05 14:55,2026-04-05,277,277,277,277,308
RHPL,1min,1775380303,2026-04-05 14:56,2026-04-05,277,277,275,277,173
RHPL,1min,1775380362,2026-04-05 14:57,2026-04-05,277,277,275,275,15740
RHPL,1min,1775380438,2026-04-05 14:58,2026-04-05,275,275,275,275,611
RHPL,1min,1775380499,2026-04-05 14:59,2026-04-05,275,275,274.6,274.6,156
RHPL,1min,1775452841,2026-04-06 11:05,2026-04-06,275,275,274,274,560
RHPL,1min,1775452885,2026-04-06 11:06,2026-04-06,274,274,271.1,271.1,100
RHPL,1min,1775452979,2026-04-06 11:07,2026-04-06,271.1,275,271.1,275,2600
RHPL,1min,1775453213,2026-04-06 11:11,2026-04-06,275,280,275,280,200
RHPL,1min,1775453458,2026-04-06 11:15,2026-04-06,280,284,280,284,80
RHPL,1min,1775453484,2026-04-06 11:16,2026-04-06,284,285.6,284,285.6,1150
RHPL,1min,1775453557,2026-04-06 11:17,2026-04-06,285.6,285.6,284,284,650
RHPL,1min,1775453626,2026-04-06 11:18,2026-04-06,284,284,280,280,2428
RHPL,1min,1775453692,2026-04-06 11:19,2026-04-06,280,280,280,280,130
RHPL,1min,1775453737,2026-04-06 11:20,2026-04-06,280,280,276.5,276.5,50
RHPL,1min,1775453765,2026-04-06 11:21,2026-04-06,276.5,276.5,276.2,276.2,0
RHPL,1min,1775453824,2026-04-06 11:22,2026-04-06,276.2,276.5,276.2,276.5,1590
RHPL,1min,1775453933,2026-04-06 11:23,2026-04-06,276.5,278,275,278,1935
RHPL,1min,1775454023,2026-04-06 11:25,2026-04-06,278,278,278,278,220
RHPL,1min,1775454118,2026-04-06 11:26,2026-04-06,278,278,278,278,4329
RHPL,1min,1775454297,2026-04-06 11:29,2026-04-06,278,280,278,280,80
RHPL,1min,1775454391,2026-04-06 11:31,2026-04-06,280,281.7,280,281.7,130
RHPL,1min,1775454520,2026-04-06 11:33,2026-04-06,281.7,285,281.7,285,90
RHPL,1min,1775454586,2026-04-06 11:34,2026-04-06,285,286,285,286,320
RHPL,1min,1775454652,2026-04-06 11:35,2026-04-06,286,286,286,286,771
RHPL,1min,1775454738,2026-04-06 11:37,2026-04-06,286,286,282,282,20
RHPL,1min,1775454898,2026-04-06 11:39,2026-04-06,282,282,282,282,0
RHPL,1min,1775454932,2026-04-06 11:40,2026-04-06,282,282,281.7,281.7,580
RHPL,1min,1775455008,2026-04-06 11:41,2026-04-06,281.7,282,281,282,250
RHPL,1min,1775455121,2026-04-06 11:43,2026-04-06,282,285,282,285,40
RHPL,1min,1775455186,2026-04-06 11:44,2026-04-06,285,285,285,285,150
RHPL,1min,1775455227,2026-04-06 11:45,2026-04-06,285,285,285,285,50
RHPL,1min,1775455431,2026-04-06 11:48,2026-04-06,285,285.8,285,285.8,430
RHPL,1min,1775455494,2026-04-06 11:49,2026-04-06,285.8,285.8,285.1,285.1,200
RHPL,1min,1775455603,2026-04-06 11:51,2026-04-06,285.1,285.8,285.1,285.8,160
RHPL,1min,1775455754,2026-04-06 11:54,2026-04-06,285.8,285.8,285.2,285.2,10
RHPL,1min,1775455908,2026-04-06 11:56,2026-04-06,285.2,285.9,285,285.9,1000
RHPL,1min,1775455935,2026-04-06 11:57,2026-04-06,285.9,285.9,285,285,63
RHPL,1min,1775455998,2026-04-06 11:58,2026-04-06,285,285,284,284,167
RHPL,1min,1775456237,2026-04-06 12:02,2026-04-06,284,284,284,284,33
RHPL,1min,1775456299,2026-04-06 12:03,2026-04-06,284,284,283,283,10
RHPL,1min,1775456344,2026-04-06 12:04,2026-04-06,283,283,282.2,282.2,529
RHPL,1min,1775456415,2026-04-06 12:05,2026-04-06,282.2,283,282.2,283,250
RHPL,1min,1775456507,2026-04-06 12:06,2026-04-06,283,283,283,283,250
RHPL,1min,1775456574,2026-04-06 12:07,2026-04-06,283,283,282.2,282.2,50
RHPL,1min,1775456634,2026-04-06 12:08,2026-04-06,282.2,282.2,282.2,282.2,480
RHPL,1min,1775456669,2026-04-06 12:09,2026-04-06,282.2,282.2,282,282,90
RHPL,1min,1775456796,2026-04-06 12:11,2026-04-06,282,282,282,282,500
RHPL,1min,1775456906,2026-04-06 12:13,2026-04-06,282,282,281,281,538
RHPL,1min,1775457105,2026-04-06 12:16,2026-04-06,281,284.9,281,284.9,550
RHPL,1min,1775457480,2026-04-06 12:23,2026-04-06,284.9,284.9,283.1,283.1,10
RHPL,1min,1775457564,2026-04-06 12:24,2026-04-06,283.1,283.2,283.1,283.2,70
RHPL,1min,1775457615,2026-04-06 12:25,2026-04-06,283.2,283.2,283.1,283.1,13
RHPL,1min,1775457746,2026-04-06 12:27,2026-04-06,283.1,283.1,283,283,300
RHPL,1min,1775457899,2026-04-06 12:29,2026-04-06,283,283,283,283,197
RHPL,1min,1775458256,2026-04-06 12:35,2026-04-06,283,283,282.5,282.5,80
RHPL,1min,1775458319,2026-04-06 12:36,2026-04-06,282.5,284.7,282.5,284.7,500
RHPL,1min,1775458436,2026-04-06 12:38,2026-04-06,284.7,284.7,283,283,15
RHPL,1min,1775458734,2026-04-06 12:43,2026-04-06,283,283,283,283,25
RHPL,1min,1775458846,2026-04-06 12:45,2026-04-06,283,283,283,283,110
RHPL,1min,1775458947,2026-04-06 12:47,2026-04-06,283,283,283,283,120
RHPL,1min,1775459098,2026-04-06 12:49,2026-04-06,283,284,283,284,70
RHPL,1min,1775459146,2026-04-06 12:50,2026-04-06,284,284,283,283,180
RHPL,1min,1775459278,2026-04-06 12:52,2026-04-06,283,283,282.6,282.6,50
RHPL,1min,1775459288,2026-04-06 12:53,2026-04-06,282.6,282.6,282.5,282.5,100
RHPL,1min,1775459393,2026-04-06 12:54,2026-04-06,282.5,282.5,282.2,282.2,700
RHPL,1min,1775459424,2026-04-06 12:55,2026-04-06,282.2,282.2,282.2,282.2,10
RHPL,1min,1775459734,2026-04-06 13:00,2026-04-06,282.2,282.2,282.2,282.2,60
RHPL,1min,1775459781,2026-04-06 13:01,2026-04-06,282.2,282.2,282,282,383
RHPL,1min,1775459830,2026-04-06 13:02,2026-04-06,282,282,282,282,140
RHPL,1min,1775459936,2026-04-06 13:03,2026-04-06,282,283,280,280,3235
RHPL,1min,1775459965,2026-04-06 13:04,2026-04-06,280,282,280,282,565
RHPL,1min,1775460053,2026-04-06 13:05,2026-04-06,282,283,282,282,480
RHPL,1min,1775460077,2026-04-06 13:06,2026-04-06,282,282,282,282,110
RHPL,1min,1775460150,2026-04-06 13:07,2026-04-06,282,282,280,280,149
RHPL,1min,1775460255,2026-04-06 13:09,2026-04-06,280,280,280,280,150
RHPL,1min,1775460303,2026-04-06 13:10,2026-04-06,280,281,280,281,150
RHPL,1min,1775460413,2026-04-06 13:11,2026-04-06,281,281.1,281,281.1,20
RHPL,1min,1775460456,2026-04-06 13:12,2026-04-06,281.1,281.1,281.1,281.1,40
RHPL,1min,1775460538,2026-04-06 13:13,2026-04-06,281.1,283,281,283,80
RHPL,1min,1775460742,2026-04-06 13:17,2026-04-06,283,283,280.2,280.2,165
RHPL,1min,1775460829,2026-04-06 13:18,2026-04-06,280.2,280.2,280.1,280.1,1000
RHPL,1min,1775460852,2026-04-06 13:19,2026-04-06,280.1,280.1,280.1,280.1,50
RHPL,1min,1775461425,2026-04-06 13:28,2026-04-06,280.1,280.1,280.1,280.1,200
RHPL,1min,1775461668,2026-04-06 13:32,2026-04-06,280.1,280.1,280.1,280.1,60
RHPL,1min,1775462464,2026-04-06 13:46,2026-04-06,280.1,281,280.1,281,250
RHPL,1min,1775462680,2026-04-06 13:49,2026-04-06,281,282.9,281,282.9,1200
RHPL,1min,1775462805,2026-04-06 13:51,2026-04-06,282.9,282.9,282.9,282.9,0
RHPL,1min,1775463126,2026-04-06 13:57,2026-04-06,282.9,283.9,282.9,283.9,600
RHPL,1min,1775463333,2026-04-06 14:00,2026-04-06,283.9,283.9,283,283,200
RHPL,1min,1775463410,2026-04-06 14:01,2026-04-06,283,283.9,283,283.9,180
RHPL,1min,1775463605,2026-04-06 14:05,2026-04-06,283.9,283.9,283,283,850
RHPL,1min,1775463775,2026-04-06 14:07,2026-04-06,283,283.9,283,283.9,115
RHPL,1min,1775463801,2026-04-06 14:08,2026-04-06,283.9,284,283.9,284,385
RHPL,1min,1775463948,2026-04-06 14:10,2026-04-06,284,284,284,284,845
RHPL,1min,1775464070,2026-04-06 14:12,2026-04-06,284,284.9,284,284.9,599
RHPL,1min,1775464136,2026-04-06 14:13,2026-04-06,284.9,285,284.9,285,1500
RHPL,1min,1775464279,2026-04-06 14:16,2026-04-06,285,285,285,285,50
RHPL,1min,1775464416,2026-04-06 14:18,2026-04-06,285,285,285,285,976
RHPL,1min,1775464490,2026-04-06 14:19,2026-04-06,285,285.1,285,285.1,875
RHPL,1min,1775464513,2026-04-06 14:20,2026-04-06,285.1,285.9,285.1,285.9,225
RHPL,1min,1775464599,2026-04-06 14:21,2026-04-06,285.9,285.9,285.5,285.9,155
RHPL,1min,1775464664,2026-04-06 14:22,2026-04-06,285.9,285.9,285.9,285.9,620
RHPL,1min,1775464729,2026-04-06 14:23,2026-04-06,285.9,288,285.9,288,1400
RHPL,1min,1775464981,2026-04-06 14:28,2026-04-06,288,288,287,287,17
RHPL,1min,1775465099,2026-04-06 14:29,2026-04-06,287,287,286,286,100
RHPL,1min,1775465196,2026-04-06 14:31,2026-04-06,286,286,286,286,580
RHPL,1min,1775465230,2026-04-06 14:32,2026-04-06,286,286,286,286,20
RHPL,1min,1775465291,2026-04-06 14:33,2026-04-06,286,286.9,286,286.9,10
RHPL,1min,1775465439,2026-04-06 14:35,2026-04-06,286.9,286.9,286,286,10
RHPL,1min,1775465502,2026-04-06 14:36,2026-04-06,286,286,285.6,286,372
RHPL,1min,1775465568,2026-04-06 14:37,2026-04-06,286,286,285.5,285.5,50
RHPL,1min,1775465617,2026-04-06 14:38,2026-04-06,285.5,286,285,286,1650
RHPL,1min,1775465846,2026-04-06 14:42,2026-04-06,286,286,285,285,300
RHPL,1min,1775465928,2026-04-06 14:43,2026-04-06,285,285,285,285,610
RHPL,1min,1775465990,2026-04-06 14:44,2026-04-06,285,285,285,285,403
RHPL,1min,1775466059,2026-04-06 14:45,2026-04-06,285,285.9,285,285.5,900
RHPL,1min,1775466148,2026-04-06 14:47,2026-04-06,285.5,285.5,284.7,284.7,1711
RHPL,1min,1775466289,2026-04-06 14:49,2026-04-06,284.7,285,284.7,285,1350
RHPL,1min,1775466320,2026-04-06 14:50,2026-04-06,285,285,284.7,284.7,205
RHPL,1min,1775466438,2026-04-06 14:52,2026-04-06,284.7,285,284.7,285,110
RHPL,1min,1775466513,2026-04-06 14:53,2026-04-06,285,285,285,285,200
RHPL,1min,1775466573,2026-04-06 14:54,2026-04-06,285,285,285,285,700
RHPL,1min,1775466657,2026-04-06 14:55,2026-04-06,285,285,284.7,284.7,0
RHPL,1min,1775466674,2026-04-06 14:56,2026-04-06,284.7,285,284.7,285,235
RHPL,1min,1775466755,2026-04-06 14:57,2026-04-06,285,285,284.7,284.7,710
RHPL,1min,1775466830,2026-04-06 14:58,2026-04-06,284.7,285,284.7,285,200
RHPL,1min,1775466899,2026-04-06 14:59,2026-04-06,285,285,285,285,514
RHPL,1min,1775539298,2026-04-07 11:06,2026-04-07,290,290,290,290,100
RHPL,1min,1775539357,2026-04-07 11:07,2026-04-07,290,290,286.2,290,250
RHPL,1min,1775539422,2026-04-07 11:08,2026-04-07,290,290.5,290,290,430
RHPL,1min,1775539486,2026-04-07 11:09,2026-04-07,290,290,289.6,289.6,300
RHPL,1min,1775539571,2026-04-07 11:11,2026-04-07,289.6,289.6,288,288,50
RHPL,1min,1775539654,2026-04-07 11:12,2026-04-07,288,289.6,288,289.6,500
RHPL,1min,1775539731,2026-04-07 11:13,2026-04-07,289.6,289.6,288,288,350
RHPL,1min,1775539944,2026-04-07 11:17,2026-04-07,288,288,285.1,285.1,40
RHPL,1min,1775540055,2026-04-07 11:19,2026-04-07,285.1,285.1,285.1,285.1,40
RHPL,1min,1775540428,2026-04-07 11:25,2026-04-07,285.1,288,285.1,288,200
RHPL,1min,1775540926,2026-04-07 11:33,2026-04-07,288,288,288,288,500
RHPL,1min,1775540982,2026-04-07 11:34,2026-04-07,288,289.6,288,289.6,200
RHPL,1min,1775541049,2026-04-07 11:35,2026-04-07,289.6,289.6,286.1,286.1,150
RHPL,1min,1775541081,2026-04-07 11:36,2026-04-07,286.1,291,286.1,291,1000
RHPL,1min,1775541489,2026-04-07 11:43,2026-04-07,291,291,289.6,289.6,20
RHPL,1min,1775542135,2026-04-07 11:53,2026-04-07,289.6,289.6,287.5,287.5,295
RHPL,1min,1775542317,2026-04-07 11:56,2026-04-07,287.5,287.5,287.1,287.1,338
RHPL,1min,1775542373,2026-04-07 11:57,2026-04-07,287.1,287.1,287.1,287.1,0
RHPL,1min,1775542402,2026-04-07 11:58,2026-04-07,287.1,287.1,287,287,0
RHPL,1min,1775542485,2026-04-07 11:59,2026-04-07,287,288,287,288,595
RHPL,1min,1775542507,2026-04-07 12:00,2026-04-07,288,288,288,288,285
RHPL,1min,1775542644,2026-04-07 12:02,2026-04-07,288,289,288,289,20
RHPL,1min,1775542845,2026-04-07 12:05,2026-04-07,289,289,288.5,288.5,150
RHPL,1min,1775542897,2026-04-07 12:06,2026-04-07,288.5,288.5,288.5,288.5,40
RHPL,1min,1775542961,2026-04-07 12:07,2026-04-07,288.5,288.5,288.5,288.5,122
RHPL,1min,1775543208,2026-04-07 12:11,2026-04-07,288.5,289.5,288.5,289.5,90
RHPL,1min,1775543235,2026-04-07 12:12,2026-04-07,289.5,289.5,289.1,289.1,0
RHPL,1min,1775543352,2026-04-07 12:14,2026-04-07,289.1,289.1,289,289,1600
RHPL,1min,1775543458,2026-04-07 12:15,2026-04-07,289,289,289,289,100
RHPL,1min,1775543509,2026-04-07 12:16,2026-04-07,289,289,288.9,288.9,1553
RHPL,1min,1775543820,2026-04-07 12:22,2026-04-07,288.9,288.9,288.5,288.5,80
RHPL,1min,1775543996,2026-04-07 12:24,2026-04-07,288.5,288.5,288,288,0
RHPL,1min,1775544032,2026-04-07 12:25,2026-04-07,288,288,287.5,287.5,1118
RHPL,1min,1775544124,2026-04-07 12:27,2026-04-07,287.5,287.5,287.5,287.5,0
RHPL,1min,1775544249,2026-04-07 12:29,2026-04-07,287.5,287.5,287.5,287.5,800
RHPL,1min,1775544355,2026-04-07 12:30,2026-04-07,287.5,287.5,286.1,286.1,420
RHPL,1min,1775544368,2026-04-07 12:31,2026-04-07,286.1,286.1,286.1,286.1,50
RHPL,1min,1775544458,2026-04-07 12:32,2026-04-07,286.1,286.1,285,285,4425
RHPL,1min,1775544637,2026-04-07 12:35,2026-04-07,285,285,285,285,10
RHPL,1min,1775544786,2026-04-07 12:38,2026-04-07,285,285,285,285,0
RHPL,1min,1775544861,2026-04-07 12:39,2026-04-07,285,285,285,285,90
RHPL,1min,1775544998,2026-04-07 12:41,2026-04-07,285,285,285,285,40
RHPL,1min,1775545184,2026-04-07 12:44,2026-04-07,285,285.1,285,285.1,100
RHPL,1min,1775545217,2026-04-07 12:45,2026-04-07,285.1,285.1,285.1,285.1,20
RHPL,1min,1775545286,2026-04-07 12:46,2026-04-07,285.1,285.1,285.1,285.1,500
RHPL,1min,1775545367,2026-04-07 12:47,2026-04-07,285.1,285.1,285.1,285.1,500
RHPL,1min,1775545438,2026-04-07 12:48,2026-04-07,285.1,285.1,285,285.1,890
RHPL,1min,1775545551,2026-04-07 12:50,2026-04-07,285.1,285.1,285.1,285.1,170
RHPL,1min,1775545700,2026-04-07 12:53,2026-04-07,285.1,285.1,285,285,30
RHPL,1min,1775546172,2026-04-07 13:01,2026-04-07,285,285,285,285,150
RHPL,1min,1775546266,2026-04-07 13:02,2026-04-07,285,285,285,285,100
RHPL,1min,1775546284,2026-04-07 13:03,2026-04-07,285,287,285,287,140
RHPL,1min,1775546474,2026-04-07 13:06,2026-04-07,287,287,285,285,40
RHPL,1min,1775546543,2026-04-07 13:07,2026-04-07,285,288,285,288,50
RHPL,1min,1775546616,2026-04-07 13:08,2026-04-07,288,288,288,288,200
RHPL,1min,1775546688,2026-04-07 13:09,2026-04-07,288,288.9,288,288.9,10
RHPL,1min,1775546708,2026-04-07 13:10,2026-04-07,288.9,288.9,288,288,19
RHPL,1min,1775547227,2026-04-07 13:18,2026-04-07,288,292.9,288,292.9,5000
RHPL,1min,1775547824,2026-04-07 13:28,2026-04-07,292.9,292.9,287.7,287.7,0
RHPL,1min,1775548221,2026-04-07 13:35,2026-04-07,287.7,287.7,287.7,287.7,80
RHPL,1min,1775548606,2026-04-07 13:41,2026-04-07,287.7,287.7,287.7,287.7,70
RHPL,1min,1775549184,2026-04-07 13:51,2026-04-07,287.7,290,287.7,290,25
RHPL,1min,1775549329,2026-04-07 13:53,2026-04-07,290,290,290,290,235
RHPL,1min,1775550288,2026-04-07 14:09,2026-04-07,290,290,286,286,120
RHPL,1min,1775550508,2026-04-07 14:13,2026-04-07,286,286,285.4,285.4,330
RHPL,1min,1775550613,2026-04-07 14:15,2026-04-07,285.4,285.4,285.4,285.4,140
RHPL,1min,1775550843,2026-04-07 14:19,2026-04-07,285.4,285.4,285.4,285.4,70
RHPL,1min,1775551057,2026-04-07 14:22,2026-04-07,285.4,285.4,285.2,285.2,4000
RHPL,1min,1775551238,2026-04-07 14:25,2026-04-07,285.2,285.2,285.2,285.2,10
RHPL,1min,1775551454,2026-04-07 14:29,2026-04-07,285.2,285.2,285.2,285.2,800
RHPL,1min,1775551500,2026-04-07 14:30,2026-04-07,285.2,285.2,285.2,285.2,940
RHPL,1min,1775551675,2026-04-07 14:32,2026-04-07,285.2,285.2,285.2,285.2,2975
RHPL,1min,1775551778,2026-04-07 14:34,2026-04-07,285.2,285.2,285.2,285.2,500
RHPL,1min,1775551905,2026-04-07 14:36,2026-04-07,285.2,285.2,285.2,285.2,140
RHPL,1min,1775551935,2026-04-07 14:37,2026-04-07,285.2,285.2,285.2,285.2,700
RHPL,1min,1775552332,2026-04-07 14:43,2026-04-07,285.2,288,285.2,288,120
RHPL,1min,1775552451,2026-04-07 14:45,2026-04-07,288,288,288,288,127
RHPL,1min,1775552489,2026-04-07 14:46,2026-04-07,288,288,288,288,20
RHPL,1min,1775552578,2026-04-07 14:47,2026-04-07,288,288,288,288,1080
RHPL,1min,1775552700,2026-04-07 14:50,2026-04-07,288,288,287,287,100
RHPL,1min,1775553112,2026-04-07 14:56,2026-04-07,287,287,286.5,286.5,250
RHPL,1min,1775553174,2026-04-07 14:57,2026-04-07,286.5,287,286.5,287,10
RHPL,1min,1775553219,2026-04-07 14:58,2026-04-07,287,287,287,287,70
RHPL,1min,1775553299,2026-04-07 14:59,2026-04-07,287,287,286.6,287,685
RHPL,1min,1775625811,2026-04-08 11:08,2026-04-08,291.9,291.9,291.9,291.9,200
RHPL,1min,1775625946,2026-04-08 11:10,2026-04-08,291.9,292,291.9,292,200
RHPL,1min,1775626482,2026-04-08 11:19,2026-04-08,292,292,290,290,100
RHPL,1min,1775626672,2026-04-08 11:22,2026-04-08,290,290,290,290,510
RHPL,1min,1775626699,2026-04-08 11:23,2026-04-08,290,290,289.1,289.1,70
RHPL,1min,1775626823,2026-04-08 11:25,2026-04-08,289.1,291,289.1,291,0
RHPL,1min,1775626901,2026-04-08 11:26,2026-04-08,291,291.9,291,291.9,2410
RHPL,1min,1775626941,2026-04-08 11:27,2026-04-08,291.9,291.9,290,290,600
RHPL,1min,1775627342,2026-04-08 11:34,2026-04-08,290,291.9,290,291.9,50
RHPL,1min,1775627837,2026-04-08 11:42,2026-04-08,291.9,291.9,290,290,10
RHPL,1min,1775627906,2026-04-08 11:43,2026-04-08,290,290,290,290,10
RHPL,1min,1775628091,2026-04-08 11:46,2026-04-08,290,290,290,290,490
RHPL,1min,1775628816,2026-04-08 11:58,2026-04-08,290,290,290,290,300
RHPL,1min,1775629297,2026-04-08 12:06,2026-04-08,290,290,290,290,225
RHPL,1min,1775629343,2026-04-08 12:07,2026-04-08,290,290,290,290,285
RHPL,1min,1775629475,2026-04-08 12:09,2026-04-08,290,290,290,290,120
RHPL,1min,1775629730,2026-04-08 12:13,2026-04-08,290,290.9,290,290.9,80
RHPL,1min,1775629907,2026-04-08 12:16,2026-04-08,290.9,290.9,290.1,290.9,120
RHPL,1min,1775630025,2026-04-08 12:18,2026-04-08,290.9,290.9,290.1,290.1,60
RHPL,1min,1775630075,2026-04-08 12:19,2026-04-08,290.1,290.1,290.1,290.1,100
RHPL,1min,1775630186,2026-04-08 12:21,2026-04-08,290.1,290.1,290.1,290.1,40
RHPL,1min,1775630341,2026-04-08 12:24,2026-04-08,290.1,290.1,290.1,290.1,100
RHPL,1min,1775630408,2026-04-08 12:25,2026-04-08,290.1,291.5,290.1,291.5,1000
RHPL,1min,1775630763,2026-04-08 12:31,2026-04-08,291.5,291.5,290.1,290.1,100
RHPL,1min,1775630979,2026-04-08 12:34,2026-04-08,290.1,290.1,290,290,1090
RHPL,1min,1775631016,2026-04-08 12:35,2026-04-08,290,290,290,290,1000
RHPL,1min,1775631109,2026-04-08 12:36,2026-04-08,290,290,290,290,0
RHPL,1min,1775631238,2026-04-08 12:38,2026-04-08,290,291.2,290,290,110
RHPL,1min,1775631327,2026-04-08 12:40,2026-04-08,290,291.2,290,291.2,220
RHPL,1min,1775631588,2026-04-08 12:44,2026-04-08,291.2,291.2,290,290,20
RHPL,1min,1775631794,2026-04-08 12:48,2026-04-08,290,290.2,290,290.2,50
RHPL,1min,1775631873,2026-04-08 12:49,2026-04-08,290.2,290.2,290,290,295
RHPL,1min,1775632247,2026-04-08 12:55,2026-04-08,290,290.2,290,290.2,20
RHPL,1min,1775632315,2026-04-08 12:56,2026-04-08,290.2,290.2,290.2,290.2,180
RHPL,1min,1775632325,2026-04-08 12:57,2026-04-08,290.2,290.2,290.2,290.2,320
RHPL,1min,1775632560,2026-04-08 13:01,2026-04-08,290.2,291.3,290.2,291.3,0
RHPL,1min,1775632638,2026-04-08 13:02,2026-04-08,291.3,291.4,291.3,291.4,2300
RHPL,1min,1775633307,2026-04-08 13:13,2026-04-08,291.4,291.4,290.2,290.2,220
RHPL,1min,1775633363,2026-04-08 13:14,2026-04-08,290.2,290.3,290.2,290.3,150
RHPL,1min,1775633454,2026-04-08 13:15,2026-04-08,290.3,290.3,290.3,290.3,50
RHPL,1min,1775633514,2026-04-08 13:16,2026-04-08,290.3,290.3,290.2,290.2,0
RHPL,1min,1775634002,2026-04-08 13:25,2026-04-08,290.2,290.2,290.2,290.2,497
RHPL,1min,1775634167,2026-04-08 13:27,2026-04-08,290.2,290.2,290.2,290.2,40
RHPL,1min,1775634180,2026-04-08 13:28,2026-04-08,290.2,291,290.2,291,500
RHPL,1min,1775634274,2026-04-08 13:29,2026-04-08,291,291,290.2,290.2,150
RHPL,1min,1775634300,2026-04-08 13:30,2026-04-08,290.2,291,290.2,291,200
RHPL,1min,1775634433,2026-04-08 13:32,2026-04-08,291,291,291,291,1490
RHPL,1min,1775635256,2026-04-08 13:45,2026-04-08,291,291,291,291,25
RHPL,1min,1775635463,2026-04-08 13:49,2026-04-08,291,291,290.3,290.3,200
RHPL,1min,1775635511,2026-04-08 13:50,2026-04-08,290.3,290.3,290.2,290.2,100
RHPL,1min,1775635568,2026-04-08 13:51,2026-04-08,290.2,290.2,290.2,290.2,300
RHPL,1min,1775636263,2026-04-08 14:02,2026-04-08,290.2,290.2,290,290,460
RHPL,1min,1775636529,2026-04-08 14:07,2026-04-08,290,290,290,290,100
RHPL,1min,1775636645,2026-04-08 14:09,2026-04-08,290,290,290,290,0
RHPL,1min,1775637580,2026-04-08 14:24,2026-04-08,290,290,289,289,216
RHPL,1min,1775637709,2026-04-08 14:26,2026-04-08,289,289,289,289,40
RHPL,1min,1775637812,2026-04-08 14:28,2026-04-08,289,289,289,289,80
RHPL,1min,1775637895,2026-04-08 14:29,2026-04-08,289,289.6,289,289.6,10
RHPL,1min,1775637920,2026-04-08 14:30,2026-04-08,289.6,289.6,289,289,700
RHPL,1min,1775638128,2026-04-08 14:33,2026-04-08,289,289,289,289,40
RHPL,1min,1775638252,2026-04-08 14:35,2026-04-08,289,289,289,289,410
RHPL,1min,1775638319,2026-04-08 14:36,2026-04-08,289,289,289,289,100
RHPL,1min,1775638762,2026-04-08 14:44,2026-04-08,289,289,289,289,330
RHPL,1min,1775638882,2026-04-08 14:46,2026-04-08,289,289,289,289,270
RHPL,1min,1775639029,2026-04-08 14:48,2026-04-08,289,289,289,289,45
RHPL,1min,1775639206,2026-04-08 14:51,2026-04-08,289,290,289,290,1200
RHPL,1min,1775639299,2026-04-08 14:53,2026-04-08,290,290,288.1,288.1,565
RHPL,1min,1775639344,2026-04-08 14:54,2026-04-08,288.1,288.1,288.1,288.1,300
RHPL,1min,1775639699,2026-04-08 14:59,2026-04-08,288.1,288.1,288.1,288.1,12
RHPL,1min,1775711942,2026-04-09 11:04,2026-04-09,286.2,286.2,286.2,286.2,50
RHPL,1min,1775712587,2026-04-09 11:14,2026-04-09,286.2,289,286.2,289,80
RHPL,1min,1775712679,2026-04-09 11:16,2026-04-09,289,291,289,291,30
RHPL,1min,1775712814,2026-04-09 11:18,2026-04-09,291,291,291,291,0
RHPL,1min,1775712901,2026-04-09 11:20,2026-04-09,291,291,291,291,39
RHPL,1min,1775713191,2026-04-09 11:24,2026-04-09,291,291,290,290,500
RHPL,1min,1775713245,2026-04-09 11:25,2026-04-09,290,290,290,290,25
RHPL,1min,1775713296,2026-04-09 11:26,2026-04-09,290,290,288.4,288.4,0
RHPL,1min,1775713636,2026-04-09 11:32,2026-04-09,288.4,294,288.4,294,1700
RHPL,1min,1775713831,2026-04-09 11:35,2026-04-09,294,294,294,294,1000
RHPL,1min,1775713956,2026-04-09 11:37,2026-04-09,294,294,291,291,800
RHPL,1min,1775714004,2026-04-09 11:38,2026-04-09,291,291,290.2,290.2,230
RHPL,1min,1775714054,2026-04-09 11:39,2026-04-09,290.2,290.2,290.2,290.2,40
RHPL,1min,1775714127,2026-04-09 11:40,2026-04-09,290.2,291,290.2,291,30
RHPL,1min,1775714322,2026-04-09 11:43,2026-04-09,291,291,291,291,50
RHPL,1min,1775714367,2026-04-09 11:44,2026-04-09,291,291,291,291,70
RHPL,1min,1775714418,2026-04-09 11:45,2026-04-09,291,294,291,294,180
RHPL,1min,1775714859,2026-04-09 11:52,2026-04-09,294,294,291.6,291.6,0
RHPL,1min,1775715116,2026-04-09 11:56,2026-04-09,291.6,291.9,291.6,291.9,30
RHPL,1min,1775715255,2026-04-09 11:59,2026-04-09,291.9,292,291.9,292,1500
RHPL,1min,1775715355,2026-04-09 12:00,2026-04-09,292,292,292,292,300
RHPL,1min,1775715417,2026-04-09 12:01,2026-04-09,292,292,292,292,520
RHPL,1min,1775715589,2026-04-09 12:04,2026-04-09,292,292,292,292,70
RHPL,1min,1775715752,2026-04-09 12:07,2026-04-09,292,293.8,292,293.8,50
RHPL,1min,1775715809,2026-04-09 12:08,2026-04-09,293.8,293.8,292,292,150
RHPL,1min,1775715950,2026-04-09 12:10,2026-04-09,292,293.8,292,293.8,10
RHPL,1min,1775716093,2026-04-09 12:13,2026-04-09,293.8,294,293.8,294,1000
RHPL,1min,1775716217,2026-04-09 12:15,2026-04-09,294,294,294,294,0
RHPL,1min,1775716350,2026-04-09 12:17,2026-04-09,294,294,294,294,288
RHPL,1min,1775716575,2026-04-09 12:21,2026-04-09,294,294.4,294,294.4,10
RHPL,1min,1775716738,2026-04-09 12:23,2026-04-09,294.4,294.4,292.4,292.4,400
RHPL,1min,1775716799,2026-04-09 12:24,2026-04-09,292.4,292.4,292.2,292.2,100
RHPL,1min,1775716824,2026-04-09 12:25,2026-04-09,292.2,292.2,292.2,292.2,610
RHPL,1min,1775716910,2026-04-09 12:26,2026-04-09,292.2,292.4,292.2,292.4,270
RHPL,1min,1775717266,2026-04-09 12:32,2026-04-09,292.4,292.4,292.4,292.4,80
RHPL,1min,1775717481,2026-04-09 12:36,2026-04-09,292.4,292.6,292.4,292.5,1050
RHPL,1min,1775717567,2026-04-09 12:37,2026-04-09,292.5,292.5,292.5,292.5,130
RHPL,1min,1775717620,2026-04-09 12:38,2026-04-09,292.5,292.5,292.1,292.1,2020
RHPL,1min,1775717689,2026-04-09 12:39,2026-04-09,292.1,292.5,292.1,292.1,86
RHPL,1min,1775717783,2026-04-09 12:41,2026-04-09,292.1,292.1,292,292,3310
RHPL,1min,1775717842,2026-04-09 12:42,2026-04-09,292,292,292,292,200
RHPL,1min,1775717901,2026-04-09 12:43,2026-04-09,292,292,292,292,20
RHPL,1min,1775717953,2026-04-09 12:44,2026-04-09,292,292,292,292,200
RHPL,1min,1775718051,2026-04-09 12:45,2026-04-09,292,292,292,292,195
RHPL,1min,1775718108,2026-04-09 12:46,2026-04-09,292,292,292,292,100
RHPL,1min,1775718136,2026-04-09 12:47,2026-04-09,292,292,291.9,291.9,70
RHPL,1min,1775718219,2026-04-09 12:48,2026-04-09,291.9,293,291.9,292,571
RHPL,1min,1775718305,2026-04-09 12:50,2026-04-09,292,292,292,292,30
RHPL,1min,1775718365,2026-04-09 12:51,2026-04-09,292,292,292,292,46
RHPL,1min,1775718557,2026-04-09 12:54,2026-04-09,292,292,292,292,10
RHPL,1min,1775718828,2026-04-09 12:58,2026-04-09,292,292,292,292,10
RHPL,1min,1775718875,2026-04-09 12:59,2026-04-09,292,293.9,292,293.9,1000
RHPL,1min,1775719144,2026-04-09 13:04,2026-04-09,293.9,293.9,293.9,293.9,237
RHPL,1min,1775719442,2026-04-09 13:09,2026-04-09,293.9,293.9,292.3,292.3,20
RHPL,1min,1775719539,2026-04-09 13:10,2026-04-09,292.3,293.9,292.3,293.9,50
RHPL,1min,1775719604,2026-04-09 13:11,2026-04-09,293.9,294,293.9,294,1403
RHPL,1min,1775719675,2026-04-09 13:12,2026-04-09,294,295,294,295,1240
RHPL,1min,1775719691,2026-04-09 13:13,2026-04-09,295,295,294,294,710
RHPL,1min,1775719798,2026-04-09 13:14,2026-04-09,294,295.8,294,295.8,75
RHPL,1min,1775719918,2026-04-09 13:16,2026-04-09,295.8,296,295.8,296,0
RHPL,1min,1775719927,2026-04-09 13:17,2026-04-09,296,297,296,297,0
RHPL,1min,1775720147,2026-04-09 13:20,2026-04-09,297,297,296.9,296.9,1638
RHPL,1min,1775720274,2026-04-09 13:22,2026-04-09,296.9,296.9,295.8,295.8,70
RHPL,1min,1775720315,2026-04-09 13:23,2026-04-09,295.8,295.8,295.8,295.8,317
RHPL,1min,1775720382,2026-04-09 13:24,2026-04-09,295.8,295.8,295,295,150
RHPL,1min,1775720512,2026-04-09 13:26,2026-04-09,295,295,295,295,1125
RHPL,1min,1775720552,2026-04-09 13:27,2026-04-09,295,295,295,295,10
RHPL,1min,1775720585,2026-04-09 13:28,2026-04-09,295,295,295,295,1100
RHPL,1min,1775720718,2026-04-09 13:30,2026-04-09,295,295,293.2,293.2,70
RHPL,1min,1775720866,2026-04-09 13:32,2026-04-09,293.2,295,293.2,295,10
RHPL,1min,1775721071,2026-04-09 13:36,2026-04-09,295,295,295,295,45
RHPL,1min,1775721324,2026-04-09 13:40,2026-04-09,295,295,295,295,125
RHPL,1min,1775721914,2026-04-09 13:50,2026-04-09,295,295,293.6,293.6,10
RHPL,1min,1775721971,2026-04-09 13:51,2026-04-09,293.6,296,293.6,296,100
RHPL,1min,1775722356,2026-04-09 13:57,2026-04-09,296,296.4,296,296.4,260
RHPL,1min,1775722545,2026-04-09 14:00,2026-04-09,296.4,296.4,296.4,296.4,10
RHPL,1min,1775722566,2026-04-09 14:01,2026-04-09,296.4,296.6,296.4,296.6,50
RHPL,1min,1775722732,2026-04-09 14:03,2026-04-09,296.6,296.9,296,296,480
RHPL,1min,1775722775,2026-04-09 14:04,2026-04-09,296,296.4,296,296,50
RHPL,1min,1775722932,2026-04-09 14:07,2026-04-09,296,296.4,296,296.4,40
RHPL,1min,1775723037,2026-04-09 14:08,2026-04-09,296.4,296.4,295.1,295.3,193
RHPL,1min,1775723158,2026-04-09 14:10,2026-04-09,295.3,295.3,295.1,295.1,60
RHPL,1min,1775723278,2026-04-09 14:12,2026-04-09,295.1,295.2,295.1,295.2,40
RHPL,1min,1775723505,2026-04-09 14:16,2026-04-09,295.2,295.3,295.2,295.3,160
RHPL,1min,1775723682,2026-04-09 14:19,2026-04-09,295.3,296,295.3,296,100
RHPL,1min,1775723921,2026-04-09 14:23,2026-04-09,296,296,295.2,296,120
RHPL,1min,1775724084,2026-04-09 14:26,2026-04-09,296,296,296,296,60
RHPL,1min,1775724145,2026-04-09 14:27,2026-04-09,296,296,295.3,295.3,40
RHPL,1min,1775724358,2026-04-09 14:30,2026-04-09,295.3,295.4,295.3,295.4,10
RHPL,1min,1775724643,2026-04-09 14:35,2026-04-09,295.4,296,295.4,296,0
RHPL,1min,1775724704,2026-04-09 14:36,2026-04-09,296,296.2,296,296.2,90
RHPL,1min,1775724771,2026-04-09 14:37,2026-04-09,296.2,296.2,295.6,295.6,120
RHPL,1min,1775724814,2026-04-09 14:38,2026-04-09,295.6,295.6,295.6,295.6,90
RHPL,1min,1775724955,2026-04-09 14:40,2026-04-09,295.6,296,295.5,296,330
RHPL,1min,1775725050,2026-04-09 14:42,2026-04-09,296,296,296,296,0
RHPL,1min,1775725156,2026-04-09 14:44,2026-04-09,296,296.9,296,296.9,1210
RHPL,1min,1775725280,2026-04-09 14:46,2026-04-09,296.9,296.9,296.1,296.1,130
RHPL,1min,1775725372,2026-04-09 14:47,2026-04-09,296.1,296.9,296.1,296.9,450
RHPL,1min,1775725386,2026-04-09 14:48,2026-04-09,296.9,296.9,296,296,200
RHPL,1min,1775725466,2026-04-09 14:49,2026-04-09,296,296,296,296,100
RHPL,1min,1775725543,2026-04-09 14:50,2026-04-09,296,296,296,296,285
RHPL,1min,1775725735,2026-04-09 14:53,2026-04-09,296,296,296,296,876
RHPL,1min,1775725787,2026-04-09 14:54,2026-04-09,296,296,295.3,295.3,190
RHPL,1min,1775725857,2026-04-09 14:55,2026-04-09,295.3,295.3,295.2,295.2,5492
RHPL,1min,1775725892,2026-04-09 14:56,2026-04-09,295.2,295.2,295.2,295.2,150
RHPL,1min,1775725933,2026-04-09 14:57,2026-04-09,295.2,295.2,295,295,0
RHPL,1min,1775725980,2026-04-09 14:58,2026-04-09,295,295,295,295,2750
RHPL,1min,1775726099,2026-04-09 14:59,2026-04-09,295,295,295,295,292
RHPL,1min,1775798594,2026-04-10 11:08,2026-04-10,291,291,291,291,390
RHPL,1min,1775798659,2026-04-10 11:09,2026-04-10,291,291,291,291,0
RHPL,1min,1775798850,2026-04-10 11:12,2026-04-10,291,294,291,294,370
RHPL,1min,1775798890,2026-04-10 11:13,2026-04-10,294,294,292,292,50
RHPL,1min,1775799532,2026-04-10 11:23,2026-04-10,292,292,291.5,292,1100
RHPL,1min,1775799642,2026-04-10 11:25,2026-04-10,292,292,291.6,291.6,50
RHPL,1min,1775799771,2026-04-10 11:27,2026-04-10,291.6,291.7,291.6,291.7,50
RHPL,1min,1775800191,2026-04-10 11:34,2026-04-10,291.7,292.2,291.7,292.2,0
RHPL,1min,1775800243,2026-04-10 11:35,2026-04-10,292.2,292.2,292.2,292.2,710
RHPL,1min,1775800315,2026-04-10 11:36,2026-04-10,292.2,293.1,292.2,293.1,525
RHPL,1min,1775800335,2026-04-10 11:37,2026-04-10,293.1,294,293.1,294,20
RHPL,1min,1775800407,2026-04-10 11:38,2026-04-10,294,296,294,296,260
RHPL,1min,1775800478,2026-04-10 11:39,2026-04-10,296,297,296,297,0
RHPL,1min,1775800986,2026-04-10 11:48,2026-04-10,297,297,295,295,580
RHPL,1min,1775801475,2026-04-10 11:56,2026-04-10,295,295,295,295,100
RHPL,1min,1775801989,2026-04-10 12:04,2026-04-10,295,296,295,296,100
RHPL,1min,1775802342,2026-04-10 12:10,2026-04-10,296,296,295.5,295.5,0
RHPL,1min,1775802384,2026-04-10 12:11,2026-04-10,295.5,295.5,295.5,295.5,90
RHPL,1min,1775802449,2026-04-10 12:12,2026-04-10,295.5,295.5,295.5,295.5,10
RHPL,1min,1775802497,2026-04-10 12:13,2026-04-10,295.5,295.5,295.5,295.5,400
RHPL,1min,1775802598,2026-04-10 12:14,2026-04-10,295.5,295.5,295.1,295.1,570
RHPL,1min,1775802656,2026-04-10 12:15,2026-04-10,295.1,295.2,295.1,295.2,70
RHPL,1min,1775802709,2026-04-10 12:16,2026-04-10,295.2,295.2,295.1,295.1,72
RHPL,1min,1775802723,2026-04-10 12:17,2026-04-10,295.1,295.1,295,295,983
RHPL,1min,1775802897,2026-04-10 12:19,2026-04-10,295,295,294,294,110
RHPL,1min,1775803050,2026-04-10 12:22,2026-04-10,294,294,292.5,292.5,100
RHPL,1min,1775803119,2026-04-10 12:23,2026-04-10,292.5,292.5,292.5,292.5,0
RHPL,1min,1775803149,2026-04-10 12:24,2026-04-10,292.5,292.5,292.1,292.1,120
RHPL,1min,1775803210,2026-04-10 12:25,2026-04-10,292.1,292.1,292.1,292.1,95
RHPL,1min,1775803434,2026-04-10 12:28,2026-04-10,292.1,292.1,292.1,292.1,1845
RHPL,1min,1775803524,2026-04-10 12:30,2026-04-10,292.1,292.1,292.1,292.1,1000
RHPL,1min,1775803665,2026-04-10 12:32,2026-04-10,292.1,292.1,292.1,292.1,655
RHPL,1min,1775803776,2026-04-10 12:34,2026-04-10,292.1,292.1,292.1,292.1,100
RHPL,1min,1775803905,2026-04-10 12:36,2026-04-10,292.1,292.1,292.1,292.1,80
RHPL,1min,1775804005,2026-04-10 12:38,2026-04-10,292.1,292.1,291.2,291.2,2000
RHPL,1min,1775804055,2026-04-10 12:39,2026-04-10,291.2,291.2,291,291,900
RHPL,1min,1775804107,2026-04-10 12:40,2026-04-10,291,291.1,291,291.1,100
RHPL,1min,1775804191,2026-04-10 12:41,2026-04-10,291.1,291.1,291.1,291.1,30
RHPL,1min,1775804659,2026-04-10 12:49,2026-04-10,291.1,291.2,291.1,291.2,70
RHPL,1min,1775804737,2026-04-10 12:50,2026-04-10,291.2,292,291.2,292,385
RHPL,1min,1775804791,2026-04-10 12:51,2026-04-10,292,292,292,292,10
RHPL,1min,1775804871,2026-04-10 12:52,2026-04-10,292,292,291.1,291.1,90
RHPL,1min,1775804954,2026-04-10 12:54,2026-04-10,291.1,292.5,291.1,292.5,476
RHPL,1min,1775805514,2026-04-10 13:03,2026-04-10,292.5,292.5,292,292,600
RHPL,1min,1775806003,2026-04-10 13:11,2026-04-10,292,292,292,292,400
RHPL,1min,1775806575,2026-04-10 13:21,2026-04-10,292,292.5,292,292.5,150
RHPL,1min,1775806634,2026-04-10 13:22,2026-04-10,292.5,292.5,292,292,50
RHPL,1min,1775806841,2026-04-10 13:25,2026-04-10,292,292.5,292,292.5,74
RHPL,1min,1775807010,2026-04-10 13:28,2026-04-10,292.5,292.5,292.5,292.5,90
RHPL,1min,1775807118,2026-04-10 13:30,2026-04-10,292.5,292.6,292.5,292.6,50
RHPL,1min,1775807367,2026-04-10 13:34,2026-04-10,292.6,293,292.6,293,20
RHPL,1min,1775807404,2026-04-10 13:35,2026-04-10,293,293,292.9,292.9,70
RHPL,1min,1775808032,2026-04-10 13:45,2026-04-10,292.9,292.9,292.9,292.9,80
RHPL,1min,1775808115,2026-04-10 13:46,2026-04-10,292.9,292.9,292.9,292.9,220
RHPL,1min,1775808132,2026-04-10 13:47,2026-04-10,292.9,292.9,292.9,292.9,50
RHPL,1min,1775808383,2026-04-10 13:51,2026-04-10,292.9,295,292.9,295,2000
RHPL,1min,1775808600,2026-04-10 13:55,2026-04-10,295,295,292.9,292.9,70
RHPL,1min,1775808663,2026-04-10 13:56,2026-04-10,292.9,293,292.9,293,200
RHPL,1min,1775808745,2026-04-10 13:57,2026-04-10,293,293,292.8,292.8,90
RHPL,1min,1775808825,2026-04-10 13:58,2026-04-10,292.8,292.8,292.8,292.8,70
RHPL,1min,1775808883,2026-04-10 13:59,2026-04-10,292.8,293,292.8,293,75
RHPL,1min,1775808939,2026-04-10 14:00,2026-04-10,293,293,292.6,292.6,240
RHPL,1min,1775809034,2026-04-10 14:02,2026-04-10,292.6,293,292.6,293,15
RHPL,1min,1775809091,2026-04-10 14:03,2026-04-10,293,293,293,293,30
RHPL,1min,1775809308,2026-04-10 14:06,2026-04-10,293,295.2,293,295.2,1994
RHPL,1min,1775809856,2026-04-10 14:15,2026-04-10,295.2,296,295.2,296,2000
RHPL,1min,1775809885,2026-04-10 14:16,2026-04-10,296,296,293.1,293.1,70
RHPL,1min,1775809968,2026-04-10 14:17,2026-04-10,293.1,293.1,293.1,293.1,10
RHPL,1min,1775810145,2026-04-10 14:20,2026-04-10,293.1,293.1,293.1,293.1,10
RHPL,1min,1775810165,2026-04-10 14:21,2026-04-10,293.1,293.1,293,293,40
RHPL,1min,1775810383,2026-04-10 14:24,2026-04-10,293,293,293,293,30
RHPL,1min,1775810472,2026-04-10 14:26,2026-04-10,293,293.2,293,293.2,10
RHPL,1min,1775810674,2026-04-10 14:29,2026-04-10,293.2,293.2,293.2,293.2,80
RHPL,1min,1775811120,2026-04-10 14:37,2026-04-10,293.2,294,293.2,294,40
RHPL,1min,1775811200,2026-04-10 14:38,2026-04-10,294,294,294,294,0
RHPL,1min,1775811304,2026-04-10 14:40,2026-04-10,294,294,294,294,60
RHPL,1min,1775811453,2026-04-10 14:42,2026-04-10,294,294,293.2,293.2,0
RHPL,1min,1775811497,2026-04-10 14:43,2026-04-10,293.2,293.2,293,293,800
RHPL,1min,1775811618,2026-04-10 14:45,2026-04-10,293,293,293,293,1855
RHPL,1min,1775811696,2026-04-10 14:46,2026-04-10,293,293,292.7,292.7,195
RHPL,1min,1775811866,2026-04-10 14:49,2026-04-10,292.7,292.7,292,292,40
RHPL,1min,1775811917,2026-04-10 14:50,2026-04-10,292,292,292,292,400
RHPL,1min,1775812019,2026-04-10 14:51,2026-04-10,292,292,292,292,340
RHPL,1min,1775812070,2026-04-10 14:52,2026-04-10,292,292,292,292,140
RHPL,1min,1775812117,2026-04-10 14:53,2026-04-10,292,293,292,293,70
RHPL,1min,1775812499,2026-04-10 14:59,2026-04-10,293,293,292.1,293,2065
RHPL,1min,1776057300,2026-04-13 11:00,2026-04-13,287.2,287.2,287.2,287.2,50
RHPL,1min,1776057658,2026-04-13 11:05,2026-04-13,287.2,298.7,287.2,298.7,90
RHPL,1min,1776057756,2026-04-13 11:07,2026-04-13,298.7,298.7,290,290,80
RHPL,1min,1776058045,2026-04-13 11:12,2026-04-13,290,290.1,290,290.1,20
RHPL,1min,1776058484,2026-04-13 11:19,2026-04-13,290.1,290.1,290.1,290.1,70
RHPL,1min,1776058568,2026-04-13 11:21,2026-04-13,290.1,290.2,290.1,290.2,250
RHPL,1min,1776058668,2026-04-13 11:22,2026-04-13,290.2,294,290.2,294,0
RHPL,1min,1776058731,2026-04-13 11:23,2026-04-13,294,295,294,295,259
RHPL,1min,1776058777,2026-04-13 11:24,2026-04-13,295,295,295,295,91
RHPL,1min,1776058881,2026-04-13 11:26,2026-04-13,295,295,294,294,244
RHPL,1min,1776059055,2026-04-13 11:29,2026-04-13,294,295.9,294,295.9,1000
RHPL,1min,1776059299,2026-04-13 11:33,2026-04-13,295.9,295.9,291.1,291.1,80
RHPL,1min,1776059493,2026-04-13 11:36,2026-04-13,291.1,291.3,291.1,291.3,0
RHPL,1min,1776059732,2026-04-13 11:40,2026-04-13,291.3,293,291.3,293,370
RHPL,1min,1776059926,2026-04-13 11:43,2026-04-13,293,293,292.4,292.4,10
RHPL,1min,1776060672,2026-04-13 11:56,2026-04-13,292.4,293.3,292.4,293.3,184
RHPL,1min,1776060798,2026-04-13 11:58,2026-04-13,293.3,293.3,293.2,293.2,90
RHPL,1min,1776060896,2026-04-13 11:59,2026-04-13,293.2,294,293.2,294,20
RHPL,1min,1776060912,2026-04-13 12:00,2026-04-13,294,294,293.1,293.1,70
RHPL,1min,1776060988,2026-04-13 12:01,2026-04-13,293.1,294,293.1,294,50
RHPL,1min,1776061062,2026-04-13 12:02,2026-04-13,294,294,294,294,73
RHPL,1min,1776061200,2026-04-13 12:05,2026-04-13,294,294,293.2,293.2,15
RHPL,1min,1776061288,2026-04-13 12:06,2026-04-13,293.2,293.2,293.2,293.2,0
RHPL,1min,1776061401,2026-04-13 12:08,2026-04-13,293.2,295,293.2,295,310
RHPL,1min,1776061538,2026-04-13 12:10,2026-04-13,295,295,295,295,597
RHPL,1min,1776061582,2026-04-13 12:11,2026-04-13,295,295,295,295,387
RHPL,1min,1776061790,2026-04-13 12:14,2026-04-13,295,296.9,295,296.9,997
RHPL,1min,1776062012,2026-04-13 12:18,2026-04-13,296.9,296.9,295,295,1100
RHPL,1min,1776062372,2026-04-13 12:24,2026-04-13,295,295,295,295,0
RHPL,1min,1776062476,2026-04-13 12:26,2026-04-13,295,296.3,295,296.3,301
RHPL,1min,1776062531,2026-04-13 12:27,2026-04-13,296.3,296.5,296.3,296.5,540
RHPL,1min,1776062611,2026-04-13 12:28,2026-04-13,296.5,298,296.5,298,1238
RHPL,1min,1776062680,2026-04-13 12:29,2026-04-13,298,298.7,298,298.7,1050
RHPL,1min,1776062777,2026-04-13 12:31,2026-04-13,298.7,298.7,298.6,298.6,460
RHPL,1min,1776062912,2026-04-13 12:33,2026-04-13,298.6,298.6,298.6,298.6,90
RHPL,1min,1776062979,2026-04-13 12:34,2026-04-13,298.6,299.8,298.6,299.8,1866
RHPL,1min,1776063032,2026-04-13 12:35,2026-04-13,299.8,299.8,299.7,299.7,1091
RHPL,1min,1776063643,2026-04-13 12:45,2026-04-13,299.7,299.7,299.6,299.6,1000
RHPL,1min,1776063767,2026-04-13 12:47,2026-04-13,299.6,299.6,296.4,296.4,613
RHPL,1min,1776063803,2026-04-13 12:48,2026-04-13,296.4,296.4,296.4,296.4,1000
RHPL,1min,1776063842,2026-04-13 12:49,2026-04-13,296.4,296.4,296.3,296.3,8000
RHPL,1min,1776064088,2026-04-13 12:53,2026-04-13,296.3,296.3,296.3,296.3,200
RHPL,1min,1776064469,2026-04-13 12:59,2026-04-13,296.3,296.3,296.3,296.3,10
RHPL,1min,1776064591,2026-04-13 13:01,2026-04-13,296.3,296.3,296.3,296.3,20
RHPL,1min,1776064681,2026-04-13 13:03,2026-04-13,296.3,296.3,296.3,296.3,500
RHPL,1min,1776064867,2026-04-13 13:06,2026-04-13,296.3,296.3,296.3,296.3,0
RHPL,1min,1776065005,2026-04-13 13:08,2026-04-13,296.3,296.5,296.3,296.5,130
RHPL,1min,1776065240,2026-04-13 13:12,2026-04-13,296.5,296.5,296.3,296.3,51
RHPL,1min,1776065304,2026-04-13 13:13,2026-04-13,296.3,296.3,295,295,59
RHPL,1min,1776065430,2026-04-13 13:15,2026-04-13,295,295,295,295,175
RHPL,1min,1776065508,2026-04-13 13:16,2026-04-13,295,296,295,296,0
RHPL,1min,1776065679,2026-04-13 13:19,2026-04-13,296,296,295.1,295.1,875
RHPL,1min,1776065741,2026-04-13 13:20,2026-04-13,295.1,295.1,295,295,0
RHPL,1min,1776065797,2026-04-13 13:21,2026-04-13,295,295,293.6,293.6,131
RHPL,1min,1776065992,2026-04-13 13:24,2026-04-13,293.6,293.7,293.6,293.7,0
RHPL,1min,1776066259,2026-04-13 13:29,2026-04-13,293.7,293.7,293.7,293.7,80
RHPL,1min,1776066304,2026-04-13 13:30,2026-04-13,293.7,293.7,293.7,293.7,10
RHPL,1min,1776066391,2026-04-13 13:31,2026-04-13,293.7,294,293.7,294,23
RHPL,1min,1776066594,2026-04-13 13:34,2026-04-13,294,295,294,295,0
RHPL,1min,1776066605,2026-04-13 13:35,2026-04-13,295,295,295,295,0
RHPL,1min,1776066818,2026-04-13 13:38,2026-04-13,295,295.1,295,295.1,225
RHPL,1min,1776066903,2026-04-13 13:40,2026-04-13,295.1,295.1,295,295,2000
RHPL,1min,1776067528,2026-04-13 13:50,2026-04-13,295,295,295,295,0
RHPL,1min,1776067644,2026-04-13 13:52,2026-04-13,295,295,295,295,270
RHPL,1min,1776067792,2026-04-13 13:54,2026-04-13,295,296,295,296,38
RHPL,1min,1776068357,2026-04-13 14:04,2026-04-13,296,296,295.5,295.5,0
RHPL,1min,1776068403,2026-04-13 14:05,2026-04-13,295.5,295.5,295.5,295.5,0
RHPL,1min,1776068543,2026-04-13 14:07,2026-04-13,295.5,295.5,295.5,295.5,450
RHPL,1min,1776068600,2026-04-13 14:08,2026-04-13,295.5,295.5,295.5,295.5,900
RHPL,1min,1776068707,2026-04-13 14:10,2026-04-13,295.5,296,295,295,2178
RHPL,1min,1776068816,2026-04-13 14:11,2026-04-13,295,296,295,296,1870
RHPL,1min,1776068879,2026-04-13 14:12,2026-04-13,296,296,295,296,817
RHPL,1min,1776068906,2026-04-13 14:13,2026-04-13,296,296.9,296,296.9,490
RHPL,1min,1776068971,2026-04-13 14:14,2026-04-13,296.9,297,296,296,540
RHPL,1min,1776069214,2026-04-13 14:18,2026-04-13,296,296,296,296,500
RHPL,1min,1776069403,2026-04-13 14:21,2026-04-13,296,296,295.5,295.5,90
RHPL,1min,1776069538,2026-04-13 14:23,2026-04-13,295.5,298,295.5,298,300
RHPL,1min,1776070313,2026-04-13 14:36,2026-04-13,298,298,295,295,5398
RHPL,1min,1776070436,2026-04-13 14:38,2026-04-13,295,295.1,295,295.1,30
RHPL,1min,1776070468,2026-04-13 14:39,2026-04-13,295.1,295.1,295.1,295.1,0
RHPL,1min,1776070552,2026-04-13 14:40,2026-04-13,295.1,297,295.1,297,50
RHPL,1min,1776070738,2026-04-13 14:43,2026-04-13,297,297,296.5,296.5,150
RHPL,1min,1776070799,2026-04-13 14:44,2026-04-13,296.5,296.5,296,296,0
RHPL,1min,1776070839,2026-04-13 14:45,2026-04-13,296,296,295.2,295.2,100
RHPL,1min,1776070888,2026-04-13 14:46,2026-04-13,295.2,295.2,295.2,295.2,0
RHPL,1min,1776070952,2026-04-13 14:47,2026-04-13,295.2,295.2,295.2,295.2,80
RHPL,1min,1776071024,2026-04-13 14:48,2026-04-13,295.2,295.2,295.2,295.2,142
RHPL,1min,1776071054,2026-04-13 14:49,2026-04-13,295.2,295.2,295.1,295.1,1004
RHPL,1min,1776071197,2026-04-13 14:51,2026-04-13,295.1,295.1,295,295,700
RHPL,1min,1776071226,2026-04-13 14:52,2026-04-13,295,296,295,296,0
RHPL,1min,1776071398,2026-04-13 14:54,2026-04-13,296,296,295,295,248
RHPL,1min,1776071452,2026-04-13 14:55,2026-04-13,295,296.5,295,296.5,0
RHPL,1min,1776071466,2026-04-13 14:56,2026-04-13,296.5,296.5,294.1,294.1,0
RHPL,1min,1776071567,2026-04-13 14:57,2026-04-13,294.1,294.1,294.1,294.1,4520
RHPL,1min,1776071699,2026-04-13 14:59,2026-04-13,294.1,296.4,294.1,295,202
RHPL,1min,1776230457,2026-04-15 11:05,2026-04-15,295.1,295.1,295.1,295.1,70
RHPL,1min,1776230727,2026-04-15 11:10,2026-04-15,295.1,296,295.1,296,1000
RHPL,1min,1776230819,2026-04-15 11:11,2026-04-15,296,296,295.1,295.1,430
RHPL,1min,1776230847,2026-04-15 11:12,2026-04-15,295.1,295.1,295,295,50
RHPL,1min,1776231264,2026-04-15 11:19,2026-04-15,295,295,295,295,10
RHPL,1min,1776231441,2026-04-15 11:22,2026-04-15,295,296.9,295,296.9,15
RHPL,1min,1776231486,2026-04-15 11:23,2026-04-15,296.9,296.9,295,295,10
RHPL,1min,1776231884,2026-04-15 11:29,2026-04-15,295,295,295,295,300
RHPL,1min,1776231907,2026-04-15 11:30,2026-04-15,295,296.9,295,296.9,50
RHPL,1min,1776232118,2026-04-15 11:33,2026-04-15,296.9,296.9,295,295,200
RHPL,1min,1776232195,2026-04-15 11:34,2026-04-15,295,296,295,295,105
RHPL,1min,1776232255,2026-04-15 11:35,2026-04-15,295,296,295,296,175
RHPL,1min,1776232360,2026-04-15 11:37,2026-04-15,296,296,294,294,100
RHPL,1min,1776232645,2026-04-15 11:42,2026-04-15,294,295,294,295,250
RHPL,1min,1776232877,2026-04-15 11:46,2026-04-15,295,295,295,295,0
RHPL,1min,1776233086,2026-04-15 11:49,2026-04-15,295,295.1,295,295.1,150
RHPL,1min,1776233166,2026-04-15 11:51,2026-04-15,295.1,295.4,295.1,295.4,80
RHPL,1min,1776233355,2026-04-15 11:54,2026-04-15,295.4,295.4,295.1,295.1,70
RHPL,1min,1776233511,2026-04-15 11:56,2026-04-15,295.1,296,295.1,296,120
RHPL,1min,1776233527,2026-04-15 11:57,2026-04-15,296,298,296,298,1000
RHPL,1min,1776233748,2026-04-15 12:00,2026-04-15,298,298,296,296,500
RHPL,1min,1776233775,2026-04-15 12:01,2026-04-15,296,296,296,296,175
RHPL,1min,1776234164,2026-04-15 12:07,2026-04-15,296,296,295.1,295.1,40
RHPL,1min,1776234231,2026-04-15 12:08,2026-04-15,295.1,296,295.1,296,180
RHPL,1min,1776234333,2026-04-15 12:10,2026-04-15,296,296,295.1,295.1,70
RHPL,1min,1776234599,2026-04-15 12:14,2026-04-15,295.1,297.8,295.1,297.8,170
RHPL,1min,1776234618,2026-04-15 12:15,2026-04-15,297.8,297.9,297.8,297.9,60
RHPL,1min,1776234761,2026-04-15 12:17,2026-04-15,297.9,297.9,297.9,297.9,25
RHPL,1min,1776234849,2026-04-15 12:19,2026-04-15,297.9,298,297.9,298,1000
RHPL,1min,1776235065,2026-04-15 12:22,2026-04-15,298,298,298,298,500
RHPL,1min,1776235085,2026-04-15 12:23,2026-04-15,298,298,298,298,600
RHPL,1min,1776235284,2026-04-15 12:26,2026-04-15,298,298.9,298,298.9,330
RHPL,1min,1776235452,2026-04-15 12:29,2026-04-15,298.9,298.9,297,297,0
RHPL,1min,1776235562,2026-04-15 12:31,2026-04-15,297,297.1,297,297.1,90
RHPL,1min,1776236098,2026-04-15 12:39,2026-04-15,297.1,298,297.1,298,80
RHPL,1min,1776236156,2026-04-15 12:40,2026-04-15,298,299,298,299,1200
RHPL,1min,1776236161,2026-04-15 12:41,2026-04-15,299,299,299,299,197
RHPL,1min,1776236225,2026-04-15 12:42,2026-04-15,299,299.8,299,299.8,95
RHPL,1min,1776236526,2026-04-15 12:47,2026-04-15,299.8,299.8,299,299,0
RHPL,1min,1776236800,2026-04-15 12:51,2026-04-15,299,299.9,299,299.9,1700
RHPL,1min,1776236840,2026-04-15 12:52,2026-04-15,299.9,299.9,299.9,299.9,1000
RHPL,1min,1776236932,2026-04-15 12:53,2026-04-15,299.9,299.9,299.2,299.2,530
RHPL,1min,1776237012,2026-04-15 12:55,2026-04-15,299.2,299.9,299.2,299.9,49
RHPL,1min,1776237105,2026-04-15 12:56,2026-04-15,299.9,299.9,299.2,299.2,1176
RHPL,1min,1776237173,2026-04-15 12:57,2026-04-15,299.2,299.2,299.2,299.2,10
RHPL,1min,1776237252,2026-04-15 12:59,2026-04-15,299.2,300,299.2,300,700
RHPL,1min,1776237344,2026-04-15 13:00,2026-04-15,300,300,300,300,65
RHPL,1min,1776237529,2026-04-15 13:03,2026-04-15,300,300,300,300,251
RHPL,1min,1776237584,2026-04-15 13:04,2026-04-15,300,300.5,300,300.5,1083
RHPL,1min,1776237659,2026-04-15 13:05,2026-04-15,300.5,300.9,300.5,300.6,760
RHPL,1min,1776237702,2026-04-15 13:06,2026-04-15,300.6,300.9,300.6,300.9,100
RHPL,1min,1776237747,2026-04-15 13:07,2026-04-15,300.9,301,300.9,301,130
RHPL,1min,1776237821,2026-04-15 13:08,2026-04-15,301,301,300.9,300.9,460
RHPL,1min,1776237924,2026-04-15 13:10,2026-04-15,300.9,301,300.9,300.9,1040
RHPL,1min,1776238002,2026-04-15 13:11,2026-04-15,300.9,300.9,300.5,300.5,100
RHPL,1min,1776238074,2026-04-15 13:12,2026-04-15,300.5,300.5,300,300,400
RHPL,1min,1776238099,2026-04-15 13:13,2026-04-15,300,300,300,300,60
RHPL,1min,1776238179,2026-04-15 13:14,2026-04-15,300,300,300,300,250
RHPL,1min,1776238207,2026-04-15 13:15,2026-04-15,300,300,300,300,200
RHPL,1min,1776238263,2026-04-15 13:16,2026-04-15,300,300,300,300,40
RHPL,1min,1776238365,2026-04-15 13:17,2026-04-15,300,300,300,300,140
RHPL,1min,1776238421,2026-04-15 13:18,2026-04-15,300,300,300,300,282
RHPL,1min,1776238602,2026-04-15 13:21,2026-04-15,300,300,299.2,299.2,100
RHPL,1min,1776238628,2026-04-15 13:22,2026-04-15,299.2,299.2,299.2,299.2,70
RHPL,1min,1776238731,2026-04-15 13:23,2026-04-15,299.2,299.2,299.2,299.2,10
RHPL,1min,1776238776,2026-04-15 13:24,2026-04-15,299.2,299.2,299.2,299.2,30
RHPL,1min,1776238905,2026-04-15 13:26,2026-04-15,299.2,299.2,299.2,299.2,80
RHPL,1min,1776238946,2026-04-15 13:27,2026-04-15,299.2,299.2,299.2,299.2,70
RHPL,1min,1776239024,2026-04-15 13:28,2026-04-15,299.2,299.2,299.2,299.2,710
RHPL,1min,1776239203,2026-04-15 13:31,2026-04-15,299.2,299.2,299.2,299.2,70
RHPL,1min,1776239222,2026-04-15 13:32,2026-04-15,299.2,299.2,299.2,299.2,50
RHPL,1min,1776239302,2026-04-15 13:33,2026-04-15,299.2,299.2,299.2,299.2,220
RHPL,1min,1776239378,2026-04-15 13:34,2026-04-15,299.2,299.2,299.2,299.2,400
RHPL,1min,1776239487,2026-04-15 13:36,2026-04-15,299.2,299.2,299.2,299.2,100
RHPL,1min,1776239977,2026-04-15 13:44,2026-04-15,299.2,299.2,299,299,50
RHPL,1min,1776240065,2026-04-15 13:46,2026-04-15,299,299,299,299,10
RHPL,1min,1776240141,2026-04-15 13:47,2026-04-15,299,299,299,299,20
RHPL,1min,1776240332,2026-04-15 13:50,2026-04-15,299,300,299,300,1000
RHPL,1min,1776240404,2026-04-15 13:51,2026-04-15,300,300,298,298,10
RHPL,1min,1776240752,2026-04-15 13:57,2026-04-15,298,300,298,300,425
RHPL,1min,1776240909,2026-04-15 14:00,2026-04-15,300,300,300,300,400
RHPL,1min,1776241103,2026-04-15 14:03,2026-04-15,300,300,299,299,70
RHPL,1min,1776241550,2026-04-15 14:10,2026-04-15,299,299.9,299,299.9,130
RHPL,1min,1776241668,2026-04-15 14:12,2026-04-15,299.9,299.9,299.9,299.9,70
RHPL,1min,1776241713,2026-04-15 14:13,2026-04-15,299.9,300,298,298,30
RHPL,1min,1776242020,2026-04-15 14:18,2026-04-15,298,298,297.1,297.1,450
RHPL,1min,1776242099,2026-04-15 14:19,2026-04-15,297.1,300,297.1,297.1,170
RHPL,1min,1776242271,2026-04-15 14:22,2026-04-15,297.1,297.1,297.1,297.1,0
RHPL,1min,1776243067,2026-04-15 14:36,2026-04-15,297.1,297.1,297.1,297.1,510
RHPL,1min,1776243152,2026-04-15 14:37,2026-04-15,297.1,297.1,297.1,297.1,30
RHPL,1min,1776243377,2026-04-15 14:41,2026-04-15,297.1,297.1,297.1,297.1,40
RHPL,1min,1776243589,2026-04-15 14:44,2026-04-15,297.1,298,297.1,298,380
RHPL,1min,1776243869,2026-04-15 14:49,2026-04-15,298,298.1,298,298.1,150
RHPL,1min,1776244186,2026-04-15 14:54,2026-04-15,298.1,298.5,298.1,298.5,265
RHPL,1min,1776244242,2026-04-15 14:55,2026-04-15,298.5,298.5,298,298,240
RHPL,1min,1776244374,2026-04-15 14:57,2026-04-15,298,298.6,298,298.6,585
RHPL,1min,1776244499,2026-04-15 14:59,2026-04-15,298.6,298.6,298,298,161
RHPL,1min,1776316842,2026-04-16 11:05,2026-04-16,300,300,300,300,20
RHPL,1min,1776317279,2026-04-16 11:12,2026-04-16,300,300,299.2,299.2,13
RHPL,1min,1776317798,2026-04-16 11:21,2026-04-16,299.2,299.2,294.2,294.2,100
RHPL,1min,1776317872,2026-04-16 11:22,2026-04-16,294.2,294.2,294.1,294.2,150
RHPL,1min,1776317880,2026-04-16 11:23,2026-04-16,294.2,294.2,294.1,294.1,24
RHPL,1min,1776318107,2026-04-16 11:26,2026-04-16,294.1,294.3,294.1,294.3,40
RHPL,1min,1776318155,2026-04-16 11:27,2026-04-16,294.3,294.3,294.3,294.3,210
RHPL,1min,1776318340,2026-04-16 11:30,2026-04-16,294.3,294.3,294.3,294.3,50
RHPL,1min,1776318578,2026-04-16 11:34,2026-04-16,294.3,294.3,294.2,294.2,291
RHPL,1min,1776318898,2026-04-16 11:39,2026-04-16,294.2,294.3,294.2,294.3,50
RHPL,1min,1776318998,2026-04-16 11:41,2026-04-16,294.3,294.3,294,294,1799
RHPL,1min,1776319062,2026-04-16 11:42,2026-04-16,294,294,293,293,1280
RHPL,1min,1776319129,2026-04-16 11:43,2026-04-16,293,293,292.1,292.1,200
RHPL,1min,1776319209,2026-04-16 11:45,2026-04-16,292.1,292.1,292,292,30
RHPL,1min,1776319524,2026-04-16 11:50,2026-04-16,292,294,292,294,70
RHPL,1min,1776319644,2026-04-16 11:52,2026-04-16,294,295,294,295,0
RHPL,1min,1776319900,2026-04-16 11:56,2026-04-16,295,295,292.2,292.2,200
RHPL,1min,1776320047,2026-04-16 11:59,2026-04-16,292.2,292.8,292.2,292.8,70
RHPL,1min,1776320162,2026-04-16 12:01,2026-04-16,292.8,293,292.8,293,200
RHPL,1min,1776320404,2026-04-16 12:05,2026-04-16,293,293.2,293,293.2,40
RHPL,1min,1776320584,2026-04-16 12:08,2026-04-16,293.2,293.3,293.2,293.3,100
RHPL,1min,1776321354,2026-04-16 12:20,2026-04-16,293.3,293.4,293.3,293.4,10
RHPL,1min,1776321677,2026-04-16 12:26,2026-04-16,293.4,294,293.4,294,30
RHPL,1min,1776321734,2026-04-16 12:27,2026-04-16,294,294,294,294,10
RHPL,1min,1776321837,2026-04-16 12:28,2026-04-16,294,294,294,294,0
RHPL,1min,1776321857,2026-04-16 12:29,2026-04-16,294,294,293.4,293.4,340
RHPL,1min,1776322057,2026-04-16 12:32,2026-04-16,293.4,293.4,293.4,293.4,130
RHPL,1min,1776322314,2026-04-16 12:36,2026-04-16,293.4,294,293.4,294,100
RHPL,1min,1776322496,2026-04-16 12:39,2026-04-16,294,294,294,294,100
RHPL,1min,1776322653,2026-04-16 12:42,2026-04-16,294,294,293.4,293.4,80
RHPL,1min,1776322727,2026-04-16 12:43,2026-04-16,293.4,293.4,293,293,922
RHPL,1min,1776323081,2026-04-16 12:49,2026-04-16,293,293,293,293,0
RHPL,1min,1776323115,2026-04-16 12:50,2026-04-16,293,293,292.9,292.9,0
RHPL,1min,1776323219,2026-04-16 12:51,2026-04-16,292.9,293,292.9,293,540
RHPL,1min,1776323246,2026-04-16 12:52,2026-04-16,293,293,293,293,140
RHPL,1min,1776323447,2026-04-16 12:55,2026-04-16,293,293,293,293,80
RHPL,1min,1776323804,2026-04-16 13:01,2026-04-16,293,293.1,293,293.1,10
RHPL,1min,1776324040,2026-04-16 13:05,2026-04-16,293.1,293.1,293.1,293.1,0
RHPL,1min,1776324228,2026-04-16 13:08,2026-04-16,293.1,293.1,293,293,500
RHPL,1min,1776324316,2026-04-16 13:10,2026-04-16,293,293,293,293,0
RHPL,1min,1776324529,2026-04-16 13:13,2026-04-16,293,293.1,293,293.1,139
RHPL,1min,1776324722,2026-04-16 13:17,2026-04-16,293.1,293.1,293,293,0
RHPL,1min,1776324825,2026-04-16 13:18,2026-04-16,293,293,292,292,2007
RHPL,1min,1776324886,2026-04-16 13:19,2026-04-16,292,292,289,289,8138
RHPL,1min,1776325129,2026-04-16 13:23,2026-04-16,289,290,289,289.1,543
RHPL,1min,1776325313,2026-04-16 13:26,2026-04-16,289.1,289.3,289.1,289.3,10
RHPL,1min,1776325557,2026-04-16 13:30,2026-04-16,289.3,289.3,289.2,289.2,985
RHPL,1min,1776325995,2026-04-16 13:38,2026-04-16,289.2,289.2,289.2,289.2,150
RHPL,1min,1776326078,2026-04-16 13:39,2026-04-16,289.2,289.2,289.2,289.2,74
RHPL,1min,1776326132,2026-04-16 13:40,2026-04-16,289.2,289.2,289.2,289.2,226
RHPL,1min,1776326168,2026-04-16 13:41,2026-04-16,289.2,289.2,289.1,289.1,0
RHPL,1min,1776326327,2026-04-16 13:43,2026-04-16,289.1,289.3,289.1,289.3,80
RHPL,1min,1776326340,2026-04-16 13:44,2026-04-16,289.3,289.3,289.3,289.3,100
RHPL,1min,1776326453,2026-04-16 13:45,2026-04-16,289.3,291,289.3,291,500
RHPL,1min,1776326485,2026-04-16 13:46,2026-04-16,291,291,291,291,315
RHPL,1min,1776326550,2026-04-16 13:47,2026-04-16,291,291,291,291,0
RHPL,1min,1776326918,2026-04-16 13:53,2026-04-16,291,292,291,292,240
RHPL,1min,1776327066,2026-04-16 13:56,2026-04-16,292,292,292,292,60
RHPL,1min,1776327150,2026-04-16 13:57,2026-04-16,292,292,290.3,290.3,50
RHPL,1min,1776327495,2026-04-16 14:03,2026-04-16,290.3,290.3,290.2,290.2,50
RHPL,1min,1776327605,2026-04-16 14:05,2026-04-16,290.2,290.2,290.2,290.2,0
RHPL,1min,1776327818,2026-04-16 14:08,2026-04-16,290.2,292.9,290.2,292.9,34
RHPL,1min,1776328100,2026-04-16 14:13,2026-04-16,292.9,292.9,292.9,292.9,50
RHPL,1min,1776328487,2026-04-16 14:19,2026-04-16,292.9,292.9,291,291,20
RHPL,1min,1776328518,2026-04-16 14:20,2026-04-16,291,292.9,291,292.9,10
RHPL,1min,1776328739,2026-04-16 14:23,2026-04-16,292.9,292.9,291,291,70
RHPL,1min,1776329261,2026-04-16 14:32,2026-04-16,291,292,291,292,1020
RHPL,1min,1776329311,2026-04-16 14:33,2026-04-16,292,292.9,292,292,590
RHPL,1min,1776329734,2026-04-16 14:40,2026-04-16,292,292.7,292,292.7,0
RHPL,1min,1776329991,2026-04-16 14:44,2026-04-16,292.7,292.7,292.1,292.1,477
RHPL,1min,1776330094,2026-04-16 14:46,2026-04-16,292.1,292.1,292.1,292.1,52
RHPL,1min,1776330255,2026-04-16 14:49,2026-04-16,292.1,292.1,291,291,1050
RHPL,1min,1776330305,2026-04-16 14:50,2026-04-16,291,291,291,291,450
RHPL,1min,1776330466,2026-04-16 14:52,2026-04-16,291,291.9,291,291.9,10
RHPL,1min,1776330646,2026-04-16 14:55,2026-04-16,291.9,292,291.9,292,1330
RHPL,1min,1776330702,2026-04-16 14:56,2026-04-16,292,292,291,291,0
RHPL,1min,1776330768,2026-04-16 14:57,2026-04-16,291,291,291,291,1891
RHPL,1min,1776330821,2026-04-16 14:58,2026-04-16,291,292,291,292,270
RHPL,1min,1776330899,2026-04-16 14:59,2026-04-16,292,292.7,292,292.7,23
RHPL,1min,1776403451,2026-04-17 11:09,2026-04-17,288.7,288.7,288.7,288.7,700
RHPL,1min,1776403832,2026-04-17 11:15,2026-04-17,288.7,294,288.7,294,10
RHPL,1min,1776404107,2026-04-17 11:20,2026-04-17,294,294,290.5,290.5,800
RHPL,1min,1776404429,2026-04-17 11:25,2026-04-17,290.5,290.5,290.5,290.5,92
RHPL,1min,1776404514,2026-04-17 11:26,2026-04-17,290.5,290.5,290.5,290.5,16
RHPL,1min,1776404656,2026-04-17 11:29,2026-04-17,290.5,291.5,290.5,291.5,100
RHPL,1min,1776404728,2026-04-17 11:30,2026-04-17,291.5,291.5,290.6,290.6,30
RHPL,1min,1776404838,2026-04-17 11:32,2026-04-17,290.6,290.6,290.6,290.6,150
RHPL,1min,1776405162,2026-04-17 11:37,2026-04-17,290.6,290.7,290.6,290.6,500
RHPL,1min,1776405236,2026-04-17 11:38,2026-04-17,290.6,290.7,290.6,290.6,175
RHPL,1min,1776405296,2026-04-17 11:39,2026-04-17,290.6,290.6,290.6,290.6,160
RHPL,1min,1776405510,2026-04-17 11:43,2026-04-17,290.6,290.6,290,290,30
RHPL,1min,1776405976,2026-04-17 11:51,2026-04-17,290,290,289.1,289.1,821
RHPL,1min,1776406100,2026-04-17 11:53,2026-04-17,289.1,289.1,289.1,289.1,80
RHPL,1min,1776406308,2026-04-17 11:56,2026-04-17,289.1,289.1,289,289,340
RHPL,1min,1776406374,2026-04-17 11:57,2026-04-17,289,289,288.2,288.2,620
RHPL,1min,1776406391,2026-04-17 11:58,2026-04-17,288.2,288.2,288.2,288.2,100
RHPL,1min,1776406605,2026-04-17 12:01,2026-04-17,288.2,288.2,288,288,0
RHPL,1min,1776406666,2026-04-17 12:02,2026-04-17,288,288,287,287,1681
RHPL,1min,1776406686,2026-04-17 12:03,2026-04-17,287,287,287,287,384
RHPL,1min,1776406798,2026-04-17 12:04,2026-04-17,287,287,286.1,286.1,0
RHPL,1min,1776406889,2026-04-17 12:06,2026-04-17,286.1,286.1,286.1,286.1,840
RHPL,1min,1776406969,2026-04-17 12:07,2026-04-17,286.1,286.1,286.1,286.1,10
RHPL,1min,1776407416,2026-04-17 12:15,2026-04-17,286.1,286.1,286.1,286.1,70
RHPL,1min,1776407773,2026-04-17 12:21,2026-04-17,286.1,287.1,286.1,287.1,0
RHPL,1min,1776407991,2026-04-17 12:24,2026-04-17,287.1,287.1,287.1,287.1,500
RHPL,1min,1776408168,2026-04-17 12:27,2026-04-17,287.1,287.1,287,287,500
RHPL,1min,1776408209,2026-04-17 12:28,2026-04-17,287,287.1,287,287.1,2290
RHPL,1min,1776408268,2026-04-17 12:29,2026-04-17,287.1,287.1,286.1,286.1,4023
RHPL,1min,1776408510,2026-04-17 12:33,2026-04-17,286.1,287,286.1,287,0
RHPL,1min,1776408665,2026-04-17 12:36,2026-04-17,287,287,287,287,34
RHPL,1min,1776408804,2026-04-17 12:38,2026-04-17,287,287.2,287,287.2,170
RHPL,1min,1776409077,2026-04-17 12:42,2026-04-17,287.2,288,287.2,288,110
RHPL,1min,1776409093,2026-04-17 12:43,2026-04-17,288,288,287,287,30
RHPL,1min,1776409227,2026-04-17 12:45,2026-04-17,287,287,287,287,170
RHPL,1min,1776409422,2026-04-17 12:48,2026-04-17,287,288,287,288,519
RHPL,1min,1776409509,2026-04-17 12:50,2026-04-17,288,288,288,288,10
RHPL,1min,1776410516,2026-04-17 13:06,2026-04-17,288,290,288,290,100
RHPL,1min,1776410700,2026-04-17 13:10,2026-04-17,290,290,288.2,288.2,0
RHPL,1min,1776411465,2026-04-17 13:22,2026-04-17,288.2,288.2,288.2,288.2,2195
RHPL,1min,1776411638,2026-04-17 13:25,2026-04-17,288.2,288.2,288.2,288.2,150
RHPL,1min,1776411671,2026-04-17 13:26,2026-04-17,288.2,288.2,288.2,288.2,120
RHPL,1min,1776412155,2026-04-17 13:34,2026-04-17,288.2,290,288.2,290,460
RHPL,1min,1776412620,2026-04-17 13:42,2026-04-17,290,290,288.5,288.5,357
RHPL,1min,1776414095,2026-04-17 14:06,2026-04-17,288.5,294,288.5,294,45
RHPL,1min,1776414555,2026-04-17 14:14,2026-04-17,294,294,292,292,40
RHPL,1min,1776414831,2026-04-17 14:18,2026-04-17,292,292.1,292,292.1,1000
RHPL,1min,1776414893,2026-04-17 14:19,2026-04-17,292.1,292.1,292.1,292.1,585
RHPL,1min,1776415015,2026-04-17 14:21,2026-04-17,292.1,292.1,292,292,415
RHPL,1min,1776415020,2026-04-17 14:22,2026-04-17,292,294,292,294,50
RHPL,1min,1776415428,2026-04-17 14:28,2026-04-17,294,294,294,294,320
RHPL,1min,1776415558,2026-04-17 14:30,2026-04-17,294,294,292,292,70
RHPL,1min,1776415817,2026-04-17 14:35,2026-04-17,292,292,292,292,910
RHPL,1min,1776415959,2026-04-17 14:37,2026-04-17,292,292,292,292,220
RHPL,1min,1776416054,2026-04-17 14:39,2026-04-17,292,294,292,294,50
RHPL,1min,1776416334,2026-04-17 14:43,2026-04-17,294,294,292,292,70
RHPL,1min,1776416615,2026-04-17 14:48,2026-04-17,292,292,291.2,291.2,20
RHPL,1min,1776416668,2026-04-17 14:49,2026-04-17,291.2,291.2,291.2,291.2,70
RHPL,1min,1776416804,2026-04-17 14:51,2026-04-17,291.2,292,291.2,292,0
RHPL,1min,1776416836,2026-04-17 14:52,2026-04-17,292,292.9,292,292.9,200
RHPL,1min,1776417044,2026-04-17 14:55,2026-04-17,292.9,292.9,292.5,292.5,1192
RHPL,1min,1776417108,2026-04-17 14:56,2026-04-17,292.5,292.5,292.5,292.5,170
RHPL,1min,1776417170,2026-04-17 14:57,2026-04-17,292.5,292.5,292.5,292.5,468
RHPL,1min,1776417207,2026-04-17 14:58,2026-04-17,292.5,292.5,292.1,292.1,1200
RHPL,1min,1776417299,2026-04-17 14:59,2026-04-17,292.1,292.5,292,292.5,621
RHPL,1min,1776663165,2026-04-20 11:17,2026-04-20,287,293,287,293,185
RHPL,1min,1776663820,2026-04-20 11:28,2026-04-20,293,293,293,293,230
RHPL,1min,1776664128,2026-04-20 11:33,2026-04-20,293,293,288,288,40
RHPL,1min,1776664231,2026-04-20 11:35,2026-04-20,288,288,288,288,30
RHPL,1min,1776664421,2026-04-20 11:38,2026-04-20,288,288,287.2,287.2,10
RHPL,1min,1776664456,2026-04-20 11:39,2026-04-20,287.2,287.2,287.1,287.1,200
RHPL,1min,1776664678,2026-04-20 11:42,2026-04-20,287.1,287.1,287.1,287.1,40
RHPL,1min,1776664971,2026-04-20 11:47,2026-04-20,287.1,287.1,287.1,287.1,50
RHPL,1min,1776665093,2026-04-20 11:49,2026-04-20,287.1,287.1,287.1,287.1,190
RHPL,1min,1776665201,2026-04-20 11:51,2026-04-20,287.1,287.1,287.1,287.1,40
RHPL,1min,1776665394,2026-04-20 11:54,2026-04-20,287.1,287.1,287.1,287.1,50
RHPL,1min,1776665675,2026-04-20 11:59,2026-04-20,287.1,287.1,287,287,105
RHPL,1min,1776665872,2026-04-20 12:02,2026-04-20,287,287,287,287,45
RHPL,1min,1776665991,2026-04-20 12:04,2026-04-20,287,287,286.7,286.7,50
RHPL,1min,1776666272,2026-04-20 12:09,2026-04-20,286.7,287,286.7,287,80
RHPL,1min,1776666307,2026-04-20 12:10,2026-04-20,287,287,286.7,286.7,40
RHPL,1min,1776666839,2026-04-20 12:18,2026-04-20,286.7,288,286.7,288,200
RHPL,1min,1776666935,2026-04-20 12:20,2026-04-20,288,288,288,288,0
RHPL,1min,1776666964,2026-04-20 12:21,2026-04-20,288,288,288,288,60
RHPL,1min,1776667129,2026-04-20 12:23,2026-04-20,288,288,286.6,286.6,1997
RHPL,1min,1776667291,2026-04-20 12:26,2026-04-20,286.6,286.6,286.6,286.6,40
RHPL,1min,1776667652,2026-04-20 12:32,2026-04-20,286.6,287,286.6,287,10
RHPL,1min,1776667857,2026-04-20 12:35,2026-04-20,287,287.1,287,287.1,80
RHPL,1min,1776668162,2026-04-20 12:41,2026-04-20,287.1,287.1,286.6,286.6,3000
RHPL,1min,1776668506,2026-04-20 12:46,2026-04-20,286.6,286.7,286.6,286.7,30
RHPL,1min,1776668567,2026-04-20 12:47,2026-04-20,286.7,286.7,286.6,286.6,0
RHPL,1min,1776669270,2026-04-20 12:59,2026-04-20,286.6,286.7,286.6,286.7,1694
RHPL,1min,1776669771,2026-04-20 13:07,2026-04-20,286.7,288,286.7,288,360
RHPL,1min,1776669788,2026-04-20 13:08,2026-04-20,288,288,287,287,401
RHPL,1min,1776669914,2026-04-20 13:10,2026-04-20,287,287,286,286,2599
RHPL,1min,1776670806,2026-04-20 13:25,2026-04-20,286,288,286,288,37
RHPL,1min,1776670951,2026-04-20 13:27,2026-04-20,288,288,288,288,10
RHPL,1min,1776671079,2026-04-20 13:29,2026-04-20,288,288,287,287,30
RHPL,1min,1776671218,2026-04-20 13:31,2026-04-20,287,287,287,287,0
RHPL,1min,1776671233,2026-04-20 13:32,2026-04-20,287,287,287,287,20
RHPL,1min,1776671290,2026-04-20 13:33,2026-04-20,287,287,287,287,10
RHPL,1min,1776671451,2026-04-20 13:35,2026-04-20,287,287,286,286,303
RHPL,1min,1776671609,2026-04-20 13:38,2026-04-20,286,286,285.2,285.2,10
RHPL,1min,1776671784,2026-04-20 13:41,2026-04-20,285.2,285.3,285.2,285.3,2000
RHPL,1min,1776671928,2026-04-20 13:43,2026-04-20,285.3,286,285.3,286,50
RHPL,1min,1776671956,2026-04-20 13:44,2026-04-20,286,286,285.3,285.3,157
RHPL,1min,1776672005,2026-04-20 13:45,2026-04-20,285.3,285.3,285.2,285.2,80
RHPL,1min,1776672399,2026-04-20 13:51,2026-04-20,285.2,285.6,285.2,285.6,120
RHPL,1min,1776672497,2026-04-20 13:53,2026-04-20,285.6,285.7,285.6,285.7,50
RHPL,1min,1776672924,2026-04-20 14:00,2026-04-20,285.7,286,285.7,286,50
RHPL,1min,1776673047,2026-04-20 14:02,2026-04-20,286,287,286,287,50
RHPL,1min,1776673358,2026-04-20 14:07,2026-04-20,287,290,287,290,363
RHPL,1min,1776673488,2026-04-20 14:09,2026-04-20,290,290,288,288,50
RHPL,1min,1776673619,2026-04-20 14:11,2026-04-20,288,288,285.4,285.4,1865
RHPL,1min,1776673642,2026-04-20 14:12,2026-04-20,285.4,286,285.4,286,0
RHPL,1min,1776673998,2026-04-20 14:18,2026-04-20,286,286.3,286,286.3,270
RHPL,1min,1776674483,2026-04-20 14:26,2026-04-20,286.3,286.5,286.3,286.5,130
RHPL,1min,1776674912,2026-04-20 14:33,2026-04-20,286.5,286.5,286,286,2000
RHPL,1min,1776675130,2026-04-20 14:37,2026-04-20,286,286.1,286,286.1,14
RHPL,1min,1776675185,2026-04-20 14:38,2026-04-20,286.1,286.2,286.1,286.2,50
RHPL,1min,1776675297,2026-04-20 14:39,2026-04-20,286.2,286.2,286,286,671
RHPL,1min,1776675479,2026-04-20 14:42,2026-04-20,286,286,286,286,1400
RHPL,1min,1776675542,2026-04-20 14:44,2026-04-20,286,286,286,286,400
RHPL,1min,1776675619,2026-04-20 14:45,2026-04-20,286,286,285.2,285.2,200
RHPL,1min,1776675775,2026-04-20 14:47,2026-04-20,285.2,285.2,285.1,285.1,819
RHPL,1min,1776676087,2026-04-20 14:53,2026-04-20,285.1,286,285.1,286,40
RHPL,1min,1776676189,2026-04-20 14:54,2026-04-20,286,287,286,287,150
RHPL,1min,1776676384,2026-04-20 14:58,2026-04-20,287,287,286,286,200
RHPL,1min,1776676499,2026-04-20 14:59,2026-04-20,286,288,286,288,300
RHPL,1min,1776748912,2026-04-21 11:06,2026-04-21,282,282,282,282,50
RHPL,1min,1776749080,2026-04-21 11:09,2026-04-21,282,282.5,282,282.5,70
RHPL,1min,1776749166,2026-04-21 11:11,2026-04-21,282.5,283.1,282.5,283.1,0
RHPL,1min,1776749694,2026-04-21 11:19,2026-04-21,283.1,284.1,283.1,284.1,160
RHPL,1min,1776749717,2026-04-21 11:20,2026-04-21,284.1,284.1,284,284,400
RHPL,1min,1776750195,2026-04-21 11:28,2026-04-21,284,286,284,286,90
RHPL,1min,1776750267,2026-04-21 11:29,2026-04-21,286,286,286,286,10
RHPL,1min,1776750592,2026-04-21 11:34,2026-04-21,286,286,286,286,130
RHPL,1min,1776750631,2026-04-21 11:35,2026-04-21,286,288,286,288,20
RHPL,1min,1776750773,2026-04-21 11:37,2026-04-21,288,290,288,290,461
RHPL,1min,1776750792,2026-04-21 11:38,2026-04-21,290,290,290,290,80
RHPL,1min,1776750942,2026-04-21 11:40,2026-04-21,290,292,290,292,10
RHPL,1min,1776751060,2026-04-21 11:42,2026-04-21,292,292,292,292,200
RHPL,1min,1776751086,2026-04-21 11:43,2026-04-21,292,292,292,292,250
RHPL,1min,1776751305,2026-04-21 11:46,2026-04-21,292,293,292,293,1090
RHPL,1min,1776751321,2026-04-21 11:47,2026-04-21,293,293,293,293,510
RHPL,1min,1776751412,2026-04-21 11:48,2026-04-21,293,293,291,291,23
RHPL,1min,1776751441,2026-04-21 11:49,2026-04-21,291,291,291,291,40
RHPL,1min,1776751516,2026-04-21 11:50,2026-04-21,291,291,290,290,700
RHPL,1min,1776751604,2026-04-21 11:51,2026-04-21,290,291.9,290,291.9,21
RHPL,1min,1776751863,2026-04-21 11:56,2026-04-21,291.9,291.9,291,291,15
RHPL,1min,1776751972,2026-04-21 11:57,2026-04-21,291,291,290,290,1382
RHPL,1min,1776752003,2026-04-21 11:58,2026-04-21,290,290,288,288,80
RHPL,1min,1776752086,2026-04-21 11:59,2026-04-21,288,288,288,288,0
RHPL,1min,1776752348,2026-04-21 12:04,2026-04-21,288,288,288,288,178
RHPL,1min,1776752701,2026-04-21 12:10,2026-04-21,288,288,288,288,80
RHPL,1min,1776753438,2026-04-21 12:22,2026-04-21,288,288,288,288,60
RHPL,1min,1776753770,2026-04-21 12:27,2026-04-21,288,288,287,287,70
RHPL,1min,1776753811,2026-04-21 12:28,2026-04-21,287,287,287,287,80
RHPL,1min,1776753960,2026-04-21 12:31,2026-04-21,287,287,287,287,50
RHPL,1min,1776754300,2026-04-21 12:36,2026-04-21,287,287.1,287,287.1,200
RHPL,1min,1776754378,2026-04-21 12:37,2026-04-21,287.1,287.1,287,287,180
RHPL,1min,1776754437,2026-04-21 12:38,2026-04-21,287,287,287,287,40
RHPL,1min,1776754532,2026-04-21 12:40,2026-04-21,287,287,287,287,50
RHPL,1min,1776754662,2026-04-21 12:42,2026-04-21,287,287,287,287,50
RHPL,1min,1776754730,2026-04-21 12:43,2026-04-21,287,288,287,288,170
RHPL,1min,1776754851,2026-04-21 12:45,2026-04-21,288,288,287,287,50
RHPL,1min,1776754953,2026-04-21 12:47,2026-04-21,287,288,287,288,160
RHPL,1min,1776755008,2026-04-21 12:48,2026-04-21,288,288,287,287,80
RHPL,1min,1776755140,2026-04-21 12:50,2026-04-21,287,287,287,287,10
RHPL,1min,1776755424,2026-04-21 12:55,2026-04-21,287,287,287,287,100
RHPL,1min,1776755574,2026-04-21 12:57,2026-04-21,287,288,287,288,10
RHPL,1min,1776756030,2026-04-21 13:05,2026-04-21,288,288,288,288,26
RHPL,1min,1776756268,2026-04-21 13:09,2026-04-21,288,288,288,288,20
RHPL,1min,1776756422,2026-04-21 13:12,2026-04-21,288,288,288,288,0
RHPL,1min,1776756587,2026-04-21 13:14,2026-04-21,288,288,287,287,84
RHPL,1min,1776756925,2026-04-21 13:20,2026-04-21,287,287,287,287,50
RHPL,1min,1776757088,2026-04-21 13:23,2026-04-21,287,288,287,288,0
RHPL,1min,1776757198,2026-04-21 13:24,2026-04-21,288,288,287,287,102
RHPL,1min,1776757221,2026-04-21 13:25,2026-04-21,287,287,287,287,2040
RHPL,1min,1776757532,2026-04-21 13:30,2026-04-21,287,287,287,287,0
RHPL,1min,1776757700,2026-04-21 13:33,2026-04-21,287,287.1,287,287.1,391
RHPL,1min,1776757798,2026-04-21 13:34,2026-04-21,287.1,287.1,287.1,287.1,10
RHPL,1min,1776757863,2026-04-21 13:36,2026-04-21,287.1,287.1,287.1,287.1,10
RHPL,1min,1776758002,2026-04-21 13:38,2026-04-21,287.1,287.1,287.1,287.1,40
RHPL,1min,1776758158,2026-04-21 13:40,2026-04-21,287.1,290,287,290,1804
RHPL,1min,1776758266,2026-04-21 13:42,2026-04-21,290,290,287.1,287.1,86
RHPL,1min,1776758318,2026-04-21 13:43,2026-04-21,287.1,289,287.1,289,10
RHPL,1min,1776758548,2026-04-21 13:47,2026-04-21,289,289,287.1,287.1,14
RHPL,1min,1776758637,2026-04-21 13:48,2026-04-21,287.1,287.1,287,287,70
RHPL,1min,1776758877,2026-04-21 13:52,2026-04-21,287,287.1,287,287.1,0
RHPL,1min,1776759053,2026-04-21 13:55,2026-04-21,287.1,288,287.1,288,120
RHPL,1min,1776759175,2026-04-21 13:57,2026-04-21,288,288,288,288,395
RHPL,1min,1776759222,2026-04-21 13:58,2026-04-21,288,288,287,287,460
RHPL,1min,1776759279,2026-04-21 13:59,2026-04-21,287,287,287,287,30
RHPL,1min,1776760030,2026-04-21 14:12,2026-04-21,287,287,287,287,80
RHPL,1min,1776760273,2026-04-21 14:16,2026-04-21,287,287,287,287,40
RHPL,1min,1776760570,2026-04-21 14:21,2026-04-21,287,287,287,287,100
RHPL,1min,1776760624,2026-04-21 14:22,2026-04-21,287,287,287,287,73
RHPL,1min,1776760691,2026-04-21 14:23,2026-04-21,287,287,287,287,30
RHPL,1min,1776760779,2026-04-21 14:24,2026-04-21,287,287,287,287,0
RHPL,1min,1776760844,2026-04-21 14:25,2026-04-21,287,287,287,287,820
RHPL,1min,1776761152,2026-04-21 14:30,2026-04-21,287,287,287,287,30
RHPL,1min,1776761198,2026-04-21 14:31,2026-04-21,287,287,286.1,286.1,17
RHPL,1min,1776761391,2026-04-21 14:34,2026-04-21,286.1,286.1,286.1,286.1,20
RHPL,1min,1776761830,2026-04-21 14:42,2026-04-21,286.1,286.1,286,286,500
RHPL,1min,1776762092,2026-04-21 14:46,2026-04-21,286,286,286,286,140
RHPL,1min,1776762238,2026-04-21 14:48,2026-04-21,286,287,286,287,50
RHPL,1min,1776762249,2026-04-21 14:49,2026-04-21,287,287,286,286,50
RHPL,1min,1776762327,2026-04-21 14:50,2026-04-21,286,286,286,286,50
RHPL,1min,1776762406,2026-04-21 14:51,2026-04-21,286,286,286,286,10
RHPL,1min,1776762596,2026-04-21 14:54,2026-04-21,286,286,285.1,285.1,1000
RHPL,1min,1776762648,2026-04-21 14:55,2026-04-21,285.1,286.5,285.1,286.5,10
RHPL,1min,1776762701,2026-04-21 14:56,2026-04-21,286.5,286.5,285.1,286,30
RHPL,1min,1776762768,2026-04-21 14:57,2026-04-21,286,286,285.2,285.2,50
RHPL,1min,1776762788,2026-04-21 14:58,2026-04-21,285.2,286,285.2,285.2,550
RHPL,1min,1776762899,2026-04-21 14:59,2026-04-21,285.2,286,285.2,286,152
RHPL,1min,1776835178,2026-04-22 11:04,2026-04-22,285,285,285,285,50
RHPL,1min,1776835410,2026-04-22 11:08,2026-04-22,285,285,285,285,30
RHPL,1min,1776835453,2026-04-22 11:09,2026-04-22,285,285,285,285,120
RHPL,1min,1776835708,2026-04-22 11:13,2026-04-22,285,285,285,285,40
RHPL,1min,1776836156,2026-04-22 11:20,2026-04-22,285,285,284,284,20
RHPL,1min,1776836210,2026-04-22 11:21,2026-04-22,284,284,282.1,282.1,410
RHPL,1min,1776836290,2026-04-22 11:23,2026-04-22,282.1,282.2,282.1,282.2,130
RHPL,1min,1776836521,2026-04-22 11:27,2026-04-22,282.2,282.4,282.2,282.4,80
RHPL,1min,1776836979,2026-04-22 11:34,2026-04-22,282.4,284,282.4,284,142
RHPL,1min,1776837298,2026-04-22 11:39,2026-04-22,284,284,283,283,170
RHPL,1min,1776837355,2026-04-22 11:40,2026-04-22,283,283,282.8,282.8,285
RHPL,1min,1776837419,2026-04-22 11:41,2026-04-22,282.8,284,282.8,284,20
RHPL,1min,1776837577,2026-04-22 11:44,2026-04-22,284,284,284,284,101
RHPL,1min,1776838088,2026-04-22 11:53,2026-04-22,284,284,282.3,282.3,1000
RHPL,1min,1776838228,2026-04-22 11:55,2026-04-22,282.3,282.3,282.3,282.3,30
RHPL,1min,1776838733,2026-04-22 12:03,2026-04-22,282.3,282.5,282.3,282.5,285
RHPL,1min,1776838957,2026-04-22 12:07,2026-04-22,282.5,283,282.5,283,500
RHPL,1min,1776839095,2026-04-22 12:09,2026-04-22,283,283.1,283,283.1,0
RHPL,1min,1776839117,2026-04-22 12:10,2026-04-22,283.1,283.1,283,283,2000
RHPL,1min,1776839235,2026-04-22 12:12,2026-04-22,283,283,283,283,140
RHPL,1min,1776839406,2026-04-22 12:15,2026-04-22,283,283,283,283,40
RHPL,1min,1776839519,2026-04-22 12:16,2026-04-22,283,283,282.5,282.5,10
RHPL,1min,1776839540,2026-04-22 12:17,2026-04-22,282.5,282.5,282.5,282.5,0
RHPL,1min,1776839700,2026-04-22 12:20,2026-04-22,282.5,282.5,282.4,282.4,150
RHPL,1min,1776839761,2026-04-22 12:21,2026-04-22,282.4,282.4,282.1,282.1,500
RHPL,1min,1776839913,2026-04-22 12:23,2026-04-22,282.1,282.4,282.1,282.4,25
RHPL,1min,1776839993,2026-04-22 12:24,2026-04-22,282.4,282.4,282.2,282.2,400
RHPL,1min,1776840021,2026-04-22 12:25,2026-04-22,282.2,282.2,282.1,282.1,31
RHPL,1min,1776840084,2026-04-22 12:26,2026-04-22,282.1,282.1,282,282,324
RHPL,1min,1776840357,2026-04-22 12:30,2026-04-22,282,282.3,282,282.3,200
RHPL,1min,1776840408,2026-04-22 12:31,2026-04-22,282.3,282.3,282.3,282.3,0
RHPL,1min,1776840558,2026-04-22 12:34,2026-04-22,282.3,282.5,282.3,282.5,281
RHPL,1min,1776840657,2026-04-22 12:35,2026-04-22,282.5,282.5,282.5,282.5,169
RHPL,1min,1776840746,2026-04-22 12:37,2026-04-22,282.5,282.5,282.5,282.5,150
RHPL,1min,1776840824,2026-04-22 12:38,2026-04-22,282.5,282.5,282,282,809
RHPL,1min,1776840982,2026-04-22 12:41,2026-04-22,282,282,282,282,40
RHPL,1min,1776841096,2026-04-22 12:43,2026-04-22,282,282,282,282,210
RHPL,1min,1776841163,2026-04-22 12:44,2026-04-22,282,282,281.9,281.9,30
RHPL,1min,1776841378,2026-04-22 12:47,2026-04-22,281.9,281.9,281.8,281.8,60
RHPL,1min,1776841453,2026-04-22 12:49,2026-04-22,281.8,281.8,281.2,281.2,100
RHPL,1min,1776841507,2026-04-22 12:50,2026-04-22,281.2,281.2,281.1,281.1,250
RHPL,1min,1776841726,2026-04-22 12:53,2026-04-22,281.1,281.1,281,281,1911
RHPL,1min,1776841927,2026-04-22 12:57,2026-04-22,281,281,280.4,280.4,969
RHPL,1min,1776842091,2026-04-22 12:59,2026-04-22,280.4,280.4,280.4,280.4,23
RHPL,1min,1776842360,2026-04-22 13:04,2026-04-22,280.4,280.7,280.4,280.7,80
RHPL,1min,1776842588,2026-04-22 13:08,2026-04-22,280.7,280.8,280.7,280.8,500
RHPL,1min,1776842720,2026-04-22 13:10,2026-04-22,280.8,280.8,280.5,280.5,50
RHPL,1min,1776843167,2026-04-22 13:17,2026-04-22,280.5,281.8,280.5,281.8,1237
RHPL,1min,1776843211,2026-04-22 13:18,2026-04-22,281.8,281.8,281,281,150
RHPL,1min,1776843296,2026-04-22 13:19,2026-04-22,281,281,280.6,280.6,150
RHPL,1min,1776843516,2026-04-22 13:23,2026-04-22,280.6,280.8,280.6,280.8,240
RHPL,1min,1776843554,2026-04-22 13:24,2026-04-22,280.8,280.8,280.8,280.8,90
RHPL,1min,1776843619,2026-04-22 13:25,2026-04-22,280.8,280.8,280.8,280.8,11
RHPL,1min,1776843715,2026-04-22 13:26,2026-04-22,280.8,282,280.8,282,290
RHPL,1min,1776843895,2026-04-22 13:29,2026-04-22,282,283,282,283,508
RHPL,1min,1776844022,2026-04-22 13:32,2026-04-22,283,283,283,283,20
RHPL,1min,1776844380,2026-04-22 13:38,2026-04-22,283,283,282,282,160
RHPL,1min,1776844458,2026-04-22 13:39,2026-04-22,282,282,281,281,1000
RHPL,1min,1776844907,2026-04-22 13:46,2026-04-22,281,281,281,281,50
RHPL,1min,1776845121,2026-04-22 13:50,2026-04-22,281,281,281,281,400
RHPL,1min,1776845178,2026-04-22 13:51,2026-04-22,281,281,281,281,200
RHPL,1min,1776845242,2026-04-22 13:52,2026-04-22,281,281,280.9,280.9,30
RHPL,1min,1776845457,2026-04-22 13:55,2026-04-22,280.9,281.9,280.9,281.9,200
RHPL,1min,1776845665,2026-04-22 13:59,2026-04-22,281.9,281.9,281.9,281.9,240
RHPL,1min,1776846233,2026-04-22 14:08,2026-04-22,281.9,281.9,281.9,281.9,3040
RHPL,1min,1776846383,2026-04-22 14:11,2026-04-22,281.9,281.9,281.9,281.9,50
RHPL,1min,1776846448,2026-04-22 14:12,2026-04-22,281.9,281.9,280.9,280.9,0
RHPL,1min,1776846714,2026-04-22 14:16,2026-04-22,280.9,282.9,280.9,282.9,510
RHPL,1min,1776846800,2026-04-22 14:18,2026-04-22,282.9,282.9,281,281,10
RHPL,1min,1776846948,2026-04-22 14:20,2026-04-22,281,281,281,281,30
RHPL,1min,1776847106,2026-04-22 14:23,2026-04-22,281,281,281,281,180
RHPL,1min,1776847222,2026-04-22 14:25,2026-04-22,281,281.1,281,281.1,50
RHPL,1min,1776847368,2026-04-22 14:27,2026-04-22,281.1,281.1,281.1,281.1,100
RHPL,1min,1776847417,2026-04-22 14:28,2026-04-22,281.1,281.1,281.1,281.1,50
RHPL,1min,1776847463,2026-04-22 14:29,2026-04-22,281.1,281.1,281.1,281.1,10
RHPL,1min,1776847562,2026-04-22 14:31,2026-04-22,281.1,281.1,281,281,500
RHPL,1min,1776847677,2026-04-22 14:32,2026-04-22,281,281.9,281,281.9,100
RHPL,1min,1776847782,2026-04-22 14:34,2026-04-22,281.9,281.9,281,281,30
RHPL,1min,1776848153,2026-04-22 14:40,2026-04-22,281,283,281,283,1500
RHPL,1min,1776848212,2026-04-22 14:41,2026-04-22,283,283.6,283,283.6,350
RHPL,1min,1776848273,2026-04-22 14:42,2026-04-22,283.6,285,283.6,285,99
RHPL,1min,1776848337,2026-04-22 14:43,2026-04-22,285,285,285,285,620
RHPL,1min,1776848452,2026-04-22 14:45,2026-04-22,285,285.9,285,285.9,1000
RHPL,1min,1776848504,2026-04-22 14:46,2026-04-22,285.9,286,285,285,870
RHPL,1min,1776848577,2026-04-22 14:47,2026-04-22,285,287,285,287,0
RHPL,1min,1776848617,2026-04-22 14:48,2026-04-22,287,287,287,287,510
RHPL,1min,1776848655,2026-04-22 14:49,2026-04-22,287,288,287,288,2080
RHPL,1min,1776848704,2026-04-22 14:50,2026-04-22,288,290,288,290,0
RHPL,1min,1776849029,2026-04-22 14:55,2026-04-22,290,290,288.8,288.8,330
RHPL,1min,1776849100,2026-04-22 14:56,2026-04-22,288.8,288.8,288,288,20
RHPL,1min,1776849122,2026-04-22 14:57,2026-04-22,288,289,288,289,0
RHPL,1min,1776849299,2026-04-22 14:59,2026-04-22,289,289,283.1,288,345
RHPL,1min,1776921400,2026-04-23 11:01,2026-04-23,285,285,285,285,30
RHPL,1min,1776921572,2026-04-23 11:04,2026-04-23,285,285,284,284,70
RHPL,1min,1776921805,2026-04-23 11:08,2026-04-23,284,285,284,285,13
RHPL,1min,1776922271,2026-04-23 11:16,2026-04-23,285,285,285,285,40
RHPL,1min,1776922464,2026-04-23 11:19,2026-04-23,285,285,285,285,100
RHPL,1min,1776922513,2026-04-23 11:20,2026-04-23,285,285,285,285,147
RHPL,1min,1776922657,2026-04-23 11:22,2026-04-23,285,285,284,284,76
RHPL,1min,1776922837,2026-04-23 11:25,2026-04-23,284,284,284,284,30
RHPL,1min,1776923602,2026-04-23 11:38,2026-04-23,284,284.1,284,284.1,10
RHPL,1min,1776923714,2026-04-23 11:40,2026-04-23,284.1,284.1,284.1,284.1,10
RHPL,1min,1776923777,2026-04-23 11:41,2026-04-23,284.1,284.1,284.1,284.1,60
RHPL,1min,1776924210,2026-04-23 11:48,2026-04-23,284.1,284.1,282,282,730
RHPL,1min,1776924292,2026-04-23 11:49,2026-04-23,282,282,281.1,281.1,273
RHPL,1min,1776924437,2026-04-23 11:52,2026-04-23,281.1,285,281.1,285,10
RHPL,1min,1776925113,2026-04-23 12:03,2026-04-23,285,285,281.5,282,644
RHPL,1min,1776925245,2026-04-23 12:05,2026-04-23,282,282,281.1,281.1,1000
RHPL,1min,1776925348,2026-04-23 12:07,2026-04-23,281.1,281.1,281.1,281.1,389
RHPL,1min,1776925545,2026-04-23 12:10,2026-04-23,281.1,283,281.1,283,10
RHPL,1min,1776925665,2026-04-23 12:12,2026-04-23,283,283,283,283,70
RHPL,1min,1776926037,2026-04-23 12:18,2026-04-23,283,283,283,283,65
RHPL,1min,1776926080,2026-04-23 12:19,2026-04-23,283,283,283,283,10
RHPL,1min,1776926195,2026-04-23 12:21,2026-04-23,283,283,281.2,281.2,100
RHPL,1min,1776926280,2026-04-23 12:23,2026-04-23,281.2,281.2,281.2,281.2,194
RHPL,1min,1776927149,2026-04-23 12:37,2026-04-23,281.2,281.5,281.2,281.5,10
RHPL,1min,1776927189,2026-04-23 12:38,2026-04-23,281.5,282,281.5,282,40
RHPL,1min,1776927276,2026-04-23 12:39,2026-04-23,282,283,282,283,50
RHPL,1min,1776927471,2026-04-23 12:42,2026-04-23,283,283,282.4,282.4,30
RHPL,1min,1776927769,2026-04-23 12:47,2026-04-23,282.4,283.1,282.4,283.1,50
RHPL,1min,1776928159,2026-04-23 12:54,2026-04-23,283.1,285,283.1,285,10
RHPL,1min,1776929707,2026-04-23 13:20,2026-04-23,285,285.5,285,285.5,0
RHPL,1min,1776929935,2026-04-23 13:23,2026-04-23,285.5,286,285.5,286,70
RHPL,1min,1776930175,2026-04-23 13:27,2026-04-23,286,286.5,286,286.5,0
RHPL,1min,1776930953,2026-04-23 13:40,2026-04-23,286.5,286.5,285.4,285.4,120
RHPL,1min,1776930996,2026-04-23 13:41,2026-04-23,285.4,285.4,284,284,640
RHPL,1min,1776931076,2026-04-23 13:42,2026-04-23,284,284,283.5,283.5,10
RHPL,1min,1776931216,2026-04-23 13:45,2026-04-23,283.5,283.5,283.5,283.5,160
RHPL,1min,1776931342,2026-04-23 13:47,2026-04-23,283.5,283.5,283.5,283.5,70
RHPL,1min,1776931490,2026-04-23 13:49,2026-04-23,283.5,283.5,283,283,1000
RHPL,1min,1776931808,2026-04-23 13:55,2026-04-23,283,285,283,285,500
RHPL,1min,1776931938,2026-04-23 13:57,2026-04-23,285,285,285,285,1000
RHPL,1min,1776932072,2026-04-23 13:59,2026-04-23,285,285,285,285,254
RHPL,1min,1776932636,2026-04-23 14:08,2026-04-23,285,285,282.3,282.3,2000
RHPL,1min,1776933319,2026-04-23 14:20,2026-04-23,282.3,282.5,282.3,282.5,33
RHPL,1min,1776933454,2026-04-23 14:22,2026-04-23,282.5,282.5,282.3,282.3,60
RHPL,1min,1776933686,2026-04-23 14:26,2026-04-23,282.3,282.3,282.3,282.3,0
RHPL,1min,1776933778,2026-04-23 14:27,2026-04-23,282.3,282.3,282.2,282.2,1040
RHPL,1min,1776934058,2026-04-23 14:32,2026-04-23,282.2,282.2,282.2,282.2,10
RHPL,1min,1776934135,2026-04-23 14:33,2026-04-23,282.2,282.2,282,282,3050
RHPL,1min,1776934618,2026-04-23 14:41,2026-04-23,282,282,282,282,490
RHPL,1min,1776934795,2026-04-23 14:44,2026-04-23,282,283,282,283,30
RHPL,1min,1776934814,2026-04-23 14:45,2026-04-23,283,283,283,283,10
RHPL,1min,1776935339,2026-04-23 14:53,2026-04-23,283,283,282,282,461
RHPL,1min,1776935431,2026-04-23 14:55,2026-04-23,282,282,281.6,282,605
RHPL,1min,1776935518,2026-04-23 14:56,2026-04-23,282,282,282,282,10
RHPL,1min,1776935541,2026-04-23 14:57,2026-04-23,282,283,282,283,30
RHPL,1min,1776935699,2026-04-23 14:59,2026-04-23,283,283,281.7,281.7,1005
RHPL,1min,1777007826,2026-04-24 11:02,2026-04-24,280,280,280,280,440
RHPL,1min,1777008014,2026-04-24 11:05,2026-04-24,280,280,280,280,10
RHPL,1min,1777008070,2026-04-24 11:06,2026-04-24,280,280,279.2,279.2,100
RHPL,1min,1777008120,2026-04-24 11:07,2026-04-24,279.2,280,279.2,280,40
RHPL,1min,1777008779,2026-04-24 11:17,2026-04-24,280,280,280,280,100
RHPL,1min,1777008820,2026-04-24 11:18,2026-04-24,280,280,279,279,2000
RHPL,1min,1777009001,2026-04-24 11:21,2026-04-24,279,280,279,280,270
RHPL,1min,1777009377,2026-04-24 11:27,2026-04-24,280,280,280,280,50
RHPL,1min,1777010443,2026-04-24 11:45,2026-04-24,280,280.1,280,280.1,70
RHPL,1min,1777010565,2026-04-24 11:47,2026-04-24,280.1,280.1,280.1,280.1,70
RHPL,1min,1777010790,2026-04-24 11:51,2026-04-24,280.1,281,280.1,281,0
RHPL,1min,1777010824,2026-04-24 11:52,2026-04-24,281,282,281,282,140
RHPL,1min,1777010991,2026-04-24 11:54,2026-04-24,282,282,281.1,281.1,50
RHPL,1min,1777011183,2026-04-24 11:58,2026-04-24,281.1,282,281.1,282,195
RHPL,1min,1777011333,2026-04-24 12:00,2026-04-24,282,282,281.1,281.1,10
RHPL,1min,1777011592,2026-04-24 12:04,2026-04-24,281.1,281.1,281,281,60
RHPL,1min,1777011688,2026-04-24 12:06,2026-04-24,281,281,281,281,100
RHPL,1min,1777012146,2026-04-24 12:14,2026-04-24,281,281,280.1,280.1,80
RHPL,1min,1777012469,2026-04-24 12:19,2026-04-24,280.1,280.1,280.1,280.1,250
RHPL,1min,1777012549,2026-04-24 12:20,2026-04-24,280.1,280.1,280,280,1115
RHPL,1min,1777012732,2026-04-24 12:23,2026-04-24,280,280,280,280,60
RHPL,1min,1777012763,2026-04-24 12:24,2026-04-24,280,280,279.1,279.1,0
RHPL,1min,1777012865,2026-04-24 12:26,2026-04-24,279.1,280,279.1,280,420
RHPL,1min,1777013187,2026-04-24 12:31,2026-04-24,280,280,280,280,90
RHPL,1min,1777013721,2026-04-24 12:40,2026-04-24,280,280,279.3,279.3,40
RHPL,1min,1777014608,2026-04-24 12:55,2026-04-24,279.3,279.5,279.3,279.5,0
RHPL,1min,1777014672,2026-04-24 12:56,2026-04-24,279.5,279.5,279.5,279.5,260
RHPL,1min,1777014832,2026-04-24 12:58,2026-04-24,279.5,279.5,279.5,279.5,80
RHPL,1min,1777014884,2026-04-24 12:59,2026-04-24,279.5,280,279.5,280,25
RHPL,1min,1777014961,2026-04-24 13:01,2026-04-24,280,280,280,280,0
RHPL,1min,1777015049,2026-04-24 13:02,2026-04-24,280,281,280,281,375
RHPL,1min,1777015097,2026-04-24 13:03,2026-04-24,281,281,280,280,30
RHPL,1min,1777015142,2026-04-24 13:04,2026-04-24,280,280,280,280,100
RHPL,1min,1777015391,2026-04-24 13:08,2026-04-24,280,281,280,281,100
RHPL,1min,1777015560,2026-04-24 13:11,2026-04-24,281,281,281,281,150
RHPL,1min,1777015909,2026-04-24 13:16,2026-04-24,281,281,281,281,0
RHPL,1min,1777016302,2026-04-24 13:23,2026-04-24,281,281,280.3,280.3,150
RHPL,1min,1777016450,2026-04-24 13:25,2026-04-24,280.3,282,280.3,282,10
RHPL,1min,1777016703,2026-04-24 13:30,2026-04-24,282,282,280.3,280.3,10
RHPL,1min,1777017148,2026-04-24 13:37,2026-04-24,280.3,280.3,280.3,280.3,40
RHPL,1min,1777017356,2026-04-24 13:40,2026-04-24,280.3,281,280.3,281,50
RHPL,1min,1777017847,2026-04-24 13:49,2026-04-24,281,281,281,281,50
RHPL,1min,1777018050,2026-04-24 13:52,2026-04-24,281,281,281,281,100
RHPL,1min,1777018130,2026-04-24 13:53,2026-04-24,281,281,280.4,280.4,50
RHPL,1min,1777018303,2026-04-24 13:56,2026-04-24,280.4,280.7,280.4,280.7,50
RHPL,1min,1777018415,2026-04-24 13:58,2026-04-24,280.7,280.7,280,280,2781
RHPL,1min,1777018525,2026-04-24 14:00,2026-04-24,280,280,280,280,1080
RHPL,1min,1777018606,2026-04-24 14:01,2026-04-24,280,280,280,280,1000
RHPL,1min,1777018743,2026-04-24 14:04,2026-04-24,280,280,279.6,279.6,120
RHPL,1min,1777018970,2026-04-24 14:07,2026-04-24,279.6,280,279.6,280,735
RHPL,1min,1777019155,2026-04-24 14:10,2026-04-24,280,280,280,280,0
RHPL,1min,1777019678,2026-04-24 14:19,2026-04-24,280,281,280,281,374
RHPL,1min,1777019865,2026-04-24 14:22,2026-04-24,281,282,281,282,500
RHPL,1min,1777020117,2026-04-24 14:26,2026-04-24,282,282,280.1,280.1,43
RHPL,1min,1777020147,2026-04-24 14:27,2026-04-24,280.1,281,280.1,281,0
RHPL,1min,1777020294,2026-04-24 14:29,2026-04-24,281,281,281,281,224
RHPL,1min,1777020351,2026-04-24 14:30,2026-04-24,281,281.9,281,281.9,60
RHPL,1min,1777020416,2026-04-24 14:31,2026-04-24,281.9,282,281.9,282,205
RHPL,1min,1777020897,2026-04-24 14:39,2026-04-24,282,282,281,281,76
RHPL,1min,1777020923,2026-04-24 14:40,2026-04-24,281,281,281,281,0
RHPL,1min,1777021083,2026-04-24 14:43,2026-04-24,281,281,281,281,185
RHPL,1min,1777021198,2026-04-24 14:44,2026-04-24,281,281,280.3,280.3,30
RHPL,1min,1777021227,2026-04-24 14:45,2026-04-24,280.3,280.3,280.3,280.3,20
RHPL,1min,1777021318,2026-04-24 14:46,2026-04-24,280.3,280.3,280.2,280.2,515
RHPL,1min,1777021731,2026-04-24 14:53,2026-04-24,280.2,280.2,280.2,280.2,200
RHPL,1min,1777021750,2026-04-24 14:54,2026-04-24,280.2,281,280.2,281,0
RHPL,1min,1777021847,2026-04-24 14:55,2026-04-24,281,283,281,283,450
RHPL,1min,1777021957,2026-04-24 14:57,2026-04-24,283,283,281,282,300
RHPL,1min,1777022026,2026-04-24 14:58,2026-04-24,282,283,282,283,202
RHPL,1min,1777022099,2026-04-24 14:59,2026-04-24,283,283,280.4,280.4,2359
RHPL,1min,1777266974,2026-04-27 11:01,2026-04-27,280,280,280,280,70
RHPL,1min,1777267195,2026-04-27 11:04,2026-04-27,280,280.4,280,280.4,10
RHPL,1min,1777267497,2026-04-27 11:09,2026-04-27,280.4,288,280.4,288,290
RHPL,1min,1777267539,2026-04-27 11:10,2026-04-27,288,288,288,288,730
RHPL,1min,1777267587,2026-04-27 11:11,2026-04-27,288,288,281.1,281.1,30
RHPL,1min,1777267632,2026-04-27 11:12,2026-04-27,281.1,281.1,281.1,281.1,70
RHPL,1min,1777267767,2026-04-27 11:14,2026-04-27,281.1,281.3,281.1,281.3,40
RHPL,1min,1777267942,2026-04-27 11:17,2026-04-27,281.3,281.3,281.3,281.3,40
RHPL,1min,1777268358,2026-04-27 11:24,2026-04-27,281.3,282.1,281.3,282.1,100
RHPL,1min,1777268532,2026-04-27 11:27,2026-04-27,282.1,282.1,282.1,282.1,10
RHPL,1min,1777268654,2026-04-27 11:29,2026-04-27,282.1,282.1,282.1,282.1,20
RHPL,1min,1777268811,2026-04-27 11:31,2026-04-27,282.1,282.1,282,282,80
RHPL,1min,1777269030,2026-04-27 11:35,2026-04-27,282,282,282,282,10
RHPL,1min,1777269163,2026-04-27 11:37,2026-04-27,282,282,282,282,20
RHPL,1min,1777269297,2026-04-27 11:39,2026-04-27,282,282,282,282,80
RHPL,1min,1777269393,2026-04-27 11:41,2026-04-27,282,282,281.5,281.5,40
RHPL,1min,1777269741,2026-04-27 11:47,2026-04-27,281.5,281.9,281.5,281.9,20
RHPL,1min,1777270129,2026-04-27 11:53,2026-04-27,281.9,282,281.9,282,250
RHPL,1min,1777270156,2026-04-27 11:54,2026-04-27,282,282,281.5,281.5,20
RHPL,1min,1777270283,2026-04-27 11:56,2026-04-27,281.5,282,281.5,282,150
RHPL,1min,1777270491,2026-04-27 11:59,2026-04-27,282,282,281.5,281.5,90
RHPL,1min,1777270532,2026-04-27 12:00,2026-04-27,281.5,281.5,281.5,281.5,70
RHPL,1min,1777270799,2026-04-27 12:04,2026-04-27,281.5,281.5,281.5,281.5,1416
RHPL,1min,1777270831,2026-04-27 12:05,2026-04-27,281.5,281.5,281.4,281.4,580
RHPL,1min,1777271035,2026-04-27 12:08,2026-04-27,281.4,281.5,281.4,281.5,150
RHPL,1min,1777271123,2026-04-27 12:10,2026-04-27,281.5,281.5,281.3,281.3,40
RHPL,1min,1777271399,2026-04-27 12:14,2026-04-27,281.3,281.3,281.3,281.3,610
RHPL,1min,1777271441,2026-04-27 12:15,2026-04-27,281.3,282,281.3,282,10
RHPL,1min,1777271488,2026-04-27 12:16,2026-04-27,282,282,282,282,10
RHPL,1min,1777271629,2026-04-27 12:18,2026-04-27,282,282,281.4,281.4,60
RHPL,1min,1777271641,2026-04-27 12:19,2026-04-27,281.4,281.4,281.4,281.4,70
RHPL,1min,1777271807,2026-04-27 12:21,2026-04-27,281.4,281.4,281.4,281.4,40
RHPL,1min,1777271845,2026-04-27 12:22,2026-04-27,281.4,281.4,281.4,281.4,10
RHPL,1min,1777271893,2026-04-27 12:23,2026-04-27,281.4,281.4,281.4,281.4,40
RHPL,1min,1777271948,2026-04-27 12:24,2026-04-27,281.4,281.4,281.4,281.4,80
RHPL,1min,1777272021,2026-04-27 12:25,2026-04-27,281.4,281.4,281.4,281.4,80
RHPL,1min,1777272231,2026-04-27 12:28,2026-04-27,281.4,282,281.4,282,10
RHPL,1min,1777272298,2026-04-27 12:29,2026-04-27,282,282,281.4,281.4,40
RHPL,1min,1777272337,2026-04-27 12:30,2026-04-27,281.4,282,281.4,282,100
RHPL,1min,1777272396,2026-04-27 12:31,2026-04-27,282,282,281.4,281.4,40
RHPL,1min,1777273022,2026-04-27 12:42,2026-04-27,281.4,281.4,281.4,281.4,40
RHPL,1min,1777273234,2026-04-27 12:45,2026-04-27,281.4,281.4,281.3,281.3,40
RHPL,1min,1777273522,2026-04-27 12:50,2026-04-27,281.3,281.3,281.3,281.3,0
RHPL,1min,1777273646,2026-04-27 12:52,2026-04-27,281.3,281.3,281.1,281.1,80
RHPL,1min,1777273831,2026-04-27 12:55,2026-04-27,281.1,281.1,281.1,281.1,80
RHPL,1min,1777274147,2026-04-27 13:00,2026-04-27,281.1,281.1,281.1,281.1,80
RHPL,1min,1777274197,2026-04-27 13:01,2026-04-27,281.1,281.1,281.1,281.1,10
RHPL,1min,1777274496,2026-04-27 13:06,2026-04-27,281.1,281.1,281,281,55
RHPL,1min,1777274669,2026-04-27 13:09,2026-04-27,281,281,281,281,30
RHPL,1min,1777275118,2026-04-27 13:16,2026-04-27,281,281,281,281,50
RHPL,1min,1777275284,2026-04-27 13:19,2026-04-27,281,281,281,281,20
RHPL,1min,1777275662,2026-04-27 13:26,2026-04-27,281,281,281,281,320
RHPL,1min,1777276086,2026-04-27 13:33,2026-04-27,281,281,281,281,1500
RHPL,1min,1777276176,2026-04-27 13:34,2026-04-27,281,282,281,282,10
RHPL,1min,1777276313,2026-04-27 13:36,2026-04-27,282,282,282,282,250
RHPL,1min,1777276351,2026-04-27 13:37,2026-04-27,282,282,281.2,281.2,70
RHPL,1min,1777276462,2026-04-27 13:39,2026-04-27,281.2,281.2,281,281,650
RHPL,1min,1777276539,2026-04-27 13:40,2026-04-27,281,281,281,281,488
RHPL,1min,1777276799,2026-04-27 13:44,2026-04-27,281,281.9,281,281.9,10
RHPL,1min,1777276819,2026-04-27 13:45,2026-04-27,281.9,281.9,281.9,281.9,10
RHPL,1min,1777276863,2026-04-27 13:46,2026-04-27,281.9,282,281.9,282,1000
RHPL,1min,1777276973,2026-04-27 13:47,2026-04-27,282,282,281,281,337
RHPL,1min,1777277142,2026-04-27 13:50,2026-04-27,281,281,281,281,500
RHPL,1min,1777277208,2026-04-27 13:51,2026-04-27,281,281,280.1,280.1,0
RHPL,1min,1777277264,2026-04-27 13:52,2026-04-27,280.1,280.1,280.1,280.1,260
RHPL,1min,1777277294,2026-04-27 13:53,2026-04-27,280.1,280.1,280.1,280.1,50
RHPL,1min,1777277529,2026-04-27 13:57,2026-04-27,280.1,280.1,280.1,280.1,50
RHPL,1min,1777277733,2026-04-27 14:00,2026-04-27,280.1,281,280.1,281,100
RHPL,1min,1777277796,2026-04-27 14:01,2026-04-27,281,281,281,281,563
RHPL,1min,1777277847,2026-04-27 14:02,2026-04-27,281,281,280.7,280.7,20
RHPL,1min,1777278054,2026-04-27 14:05,2026-04-27,280.7,282,280.7,282,1000
RHPL,1min,1777278333,2026-04-27 14:10,2026-04-27,282,282,281,281,70
RHPL,1min,1777279137,2026-04-27 14:23,2026-04-27,281,282,281,282,30
RHPL,1min,1777279224,2026-04-27 14:25,2026-04-27,282,282,282,282,370
RHPL,1min,1777279331,2026-04-27 14:27,2026-04-27,282,282,282,282,175
RHPL,1min,1777279416,2026-04-27 14:28,2026-04-27,282,282,281.1,281.1,455
RHPL,1min,1777279462,2026-04-27 14:29,2026-04-27,281.1,282.5,281.1,282.5,40
RHPL,1min,1777279669,2026-04-27 14:32,2026-04-27,282.5,282.5,281.1,281.1,150
RHPL,1min,1777279786,2026-04-27 14:34,2026-04-27,281.1,281.1,281.1,281.1,80
RHPL,1min,1777280152,2026-04-27 14:40,2026-04-27,281.1,282,281.1,282,0
RHPL,1min,1777280334,2026-04-27 14:43,2026-04-27,282,282,281.5,281.5,210
RHPL,1min,1777280546,2026-04-27 14:47,2026-04-27,281.5,281.5,281.5,281.5,10
RHPL,1min,1777280623,2026-04-27 14:48,2026-04-27,281.5,281.9,281.5,281.9,250
RHPL,1min,1777280672,2026-04-27 14:49,2026-04-27,281.9,281.9,281.5,281.9,40
RHPL,1min,1777280807,2026-04-27 14:51,2026-04-27,281.9,281.9,281,281,1000
RHPL,1min,1777280837,2026-04-27 14:52,2026-04-27,281,281,281,281,1160
RHPL,1min,1777280930,2026-04-27 14:53,2026-04-27,281,281,280.7,280.7,10
RHPL,1min,1777280983,2026-04-27 14:54,2026-04-27,280.7,280.7,280.7,280.7,260
RHPL,1min,1777281048,2026-04-27 14:55,2026-04-27,280.7,281,280.7,281,17
RHPL,1min,1777281077,2026-04-27 14:56,2026-04-27,281,281,280.6,280.6,70
RHPL,1min,1777281158,2026-04-27 14:57,2026-04-27,280.6,281,280.6,281,840
RHPL,1min,1777281299,2026-04-27 14:59,2026-04-27,281,281,281,281,1291
RHPL,1min,1777353891,2026-04-28 11:09,2026-04-28,282.1,282.1,282.1,282.1,180
RHPL,1min,1777353905,2026-04-28 11:10,2026-04-28,282.1,282.1,282.1,282.1,20
RHPL,1min,1777353997,2026-04-28 11:11,2026-04-28,282.1,282.1,282.1,282.1,0
RHPL,1min,1777354075,2026-04-28 11:12,2026-04-28,282.1,282.1,282.1,282.1,160
RHPL,1min,1777354253,2026-04-28 11:15,2026-04-28,282.1,282.1,282.1,282.1,10
RHPL,1min,1777354313,2026-04-28 11:16,2026-04-28,282.1,282.1,281,281,250
RHPL,1min,1777354332,2026-04-28 11:17,2026-04-28,281,281,281,281,0
RHPL,1min,1777355108,2026-04-28 11:30,2026-04-28,281,281,281,281,380
RHPL,1min,1777355496,2026-04-28 11:36,2026-04-28,281,281,281,281,0
RHPL,1min,1777355668,2026-04-28 11:39,2026-04-28,281,281,281,281,1300
RHPL,1min,1777355790,2026-04-28 11:41,2026-04-28,281,281,280.6,280.6,80
RHPL,1min,1777355825,2026-04-28 11:42,2026-04-28,280.6,280.6,280.6,280.6,0
RHPL,1min,1777356134,2026-04-28 11:47,2026-04-28,280.6,281,280.6,281,70
RHPL,1min,1777356324,2026-04-28 11:50,2026-04-28,281,281,280.6,280.6,190
RHPL,1min,1777356511,2026-04-28 11:53,2026-04-28,280.6,280.6,280.6,280.6,250
RHPL,1min,1777356581,2026-04-28 11:54,2026-04-28,280.6,280.6,280.6,280.6,11
RHPL,1min,1777356611,2026-04-28 11:55,2026-04-28,280.6,280.6,280.6,280.6,20
RHPL,1min,1777356769,2026-04-28 11:57,2026-04-28,280.6,280.6,280.5,280.5,50
RHPL,1min,1777356821,2026-04-28 11:58,2026-04-28,280.5,280.5,280.5,280.5,0
RHPL,1min,1777356933,2026-04-28 12:00,2026-04-28,280.5,280.5,280.5,280.5,1530
RHPL,1min,1777357006,2026-04-28 12:01,2026-04-28,280.5,280.5,280.5,280.5,340
RHPL,1min,1777357097,2026-04-28 12:03,2026-04-28,280.5,280.5,280.1,280.1,1100
RHPL,1min,1777357143,2026-04-28 12:04,2026-04-28,280.1,280.1,280,280,1000
RHPL,1min,1777357225,2026-04-28 12:05,2026-04-28,280,280,280,280,398
RHPL,1min,1777357658,2026-04-28 12:12,2026-04-28,280,280,280,280,0
RHPL,1min,1777357763,2026-04-28 12:14,2026-04-28,280,280,280,280,500
RHPL,1min,1777358691,2026-04-28 12:29,2026-04-28,280,280,280,280,100
RHPL,1min,1777358790,2026-04-28 12:31,2026-04-28,280,280,279.2,279.2,1000
RHPL,1min,1777358931,2026-04-28 12:33,2026-04-28,279.2,279.2,279.2,279.2,13
RHPL,1min,1777359172,2026-04-28 12:37,2026-04-28,279.2,279.2,279.2,279.2,10
RHPL,1min,1777359250,2026-04-28 12:39,2026-04-28,279.2,279.2,279.2,279.2,130
RHPL,1min,1777359592,2026-04-28 12:44,2026-04-28,279.2,280,279.2,280,10
RHPL,1min,1777359633,2026-04-28 12:45,2026-04-28,280,280,280,280,50
RHPL,1min,1777359703,2026-04-28 12:46,2026-04-28,280,280,280,280,50
RHPL,1min,1777360205,2026-04-28 12:55,2026-04-28,280,280,279.3,279.3,10
RHPL,1min,1777360275,2026-04-28 12:56,2026-04-28,279.3,279.3,279.3,279.3,40
RHPL,1min,1777360528,2026-04-28 13:00,2026-04-28,279.3,279.3,279.3,279.3,310
RHPL,1min,1777360601,2026-04-28 13:01,2026-04-28,279.3,279.3,279.3,279.3,130
RHPL,1min,1777361067,2026-04-28 13:09,2026-04-28,279.3,279.5,279.3,279.5,310
RHPL,1min,1777361260,2026-04-28 13:12,2026-04-28,279.5,280,279.5,280,720
RHPL,1min,1777362013,2026-04-28 13:25,2026-04-28,280,280,279.2,279.2,1460
RHPL,1min,1777362441,2026-04-28 13:32,2026-04-28,279.2,279.3,279.2,279.3,315
RHPL,1min,1777362625,2026-04-28 13:35,2026-04-28,279.3,279.3,279.3,279.3,10
RHPL,1min,1777362889,2026-04-28 13:39,2026-04-28,279.3,280,279.3,280,20
RHPL,1min,1777362915,2026-04-28 13:40,2026-04-28,280,280,279.4,279.4,10
RHPL,1min,1777363493,2026-04-28 13:49,2026-04-28,279.4,279.5,279.4,279.5,10
RHPL,1min,1777363630,2026-04-28 13:52,2026-04-28,279.5,279.5,279.4,279.4,130
RHPL,1min,1777363728,2026-04-28 13:53,2026-04-28,279.4,279.5,279.4,279.5,60
RHPL,1min,1777363836,2026-04-28 13:55,2026-04-28,279.5,280,279.5,280,70
RHPL,1min,1777364025,2026-04-28 13:58,2026-04-28,280,280,279.5,279.5,143
RHPL,1min,1777364073,2026-04-28 13:59,2026-04-28,279.5,280,279.5,280,11
RHPL,1min,1777364114,2026-04-28 14:00,2026-04-28,280,280,280,280,249
RHPL,1min,1777364205,2026-04-28 14:01,2026-04-28,280,280,279.5,279.5,37
RHPL,1min,1777364576,2026-04-28 14:07,2026-04-28,279.5,279.5,279.5,279.5,40
RHPL,1min,1777364717,2026-04-28 14:10,2026-04-28,279.5,279.5,279.5,279.5,500
RHPL,1min,1777364984,2026-04-28 14:14,2026-04-28,279.5,279.5,279.5,279.5,70
RHPL,1min,1777365320,2026-04-28 14:20,2026-04-28,279.5,280,279.5,280,120
RHPL,1min,1777365374,2026-04-28 14:21,2026-04-28,280,280,280,280,120
RHPL,1min,1777365476,2026-04-28 14:22,2026-04-28,280,280,280,280,421
RHPL,1min,1777365540,2026-04-28 14:24,2026-04-28,280,280,280,280,20
RHPL,1min,1777365651,2026-04-28 14:25,2026-04-28,280,280,279.6,279.6,115
RHPL,1min,1777365894,2026-04-28 14:29,2026-04-28,279.6,279.6,279.5,279.5,0
RHPL,1min,1777366051,2026-04-28 14:32,2026-04-28,279.5,279.6,279.5,279.6,295
RHPL,1min,1777366095,2026-04-28 14:33,2026-04-28,279.6,279.6,279.6,279.6,50
RHPL,1min,1777367016,2026-04-28 14:48,2026-04-28,279.6,279.7,279.6,279.6,289
RHPL,1min,1777367083,2026-04-28 14:49,2026-04-28,279.6,279.6,279.6,279.6,350
RHPL,1min,1777367207,2026-04-28 14:51,2026-04-28,279.6,279.6,279.6,279.6,70
RHPL,1min,1777367244,2026-04-28 14:52,2026-04-28,279.6,279.6,279.6,279.6,649
RHPL,1min,1777367459,2026-04-28 14:55,2026-04-28,279.6,280,279.6,280,1700
RHPL,1min,1777367524,2026-04-28 14:57,2026-04-28,280,280,280,280,0
RHPL,1min,1777367597,2026-04-28 14:58,2026-04-28,280,280,280,280,370
RHPL,1min,1777367699,2026-04-28 14:59,2026-04-28,280,280,280,280,330
RHPL,1min,1777440237,2026-04-29 11:08,2026-04-29,285.8,285.8,285.8,285.8,10
RHPL,1min,1777440340,2026-04-29 11:10,2026-04-29,285.8,285.8,285.6,285.6,35
RHPL,1min,1777440413,2026-04-29 11:11,2026-04-29,285.6,285.6,276.2,276.2,125
RHPL,1min,1777440786,2026-04-29 11:18,2026-04-29,276.2,280,276.2,280,150
RHPL,1min,1777440990,2026-04-29 11:21,2026-04-29,280,280,278,278,70
RHPL,1min,1777441075,2026-04-29 11:22,2026-04-29,278,278,278,278,122
RHPL,1min,1777441549,2026-04-29 11:30,2026-04-29,278,278,277,277,70
RHPL,1min,1777441888,2026-04-29 11:36,2026-04-29,277,279,277,279,0
RHPL,1min,1777442000,2026-04-29 11:38,2026-04-29,279,279,277,277,62
RHPL,1min,1777442873,2026-04-29 11:52,2026-04-29,277,278,277,278,0
RHPL,1min,1777442977,2026-04-29 11:54,2026-04-29,278,279,278,279,610
RHPL,1min,1777443389,2026-04-29 12:01,2026-04-29,279,279,279,279,27
RHPL,1min,1777443701,2026-04-29 12:06,2026-04-29,279,279,278,278,30
RHPL,1min,1777443774,2026-04-29 12:07,2026-04-29,278,278,277.1,277.1,10
RHPL,1min,1777443832,2026-04-29 12:08,2026-04-29,277.1,277.1,277.1,277.1,0
RHPL,1min,1777443862,2026-04-29 12:09,2026-04-29,277.1,277.1,277,277,1021
RHPL,1min,1777444049,2026-04-29 12:12,2026-04-29,277,277,277,277,97
RHPL,1min,1777444212,2026-04-29 12:15,2026-04-29,277,277,276.5,276.5,50
RHPL,1min,1777444545,2026-04-29 12:20,2026-04-29,276.5,276.5,276.5,276.5,10
RHPL,1min,1777444564,2026-04-29 12:21,2026-04-29,276.5,277,276.5,277,15
RHPL,1min,1777444647,2026-04-29 12:22,2026-04-29,277,277,276.5,276.5,0
RHPL,1min,1777445345,2026-04-29 12:34,2026-04-29,276.5,278,276.5,278,188
RHPL,1min,1777445514,2026-04-29 12:36,2026-04-29,278,278,278,278,10
RHPL,1min,1777445717,2026-04-29 12:40,2026-04-29,278,278,278,278,200
RHPL,1min,1777445918,2026-04-29 12:43,2026-04-29,278,278,276.5,276.5,500
RHPL,1min,1777445947,2026-04-29 12:44,2026-04-29,276.5,276.5,276.5,276.5,50
RHPL,1min,1777446356,2026-04-29 12:50,2026-04-29,276.5,276.5,276.5,276.5,50
RHPL,1min,1777446490,2026-04-29 12:53,2026-04-29,276.5,277,276.5,277,70
RHPL,1min,1777446579,2026-04-29 12:54,2026-04-29,277,278,277,278,46
RHPL,1min,1777446627,2026-04-29 12:55,2026-04-29,278,278,278,278,264
RHPL,1min,1777446716,2026-04-29 12:56,2026-04-29,278,278,278,278,50
RHPL,1min,1777446831,2026-04-29 12:58,2026-04-29,278,278,278,278,10
RHPL,1min,1777447230,2026-04-29 13:05,2026-04-29,278,278,278,278,90
RHPL,1min,1777447439,2026-04-29 13:08,2026-04-29,278,278,276.4,276.4,450
RHPL,1min,1777447557,2026-04-29 13:10,2026-04-29,276.4,276.4,276.4,276.4,359
RHPL,1min,1777448228,2026-04-29 13:22,2026-04-29,276.4,278,276.4,278,80
RHPL,1min,1777448515,2026-04-29 13:26,2026-04-29,278,278,276.4,276.4,48
RHPL,1min,1777448959,2026-04-29 13:34,2026-04-29,276.4,278,276.4,278,110
RHPL,1min,1777449052,2026-04-29 13:35,2026-04-29,278,278,276.4,276.4,10
RHPL,1min,1777449471,2026-04-29 13:42,2026-04-29,276.4,276.4,276.4,276.4,80
RHPL,1min,1777449715,2026-04-29 13:46,2026-04-29,276.4,276.4,276.4,276.4,30
RHPL,1min,1777449725,2026-04-29 13:47,2026-04-29,276.4,276.4,276.4,276.4,10
RHPL,1min,1777449937,2026-04-29 13:50,2026-04-29,276.4,276.5,276.4,276.5,10
RHPL,1min,1777450016,2026-04-29 13:51,2026-04-29,276.5,276.5,276.5,276.5,10
RHPL,1min,1777450074,2026-04-29 13:52,2026-04-29,276.5,278,276.5,278,50
RHPL,1min,1777450173,2026-04-29 13:54,2026-04-29,278,278,277,277,100
RHPL,1min,1777450254,2026-04-29 13:55,2026-04-29,277,277,277,277,10
RHPL,1min,1777450294,2026-04-29 13:56,2026-04-29,277,278,277,278,100
RHPL,1min,1777450482,2026-04-29 13:59,2026-04-29,278,278,277,277,40
RHPL,1min,1777450531,2026-04-29 14:00,2026-04-29,277,277,277,277,49
RHPL,1min,1777450665,2026-04-29 14:02,2026-04-29,277,277,277,277,0
RHPL,1min,1777450738,2026-04-29 14:03,2026-04-29,277,277,277,277,70
RHPL,1min,1777450918,2026-04-29 14:06,2026-04-29,277,277,276,276,2240
RHPL,1min,1777450970,2026-04-29 14:07,2026-04-29,276,278,276,278,20
RHPL,1min,1777451436,2026-04-29 14:15,2026-04-29,278,278,277,277,100
RHPL,1min,1777451508,2026-04-29 14:16,2026-04-29,277,277.5,277,277.5,20
RHPL,1min,1777451552,2026-04-29 14:17,2026-04-29,277.5,278,277.5,278,1000
RHPL,1min,1777451885,2026-04-29 14:23,2026-04-29,278,278,276,276,2040
RHPL,1min,1777452088,2026-04-29 14:26,2026-04-29,276,276.2,276,276.2,50
RHPL,1min,1777452152,2026-04-29 14:27,2026-04-29,276.2,276.2,276.2,276.2,100
RHPL,1min,1777452273,2026-04-29 14:29,2026-04-29,276.2,276.2,276.2,276.2,0
RHPL,1min,1777452465,2026-04-29 14:32,2026-04-29,276.2,276.2,276,276,1800
RHPL,1min,1777452543,2026-04-29 14:34,2026-04-29,276,276,276,276,80
RHPL,1min,1777452698,2026-04-29 14:36,2026-04-29,276,276,276,276,0
RHPL,1min,1777452729,2026-04-29 14:37,2026-04-29,276,276,276,276,685
RHPL,1min,1777452851,2026-04-29 14:39,2026-04-29,276,276,276,276,350
RHPL,1min,1777453195,2026-04-29 14:44,2026-04-29,276,276,276,276,1126
RHPL,1min,1777453281,2026-04-29 14:46,2026-04-29,276,276,276,276,292
RHPL,1min,1777453399,2026-04-29 14:48,2026-04-29,276,276,276,276,0
RHPL,1min,1777453526,2026-04-29 14:50,2026-04-29,276,276,276,276,320
RHPL,1min,1777453711,2026-04-29 14:53,2026-04-29,276,276,275.8,275.8,10
RHPL,1min,1777453770,2026-04-29 14:54,2026-04-29,275.8,275.8,275.8,275.8,100
RHPL,1min,1777453807,2026-04-29 14:55,2026-04-29,275.8,276,275.8,276,20
RHPL,1min,1777453868,2026-04-29 14:56,2026-04-29,276,276,275.2,275.2,1205
RHPL,1min,1777454000,2026-04-29 14:58,2026-04-29,275.2,275.3,275.2,275.3,50
RHPL,1min,1777454099,2026-04-29 14:59,2026-04-29,275.3,275.5,275.3,275.5,59
