symbol,resolution,ts,datetime_np,date_np,open,high,low,close,volume
UPPER,1min,1774343699,2026-03-24 14:59,2026-03-24,237,237,236.5,236.9,16758
UPPER,1min,1774415754,2026-03-25 11:00,2026-03-25,237,238,237,238,20
UPPER,1min,1774415807,2026-03-25 11:01,2026-03-25,238,238,237,237,2668
UPPER,1min,1774415879,2026-03-25 11:02,2026-03-25,237,237,237,237,2940
UPPER,1min,1774415933,2026-03-25 11:03,2026-03-25,237,237,236,237,3288
UPPER,1min,1774415991,2026-03-25 11:04,2026-03-25,237,237,236.1,236.1,1640
UPPER,1min,1774416048,2026-03-25 11:05,2026-03-25,236.1,236.1,234,234,4000
UPPER,1min,1774416091,2026-03-25 11:06,2026-03-25,234,234.1,234,234.1,1100
UPPER,1min,1774416133,2026-03-25 11:07,2026-03-25,234.1,235,234.1,235,0
UPPER,1min,1774416208,2026-03-25 11:08,2026-03-25,235,236,235,236,340
UPPER,1min,1774416288,2026-03-25 11:09,2026-03-25,236,236,235.1,235.1,500
UPPER,1min,1774416340,2026-03-25 11:10,2026-03-25,235.1,236,235.1,235.1,2825
UPPER,1min,1774416406,2026-03-25 11:11,2026-03-25,235.1,236,235.1,236,145
UPPER,1min,1774416457,2026-03-25 11:12,2026-03-25,236,236,235.2,235.2,360
UPPER,1min,1774416524,2026-03-25 11:13,2026-03-25,235.2,236,235.2,235.3,375
UPPER,1min,1774416599,2026-03-25 11:14,2026-03-25,235.3,236,235.3,236,2500
UPPER,1min,1774416637,2026-03-25 11:15,2026-03-25,236,236,235.3,235.5,140
UPPER,1min,1774416708,2026-03-25 11:16,2026-03-25,235.5,236,235.5,236,776
UPPER,1min,1774416774,2026-03-25 11:17,2026-03-25,236,236,235.5,235.5,105
UPPER,1min,1774416835,2026-03-25 11:18,2026-03-25,235.5,235.5,235.5,235.5,244
UPPER,1min,1774416874,2026-03-25 11:19,2026-03-25,235.5,236,235.5,235.9,850
UPPER,1min,1774416957,2026-03-25 11:20,2026-03-25,235.9,236,235,235,9162
UPPER,1min,1774417077,2026-03-25 11:22,2026-03-25,235,235.1,235,235,4502
UPPER,1min,1774417118,2026-03-25 11:23,2026-03-25,235,235,234.9,234.9,40
UPPER,1min,1774417191,2026-03-25 11:24,2026-03-25,234.9,234.9,234.7,234.7,149
UPPER,1min,1774417249,2026-03-25 11:25,2026-03-25,234.7,234.7,234.7,234.7,250
UPPER,1min,1774417317,2026-03-25 11:26,2026-03-25,234.7,235,234.7,235,1421
UPPER,1min,1774417372,2026-03-25 11:27,2026-03-25,235,235.7,235,235,660
UPPER,1min,1774417418,2026-03-25 11:28,2026-03-25,235,235.8,235,235.8,390
UPPER,1min,1774417483,2026-03-25 11:29,2026-03-25,235.8,235.8,235,235,1789
UPPER,1min,1774417528,2026-03-25 11:30,2026-03-25,235,235,235,235,177
UPPER,1min,1774417573,2026-03-25 11:31,2026-03-25,235,235,235,235,1023
UPPER,1min,1774417649,2026-03-25 11:32,2026-03-25,235,235.8,235,235.8,190
UPPER,1min,1774417715,2026-03-25 11:33,2026-03-25,235.8,235.8,235,235,415
UPPER,1min,1774417789,2026-03-25 11:34,2026-03-25,235,235,235,235,1668
UPPER,1min,1774417839,2026-03-25 11:35,2026-03-25,235,235.7,235,235,370
UPPER,1min,1774417911,2026-03-25 11:36,2026-03-25,235,235,235,235,782
UPPER,1min,1774417966,2026-03-25 11:37,2026-03-25,235,235,234.8,235,2889
UPPER,1min,1774418034,2026-03-25 11:38,2026-03-25,235,235,234.1,235,2810
UPPER,1min,1774418097,2026-03-25 11:39,2026-03-25,235,235,235,235,1044
UPPER,1min,1774418148,2026-03-25 11:40,2026-03-25,235,235,234.1,235,1664
UPPER,1min,1774418204,2026-03-25 11:41,2026-03-25,235,235,234.1,234.1,329
UPPER,1min,1774418223,2026-03-25 11:42,2026-03-25,234.1,234.1,234,234,5000
UPPER,1min,1774418335,2026-03-25 11:43,2026-03-25,234,234.9,234,234,6564
UPPER,1min,1774418362,2026-03-25 11:44,2026-03-25,234,234,233.6,233.6,82
UPPER,1min,1774418441,2026-03-25 11:45,2026-03-25,233.6,234,233.6,234,16
UPPER,1min,1774418503,2026-03-25 11:46,2026-03-25,234,234,233.8,233.8,1445
UPPER,1min,1774418573,2026-03-25 11:47,2026-03-25,233.8,234,233.5,233.5,3392
UPPER,1min,1774418604,2026-03-25 11:48,2026-03-25,233.5,233.5,233.5,233.5,3050
UPPER,1min,1774418743,2026-03-25 11:50,2026-03-25,233.5,233.5,233.2,233.2,1371
UPPER,1min,1774418839,2026-03-25 11:52,2026-03-25,233.2,233.5,233.2,233.3,207
UPPER,1min,1774418920,2026-03-25 11:53,2026-03-25,233.3,233.3,233.2,233.2,1237
UPPER,1min,1774418980,2026-03-25 11:54,2026-03-25,233.2,233.2,233,233,17630
UPPER,1min,1774419048,2026-03-25 11:55,2026-03-25,233,233,233,233,5299
UPPER,1min,1774419119,2026-03-25 11:56,2026-03-25,233,233,233,233,1138
UPPER,1min,1774419169,2026-03-25 11:57,2026-03-25,233,233,232.6,232.6,550
UPPER,1min,1774419225,2026-03-25 11:58,2026-03-25,232.6,233,232.5,232.5,2010
UPPER,1min,1774419296,2026-03-25 11:59,2026-03-25,232.5,232.5,232.1,232.1,3071
UPPER,1min,1774419356,2026-03-25 12:00,2026-03-25,232.1,233,232.1,233,5979
UPPER,1min,1774419415,2026-03-25 12:01,2026-03-25,233,233,232.1,232.1,2381
UPPER,1min,1774419472,2026-03-25 12:02,2026-03-25,232.1,232.2,232.1,232.2,2627
UPPER,1min,1774419534,2026-03-25 12:03,2026-03-25,232.2,232.2,231.4,231.4,19857
UPPER,1min,1774419591,2026-03-25 12:04,2026-03-25,231.4,231.4,231.3,231.3,1534
UPPER,1min,1774419655,2026-03-25 12:05,2026-03-25,231.3,231.4,231.3,231.3,3018
UPPER,1min,1774419711,2026-03-25 12:06,2026-03-25,231.3,231.5,231.1,231.5,0
UPPER,1min,1774419779,2026-03-25 12:07,2026-03-25,231.5,231.5,231,231,30075
UPPER,1min,1774419837,2026-03-25 12:08,2026-03-25,231,231.3,231,231.3,1080
UPPER,1min,1774419895,2026-03-25 12:09,2026-03-25,231.3,231.3,231,231.1,1437
UPPER,1min,1774419948,2026-03-25 12:10,2026-03-25,231.1,232,231.1,232,3696
UPPER,1min,1774420017,2026-03-25 12:11,2026-03-25,232,232,231,231,7678
UPPER,1min,1774420074,2026-03-25 12:12,2026-03-25,231,231,231,231,14995
UPPER,1min,1774420120,2026-03-25 12:13,2026-03-25,231,231,230.6,230.7,3529
UPPER,1min,1774420191,2026-03-25 12:14,2026-03-25,230.7,231,230.7,230.9,2190
UPPER,1min,1774420256,2026-03-25 12:15,2026-03-25,230.9,230.9,230.5,230.5,2829
UPPER,1min,1774420315,2026-03-25 12:16,2026-03-25,230.5,230.7,230.4,230.7,3879
UPPER,1min,1774420368,2026-03-25 12:17,2026-03-25,230.7,230.7,230.7,230.7,2872
UPPER,1min,1774420433,2026-03-25 12:18,2026-03-25,230.7,231,230.4,230.5,6482
UPPER,1min,1774420496,2026-03-25 12:19,2026-03-25,230.5,231.5,230.5,231.5,4133
UPPER,1min,1774420552,2026-03-25 12:20,2026-03-25,231.5,232,231,232,2127
UPPER,1min,1774420587,2026-03-25 12:21,2026-03-25,232,232,232,232,1966
UPPER,1min,1774420673,2026-03-25 12:22,2026-03-25,232,232.8,232,232.8,4680
UPPER,1min,1774420725,2026-03-25 12:23,2026-03-25,232.8,232.8,232.8,232.8,2850
UPPER,1min,1774420784,2026-03-25 12:24,2026-03-25,232.8,232.8,232.2,232.2,4524
UPPER,1min,1774420841,2026-03-25 12:25,2026-03-25,232.2,233,232.2,233,328
UPPER,1min,1774420913,2026-03-25 12:26,2026-03-25,233,233,233,233,1890
UPPER,1min,1774420957,2026-03-25 12:27,2026-03-25,233,233.1,233,233.1,1420
UPPER,1min,1774421027,2026-03-25 12:28,2026-03-25,233.1,233.2,233.1,233.1,229
UPPER,1min,1774421096,2026-03-25 12:29,2026-03-25,233.1,233.2,233,233,795
UPPER,1min,1774421155,2026-03-25 12:30,2026-03-25,233,234,233,234,3704
UPPER,1min,1774421206,2026-03-25 12:31,2026-03-25,234,234,233,233,3021
UPPER,1min,1774421256,2026-03-25 12:32,2026-03-25,233,233,233,233,1270
UPPER,1min,1774421336,2026-03-25 12:33,2026-03-25,233,233,232.1,232.5,9059
UPPER,1min,1774421392,2026-03-25 12:34,2026-03-25,232.5,232.5,232.4,232.4,1474
UPPER,1min,1774421428,2026-03-25 12:35,2026-03-25,232.4,232.4,232,232,1200
UPPER,1min,1774421512,2026-03-25 12:36,2026-03-25,232,232,231.6,231.6,775
UPPER,1min,1774421576,2026-03-25 12:37,2026-03-25,231.6,232.5,231.6,231.7,390
UPPER,1min,1774421639,2026-03-25 12:38,2026-03-25,231.7,231.7,231.5,231.5,940
UPPER,1min,1774421698,2026-03-25 12:39,2026-03-25,231.5,232,231.5,231.5,1546
UPPER,1min,1774421753,2026-03-25 12:40,2026-03-25,231.5,232,231,231,12720
UPPER,1min,1774421798,2026-03-25 12:41,2026-03-25,231,232,231,231.5,540
UPPER,1min,1774421871,2026-03-25 12:42,2026-03-25,231.5,231.5,231,231,656
UPPER,1min,1774421906,2026-03-25 12:43,2026-03-25,231,231.8,231,231.8,85
UPPER,1min,1774421942,2026-03-25 12:44,2026-03-25,231.8,232,231.8,232,850
UPPER,1min,1774422043,2026-03-25 12:45,2026-03-25,232,232,232,232,470
UPPER,1min,1774422098,2026-03-25 12:46,2026-03-25,232,232,232,232,920
UPPER,1min,1774422172,2026-03-25 12:47,2026-03-25,232,232.9,232,232,2035
UPPER,1min,1774422238,2026-03-25 12:48,2026-03-25,232,232.4,232,232.4,360
UPPER,1min,1774422277,2026-03-25 12:49,2026-03-25,232.4,232.4,232,232.4,100
UPPER,1min,1774422359,2026-03-25 12:50,2026-03-25,232.4,232.4,232.4,232.4,700
UPPER,1min,1774422391,2026-03-25 12:51,2026-03-25,232.4,232.4,232.4,232.4,110
UPPER,1min,1774422467,2026-03-25 12:52,2026-03-25,232.4,232.4,232,232,1785
UPPER,1min,1774422539,2026-03-25 12:53,2026-03-25,232,232,231.9,232,1464
UPPER,1min,1774422594,2026-03-25 12:54,2026-03-25,232,232,231.9,232,855
UPPER,1min,1774422640,2026-03-25 12:55,2026-03-25,232,232,232,232,1000
UPPER,1min,1774422706,2026-03-25 12:56,2026-03-25,232,232,231.5,231.5,783
UPPER,1min,1774422751,2026-03-25 12:57,2026-03-25,231.5,232,231.5,232,200
UPPER,1min,1774422805,2026-03-25 12:58,2026-03-25,232,232,232,232,911
UPPER,1min,1774422882,2026-03-25 12:59,2026-03-25,232,232,231.5,231.5,735
UPPER,1min,1774422951,2026-03-25 13:00,2026-03-25,231.5,232,231.5,231.5,2203
UPPER,1min,1774423016,2026-03-25 13:01,2026-03-25,231.5,231.5,231.5,231.5,12
UPPER,1min,1774423079,2026-03-25 13:02,2026-03-25,231.5,232,231.5,232,150
UPPER,1min,1774423137,2026-03-25 13:03,2026-03-25,232,232,231.4,231.4,2012
UPPER,1min,1774423199,2026-03-25 13:04,2026-03-25,231.4,231.5,231,231,28043
UPPER,1min,1774423248,2026-03-25 13:05,2026-03-25,231,231,231,231,50
UPPER,1min,1774423318,2026-03-25 13:06,2026-03-25,231,231,230.9,231,1215
UPPER,1min,1774423372,2026-03-25 13:07,2026-03-25,231,231,231,231,1230
UPPER,1min,1774423411,2026-03-25 13:08,2026-03-25,231,231,230.9,231,1612
UPPER,1min,1774423481,2026-03-25 13:09,2026-03-25,231,231,230.8,230.8,554
UPPER,1min,1774423542,2026-03-25 13:10,2026-03-25,230.8,231,230.8,231,70
UPPER,1min,1774423616,2026-03-25 13:11,2026-03-25,231,231.5,231,231.4,470
UPPER,1min,1774423670,2026-03-25 13:12,2026-03-25,231.4,231.4,231.4,231.4,889
UPPER,1min,1774423725,2026-03-25 13:13,2026-03-25,231.4,231.4,231,231,1710
UPPER,1min,1774423793,2026-03-25 13:14,2026-03-25,231,231.4,231,231.4,770
UPPER,1min,1774423848,2026-03-25 13:15,2026-03-25,231.4,231.4,231.2,231.4,237
UPPER,1min,1774423919,2026-03-25 13:16,2026-03-25,231.4,231.5,231.4,231.5,620
UPPER,1min,1774423976,2026-03-25 13:17,2026-03-25,231.5,231.5,231.4,231.5,193
UPPER,1min,1774424018,2026-03-25 13:18,2026-03-25,231.5,231.5,231.5,231.5,1000
UPPER,1min,1774424090,2026-03-25 13:19,2026-03-25,231.5,231.5,231.5,231.5,1070
UPPER,1min,1774424119,2026-03-25 13:20,2026-03-25,231.5,231.5,231.2,231.5,280
UPPER,1min,1774424206,2026-03-25 13:21,2026-03-25,231.5,232,231.5,231.5,164
UPPER,1min,1774424249,2026-03-25 13:22,2026-03-25,231.5,233,231.5,233,500
UPPER,1min,1774424398,2026-03-25 13:24,2026-03-25,233,233.3,233,233,202
UPPER,1min,1774424430,2026-03-25 13:25,2026-03-25,233,233.3,233,233.3,290
UPPER,1min,1774424498,2026-03-25 13:26,2026-03-25,233.3,233.3,233,233,3389
UPPER,1min,1774424576,2026-03-25 13:27,2026-03-25,233,234,233,233.1,245
UPPER,1min,1774424603,2026-03-25 13:28,2026-03-25,233.1,233.1,233.1,233.1,110
UPPER,1min,1774424693,2026-03-25 13:29,2026-03-25,233.1,234,233,233,1001
UPPER,1min,1774424722,2026-03-25 13:30,2026-03-25,233,233,233,233,40
UPPER,1min,1774424808,2026-03-25 13:31,2026-03-25,233,233.1,233,233.1,2060
UPPER,1min,1774424862,2026-03-25 13:32,2026-03-25,233.1,233.1,233,233,500
UPPER,1min,1774424897,2026-03-25 13:33,2026-03-25,233,233.5,233,233.5,110
UPPER,1min,1774424996,2026-03-25 13:34,2026-03-25,233.5,233.9,233,233,345
UPPER,1min,1774425046,2026-03-25 13:35,2026-03-25,233,233.9,233,233.9,0
UPPER,1min,1774425100,2026-03-25 13:36,2026-03-25,233.9,235,233.9,235,60
UPPER,1min,1774425158,2026-03-25 13:37,2026-03-25,235,235,234,234.9,6175
UPPER,1min,1774425294,2026-03-25 13:39,2026-03-25,234.9,234.9,234.9,234.9,1900
UPPER,1min,1774425316,2026-03-25 13:40,2026-03-25,234.9,234.9,233.2,233.2,400
UPPER,1min,1774425396,2026-03-25 13:41,2026-03-25,233.2,234,233.2,234,55
UPPER,1min,1774425466,2026-03-25 13:42,2026-03-25,234,234.9,234,234,545
UPPER,1min,1774425483,2026-03-25 13:43,2026-03-25,234,234,233.3,233.3,10
UPPER,1min,1774425577,2026-03-25 13:44,2026-03-25,233.3,233.3,233.3,233.3,530
UPPER,1min,1774425640,2026-03-25 13:45,2026-03-25,233.3,233.3,233.2,233.3,1096
UPPER,1min,1774425701,2026-03-25 13:46,2026-03-25,233.3,233.5,233.3,233.5,330
UPPER,1min,1774425773,2026-03-25 13:47,2026-03-25,233.5,233.5,233,233,3000
UPPER,1min,1774425813,2026-03-25 13:48,2026-03-25,233,233.5,233,233,339
UPPER,1min,1774425876,2026-03-25 13:49,2026-03-25,233,233.5,233,233.5,263
UPPER,1min,1774426009,2026-03-25 13:51,2026-03-25,233.5,234,233.5,234,800
UPPER,1min,1774426068,2026-03-25 13:52,2026-03-25,234,234,234,234,1000
UPPER,1min,1774426196,2026-03-25 13:54,2026-03-25,234,234,233.7,233.7,994
UPPER,1min,1774426256,2026-03-25 13:55,2026-03-25,233.7,234,233.7,234,2130
UPPER,1min,1774426307,2026-03-25 13:56,2026-03-25,234,234.5,233.7,234.5,290
UPPER,1min,1774426347,2026-03-25 13:57,2026-03-25,234.5,234.5,233.7,233.7,5000
UPPER,1min,1774426408,2026-03-25 13:58,2026-03-25,233.7,234,233.7,234,1209
UPPER,1min,1774426490,2026-03-25 13:59,2026-03-25,234,234,233.8,233.8,50
UPPER,1min,1774426501,2026-03-25 14:00,2026-03-25,233.8,233.8,233.5,233.5,0
UPPER,1min,1774426623,2026-03-25 14:02,2026-03-25,233.5,233.5,233.5,233.5,1060
UPPER,1min,1774426692,2026-03-25 14:03,2026-03-25,233.5,233.5,233,233,3200
UPPER,1min,1774426795,2026-03-25 14:04,2026-03-25,233,233.8,233,233.8,20
UPPER,1min,1774426851,2026-03-25 14:05,2026-03-25,233.8,234,233.8,234,2021
UPPER,1min,1774426891,2026-03-25 14:06,2026-03-25,234,234,234,234,280
UPPER,1min,1774426963,2026-03-25 14:07,2026-03-25,234,234.4,234,234.4,514
UPPER,1min,1774427030,2026-03-25 14:08,2026-03-25,234.4,234.4,234.4,234.4,975
UPPER,1min,1774427048,2026-03-25 14:09,2026-03-25,234.4,234.4,234.4,234.4,110
UPPER,1min,1774427189,2026-03-25 14:11,2026-03-25,234.4,234.4,234.4,234.4,2255
UPPER,1min,1774427223,2026-03-25 14:12,2026-03-25,234.4,234.5,234.4,234.5,363
UPPER,1min,1774427328,2026-03-25 14:13,2026-03-25,234.5,234.5,234,234,5590
UPPER,1min,1774427374,2026-03-25 14:14,2026-03-25,234,234,233,233,5394
UPPER,1min,1774427419,2026-03-25 14:15,2026-03-25,233,233,233,233,400
UPPER,1min,1774427519,2026-03-25 14:16,2026-03-25,233,233.9,233,233.9,200
UPPER,1min,1774427577,2026-03-25 14:17,2026-03-25,233.9,233.9,233,233,1141
UPPER,1min,1774427662,2026-03-25 14:19,2026-03-25,233,233,232.1,232.1,600
UPPER,1min,1774427702,2026-03-25 14:20,2026-03-25,232.1,232.9,232.1,232.9,655
UPPER,1min,1774427810,2026-03-25 14:21,2026-03-25,232.9,232.9,232,232,2680
UPPER,1min,1774427925,2026-03-25 14:23,2026-03-25,232,232,231.7,231.7,7600
UPPER,1min,1774427978,2026-03-25 14:24,2026-03-25,231.7,231.7,231.7,231.7,113
UPPER,1min,1774428028,2026-03-25 14:25,2026-03-25,231.7,231.7,231.7,231.7,1000
UPPER,1min,1774428095,2026-03-25 14:26,2026-03-25,231.7,232,231.7,232,507
UPPER,1min,1774428155,2026-03-25 14:27,2026-03-25,232,232,231.9,231.9,1280
UPPER,1min,1774428230,2026-03-25 14:28,2026-03-25,231.9,232,231.9,232,600
UPPER,1min,1774428294,2026-03-25 14:29,2026-03-25,232,232,231.9,232,471
UPPER,1min,1774428359,2026-03-25 14:30,2026-03-25,232,232,231.9,231.9,5231
UPPER,1min,1774428415,2026-03-25 14:31,2026-03-25,231.9,232,231.8,231.8,3450
UPPER,1min,1774428522,2026-03-25 14:33,2026-03-25,231.8,232,231.8,232,5815
UPPER,1min,1774428643,2026-03-25 14:35,2026-03-25,232,232,231.8,232,4685
UPPER,1min,1774428715,2026-03-25 14:36,2026-03-25,232,232,232,232,220
UPPER,1min,1774428774,2026-03-25 14:37,2026-03-25,232,232,231.6,232,400
UPPER,1min,1774428801,2026-03-25 14:38,2026-03-25,232,232,232,232,500
UPPER,1min,1774428890,2026-03-25 14:39,2026-03-25,232,232,231.6,231.6,500
UPPER,1min,1774428958,2026-03-25 14:40,2026-03-25,231.6,232,231.5,231.5,0
UPPER,1min,1774429018,2026-03-25 14:41,2026-03-25,231.5,231.5,231.1,231.5,11051
UPPER,1min,1774429066,2026-03-25 14:42,2026-03-25,231.5,231.5,231.1,231.5,3585
UPPER,1min,1774429136,2026-03-25 14:43,2026-03-25,231.5,232,231,232,17079
UPPER,1min,1774429195,2026-03-25 14:44,2026-03-25,232,232,231,231,10579
UPPER,1min,1774429259,2026-03-25 14:45,2026-03-25,231,231.9,231,231.1,2704
UPPER,1min,1774429313,2026-03-25 14:46,2026-03-25,231.1,231.5,231.1,231.5,3150
UPPER,1min,1774429375,2026-03-25 14:47,2026-03-25,231.5,231.5,231,231,3920
UPPER,1min,1774429424,2026-03-25 14:48,2026-03-25,231,231,230.5,230.5,11583
UPPER,1min,1774429484,2026-03-25 14:49,2026-03-25,230.5,231,230.5,231,1791
UPPER,1min,1774429557,2026-03-25 14:50,2026-03-25,231,231,231,231,1165
UPPER,1min,1774429614,2026-03-25 14:51,2026-03-25,231,231,230.5,230.5,5348
UPPER,1min,1774429678,2026-03-25 14:52,2026-03-25,230.5,230.5,230.2,230.5,10635
UPPER,1min,1774429726,2026-03-25 14:53,2026-03-25,230.5,230.5,230.1,230.5,4000
UPPER,1min,1774429790,2026-03-25 14:54,2026-03-25,230.5,230.5,230.1,230.4,12495
UPPER,1min,1774429853,2026-03-25 14:55,2026-03-25,230.4,230.4,230,230,74082
UPPER,1min,1774429910,2026-03-25 14:56,2026-03-25,230,230.9,229.9,229.9,1555
UPPER,1min,1774429969,2026-03-25 14:57,2026-03-25,229.9,230,229.9,230,13915
UPPER,1min,1774430027,2026-03-25 14:58,2026-03-25,230,230,229,229,26954
UPPER,1min,1774430099,2026-03-25 14:59,2026-03-25,229,230,229,230,9673
UPPER,1min,1774502148,2026-03-26 11:00,2026-03-26,230,232,230,230,790
UPPER,1min,1774502211,2026-03-26 11:01,2026-03-26,230,230,228,228,1384
UPPER,1min,1774502262,2026-03-26 11:02,2026-03-26,228,228.1,228,228.1,775
UPPER,1min,1774502320,2026-03-26 11:03,2026-03-26,228.1,228.1,227.1,227.1,1350
UPPER,1min,1774502394,2026-03-26 11:04,2026-03-26,227.1,229.5,227,229.5,1340
UPPER,1min,1774502440,2026-03-26 11:05,2026-03-26,229.5,229.5,227,227,1100
UPPER,1min,1774502514,2026-03-26 11:06,2026-03-26,227,227,226.1,226.5,889
UPPER,1min,1774502576,2026-03-26 11:07,2026-03-26,226.5,226.8,226,226,2253
UPPER,1min,1774502638,2026-03-26 11:08,2026-03-26,226,226.2,226,226.1,2802
UPPER,1min,1774502696,2026-03-26 11:09,2026-03-26,226.1,226.5,226.1,226.3,2360
UPPER,1min,1774502733,2026-03-26 11:10,2026-03-26,226.3,226.3,226.2,226.2,1465
UPPER,1min,1774502818,2026-03-26 11:11,2026-03-26,226.2,227,226.2,227,4235
UPPER,1min,1774502858,2026-03-26 11:12,2026-03-26,227,227.5,227,227.5,877
UPPER,1min,1774502932,2026-03-26 11:13,2026-03-26,227.5,227.8,227.5,227.8,100
UPPER,1min,1774502985,2026-03-26 11:14,2026-03-26,227.8,229,227.6,228,1151
UPPER,1min,1774503055,2026-03-26 11:15,2026-03-26,228,229.9,228,229.9,1935
UPPER,1min,1774503112,2026-03-26 11:16,2026-03-26,229.9,229.9,228.2,228.2,1309
UPPER,1min,1774503156,2026-03-26 11:17,2026-03-26,228.2,229,228.2,229,2095
UPPER,1min,1774503219,2026-03-26 11:18,2026-03-26,229,230,229,230,988
UPPER,1min,1774503275,2026-03-26 11:19,2026-03-26,230,230,229.1,230,2338
UPPER,1min,1774503307,2026-03-26 11:20,2026-03-26,230,230,229.9,229.9,50
UPPER,1min,1774503408,2026-03-26 11:21,2026-03-26,229.9,230,229.5,230,4240
UPPER,1min,1774503473,2026-03-26 11:22,2026-03-26,230,230,229.5,229.5,1512
UPPER,1min,1774503529,2026-03-26 11:23,2026-03-26,229.5,230,229.5,230,1110
UPPER,1min,1774503579,2026-03-26 11:24,2026-03-26,230,230,230,230,3212
UPPER,1min,1774503622,2026-03-26 11:25,2026-03-26,230,230,229.7,229.8,3411
UPPER,1min,1774503703,2026-03-26 11:26,2026-03-26,229.8,230,229,229,7236
UPPER,1min,1774503774,2026-03-26 11:27,2026-03-26,229,229,228,228,7219
UPPER,1min,1774503821,2026-03-26 11:28,2026-03-26,228,228,227.5,227.5,5374
UPPER,1min,1774503883,2026-03-26 11:29,2026-03-26,227.5,227.5,227,227,3336
UPPER,1min,1774503952,2026-03-26 11:30,2026-03-26,227,228,227,228,1400
UPPER,1min,1774504016,2026-03-26 11:31,2026-03-26,228,228,227,228,2236
UPPER,1min,1774504079,2026-03-26 11:32,2026-03-26,228,228,227,227,2150
UPPER,1min,1774504129,2026-03-26 11:33,2026-03-26,227,227,227,227,7296
UPPER,1min,1774504188,2026-03-26 11:34,2026-03-26,227,227,227,227,2187
UPPER,1min,1774504228,2026-03-26 11:35,2026-03-26,227,227,227,227,40
UPPER,1min,1774504298,2026-03-26 11:36,2026-03-26,227,227.5,227,227,986
UPPER,1min,1774504355,2026-03-26 11:37,2026-03-26,227,227.8,227,227.8,122
UPPER,1min,1774504427,2026-03-26 11:38,2026-03-26,227.8,227.8,227,227,2036
UPPER,1min,1774504492,2026-03-26 11:39,2026-03-26,227,227.8,226.8,226.8,413
UPPER,1min,1774504556,2026-03-26 11:40,2026-03-26,226.8,227,226.8,227,1450
UPPER,1min,1774504614,2026-03-26 11:41,2026-03-26,227,228,226.7,226.7,5175
UPPER,1min,1774504676,2026-03-26 11:42,2026-03-26,226.7,227,226.5,227,1850
UPPER,1min,1774504724,2026-03-26 11:43,2026-03-26,227,227.5,226.2,227.5,2330
UPPER,1min,1774504764,2026-03-26 11:44,2026-03-26,227.5,227.5,226.7,226.7,225
UPPER,1min,1774504832,2026-03-26 11:45,2026-03-26,226.7,227,226.7,227,120
UPPER,1min,1774504914,2026-03-26 11:46,2026-03-26,227,227,226.5,227,2721
UPPER,1min,1774504976,2026-03-26 11:47,2026-03-26,227,229,227,227,5570
UPPER,1min,1774504988,2026-03-26 11:48,2026-03-26,227,227,227,227,440
UPPER,1min,1774505089,2026-03-26 11:49,2026-03-26,227,227,227,227,1630
UPPER,1min,1774505147,2026-03-26 11:50,2026-03-26,227,228,227,227,2169
UPPER,1min,1774505208,2026-03-26 11:51,2026-03-26,227,227,226.6,227,440
UPPER,1min,1774505271,2026-03-26 11:52,2026-03-26,227,227,227,227,429
UPPER,1min,1774505335,2026-03-26 11:53,2026-03-26,227,227,226.8,227,6784
UPPER,1min,1774505379,2026-03-26 11:54,2026-03-26,227,228,227,228,2510
UPPER,1min,1774505458,2026-03-26 11:55,2026-03-26,228,228,228,228,2647
UPPER,1min,1774505494,2026-03-26 11:56,2026-03-26,228,228.1,228,228.1,250
UPPER,1min,1774505565,2026-03-26 11:57,2026-03-26,228.1,229,228.1,229,500
UPPER,1min,1774505621,2026-03-26 11:58,2026-03-26,229,229,229,229,1000
UPPER,1min,1774505679,2026-03-26 11:59,2026-03-26,229,229,228.1,228.1,533
UPPER,1min,1774505722,2026-03-26 12:00,2026-03-26,228.1,228.5,228,228,1175
UPPER,1min,1774505809,2026-03-26 12:01,2026-03-26,228,228.2,228,228.2,235
UPPER,1min,1774505866,2026-03-26 12:02,2026-03-26,228.2,228.4,228,228,2724
UPPER,1min,1774505915,2026-03-26 12:03,2026-03-26,228,228.5,228,228.5,1261
UPPER,1min,1774505942,2026-03-26 12:04,2026-03-26,228.5,228.5,228,228,0
UPPER,1min,1774506077,2026-03-26 12:06,2026-03-26,228,228,228,228,199
UPPER,1min,1774506177,2026-03-26 12:07,2026-03-26,228,228,227.5,227.5,546
UPPER,1min,1774506187,2026-03-26 12:08,2026-03-26,227.5,227.5,227,227,0
UPPER,1min,1774506298,2026-03-26 12:09,2026-03-26,227,227.1,227,227.1,3900
UPPER,1min,1774506357,2026-03-26 12:10,2026-03-26,227.1,227.8,227,227.8,250
UPPER,1min,1774506410,2026-03-26 12:11,2026-03-26,227.8,227.8,227.8,227.8,1320
UPPER,1min,1774506452,2026-03-26 12:12,2026-03-26,227.8,227.8,227,227.8,725
UPPER,1min,1774506524,2026-03-26 12:13,2026-03-26,227.8,227.8,227.1,227.1,115
UPPER,1min,1774506564,2026-03-26 12:14,2026-03-26,227.1,227.8,227,227.8,2500
UPPER,1min,1774506633,2026-03-26 12:15,2026-03-26,227.8,227.8,227,227.8,1324
UPPER,1min,1774506705,2026-03-26 12:16,2026-03-26,227.8,227.8,227.7,227.7,170
UPPER,1min,1774506771,2026-03-26 12:17,2026-03-26,227.7,227.7,227.1,227.1,280
UPPER,1min,1774506825,2026-03-26 12:18,2026-03-26,227.1,227.6,227.1,227.2,111
UPPER,1min,1774506893,2026-03-26 12:19,2026-03-26,227.2,227.5,227.1,227.3,1210
UPPER,1min,1774506904,2026-03-26 12:20,2026-03-26,227.3,227.3,227.3,227.3,0
UPPER,1min,1774507012,2026-03-26 12:21,2026-03-26,227.3,227.5,227.1,227.2,1920
UPPER,1min,1774507071,2026-03-26 12:22,2026-03-26,227.2,227.5,227.2,227.5,0
UPPER,1min,1774507126,2026-03-26 12:23,2026-03-26,227.5,227.5,227.5,227.5,820
UPPER,1min,1774507183,2026-03-26 12:24,2026-03-26,227.5,227.5,227.1,227.1,300
UPPER,1min,1774507258,2026-03-26 12:25,2026-03-26,227.1,227.9,227.1,227.9,2685
UPPER,1min,1774507319,2026-03-26 12:26,2026-03-26,227.9,227.9,227.5,227.5,67
UPPER,1min,1774507367,2026-03-26 12:27,2026-03-26,227.5,227.9,227.5,227.9,650
UPPER,1min,1774507432,2026-03-26 12:28,2026-03-26,227.9,227.9,227.5,227.9,384
UPPER,1min,1774507498,2026-03-26 12:29,2026-03-26,227.9,227.9,227.8,227.8,365
UPPER,1min,1774507604,2026-03-26 12:31,2026-03-26,227.8,227.8,227.5,227.5,1265
UPPER,1min,1774507669,2026-03-26 12:32,2026-03-26,227.5,227.5,227.2,227.2,1850
UPPER,1min,1774507724,2026-03-26 12:33,2026-03-26,227.2,227.8,227.1,227.1,960
UPPER,1min,1774507776,2026-03-26 12:34,2026-03-26,227.1,227.8,227.1,227.8,380
UPPER,1min,1774507829,2026-03-26 12:35,2026-03-26,227.8,227.8,227.5,227.5,57
UPPER,1min,1774507895,2026-03-26 12:36,2026-03-26,227.5,227.5,227.5,227.5,100
UPPER,1min,1774508015,2026-03-26 12:38,2026-03-26,227.5,227.5,227.5,227.5,1985
UPPER,1min,1774508074,2026-03-26 12:39,2026-03-26,227.5,227.6,227.5,227.6,1735
UPPER,1min,1774508150,2026-03-26 12:40,2026-03-26,227.6,227.8,227.6,227.6,1570
UPPER,1min,1774508177,2026-03-26 12:41,2026-03-26,227.6,227.7,227.5,227.7,820
UPPER,1min,1774508273,2026-03-26 12:42,2026-03-26,227.7,227.7,227.3,227.5,1460
UPPER,1min,1774508335,2026-03-26 12:43,2026-03-26,227.5,227.5,227.5,227.5,313
UPPER,1min,1774508368,2026-03-26 12:44,2026-03-26,227.5,227.7,227.5,227.7,669
UPPER,1min,1774508458,2026-03-26 12:45,2026-03-26,227.7,228,227.7,228,8609
UPPER,1min,1774508512,2026-03-26 12:46,2026-03-26,228,228,228,228,44
UPPER,1min,1774508565,2026-03-26 12:47,2026-03-26,228,228.5,228,228.5,1867
UPPER,1min,1774508635,2026-03-26 12:48,2026-03-26,228.5,228.5,228.5,228.5,190
UPPER,1min,1774508698,2026-03-26 12:49,2026-03-26,228.5,228.5,228,228,2877
UPPER,1min,1774508755,2026-03-26 12:50,2026-03-26,228,228,228,228,50
UPPER,1min,1774508818,2026-03-26 12:51,2026-03-26,228,228,228,228,1153
UPPER,1min,1774508874,2026-03-26 12:52,2026-03-26,228,228,228,228,10
UPPER,1min,1774508931,2026-03-26 12:53,2026-03-26,228,228.5,228,228.5,108
UPPER,1min,1774508992,2026-03-26 12:54,2026-03-26,228.5,228.8,228.5,228.8,700
UPPER,1min,1774509041,2026-03-26 12:55,2026-03-26,228.8,228.8,228.8,228.8,690
UPPER,1min,1774509118,2026-03-26 12:56,2026-03-26,228.8,228.9,228.5,228.9,807
UPPER,1min,1774509176,2026-03-26 12:57,2026-03-26,228.9,229,228.8,229,150
UPPER,1min,1774509221,2026-03-26 12:58,2026-03-26,229,229.5,228.9,229.5,5003
UPPER,1min,1774509335,2026-03-26 13:00,2026-03-26,229.5,229.9,229.5,229.9,5556
UPPER,1min,1774509407,2026-03-26 13:01,2026-03-26,229.9,229.9,229.9,229.9,539
UPPER,1min,1774509473,2026-03-26 13:02,2026-03-26,229.9,229.9,229.9,229.9,1270
UPPER,1min,1774509535,2026-03-26 13:03,2026-03-26,229.9,230,229.9,230,1610
UPPER,1min,1774509599,2026-03-26 13:04,2026-03-26,230,230,229.9,230,12473
UPPER,1min,1774509646,2026-03-26 13:05,2026-03-26,230,230.1,230,230.1,70
UPPER,1min,1774509703,2026-03-26 13:06,2026-03-26,230.1,230.5,230.1,230.5,202
UPPER,1min,1774509779,2026-03-26 13:07,2026-03-26,230.5,231,230.5,231,3555
UPPER,1min,1774509830,2026-03-26 13:08,2026-03-26,231,231,230.9,231,786
UPPER,1min,1774509888,2026-03-26 13:09,2026-03-26,231,231,230.5,230.5,571
UPPER,1min,1774509936,2026-03-26 13:10,2026-03-26,230.5,230.9,230.5,230.9,510
UPPER,1min,1774510010,2026-03-26 13:11,2026-03-26,230.9,231,230.6,231,80
UPPER,1min,1774510075,2026-03-26 13:12,2026-03-26,231,231,231,231,1038
UPPER,1min,1774510117,2026-03-26 13:13,2026-03-26,231,231,230.7,231,1519
UPPER,1min,1774510185,2026-03-26 13:14,2026-03-26,231,231,230.8,230.8,216
UPPER,1min,1774510250,2026-03-26 13:15,2026-03-26,230.8,230.8,230.5,230.5,1917
UPPER,1min,1774510296,2026-03-26 13:16,2026-03-26,230.5,231,230,230.8,10250
UPPER,1min,1774510418,2026-03-26 13:18,2026-03-26,230.8,230.8,228.9,228.9,4573
UPPER,1min,1774510459,2026-03-26 13:19,2026-03-26,228.9,230,228.9,229,1496
UPPER,1min,1774510550,2026-03-26 13:20,2026-03-26,229,229,228,228,2130
UPPER,1min,1774510587,2026-03-26 13:21,2026-03-26,228,228.5,228,228.5,509
UPPER,1min,1774510659,2026-03-26 13:22,2026-03-26,228.5,228.5,228.5,228.5,2150
UPPER,1min,1774510752,2026-03-26 13:24,2026-03-26,228.5,228.5,228.5,228.5,40
UPPER,1min,1774510841,2026-03-26 13:25,2026-03-26,228.5,228.9,228.5,228.8,687
UPPER,1min,1774510907,2026-03-26 13:26,2026-03-26,228.8,228.8,228.5,228.5,1991
UPPER,1min,1774510972,2026-03-26 13:27,2026-03-26,228.5,228.5,228.1,228.1,1136
UPPER,1min,1774511025,2026-03-26 13:28,2026-03-26,228.1,228.4,228,228,660
UPPER,1min,1774511087,2026-03-26 13:29,2026-03-26,228,228.1,228,228,641
UPPER,1min,1774511156,2026-03-26 13:30,2026-03-26,228,228.4,228,228.4,108
UPPER,1min,1774511273,2026-03-26 13:32,2026-03-26,228.4,229,228.4,229,510
UPPER,1min,1774511299,2026-03-26 13:33,2026-03-26,229,229,229,229,649
UPPER,1min,1774511372,2026-03-26 13:34,2026-03-26,229,229.8,229,229,370
UPPER,1min,1774511415,2026-03-26 13:35,2026-03-26,229,229.8,229,229.8,4477
UPPER,1min,1774511567,2026-03-26 13:37,2026-03-26,229.8,229.8,229.6,229.6,0
UPPER,1min,1774511625,2026-03-26 13:38,2026-03-26,229.6,229.6,229.6,229.6,740
UPPER,1min,1774511698,2026-03-26 13:39,2026-03-26,229.6,229.6,229.6,229.6,280
UPPER,1min,1774511742,2026-03-26 13:40,2026-03-26,229.6,229.7,229.6,229.7,460
UPPER,1min,1774511788,2026-03-26 13:41,2026-03-26,229.7,229.8,229.7,229.8,65
UPPER,1min,1774511830,2026-03-26 13:42,2026-03-26,229.8,229.8,229.8,229.8,465
UPPER,1min,1774511931,2026-03-26 13:43,2026-03-26,229.8,229.9,229.8,229.9,2520
UPPER,1min,1774511981,2026-03-26 13:44,2026-03-26,229.9,229.9,229.7,229.7,50
UPPER,1min,1774512031,2026-03-26 13:45,2026-03-26,229.7,229.9,229.7,229.7,267
UPPER,1min,1774512111,2026-03-26 13:46,2026-03-26,229.7,229.9,229.7,229.9,5982
UPPER,1min,1774512176,2026-03-26 13:47,2026-03-26,229.9,229.9,229,229,232
UPPER,1min,1774512225,2026-03-26 13:48,2026-03-26,229,229.9,229,229.9,735
UPPER,1min,1774512295,2026-03-26 13:49,2026-03-26,229.9,229.9,229.8,229.8,800
UPPER,1min,1774512333,2026-03-26 13:50,2026-03-26,229.8,229.8,229.8,229.8,1100
UPPER,1min,1774512416,2026-03-26 13:51,2026-03-26,229.8,229.8,229.5,229.8,1075
UPPER,1min,1774512472,2026-03-26 13:52,2026-03-26,229.8,230,229.8,230,2984
UPPER,1min,1774512525,2026-03-26 13:53,2026-03-26,230,230,230,230,540
UPPER,1min,1774512592,2026-03-26 13:54,2026-03-26,230,230,230,230,1140
UPPER,1min,1774512642,2026-03-26 13:55,2026-03-26,230,230,229.9,229.9,1399
UPPER,1min,1774512716,2026-03-26 13:56,2026-03-26,229.9,229.9,229.7,229.9,454
UPPER,1min,1774512766,2026-03-26 13:57,2026-03-26,229.9,230,229.9,230,4300
UPPER,1min,1774512786,2026-03-26 13:58,2026-03-26,230,230,229.8,229.8,1000
UPPER,1min,1774512895,2026-03-26 13:59,2026-03-26,229.8,230,229.8,230,2600
UPPER,1min,1774512938,2026-03-26 14:00,2026-03-26,230,230,230,230,302
UPPER,1min,1774513002,2026-03-26 14:01,2026-03-26,230,230,230,230,714
UPPER,1min,1774513076,2026-03-26 14:02,2026-03-26,230,230.3,230,230.1,464
UPPER,1min,1774513102,2026-03-26 14:03,2026-03-26,230.1,230.4,230.1,230.4,100
UPPER,1min,1774513185,2026-03-26 14:04,2026-03-26,230.4,230.4,230.4,230.4,577
UPPER,1min,1774513249,2026-03-26 14:05,2026-03-26,230.4,230.5,230.4,230.5,112
UPPER,1min,1774513305,2026-03-26 14:06,2026-03-26,230.5,230.5,230,230,1225
UPPER,1min,1774513436,2026-03-26 14:08,2026-03-26,230,230.3,230,230.3,2279
UPPER,1min,1774513493,2026-03-26 14:09,2026-03-26,230.3,230.3,230,230,1340
UPPER,1min,1774513541,2026-03-26 14:10,2026-03-26,230,230,230,230,400
UPPER,1min,1774513618,2026-03-26 14:11,2026-03-26,230,230,230,230,2324
UPPER,1min,1774513650,2026-03-26 14:12,2026-03-26,230,230,230,230,726
UPPER,1min,1774513690,2026-03-26 14:13,2026-03-26,230,230,230,230,900
UPPER,1min,1774513772,2026-03-26 14:14,2026-03-26,230,230,229.9,230,545
UPPER,1min,1774513852,2026-03-26 14:15,2026-03-26,230,230,229.9,229.9,290
UPPER,1min,1774513886,2026-03-26 14:16,2026-03-26,229.9,229.9,229.8,229.8,1190
UPPER,1min,1774513973,2026-03-26 14:17,2026-03-26,229.8,229.9,229.8,229.8,620
UPPER,1min,1774514025,2026-03-26 14:18,2026-03-26,229.8,229.9,229.7,229.9,1480
UPPER,1min,1774514043,2026-03-26 14:19,2026-03-26,229.9,230,229.9,230,740
UPPER,1min,1774514155,2026-03-26 14:20,2026-03-26,230,230,229.1,229.1,3020
UPPER,1min,1774514212,2026-03-26 14:21,2026-03-26,229.1,230,229.1,229.1,158
UPPER,1min,1774514308,2026-03-26 14:23,2026-03-26,229.1,230,229.1,230,0
UPPER,1min,1774514386,2026-03-26 14:24,2026-03-26,230,230,229.4,230,220
UPPER,1min,1774514417,2026-03-26 14:25,2026-03-26,230,230,229.9,229.9,1520
UPPER,1min,1774514506,2026-03-26 14:26,2026-03-26,229.9,229.9,229,229,12471
UPPER,1min,1774514581,2026-03-26 14:28,2026-03-26,229,229.1,229,229.1,50
UPPER,1min,1774514691,2026-03-26 14:29,2026-03-26,229.1,230,229.1,230,1720
UPPER,1min,1774514749,2026-03-26 14:30,2026-03-26,230,230,229.5,229.5,1318
UPPER,1min,1774514789,2026-03-26 14:31,2026-03-26,229.5,230,229.5,230,2000
UPPER,1min,1774514862,2026-03-26 14:32,2026-03-26,230,230,229.5,230,930
UPPER,1min,1774514922,2026-03-26 14:33,2026-03-26,230,230,230,230,1729
UPPER,1min,1774514989,2026-03-26 14:34,2026-03-26,230,230,230,230,13884
UPPER,1min,1774515057,2026-03-26 14:35,2026-03-26,230,230.1,230,230,3719
UPPER,1min,1774515119,2026-03-26 14:36,2026-03-26,230,230.3,230,230.3,2095
UPPER,1min,1774515173,2026-03-26 14:37,2026-03-26,230.3,230.5,230.3,230.5,1000
UPPER,1min,1774515227,2026-03-26 14:38,2026-03-26,230.5,230.5,230.3,230.5,129
UPPER,1min,1774515279,2026-03-26 14:39,2026-03-26,230.5,230.9,230.5,230.9,2255
UPPER,1min,1774515354,2026-03-26 14:40,2026-03-26,230.9,231,230.9,231,3009
UPPER,1min,1774515411,2026-03-26 14:41,2026-03-26,231,231.5,231,231,3300
UPPER,1min,1774515452,2026-03-26 14:42,2026-03-26,231,231.5,231,231.5,219
UPPER,1min,1774515512,2026-03-26 14:43,2026-03-26,231.5,231.9,231.5,231.9,510
UPPER,1min,1774515595,2026-03-26 14:44,2026-03-26,231.9,232,231.9,232,12405
UPPER,1min,1774515634,2026-03-26 14:45,2026-03-26,232,232,231,231,3010
UPPER,1min,1774515717,2026-03-26 14:46,2026-03-26,231,232.6,231,232.6,110
UPPER,1min,1774515758,2026-03-26 14:47,2026-03-26,232.6,232.6,231.8,232.5,20430
UPPER,1min,1774515826,2026-03-26 14:48,2026-03-26,232.5,232.5,232,232.5,289
UPPER,1min,1774515894,2026-03-26 14:49,2026-03-26,232.5,232.6,232.5,232.6,1412
UPPER,1min,1774515956,2026-03-26 14:50,2026-03-26,232.6,232.9,232.6,232.7,9329
UPPER,1min,1774516001,2026-03-26 14:51,2026-03-26,232.7,233,232.7,233,5545
UPPER,1min,1774516067,2026-03-26 14:52,2026-03-26,233,233,233,233,2335
UPPER,1min,1774516137,2026-03-26 14:53,2026-03-26,233,233,233,233,6032
UPPER,1min,1774516198,2026-03-26 14:54,2026-03-26,233,233,232.8,233,7700
UPPER,1min,1774516254,2026-03-26 14:55,2026-03-26,233,233.1,233,233,8746
UPPER,1min,1774516318,2026-03-26 14:56,2026-03-26,233,233,233,233,6542
UPPER,1min,1774516363,2026-03-26 14:57,2026-03-26,233,233.5,233,233.5,1892
UPPER,1min,1774516434,2026-03-26 14:58,2026-03-26,233.5,233.7,233,233.7,19027
UPPER,1min,1774516499,2026-03-26 14:59,2026-03-26,233.7,234,233.5,233.9,25511
UPPER,1min,1774761350,2026-03-29 11:00,2026-03-29,234,237,234,234,3748
UPPER,1min,1774761414,2026-03-29 11:01,2026-03-29,234,236,232,232,13304
UPPER,1min,1774761477,2026-03-29 11:02,2026-03-29,232,232,228,229,12674
UPPER,1min,1774761531,2026-03-29 11:03,2026-03-29,229,229,228,228,1790
UPPER,1min,1774761580,2026-03-29 11:04,2026-03-29,228,228.5,228,228.5,2728
UPPER,1min,1774761652,2026-03-29 11:05,2026-03-29,228.5,229,228.1,229,7832
UPPER,1min,1774761717,2026-03-29 11:06,2026-03-29,229,232,229,232,4393
UPPER,1min,1774761774,2026-03-29 11:07,2026-03-29,232,232.5,231,232,6437
UPPER,1min,1774761832,2026-03-29 11:08,2026-03-29,232,232,231.9,231.9,4678
UPPER,1min,1774761887,2026-03-29 11:09,2026-03-29,231.9,232,231.2,232,1510
UPPER,1min,1774761958,2026-03-29 11:10,2026-03-29,232,233.5,232,233.5,7826
UPPER,1min,1774762007,2026-03-29 11:11,2026-03-29,233.5,234,233,234,3181
UPPER,1min,1774762059,2026-03-29 11:12,2026-03-29,234,234.6,234,234.6,1856
UPPER,1min,1774762126,2026-03-29 11:13,2026-03-29,234.6,234.6,233,233,15571
UPPER,1min,1774762186,2026-03-29 11:14,2026-03-29,233,233,232,232,1941
UPPER,1min,1774762252,2026-03-29 11:15,2026-03-29,232,232,231,231,6785
UPPER,1min,1774762272,2026-03-29 11:16,2026-03-29,231,231,231,231,1600
UPPER,1min,1774762358,2026-03-29 11:17,2026-03-29,231,231.9,230,230,8790
UPPER,1min,1774762438,2026-03-29 11:18,2026-03-29,230,232,230,232,1270
UPPER,1min,1774762478,2026-03-29 11:19,2026-03-29,232,232,231,231,370
UPPER,1min,1774762553,2026-03-29 11:20,2026-03-29,231,231,230.1,230.1,220
UPPER,1min,1774762612,2026-03-29 11:21,2026-03-29,230.1,231,230,230,5680
UPPER,1min,1774762653,2026-03-29 11:22,2026-03-29,230,230.1,230,230.1,380
UPPER,1min,1774762727,2026-03-29 11:23,2026-03-29,230.1,230.9,230,230,1050
UPPER,1min,1774762783,2026-03-29 11:24,2026-03-29,230,230.1,230,230.1,2510
UPPER,1min,1774762849,2026-03-29 11:25,2026-03-29,230.1,230.9,230,230,3140
UPPER,1min,1774762915,2026-03-29 11:26,2026-03-29,230,230,229.7,230,870
UPPER,1min,1774762959,2026-03-29 11:27,2026-03-29,230,230.5,230,230,1552
UPPER,1min,1774763033,2026-03-29 11:28,2026-03-29,230,230,230,230,1563
UPPER,1min,1774763084,2026-03-29 11:29,2026-03-29,230,231,230,230.5,3100
UPPER,1min,1774763138,2026-03-29 11:30,2026-03-29,230.5,230.5,230,230.1,1175
UPPER,1min,1774763210,2026-03-29 11:31,2026-03-29,230.1,231,230.1,231,295
UPPER,1min,1774763277,2026-03-29 11:32,2026-03-29,231,231,230,230,8665
UPPER,1min,1774763322,2026-03-29 11:33,2026-03-29,230,230.5,230,230.5,300
UPPER,1min,1774763385,2026-03-29 11:34,2026-03-29,230.5,231,230,230,1780
UPPER,1min,1774763450,2026-03-29 11:35,2026-03-29,230,231,230,231,2130
UPPER,1min,1774763508,2026-03-29 11:36,2026-03-29,231,231,231,231,1315
UPPER,1min,1774763576,2026-03-29 11:37,2026-03-29,231,231,230.1,231,248
UPPER,1min,1774763634,2026-03-29 11:38,2026-03-29,231,231,230,230,4125
UPPER,1min,1774763686,2026-03-29 11:39,2026-03-29,230,230,229.5,229.5,2222
UPPER,1min,1774763748,2026-03-29 11:40,2026-03-29,229.5,230,229.5,230,310
UPPER,1min,1774763767,2026-03-29 11:41,2026-03-29,230,230,230,230,20
UPPER,1min,1774763865,2026-03-29 11:42,2026-03-29,230,230,229.5,229.5,3751
UPPER,1min,1774763939,2026-03-29 11:43,2026-03-29,229.5,229.5,229.4,229.5,2049
UPPER,1min,1774763981,2026-03-29 11:44,2026-03-29,229.5,229.5,229.2,229.2,2154
UPPER,1min,1774764058,2026-03-29 11:45,2026-03-29,229.2,229.2,229.1,229.1,1420
UPPER,1min,1774764112,2026-03-29 11:46,2026-03-29,229.1,229.1,229,229,0
UPPER,1min,1774764174,2026-03-29 11:47,2026-03-29,229,229.4,229,229.4,682
UPPER,1min,1774764234,2026-03-29 11:48,2026-03-29,229.4,229.4,229,229.4,606
UPPER,1min,1774764296,2026-03-29 11:49,2026-03-29,229.4,229.4,229,229.4,250
UPPER,1min,1774764346,2026-03-29 11:50,2026-03-29,229.4,229.4,229,229.4,3683
UPPER,1min,1774764408,2026-03-29 11:51,2026-03-29,229.4,229.4,229,229,8000
UPPER,1min,1774764468,2026-03-29 11:52,2026-03-29,229,229.3,229,229,1899
UPPER,1min,1774764537,2026-03-29 11:53,2026-03-29,229,229,228.1,228.1,2583
UPPER,1min,1774764583,2026-03-29 11:54,2026-03-29,228.1,229,228.1,228.1,6595
UPPER,1min,1774764654,2026-03-29 11:55,2026-03-29,228.1,228.2,228.1,228.2,1313
UPPER,1min,1774764719,2026-03-29 11:56,2026-03-29,228.2,228.2,228,228.1,1537
UPPER,1min,1774764772,2026-03-29 11:57,2026-03-29,228.1,228.1,228,228.1,5380
UPPER,1min,1774764818,2026-03-29 11:58,2026-03-29,228.1,228.2,228,228,9388
UPPER,1min,1774764895,2026-03-29 11:59,2026-03-29,228,228.3,227.5,227.5,9475
UPPER,1min,1774764932,2026-03-29 12:00,2026-03-29,227.5,227.5,227.3,227.5,1422
UPPER,1min,1774764981,2026-03-29 12:01,2026-03-29,227.5,228,227,227,610
UPPER,1min,1774765067,2026-03-29 12:02,2026-03-29,227,227.3,227,227,1100
UPPER,1min,1774765133,2026-03-29 12:03,2026-03-29,227,227,227,227,4715
UPPER,1min,1774765198,2026-03-29 12:04,2026-03-29,227,227,226.9,227,977
UPPER,1min,1774765249,2026-03-29 12:05,2026-03-29,227,227,226.2,226.2,9318
UPPER,1min,1774765305,2026-03-29 12:06,2026-03-29,226.2,226.7,226,226.6,3474
UPPER,1min,1774765371,2026-03-29 12:07,2026-03-29,226.6,226.7,226.2,226.7,1225
UPPER,1min,1774765430,2026-03-29 12:08,2026-03-29,226.7,226.7,226,226,11147
UPPER,1min,1774765496,2026-03-29 12:09,2026-03-29,226,227,226,226,10561
UPPER,1min,1774765552,2026-03-29 12:10,2026-03-29,226,226.5,226,226.1,1808
UPPER,1min,1774765615,2026-03-29 12:11,2026-03-29,226.1,227,226.1,227,2501
UPPER,1min,1774765677,2026-03-29 12:12,2026-03-29,227,227,226,226,1730
UPPER,1min,1774765736,2026-03-29 12:13,2026-03-29,226,226,226,226,8180
UPPER,1min,1774765792,2026-03-29 12:14,2026-03-29,226,226.3,226,226,2080
UPPER,1min,1774765846,2026-03-29 12:15,2026-03-29,226,226.1,226,226,3076
UPPER,1min,1774765884,2026-03-29 12:16,2026-03-29,226,227,226,226.1,1994
UPPER,1min,1774765976,2026-03-29 12:17,2026-03-29,226.1,226.1,226,226,4354
UPPER,1min,1774766026,2026-03-29 12:18,2026-03-29,226,226.9,226,226.9,732
UPPER,1min,1774766091,2026-03-29 12:19,2026-03-29,226.9,227,226.9,227,3545
UPPER,1min,1774766147,2026-03-29 12:20,2026-03-29,227,228,227,228,1780
UPPER,1min,1774766206,2026-03-29 12:21,2026-03-29,228,228.1,228,228,2174
UPPER,1min,1774766274,2026-03-29 12:22,2026-03-29,228,229,228,229,2047
UPPER,1min,1774766321,2026-03-29 12:23,2026-03-29,229,229,228,229,4750
UPPER,1min,1774766391,2026-03-29 12:24,2026-03-29,229,229,229,229,1951
UPPER,1min,1774766453,2026-03-29 12:25,2026-03-29,229,229,228.2,229,5604
UPPER,1min,1774766513,2026-03-29 12:26,2026-03-29,229,229.8,229,229.8,4060
UPPER,1min,1774766570,2026-03-29 12:27,2026-03-29,229.8,229.8,229.1,229.6,922
UPPER,1min,1774766638,2026-03-29 12:28,2026-03-29,229.6,229.6,228,228,2733
UPPER,1min,1774766698,2026-03-29 12:29,2026-03-29,228,228,228,228,12907
UPPER,1min,1774766753,2026-03-29 12:30,2026-03-29,228,228.5,228,228,1344
UPPER,1min,1774766805,2026-03-29 12:31,2026-03-29,228,228,227,227,2551
UPPER,1min,1774766874,2026-03-29 12:32,2026-03-29,227,228,227,227.3,644
UPPER,1min,1774766931,2026-03-29 12:33,2026-03-29,227.3,227.3,227,227.3,433
UPPER,1min,1774766997,2026-03-29 12:34,2026-03-29,227.3,228,227.3,228,402
UPPER,1min,1774767059,2026-03-29 12:35,2026-03-29,228,228.2,228,228.2,2419
UPPER,1min,1774767170,2026-03-29 12:37,2026-03-29,228.2,228.2,227,227,1641
UPPER,1min,1774767227,2026-03-29 12:38,2026-03-29,227,228,227,228,1710
UPPER,1min,1774767271,2026-03-29 12:39,2026-03-29,228,228,228,228,210
UPPER,1min,1774767414,2026-03-29 12:41,2026-03-29,228,228,227,227,1468
UPPER,1min,1774767466,2026-03-29 12:42,2026-03-29,227,227,227,227,3699
UPPER,1min,1774767529,2026-03-29 12:43,2026-03-29,227,227.2,227,227.2,1118
UPPER,1min,1774767599,2026-03-29 12:44,2026-03-29,227.2,227.5,227.2,227.2,1474
UPPER,1min,1774767643,2026-03-29 12:45,2026-03-29,227.2,227.5,227.2,227.5,1000
UPPER,1min,1774767717,2026-03-29 12:46,2026-03-29,227.5,227.5,227,227.4,2657
UPPER,1min,1774767773,2026-03-29 12:47,2026-03-29,227.4,227.4,227.2,227.2,158
UPPER,1min,1774767830,2026-03-29 12:48,2026-03-29,227.2,227.2,227,227,1348
UPPER,1min,1774767898,2026-03-29 12:49,2026-03-29,227,227.1,227,227.1,1125
UPPER,1min,1774767939,2026-03-29 12:50,2026-03-29,227.1,227.1,226.5,226.5,2255
UPPER,1min,1774768010,2026-03-29 12:51,2026-03-29,226.5,226.6,226.5,226.6,1164
UPPER,1min,1774768069,2026-03-29 12:52,2026-03-29,226.6,227,226.6,227,1136
UPPER,1min,1774768114,2026-03-29 12:53,2026-03-29,227,227,227,227,110
UPPER,1min,1774768188,2026-03-29 12:54,2026-03-29,227,227,226.7,226.9,613
UPPER,1min,1774768256,2026-03-29 12:55,2026-03-29,226.9,226.9,226.7,226.9,1406
UPPER,1min,1774768318,2026-03-29 12:56,2026-03-29,226.9,226.9,226.7,226.7,1031
UPPER,1min,1774768352,2026-03-29 12:57,2026-03-29,226.7,226.7,226.6,226.6,2419
UPPER,1min,1774768436,2026-03-29 12:58,2026-03-29,226.6,226.7,226.6,226.7,398
UPPER,1min,1774768477,2026-03-29 12:59,2026-03-29,226.7,226.7,226.6,226.6,141
UPPER,1min,1774768550,2026-03-29 13:00,2026-03-29,226.6,227,226.6,226.6,1948
UPPER,1min,1774768572,2026-03-29 13:01,2026-03-29,226.6,226.6,226.1,226.1,5000
UPPER,1min,1774768676,2026-03-29 13:02,2026-03-29,226.1,227,226.1,227,763
UPPER,1min,1774768724,2026-03-29 13:03,2026-03-29,227,227,227,227,1451
UPPER,1min,1774768773,2026-03-29 13:04,2026-03-29,227,227,227,227,10
UPPER,1min,1774768810,2026-03-29 13:05,2026-03-29,227,227.2,227,227.2,450
UPPER,1min,1774768909,2026-03-29 13:06,2026-03-29,227.2,227.2,227,227,430
UPPER,1min,1774768956,2026-03-29 13:07,2026-03-29,227,227,227,227,3500
UPPER,1min,1774769038,2026-03-29 13:08,2026-03-29,227,227.2,226.8,227,1360
UPPER,1min,1774769088,2026-03-29 13:09,2026-03-29,227,227,227,227,683
UPPER,1min,1774769110,2026-03-29 13:10,2026-03-29,227,227,226.8,226.8,317
UPPER,1min,1774769207,2026-03-29 13:11,2026-03-29,226.8,226.8,226.8,226.8,178
UPPER,1min,1774769234,2026-03-29 13:12,2026-03-29,226.8,227,226.8,227,30
UPPER,1min,1774769334,2026-03-29 13:13,2026-03-29,227,227,226.3,226.3,3924
UPPER,1min,1774769369,2026-03-29 13:14,2026-03-29,226.3,226.3,226.3,226.3,0
UPPER,1min,1774769433,2026-03-29 13:15,2026-03-29,226.3,226.3,226.2,226.3,2700
UPPER,1min,1774769499,2026-03-29 13:16,2026-03-29,226.3,226.9,226.3,226.3,380
UPPER,1min,1774769575,2026-03-29 13:17,2026-03-29,226.3,226.9,226.2,226.9,1964
UPPER,1min,1774769586,2026-03-29 13:18,2026-03-29,226.9,226.9,226.9,226.9,137
UPPER,1min,1774769676,2026-03-29 13:19,2026-03-29,226.9,227,226.2,227,908
UPPER,1min,1774769769,2026-03-29 13:21,2026-03-29,227,227,226.6,226.6,20
UPPER,1min,1774769859,2026-03-29 13:22,2026-03-29,226.6,226.6,226.5,226.5,116
UPPER,1min,1774769936,2026-03-29 13:23,2026-03-29,226.5,226.5,226.1,226.1,8786
UPPER,1min,1774769986,2026-03-29 13:24,2026-03-29,226.1,226.5,226,226,4576
UPPER,1min,1774770043,2026-03-29 13:25,2026-03-29,226,226,226,226,2300
UPPER,1min,1774770072,2026-03-29 13:26,2026-03-29,226,226,226,226,3000
UPPER,1min,1774770178,2026-03-29 13:27,2026-03-29,226,226,225.5,225.5,2110
UPPER,1min,1774770231,2026-03-29 13:28,2026-03-29,225.5,225.6,225.5,225.6,1640
UPPER,1min,1774770292,2026-03-29 13:29,2026-03-29,225.6,225.6,225.6,225.6,500
UPPER,1min,1774770342,2026-03-29 13:30,2026-03-29,225.6,225.6,225.5,225.5,525
UPPER,1min,1774770409,2026-03-29 13:31,2026-03-29,225.5,225.8,225,225,7446
UPPER,1min,1774770474,2026-03-29 13:32,2026-03-29,225,225.5,225,225.1,0
UPPER,1min,1774770533,2026-03-29 13:33,2026-03-29,225.1,225.1,225.1,225.1,5467
UPPER,1min,1774770594,2026-03-29 13:34,2026-03-29,225.1,225.1,225,225,1475
UPPER,1min,1774770654,2026-03-29 13:35,2026-03-29,225,225.1,225,225,10360
UPPER,1min,1774770700,2026-03-29 13:36,2026-03-29,225,225,225,225,500
UPPER,1min,1774770770,2026-03-29 13:37,2026-03-29,225,225.1,225,225,3460
UPPER,1min,1774770837,2026-03-29 13:38,2026-03-29,225,225.2,225,225.1,2670
UPPER,1min,1774770893,2026-03-29 13:39,2026-03-29,225.1,225.5,225.1,225.1,2056
UPPER,1min,1774770950,2026-03-29 13:40,2026-03-29,225.1,225.5,225,225.5,2552
UPPER,1min,1774771012,2026-03-29 13:41,2026-03-29,225.5,225.5,225,225,3340
UPPER,1min,1774771066,2026-03-29 13:42,2026-03-29,225,225.4,225,225,2514
UPPER,1min,1774771130,2026-03-29 13:43,2026-03-29,225,225.3,225,225,3560
UPPER,1min,1774771180,2026-03-29 13:44,2026-03-29,225,225,225,225,3610
UPPER,1min,1774771258,2026-03-29 13:45,2026-03-29,225,225,225,225,6677
UPPER,1min,1774771296,2026-03-29 13:46,2026-03-29,225,225,225,225,4272
UPPER,1min,1774771372,2026-03-29 13:47,2026-03-29,225,225,225,225,400
UPPER,1min,1774771435,2026-03-29 13:48,2026-03-29,225,225.1,225,225.1,2882
UPPER,1min,1774771492,2026-03-29 13:49,2026-03-29,225.1,225.1,225.1,225.1,4395
UPPER,1min,1774771549,2026-03-29 13:50,2026-03-29,225.1,225.5,225.1,225.1,2801
UPPER,1min,1774771615,2026-03-29 13:51,2026-03-29,225.1,225.5,225,225.1,2526
UPPER,1min,1774771677,2026-03-29 13:52,2026-03-29,225.1,225.5,225.1,225.5,525
UPPER,1min,1774771727,2026-03-29 13:53,2026-03-29,225.5,225.7,225.5,225.7,1668
UPPER,1min,1774771795,2026-03-29 13:54,2026-03-29,225.7,226,225.7,226,6872
UPPER,1min,1774771841,2026-03-29 13:55,2026-03-29,226,226.5,226,226.5,1818
UPPER,1min,1774771912,2026-03-29 13:56,2026-03-29,226.5,226.6,226.5,226.6,1080
UPPER,1min,1774771971,2026-03-29 13:57,2026-03-29,226.6,227,226.6,227,4900
UPPER,1min,1774772039,2026-03-29 13:58,2026-03-29,227,227,226.8,226.9,1665
UPPER,1min,1774772088,2026-03-29 13:59,2026-03-29,226.9,226.9,226.7,226.7,1735
UPPER,1min,1774772152,2026-03-29 14:00,2026-03-29,226.7,226.8,226.6,226.8,15109
UPPER,1min,1774772217,2026-03-29 14:01,2026-03-29,226.8,226.8,226.5,226.7,1314
UPPER,1min,1774772275,2026-03-29 14:02,2026-03-29,226.7,226.8,226.5,226.8,2384
UPPER,1min,1774772323,2026-03-29 14:03,2026-03-29,226.8,227,226.8,227,3965
UPPER,1min,1774772381,2026-03-29 14:04,2026-03-29,227,227.2,227,227.2,0
UPPER,1min,1774772451,2026-03-29 14:05,2026-03-29,227.2,227.6,227.2,227.6,1720
UPPER,1min,1774772509,2026-03-29 14:06,2026-03-29,227.6,228,227.6,228,890
UPPER,1min,1774772575,2026-03-29 14:07,2026-03-29,228,228,228,228,464
UPPER,1min,1774772635,2026-03-29 14:08,2026-03-29,228,228,227,227,4620
UPPER,1min,1774772662,2026-03-29 14:09,2026-03-29,227,227,226,227,11050
UPPER,1min,1774772756,2026-03-29 14:10,2026-03-29,227,227,226,226,16293
UPPER,1min,1774772816,2026-03-29 14:11,2026-03-29,226,226,225,226,15430
UPPER,1min,1774772871,2026-03-29 14:12,2026-03-29,226,226,225,225,6700
UPPER,1min,1774772927,2026-03-29 14:13,2026-03-29,225,226,225,226,2425
UPPER,1min,1774772995,2026-03-29 14:14,2026-03-29,226,226,225.1,225.1,2300
UPPER,1min,1774773028,2026-03-29 14:15,2026-03-29,225.1,225.9,225.1,225.9,591
UPPER,1min,1774773117,2026-03-29 14:16,2026-03-29,225.9,226,225,225,3953
UPPER,1min,1774773168,2026-03-29 14:17,2026-03-29,225,225,225,225,2356
UPPER,1min,1774773216,2026-03-29 14:18,2026-03-29,225,225.8,225,225,6327
UPPER,1min,1774773295,2026-03-29 14:19,2026-03-29,225,225,224.8,224.8,3197
UPPER,1min,1774773355,2026-03-29 14:20,2026-03-29,224.8,224.8,224.8,224.8,151
UPPER,1min,1774773416,2026-03-29 14:21,2026-03-29,224.8,224.8,224.5,224.5,1300
UPPER,1min,1774773478,2026-03-29 14:22,2026-03-29,224.5,224.6,224.5,224.5,2837
UPPER,1min,1774773538,2026-03-29 14:23,2026-03-29,224.5,224.5,224.2,224.2,1200
UPPER,1min,1774773595,2026-03-29 14:24,2026-03-29,224.2,224.2,224,224,200
UPPER,1min,1774773658,2026-03-29 14:25,2026-03-29,224,224.1,224,224,11698
UPPER,1min,1774773683,2026-03-29 14:26,2026-03-29,224,224.1,224,224,3622
UPPER,1min,1774773776,2026-03-29 14:27,2026-03-29,224,224.2,224,224.2,7054
UPPER,1min,1774773813,2026-03-29 14:28,2026-03-29,224.2,224.2,224.1,224.1,1700
UPPER,1min,1774773884,2026-03-29 14:29,2026-03-29,224.1,224.2,224,224,2411
UPPER,1min,1774773945,2026-03-29 14:30,2026-03-29,224,224,223.6,223.6,3890
UPPER,1min,1774774019,2026-03-29 14:31,2026-03-29,223.6,224,223,223,14243
UPPER,1min,1774774076,2026-03-29 14:32,2026-03-29,223,223.6,223,223,4831
UPPER,1min,1774774130,2026-03-29 14:33,2026-03-29,223,223,223,223,31500
UPPER,1min,1774774189,2026-03-29 14:34,2026-03-29,223,223,222.6,222.6,2998
UPPER,1min,1774774256,2026-03-29 14:35,2026-03-29,222.6,222.6,221.8,221.8,5168
UPPER,1min,1774774318,2026-03-29 14:36,2026-03-29,221.8,222,221.8,221.9,5755
UPPER,1min,1774774373,2026-03-29 14:37,2026-03-29,221.9,221.9,221.1,221.1,9603
UPPER,1min,1774774437,2026-03-29 14:38,2026-03-29,221.1,221.7,221,221,2835
UPPER,1min,1774774499,2026-03-29 14:39,2026-03-29,221,221.9,221,221.4,3110
UPPER,1min,1774774557,2026-03-29 14:40,2026-03-29,221.4,221.4,221.2,221.4,2810
UPPER,1min,1774774617,2026-03-29 14:41,2026-03-29,221.4,221.4,221,221.1,12698
UPPER,1min,1774774673,2026-03-29 14:42,2026-03-29,221.1,221.4,221,221.1,3043
UPPER,1min,1774774739,2026-03-29 14:43,2026-03-29,221.1,221.4,221,221.2,4000
UPPER,1min,1774774789,2026-03-29 14:44,2026-03-29,221.2,221.2,220.5,221,15592
UPPER,1min,1774774853,2026-03-29 14:45,2026-03-29,221,221.4,221,221.4,3816
UPPER,1min,1774774911,2026-03-29 14:46,2026-03-29,221.4,222,221.4,222,18343
UPPER,1min,1774774965,2026-03-29 14:47,2026-03-29,222,222,221.9,222,4118
UPPER,1min,1774775037,2026-03-29 14:48,2026-03-29,222,222.5,222,222.3,4855
UPPER,1min,1774775094,2026-03-29 14:49,2026-03-29,222.3,223,222.3,223,1328
UPPER,1min,1774775152,2026-03-29 14:50,2026-03-29,223,223,223,223,4065
UPPER,1min,1774775217,2026-03-29 14:51,2026-03-29,223,223,223,223,1348
UPPER,1min,1774775255,2026-03-29 14:52,2026-03-29,223,223,223,223,3860
UPPER,1min,1774775332,2026-03-29 14:53,2026-03-29,223,224,223,223,4518
UPPER,1min,1774775398,2026-03-29 14:54,2026-03-29,223,223,222,223,33655
UPPER,1min,1774775456,2026-03-29 14:55,2026-03-29,223,223,221,221,6736
UPPER,1min,1774775513,2026-03-29 14:56,2026-03-29,221,223,221,222,0
UPPER,1min,1774775571,2026-03-29 14:57,2026-03-29,222,223,222,223,49036
UPPER,1min,1774775631,2026-03-29 14:58,2026-03-29,223,223.9,222,223,15077
UPPER,1min,1774775699,2026-03-29 14:59,2026-03-29,223,223.7,222,223,14219
UPPER,1min,1774847723,2026-03-30 11:00,2026-03-30,227.4,227.4,227.4,227.4,73
UPPER,1min,1774847816,2026-03-30 11:01,2026-03-30,227.4,227.4,219.9,219.9,3167
UPPER,1min,1774847872,2026-03-30 11:02,2026-03-30,219.9,220.1,219.9,220.1,500
UPPER,1min,1774847939,2026-03-30 11:03,2026-03-30,220.1,223,220.1,222,2585
UPPER,1min,1774847985,2026-03-30 11:04,2026-03-30,222,222,220.1,220.1,500
UPPER,1min,1774848051,2026-03-30 11:05,2026-03-30,220.1,220.1,218.6,219.9,5847
UPPER,1min,1774848106,2026-03-30 11:06,2026-03-30,219.9,219.9,218.7,218.8,1980
UPPER,1min,1774848170,2026-03-30 11:07,2026-03-30,218.8,219,218.1,219,5910
UPPER,1min,1774848217,2026-03-30 11:08,2026-03-30,219,219,218.1,218.8,1490
UPPER,1min,1774848289,2026-03-30 11:09,2026-03-30,218.8,218.8,218.1,218.2,1800
UPPER,1min,1774848356,2026-03-30 11:10,2026-03-30,218.2,218.3,218,218,5298
UPPER,1min,1774848407,2026-03-30 11:11,2026-03-30,218,218.5,217.8,217.8,4305
UPPER,1min,1774848460,2026-03-30 11:12,2026-03-30,217.8,218,217.1,217.1,6465
UPPER,1min,1774848529,2026-03-30 11:13,2026-03-30,217.1,217.5,217.1,217.5,960
UPPER,1min,1774848597,2026-03-30 11:14,2026-03-30,217.5,218.9,217.5,218.5,8033
UPPER,1min,1774848643,2026-03-30 11:15,2026-03-30,218.5,219,218.5,219,5646
UPPER,1min,1774848718,2026-03-30 11:16,2026-03-30,219,220,219,220,5912
UPPER,1min,1774848772,2026-03-30 11:17,2026-03-30,220,221,219.9,221,12705
UPPER,1min,1774848827,2026-03-30 11:18,2026-03-30,221,222,220,220,4659
UPPER,1min,1774848898,2026-03-30 11:19,2026-03-30,220,222,220,222,600
UPPER,1min,1774848955,2026-03-30 11:20,2026-03-30,222,222.9,222,222.9,3330
UPPER,1min,1774849009,2026-03-30 11:21,2026-03-30,222.9,223,222.9,223,230
UPPER,1min,1774849074,2026-03-30 11:22,2026-03-30,223,225,223,225,7705
UPPER,1min,1774849125,2026-03-30 11:23,2026-03-30,225,226.4,224,226.4,7533
UPPER,1min,1774849177,2026-03-30 11:24,2026-03-30,226.4,226.4,226,226.4,1027
UPPER,1min,1774849254,2026-03-30 11:25,2026-03-30,226.4,227.3,226.4,227.3,12454
UPPER,1min,1774849302,2026-03-30 11:26,2026-03-30,227.3,227.3,226,226,2395
UPPER,1min,1774849371,2026-03-30 11:27,2026-03-30,226,226.7,223.1,223.1,3550
UPPER,1min,1774849419,2026-03-30 11:28,2026-03-30,223.1,224,223.1,224,2510
UPPER,1min,1774849487,2026-03-30 11:29,2026-03-30,224,224,223,223,9478
UPPER,1min,1774849551,2026-03-30 11:30,2026-03-30,223,223,222.5,222.5,9523
UPPER,1min,1774849607,2026-03-30 11:31,2026-03-30,222.5,222.5,222,222,3298
UPPER,1min,1774849643,2026-03-30 11:32,2026-03-30,222,222,221.9,222,810
UPPER,1min,1774849735,2026-03-30 11:33,2026-03-30,222,222,220,220,4772
UPPER,1min,1774849797,2026-03-30 11:34,2026-03-30,220,220,220,220,302
UPPER,1min,1774849851,2026-03-30 11:35,2026-03-30,220,220,219.8,219.8,241
UPPER,1min,1774849913,2026-03-30 11:36,2026-03-30,219.8,219.8,219.8,219.8,25
UPPER,1min,1774849976,2026-03-30 11:37,2026-03-30,219.8,220,219.8,219.8,362
UPPER,1min,1774850021,2026-03-30 11:38,2026-03-30,219.8,220,219.1,220,2145
UPPER,1min,1774850071,2026-03-30 11:39,2026-03-30,220,220,219.1,220,109
UPPER,1min,1774850151,2026-03-30 11:40,2026-03-30,220,220,220,220,1424
UPPER,1min,1774850203,2026-03-30 11:41,2026-03-30,220,220,219.2,220,240
UPPER,1min,1774850272,2026-03-30 11:42,2026-03-30,220,220,219.2,220,1498
UPPER,1min,1774850330,2026-03-30 11:43,2026-03-30,220,220,220,220,515
UPPER,1min,1774850399,2026-03-30 11:44,2026-03-30,220,220,219.5,220,2425
UPPER,1min,1774850437,2026-03-30 11:45,2026-03-30,220,220,219.5,219.5,755
UPPER,1min,1774850512,2026-03-30 11:46,2026-03-30,219.5,220,219.5,220,310
UPPER,1min,1774850555,2026-03-30 11:47,2026-03-30,220,220,220,220,4114
UPPER,1min,1774850616,2026-03-30 11:48,2026-03-30,220,220,220,220,545
UPPER,1min,1774850696,2026-03-30 11:49,2026-03-30,220,220.5,220,220.3,885
UPPER,1min,1774850744,2026-03-30 11:50,2026-03-30,220.3,221,220.3,220.5,2865
UPPER,1min,1774850817,2026-03-30 11:51,2026-03-30,220.5,223,220.5,223,2783
UPPER,1min,1774850859,2026-03-30 11:52,2026-03-30,223,223,222,222,606
UPPER,1min,1774850992,2026-03-30 11:54,2026-03-30,222,222,222,222,835
UPPER,1min,1774851053,2026-03-30 11:55,2026-03-30,222,222,222,222,1881
UPPER,1min,1774851106,2026-03-30 11:56,2026-03-30,222,223,222,222.5,1740
UPPER,1min,1774851165,2026-03-30 11:57,2026-03-30,222.5,222.5,222,222,60
UPPER,1min,1774851234,2026-03-30 11:58,2026-03-30,222,223,221,223,4365
UPPER,1min,1774851295,2026-03-30 11:59,2026-03-30,223,223,222.1,223,1136
UPPER,1min,1774851352,2026-03-30 12:00,2026-03-30,223,224,223,224,1517
UPPER,1min,1774851414,2026-03-30 12:01,2026-03-30,224,224,222.1,224,544
UPPER,1min,1774851472,2026-03-30 12:02,2026-03-30,224,224,224,224,900
UPPER,1min,1774851538,2026-03-30 12:03,2026-03-30,224,224,224,224,150
UPPER,1min,1774851599,2026-03-30 12:04,2026-03-30,224,224,223,224,3010
UPPER,1min,1774851622,2026-03-30 12:05,2026-03-30,224,224,224,224,1010
UPPER,1min,1774851717,2026-03-30 12:06,2026-03-30,224,224,223,224,676
UPPER,1min,1774851765,2026-03-30 12:07,2026-03-30,224,224,223.5,224,1030
UPPER,1min,1774851800,2026-03-30 12:08,2026-03-30,224,224,223,223,20
UPPER,1min,1774851891,2026-03-30 12:09,2026-03-30,223,224,223,224,348
UPPER,1min,1774851959,2026-03-30 12:10,2026-03-30,224,224,224,224,2036
UPPER,1min,1774851981,2026-03-30 12:11,2026-03-30,224,224,224,224,245
UPPER,1min,1774852129,2026-03-30 12:13,2026-03-30,224,224,224,224,204
UPPER,1min,1774852195,2026-03-30 12:14,2026-03-30,224,224,223.9,224,990
UPPER,1min,1774852245,2026-03-30 12:15,2026-03-30,224,224,223.9,223.9,616
UPPER,1min,1774852304,2026-03-30 12:16,2026-03-30,223.9,224,223.9,224,500
UPPER,1min,1774852351,2026-03-30 12:17,2026-03-30,224,224,224,224,4062
UPPER,1min,1774852430,2026-03-30 12:18,2026-03-30,224,224.1,224,224.1,847
UPPER,1min,1774852499,2026-03-30 12:19,2026-03-30,224.1,224.2,224.1,224.2,2170
UPPER,1min,1774852531,2026-03-30 12:20,2026-03-30,224.2,225,224.2,225,4000
UPPER,1min,1774852614,2026-03-30 12:21,2026-03-30,225,225,224.9,224.9,100
UPPER,1min,1774852674,2026-03-30 12:22,2026-03-30,224.9,224.9,224.1,224.9,2930
UPPER,1min,1774852739,2026-03-30 12:23,2026-03-30,224.9,225,224.9,225,5346
UPPER,1min,1774852794,2026-03-30 12:24,2026-03-30,225,225,225,225,7048
UPPER,1min,1774852842,2026-03-30 12:25,2026-03-30,225,225.5,225,225.5,1847
UPPER,1min,1774852888,2026-03-30 12:26,2026-03-30,225.5,225.9,225.5,225.9,247
UPPER,1min,1774852963,2026-03-30 12:27,2026-03-30,225.9,226,225,226,5213
UPPER,1min,1774853037,2026-03-30 12:28,2026-03-30,226,226.4,226,226.4,2117
UPPER,1min,1774853096,2026-03-30 12:29,2026-03-30,226.4,226.4,225,225,3052
UPPER,1min,1774853146,2026-03-30 12:30,2026-03-30,225,226.4,225,226,500
UPPER,1min,1774853204,2026-03-30 12:31,2026-03-30,226,226,225.1,226,1020
UPPER,1min,1774853264,2026-03-30 12:32,2026-03-30,226,226,226,226,270
UPPER,1min,1774853308,2026-03-30 12:33,2026-03-30,226,226,225.1,225.1,4660
UPPER,1min,1774853390,2026-03-30 12:34,2026-03-30,225.1,225.1,224.9,224.9,5185
UPPER,1min,1774853453,2026-03-30 12:35,2026-03-30,224.9,224.9,223.9,223.9,7945
UPPER,1min,1774853514,2026-03-30 12:36,2026-03-30,223.9,223.9,223.5,223.9,3910
UPPER,1min,1774853575,2026-03-30 12:37,2026-03-30,223.9,224,223.2,223.9,1648
UPPER,1min,1774853634,2026-03-30 12:38,2026-03-30,223.9,224,223.5,223.5,1431
UPPER,1min,1774853694,2026-03-30 12:39,2026-03-30,223.5,223.9,223.5,223.9,429
UPPER,1min,1774853751,2026-03-30 12:40,2026-03-30,223.9,223.9,223,223,8400
UPPER,1min,1774853776,2026-03-30 12:41,2026-03-30,223,223.1,223,223.1,210
UPPER,1min,1774853861,2026-03-30 12:42,2026-03-30,223.1,223.1,222.8,222.8,555
UPPER,1min,1774853985,2026-03-30 12:44,2026-03-30,222.8,223,222,222,8828
UPPER,1min,1774854037,2026-03-30 12:45,2026-03-30,222,222.1,222,222,185
UPPER,1min,1774854103,2026-03-30 12:46,2026-03-30,222,222,221.5,222,553
UPPER,1min,1774854166,2026-03-30 12:47,2026-03-30,222,222,221,221,4365
UPPER,1min,1774854214,2026-03-30 12:48,2026-03-30,221,221,220,220.6,21512
UPPER,1min,1774854270,2026-03-30 12:49,2026-03-30,220.6,222,220.6,222,10
UPPER,1min,1774854344,2026-03-30 12:50,2026-03-30,222,222,222,222,730
UPPER,1min,1774854411,2026-03-30 12:51,2026-03-30,222,223,222,223,2036
UPPER,1min,1774854475,2026-03-30 12:52,2026-03-30,223,223,223,223,2237
UPPER,1min,1774854512,2026-03-30 12:53,2026-03-30,223,223,223,223,10
UPPER,1min,1774854576,2026-03-30 12:54,2026-03-30,223,223,223,223,177
UPPER,1min,1774854650,2026-03-30 12:55,2026-03-30,223,224,223,223,311
UPPER,1min,1774854714,2026-03-30 12:56,2026-03-30,223,224,223,224,1000
UPPER,1min,1774854764,2026-03-30 12:57,2026-03-30,224,224,224,224,561
UPPER,1min,1774854835,2026-03-30 12:58,2026-03-30,224,224,223,223,1207
UPPER,1min,1774854850,2026-03-30 12:59,2026-03-30,223,223,223,223,45
UPPER,1min,1774854947,2026-03-30 13:00,2026-03-30,223,223,223,223,0
UPPER,1min,1774855001,2026-03-30 13:01,2026-03-30,223,223.1,223,223.1,915
UPPER,1min,1774855064,2026-03-30 13:02,2026-03-30,223.1,224,223.1,224,1928
UPPER,1min,1774855131,2026-03-30 13:03,2026-03-30,224,224,224,224,862
UPPER,1min,1774855188,2026-03-30 13:04,2026-03-30,224,224,223.2,223.2,2526
UPPER,1min,1774855245,2026-03-30 13:05,2026-03-30,223.2,223.5,223.2,223.5,340
UPPER,1min,1774855309,2026-03-30 13:06,2026-03-30,223.5,224,223.5,224,108
UPPER,1min,1774855368,2026-03-30 13:07,2026-03-30,224,224,224,224,1060
UPPER,1min,1774855438,2026-03-30 13:08,2026-03-30,224,224,224,224,3620
UPPER,1min,1774855451,2026-03-30 13:09,2026-03-30,224,224,223.3,223.3,68
UPPER,1min,1774855538,2026-03-30 13:10,2026-03-30,223.3,223.3,223.3,223.3,0
UPPER,1min,1774855619,2026-03-30 13:11,2026-03-30,223.3,224,223.3,224,1520
UPPER,1min,1774855665,2026-03-30 13:12,2026-03-30,224,224,223.9,223.9,700
UPPER,1min,1774855687,2026-03-30 13:13,2026-03-30,223.9,223.9,223.5,223.5,0
UPPER,1min,1774855792,2026-03-30 13:14,2026-03-30,223.5,223.8,223,223,1539
UPPER,1min,1774855846,2026-03-30 13:15,2026-03-30,223,223,222,222,7657
UPPER,1min,1774855881,2026-03-30 13:16,2026-03-30,222,222,221.2,221.2,2645
UPPER,1min,1774855941,2026-03-30 13:17,2026-03-30,221.2,222,221.2,222,870
UPPER,1min,1774856004,2026-03-30 13:18,2026-03-30,222,222,222,222,0
UPPER,1min,1774856081,2026-03-30 13:19,2026-03-30,222,222,221.4,222,497
UPPER,1min,1774856214,2026-03-30 13:21,2026-03-30,222,222,221.4,222,60
UPPER,1min,1774856279,2026-03-30 13:22,2026-03-30,222,222,221.3,222,550
UPPER,1min,1774856311,2026-03-30 13:23,2026-03-30,222,222,222,222,450
UPPER,1min,1774856458,2026-03-30 13:25,2026-03-30,222,222,221.4,221.4,1050
UPPER,1min,1774856505,2026-03-30 13:26,2026-03-30,221.4,222,221.4,222,72
UPPER,1min,1774856578,2026-03-30 13:27,2026-03-30,222,222,221.3,221.9,210
UPPER,1min,1774856669,2026-03-30 13:29,2026-03-30,221.9,221.9,221.3,221.3,175
UPPER,1min,1774856758,2026-03-30 13:30,2026-03-30,221.3,222,221.3,221.3,734
UPPER,1min,1774856819,2026-03-30 13:31,2026-03-30,221.3,221.3,221,221,5375
UPPER,1min,1774856871,2026-03-30 13:32,2026-03-30,221,221,220.9,220.9,50
UPPER,1min,1774856934,2026-03-30 13:33,2026-03-30,220.9,220.9,220.9,220.9,2025
UPPER,1min,1774856997,2026-03-30 13:34,2026-03-30,220.9,220.9,220.6,220.7,955
UPPER,1min,1774857097,2026-03-30 13:36,2026-03-30,220.7,220.7,220.7,220.7,2300
UPPER,1min,1774857171,2026-03-30 13:37,2026-03-30,220.7,220.7,220,220,3514
UPPER,1min,1774857236,2026-03-30 13:38,2026-03-30,220,220.3,220,220.3,250
UPPER,1min,1774857295,2026-03-30 13:39,2026-03-30,220.3,220.3,220,220.1,2596
UPPER,1min,1774857338,2026-03-30 13:40,2026-03-30,220.1,220.7,220.1,220.7,1131
UPPER,1min,1774857416,2026-03-30 13:41,2026-03-30,220.7,220.7,220.3,220.3,390
UPPER,1min,1774857476,2026-03-30 13:42,2026-03-30,220.3,220.3,220.3,220.3,72
UPPER,1min,1774857592,2026-03-30 13:44,2026-03-30,220.3,220.5,220.2,220.5,2102
UPPER,1min,1774857695,2026-03-30 13:46,2026-03-30,220.5,221,220.5,221,42
UPPER,1min,1774857721,2026-03-30 13:47,2026-03-30,221,221,220,220,3925
UPPER,1min,1774857797,2026-03-30 13:48,2026-03-30,220,220,220,220,500
UPPER,1min,1774857899,2026-03-30 13:49,2026-03-30,220,220,220,220,7886
UPPER,1min,1774857945,2026-03-30 13:50,2026-03-30,220,220.6,220,220,1520
UPPER,1min,1774858014,2026-03-30 13:51,2026-03-30,220,220.6,220,220,1220
UPPER,1min,1774858045,2026-03-30 13:52,2026-03-30,220,220,220,220,500
UPPER,1min,1774858121,2026-03-30 13:53,2026-03-30,220,220,220,220,1266
UPPER,1min,1774858188,2026-03-30 13:54,2026-03-30,220,220,219.7,219.7,1694
UPPER,1min,1774858245,2026-03-30 13:55,2026-03-30,219.7,219.7,219.7,219.7,660
UPPER,1min,1774858296,2026-03-30 13:56,2026-03-30,219.7,220,219.5,219.5,2205
UPPER,1min,1774858370,2026-03-30 13:57,2026-03-30,219.5,219.5,219.5,219.5,403
UPPER,1min,1774858495,2026-03-30 13:59,2026-03-30,219.5,219.6,219,219.5,6240
UPPER,1min,1774858533,2026-03-30 14:00,2026-03-30,219.5,219.5,219,219,3500
UPPER,1min,1774858612,2026-03-30 14:01,2026-03-30,219,219,218.7,218.7,4932
UPPER,1min,1774858672,2026-03-30 14:02,2026-03-30,218.7,218.9,218.6,218.9,815
UPPER,1min,1774858729,2026-03-30 14:03,2026-03-30,218.9,218.9,218.5,218.5,3943
UPPER,1min,1774858781,2026-03-30 14:04,2026-03-30,218.5,218.5,218.4,218.4,380
UPPER,1min,1774858854,2026-03-30 14:05,2026-03-30,218.4,218.4,218.1,218.1,600
UPPER,1min,1774858914,2026-03-30 14:06,2026-03-30,218.1,218.1,218,218,7608
UPPER,1min,1774858969,2026-03-30 14:07,2026-03-30,218,218.2,218,218.1,921
UPPER,1min,1774859037,2026-03-30 14:08,2026-03-30,218.1,218.1,218,218.1,20848
UPPER,1min,1774859092,2026-03-30 14:09,2026-03-30,218.1,218.1,217.9,217.9,1658
UPPER,1min,1774859155,2026-03-30 14:10,2026-03-30,217.9,218,217.9,218,1473
UPPER,1min,1774859203,2026-03-30 14:11,2026-03-30,218,218,217.9,217.9,1554
UPPER,1min,1774859275,2026-03-30 14:12,2026-03-30,217.9,218,217.6,217.6,3150
UPPER,1min,1774859335,2026-03-30 14:13,2026-03-30,217.6,217.8,217.6,217.6,2831
UPPER,1min,1774859373,2026-03-30 14:14,2026-03-30,217.6,217.8,217.1,217.1,3347
UPPER,1min,1774859455,2026-03-30 14:15,2026-03-30,217.1,217.1,217,217,10266
UPPER,1min,1774859515,2026-03-30 14:16,2026-03-30,217,217,216.5,216.5,11287
UPPER,1min,1774859578,2026-03-30 14:17,2026-03-30,216.5,216.5,216.2,216.2,1889
UPPER,1min,1774859637,2026-03-30 14:18,2026-03-30,216.2,216.2,216.1,216.2,1247
UPPER,1min,1774859687,2026-03-30 14:19,2026-03-30,216.2,216.2,216,216,4973
UPPER,1min,1774859745,2026-03-30 14:20,2026-03-30,216,216.3,216,216.3,9214
UPPER,1min,1774859818,2026-03-30 14:21,2026-03-30,216.3,216.3,216,216,3926
UPPER,1min,1774859879,2026-03-30 14:22,2026-03-30,216,216.3,216,216,5697
UPPER,1min,1774859930,2026-03-30 14:23,2026-03-30,216,216,216,216,700
UPPER,1min,1774859992,2026-03-30 14:24,2026-03-30,216,216.3,216,216.3,3752
UPPER,1min,1774860042,2026-03-30 14:25,2026-03-30,216.3,216.3,216,216,2290
UPPER,1min,1774860109,2026-03-30 14:26,2026-03-30,216,216.1,216,216.1,1317
UPPER,1min,1774860177,2026-03-30 14:27,2026-03-30,216.1,216.4,216.1,216.4,6450
UPPER,1min,1774860237,2026-03-30 14:28,2026-03-30,216.4,216.8,216.4,216.8,2816
UPPER,1min,1774860276,2026-03-30 14:29,2026-03-30,216.8,216.8,216.5,216.5,296
UPPER,1min,1774860355,2026-03-30 14:30,2026-03-30,216.5,216.5,216.2,216.5,9242
UPPER,1min,1774860419,2026-03-30 14:31,2026-03-30,216.5,216.7,216.2,216.5,4592
UPPER,1min,1774860468,2026-03-30 14:32,2026-03-30,216.5,217,216.5,217,2012
UPPER,1min,1774860521,2026-03-30 14:33,2026-03-30,217,217.1,217,217.1,6381
UPPER,1min,1774860585,2026-03-30 14:34,2026-03-30,217.1,217.1,217,217,2038
UPPER,1min,1774860658,2026-03-30 14:35,2026-03-30,217,217.7,217,217.7,150
UPPER,1min,1774860703,2026-03-30 14:36,2026-03-30,217.7,217.7,217.1,217.5,325
UPPER,1min,1774860774,2026-03-30 14:37,2026-03-30,217.5,217.5,217,217,156
UPPER,1min,1774860820,2026-03-30 14:38,2026-03-30,217,217.1,217,217,5582
UPPER,1min,1774860898,2026-03-30 14:39,2026-03-30,217,217,216.5,216.5,1651
UPPER,1min,1774860952,2026-03-30 14:40,2026-03-30,216.5,216.5,216.5,216.5,910
UPPER,1min,1774861016,2026-03-30 14:41,2026-03-30,216.5,216.7,216.2,216.7,5924
UPPER,1min,1774861073,2026-03-30 14:42,2026-03-30,216.7,216.7,216,216,13764
UPPER,1min,1774861135,2026-03-30 14:43,2026-03-30,216,216.1,216,216.1,9047
UPPER,1min,1774861185,2026-03-30 14:44,2026-03-30,216.1,216.1,216,216,2374
UPPER,1min,1774861251,2026-03-30 14:45,2026-03-30,216,216,215.9,215.9,1830
UPPER,1min,1774861317,2026-03-30 14:46,2026-03-30,215.9,216,215.7,216,9268
UPPER,1min,1774861363,2026-03-30 14:47,2026-03-30,216,216,215.7,215.7,5808
UPPER,1min,1774861425,2026-03-30 14:48,2026-03-30,215.7,215.8,215.5,215.5,12916
UPPER,1min,1774861492,2026-03-30 14:49,2026-03-30,215.5,215.5,215.2,215.2,5167
UPPER,1min,1774861559,2026-03-30 14:50,2026-03-30,215.2,215.5,215.2,215.3,7718
UPPER,1min,1774861605,2026-03-30 14:51,2026-03-30,215.3,215.5,215.1,215.1,1130
UPPER,1min,1774861673,2026-03-30 14:52,2026-03-30,215.1,216,215.1,216,2710
UPPER,1min,1774861738,2026-03-30 14:53,2026-03-30,216,216,215.3,216,15928
UPPER,1min,1774861799,2026-03-30 14:54,2026-03-30,216,216,216,216,4227
UPPER,1min,1774861856,2026-03-30 14:55,2026-03-30,216,216,215.8,216,5302
UPPER,1min,1774861919,2026-03-30 14:56,2026-03-30,216,216.4,216,216,2764
UPPER,1min,1774861968,2026-03-30 14:57,2026-03-30,216,216.9,216,216.5,5564
UPPER,1min,1774862026,2026-03-30 14:58,2026-03-30,216.5,216.9,215.5,215.5,21363
UPPER,1min,1774862099,2026-03-30 14:59,2026-03-30,215.5,216.2,215.1,216,18245
UPPER,1min,1774934155,2026-03-31 11:00,2026-03-31,220.3,220.3,216,216,10
UPPER,1min,1774934201,2026-03-31 11:01,2026-03-31,216,216,212,212,296
UPPER,1min,1774934276,2026-03-31 11:02,2026-03-31,212,215.1,212,215.1,533
UPPER,1min,1774934335,2026-03-31 11:03,2026-03-31,215.1,216,215.1,215.1,1478
UPPER,1min,1774934394,2026-03-31 11:04,2026-03-31,215.1,216,215.1,215.1,1746
UPPER,1min,1774934450,2026-03-31 11:05,2026-03-31,215.1,216,215.1,215.2,1020
UPPER,1min,1774934519,2026-03-31 11:06,2026-03-31,215.2,217,215.1,217,5988
UPPER,1min,1774934558,2026-03-31 11:07,2026-03-31,217,217,217,217,2538
UPPER,1min,1774934627,2026-03-31 11:08,2026-03-31,217,217,217,217,590
UPPER,1min,1774934699,2026-03-31 11:09,2026-03-31,217,218,216,218,4279
UPPER,1min,1774934745,2026-03-31 11:10,2026-03-31,218,218,218,218,4906
UPPER,1min,1774934804,2026-03-31 11:11,2026-03-31,218,218.1,217.9,218.1,2597
UPPER,1min,1774934860,2026-03-31 11:12,2026-03-31,218.1,218.9,218.1,218.9,945
UPPER,1min,1774934936,2026-03-31 11:13,2026-03-31,218.9,220,218.9,220,10242
UPPER,1min,1774934997,2026-03-31 11:14,2026-03-31,220,220,219.1,219.1,11076
UPPER,1min,1774935049,2026-03-31 11:15,2026-03-31,219.1,220,219,219,5981
UPPER,1min,1774935085,2026-03-31 11:16,2026-03-31,219,219,218,218,1027
UPPER,1min,1774935169,2026-03-31 11:17,2026-03-31,218,218,217.2,217.2,5050
UPPER,1min,1774935227,2026-03-31 11:18,2026-03-31,217.2,217.2,216,217,1527
UPPER,1min,1774935269,2026-03-31 11:19,2026-03-31,217,217,216,217,2210
UPPER,1min,1774935356,2026-03-31 11:20,2026-03-31,217,217,216,216,3937
UPPER,1min,1774935409,2026-03-31 11:21,2026-03-31,216,216,215.8,215.8,629
UPPER,1min,1774935459,2026-03-31 11:22,2026-03-31,215.8,216,215.5,215.8,880
UPPER,1min,1774935522,2026-03-31 11:23,2026-03-31,215.8,215.8,215.5,215.8,830
UPPER,1min,1774935592,2026-03-31 11:24,2026-03-31,215.8,216,215.8,216,1760
UPPER,1min,1774935648,2026-03-31 11:25,2026-03-31,216,216,216,216,1308
UPPER,1min,1774935688,2026-03-31 11:26,2026-03-31,216,216.1,216,216.1,20
UPPER,1min,1774935752,2026-03-31 11:27,2026-03-31,216.1,216.1,216,216,1552
UPPER,1min,1774935828,2026-03-31 11:28,2026-03-31,216,217,215.8,216,950
UPPER,1min,1774935899,2026-03-31 11:29,2026-03-31,216,216,215.8,215.8,90
UPPER,1min,1774935949,2026-03-31 11:30,2026-03-31,215.8,216,215.8,216,220
UPPER,1min,1774936018,2026-03-31 11:31,2026-03-31,216,216,215,215,16094
UPPER,1min,1774936073,2026-03-31 11:32,2026-03-31,215,215,214,214,4608
UPPER,1min,1774936137,2026-03-31 11:33,2026-03-31,214,214,213.1,214,4545
UPPER,1min,1774936199,2026-03-31 11:34,2026-03-31,214,214,213,214,1454
UPPER,1min,1774936245,2026-03-31 11:35,2026-03-31,214,214,213.5,213.5,205
UPPER,1min,1774936312,2026-03-31 11:36,2026-03-31,213.5,214,213,213,2400
UPPER,1min,1774936372,2026-03-31 11:37,2026-03-31,213,213.8,213,213.8,4640
UPPER,1min,1774936476,2026-03-31 11:39,2026-03-31,213.8,213.8,213,213,4786
UPPER,1min,1774936538,2026-03-31 11:40,2026-03-31,213,213,212.8,212.8,10562
UPPER,1min,1774936609,2026-03-31 11:41,2026-03-31,212.8,212.8,212.2,212.5,6701
UPPER,1min,1774936679,2026-03-31 11:42,2026-03-31,212.5,212.5,212,212,22639
UPPER,1min,1774936737,2026-03-31 11:43,2026-03-31,212,212.1,212,212.1,6802
UPPER,1min,1774936754,2026-03-31 11:44,2026-03-31,212.1,212.4,212.1,212.4,230
UPPER,1min,1774936834,2026-03-31 11:45,2026-03-31,212.4,212.4,212,212,510
UPPER,1min,1774936908,2026-03-31 11:46,2026-03-31,212,212,211.7,211.7,13007
UPPER,1min,1774936967,2026-03-31 11:47,2026-03-31,211.7,211.9,211.7,211.7,4522
UPPER,1min,1774937023,2026-03-31 11:48,2026-03-31,211.7,211.7,211,211,6551
UPPER,1min,1774937084,2026-03-31 11:49,2026-03-31,211,211,210.1,210.1,2435
UPPER,1min,1774937152,2026-03-31 11:50,2026-03-31,210.1,211,210.1,210.5,5148
UPPER,1min,1774937217,2026-03-31 11:51,2026-03-31,210.5,211,210.5,210.5,2535
UPPER,1min,1774937270,2026-03-31 11:52,2026-03-31,210.5,211,210.5,211,10
UPPER,1min,1774937316,2026-03-31 11:53,2026-03-31,211,211.2,210.8,210.9,7173
UPPER,1min,1774937398,2026-03-31 11:54,2026-03-31,210.9,210.9,210.3,210.3,4554
UPPER,1min,1774937441,2026-03-31 11:55,2026-03-31,210.3,210.9,210,210,11600
UPPER,1min,1774937516,2026-03-31 11:56,2026-03-31,210,210.9,210,210.9,980
UPPER,1min,1774937571,2026-03-31 11:57,2026-03-31,210.9,211,210.2,210.2,6039
UPPER,1min,1774937632,2026-03-31 11:58,2026-03-31,210.2,210.3,210.2,210.2,1980
UPPER,1min,1774937691,2026-03-31 11:59,2026-03-31,210.2,211,210.2,210.9,2411
UPPER,1min,1774937758,2026-03-31 12:00,2026-03-31,210.9,210.9,210.1,210.1,2682
UPPER,1min,1774937801,2026-03-31 12:01,2026-03-31,210.1,210.8,210.1,210.2,1628
UPPER,1min,1774937877,2026-03-31 12:02,2026-03-31,210.2,210.8,210.2,210.3,1513
UPPER,1min,1774937931,2026-03-31 12:03,2026-03-31,210.3,210.5,210.3,210.5,1785
UPPER,1min,1774937988,2026-03-31 12:04,2026-03-31,210.5,210.5,210.1,210.4,4979
UPPER,1min,1774938055,2026-03-31 12:05,2026-03-31,210.4,210.5,210.4,210.5,1017
UPPER,1min,1774938117,2026-03-31 12:06,2026-03-31,210.5,210.5,210.5,210.5,690
UPPER,1min,1774938176,2026-03-31 12:07,2026-03-31,210.5,210.8,210.5,210.8,1818
UPPER,1min,1774938233,2026-03-31 12:08,2026-03-31,210.8,212,210.4,212,12793
UPPER,1min,1774938281,2026-03-31 12:09,2026-03-31,212,212.1,212,212.1,4869
UPPER,1min,1774938338,2026-03-31 12:10,2026-03-31,212.1,213,210.8,212.2,13874
UPPER,1min,1774938413,2026-03-31 12:11,2026-03-31,212.2,214,212.2,214,1550
UPPER,1min,1774938464,2026-03-31 12:12,2026-03-31,214,214,214,214,2700
UPPER,1min,1774938524,2026-03-31 12:13,2026-03-31,214,214,214,214,2147
UPPER,1min,1774938588,2026-03-31 12:14,2026-03-31,214,214.7,214,214,7634
UPPER,1min,1774938656,2026-03-31 12:15,2026-03-31,214,215.2,214,215.2,8405
UPPER,1min,1774938713,2026-03-31 12:16,2026-03-31,215.2,215.2,215,215.2,1945
UPPER,1min,1774938773,2026-03-31 12:17,2026-03-31,215.2,215.2,215,215,1165
UPPER,1min,1774938835,2026-03-31 12:18,2026-03-31,215,215,214.8,215,1800
UPPER,1min,1774938894,2026-03-31 12:19,2026-03-31,215,215,215,215,2371
UPPER,1min,1774938924,2026-03-31 12:20,2026-03-31,215,215,213,213,6089
UPPER,1min,1774939007,2026-03-31 12:21,2026-03-31,213,213,212.5,212.5,1457
UPPER,1min,1774939056,2026-03-31 12:22,2026-03-31,212.5,212.5,211.1,212,3212
UPPER,1min,1774939138,2026-03-31 12:23,2026-03-31,212,212,211,211,3514
UPPER,1min,1774939157,2026-03-31 12:24,2026-03-31,211,211,211,211,346
UPPER,1min,1774939245,2026-03-31 12:25,2026-03-31,211,211.1,210.9,210.9,14186
UPPER,1min,1774939316,2026-03-31 12:26,2026-03-31,210.9,210.9,210.4,210.4,7469
UPPER,1min,1774939375,2026-03-31 12:27,2026-03-31,210.4,210.6,210.4,210.5,8722
UPPER,1min,1774939435,2026-03-31 12:28,2026-03-31,210.5,210.6,210.5,210.6,288
UPPER,1min,1774939499,2026-03-31 12:29,2026-03-31,210.6,212,210.6,211,1914
UPPER,1min,1774939537,2026-03-31 12:30,2026-03-31,211,212,211,211,1550
UPPER,1min,1774939572,2026-03-31 12:31,2026-03-31,211,212,211,212,512
UPPER,1min,1774939667,2026-03-31 12:32,2026-03-31,212,213.4,212,213.4,2332
UPPER,1min,1774939734,2026-03-31 12:33,2026-03-31,213.4,213.4,212,212,860
UPPER,1min,1774939777,2026-03-31 12:34,2026-03-31,212,213,212,213,45
UPPER,1min,1774939820,2026-03-31 12:35,2026-03-31,213,213,213,213,100
UPPER,1min,1774939913,2026-03-31 12:36,2026-03-31,213,213.5,213,213.5,900
UPPER,1min,1774939952,2026-03-31 12:37,2026-03-31,213.5,213.5,213.5,213.5,800
UPPER,1min,1774940011,2026-03-31 12:38,2026-03-31,213.5,213.5,212,212,4498
UPPER,1min,1774940093,2026-03-31 12:39,2026-03-31,212,213,212,213,33
UPPER,1min,1774940127,2026-03-31 12:40,2026-03-31,213,213,212,213,2175
UPPER,1min,1774940194,2026-03-31 12:41,2026-03-31,213,214,213,214,420
UPPER,1min,1774940231,2026-03-31 12:42,2026-03-31,214,214,214,214,20
UPPER,1min,1774940322,2026-03-31 12:43,2026-03-31,214,214,213.1,213.1,140
UPPER,1min,1774940377,2026-03-31 12:44,2026-03-31,213.1,214,213.1,214,0
UPPER,1min,1774940444,2026-03-31 12:45,2026-03-31,214,214,214,214,580
UPPER,1min,1774940509,2026-03-31 12:46,2026-03-31,214,214.7,214,214.7,707
UPPER,1min,1774940578,2026-03-31 12:47,2026-03-31,214.7,215,214.7,215,50
UPPER,1min,1774940685,2026-03-31 12:49,2026-03-31,215,215,214.1,214.1,6504
UPPER,1min,1774940700,2026-03-31 12:50,2026-03-31,214.1,214.5,214.1,214.5,45
UPPER,1min,1774940796,2026-03-31 12:51,2026-03-31,214.5,214.9,214.5,214.9,200
UPPER,1min,1774940877,2026-03-31 12:52,2026-03-31,214.9,214.9,214.6,214.9,2080
UPPER,1min,1774940989,2026-03-31 12:54,2026-03-31,214.9,214.9,214.9,214.9,1150
UPPER,1min,1774941037,2026-03-31 12:55,2026-03-31,214.9,214.9,214.7,214.7,0
UPPER,1min,1774941099,2026-03-31 12:56,2026-03-31,214.7,215,214.7,215,1000
UPPER,1min,1774941177,2026-03-31 12:57,2026-03-31,215,215,214.9,214.9,2160
UPPER,1min,1774941225,2026-03-31 12:58,2026-03-31,214.9,215,214.9,215,11735
UPPER,1min,1774941298,2026-03-31 12:59,2026-03-31,215,215,215,215,890
UPPER,1min,1774941354,2026-03-31 13:00,2026-03-31,215,215,214,215,800
UPPER,1min,1774941405,2026-03-31 13:01,2026-03-31,215,215,215,215,14405
UPPER,1min,1774941475,2026-03-31 13:02,2026-03-31,215,216,215,216,1772
UPPER,1min,1774941532,2026-03-31 13:03,2026-03-31,216,216,216,216,897
UPPER,1min,1774941598,2026-03-31 13:04,2026-03-31,216,216.2,216,216.2,10795
UPPER,1min,1774941652,2026-03-31 13:05,2026-03-31,216.2,217,216.2,217,1460
UPPER,1min,1774941692,2026-03-31 13:06,2026-03-31,217,217,216.2,216.2,2746
UPPER,1min,1774941756,2026-03-31 13:07,2026-03-31,216.2,217,216.2,217,1365
UPPER,1min,1774941828,2026-03-31 13:08,2026-03-31,217,217,216.9,217,1442
UPPER,1min,1774941888,2026-03-31 13:09,2026-03-31,217,217,215.1,215.1,6179
UPPER,1min,1774941947,2026-03-31 13:10,2026-03-31,215.1,216,214,214.6,7158
UPPER,1min,1774942014,2026-03-31 13:11,2026-03-31,214.6,214.6,214,214,4469
UPPER,1min,1774942063,2026-03-31 13:12,2026-03-31,214,214,213.4,213.4,127
UPPER,1min,1774942180,2026-03-31 13:14,2026-03-31,213.4,214,213.4,214,1410
UPPER,1min,1774942256,2026-03-31 13:15,2026-03-31,214,214,213,213,1110
UPPER,1min,1774942310,2026-03-31 13:16,2026-03-31,213,214,213,214,220
UPPER,1min,1774942374,2026-03-31 13:17,2026-03-31,214,214,213.2,213.2,649
UPPER,1min,1774942423,2026-03-31 13:18,2026-03-31,213.2,214,213.2,213.2,140
UPPER,1min,1774942472,2026-03-31 13:19,2026-03-31,213.2,213.2,213,213,121
UPPER,1min,1774942589,2026-03-31 13:21,2026-03-31,213,213.7,213,213.6,131
UPPER,1min,1774942669,2026-03-31 13:22,2026-03-31,213.6,214,213.5,214,110
UPPER,1min,1774942692,2026-03-31 13:23,2026-03-31,214,214,213.7,213.7,72
UPPER,1min,1774942780,2026-03-31 13:24,2026-03-31,213.7,214,213.7,214,0
UPPER,1min,1774942843,2026-03-31 13:25,2026-03-31,214,214,213.9,213.9,1131
UPPER,1min,1774942911,2026-03-31 13:26,2026-03-31,213.9,214,213.9,214,525
UPPER,1min,1774942924,2026-03-31 13:27,2026-03-31,214,215,214,215,1000
UPPER,1min,1774943021,2026-03-31 13:28,2026-03-31,215,215,214.9,215,55
UPPER,1min,1774943138,2026-03-31 13:30,2026-03-31,215,215,214.9,214.9,1293
UPPER,1min,1774943167,2026-03-31 13:31,2026-03-31,214.9,214.9,214,214,105
UPPER,1min,1774943220,2026-03-31 13:32,2026-03-31,214,214.9,214,214.9,50
UPPER,1min,1774943328,2026-03-31 13:33,2026-03-31,214.9,215,214.9,215,4000
UPPER,1min,1774943399,2026-03-31 13:34,2026-03-31,215,216,215,216,20
UPPER,1min,1774943452,2026-03-31 13:35,2026-03-31,216,216,216,216,1300
UPPER,1min,1774943504,2026-03-31 13:36,2026-03-31,216,216,215,215,0
UPPER,1min,1774943566,2026-03-31 13:37,2026-03-31,215,216,215,216,3602
UPPER,1min,1774943619,2026-03-31 13:38,2026-03-31,216,216,215,215,3068
UPPER,1min,1774943668,2026-03-31 13:39,2026-03-31,215,216,215,216,2281
UPPER,1min,1774943745,2026-03-31 13:40,2026-03-31,216,216,215.2,215.2,1000
UPPER,1min,1774943816,2026-03-31 13:41,2026-03-31,215.2,216,215.2,216,510
UPPER,1min,1774943932,2026-03-31 13:43,2026-03-31,216,216,216,216,1060
UPPER,1min,1774943941,2026-03-31 13:44,2026-03-31,216,216,216,216,278
UPPER,1min,1774944049,2026-03-31 13:45,2026-03-31,216,216.8,216,216.8,550
UPPER,1min,1774944097,2026-03-31 13:46,2026-03-31,216.8,217,216.8,217,5520
UPPER,1min,1774944177,2026-03-31 13:47,2026-03-31,217,217,216.9,216.9,1772
UPPER,1min,1774944217,2026-03-31 13:48,2026-03-31,216.9,216.9,216.6,216.6,528
UPPER,1min,1774944282,2026-03-31 13:49,2026-03-31,216.6,216.9,216,216,3714
UPPER,1min,1774944354,2026-03-31 13:50,2026-03-31,216,216,216,216,465
UPPER,1min,1774944380,2026-03-31 13:51,2026-03-31,216,216,215.1,215.1,1090
UPPER,1min,1774944451,2026-03-31 13:52,2026-03-31,215.1,215.1,215,215,756
UPPER,1min,1774944489,2026-03-31 13:53,2026-03-31,215,215,214.6,214.6,200
UPPER,1min,1774944596,2026-03-31 13:54,2026-03-31,214.6,215,214.6,215,564
UPPER,1min,1774944643,2026-03-31 13:55,2026-03-31,215,215,214.7,215,645
UPPER,1min,1774944719,2026-03-31 13:56,2026-03-31,215,215,214.5,214.5,1037
UPPER,1min,1774944765,2026-03-31 13:57,2026-03-31,214.5,214.5,213.8,213.8,1848
UPPER,1min,1774944801,2026-03-31 13:58,2026-03-31,213.8,213.8,213.5,213.5,407
UPPER,1min,1774945011,2026-03-31 14:01,2026-03-31,213.5,214,213.5,213.5,1566
UPPER,1min,1774945062,2026-03-31 14:02,2026-03-31,213.5,214,213.5,214,10428
UPPER,1min,1774945103,2026-03-31 14:03,2026-03-31,214,214,213.9,213.9,72
UPPER,1min,1774945319,2026-03-31 14:06,2026-03-31,213.9,215,213.9,214.9,300
UPPER,1min,1774945438,2026-03-31 14:08,2026-03-31,214.9,215,214.9,215,2110
UPPER,1min,1774945491,2026-03-31 14:09,2026-03-31,215,215,215,215,3924
UPPER,1min,1774945612,2026-03-31 14:11,2026-03-31,215,216,215,215.3,355
UPPER,1min,1774945671,2026-03-31 14:12,2026-03-31,215.3,216,215.3,216,10
UPPER,1min,1774945734,2026-03-31 14:13,2026-03-31,216,216,215.5,215.5,950
UPPER,1min,1774945741,2026-03-31 14:14,2026-03-31,215.5,215.5,215.5,215.5,40
UPPER,1min,1774945820,2026-03-31 14:15,2026-03-31,215.5,215.5,215.5,215.5,0
UPPER,1min,1774945863,2026-03-31 14:16,2026-03-31,215.5,215.5,215.5,215.5,804
UPPER,1min,1774945947,2026-03-31 14:17,2026-03-31,215.5,215.5,215.5,215.5,320
UPPER,1min,1774946038,2026-03-31 14:18,2026-03-31,215.5,215.9,215.5,215.9,165
UPPER,1min,1774946086,2026-03-31 14:19,2026-03-31,215.9,216,215.5,215.5,3770
UPPER,1min,1774946122,2026-03-31 14:20,2026-03-31,215.5,216,215.5,216,112
UPPER,1min,1774946196,2026-03-31 14:21,2026-03-31,216,216,216,216,699
UPPER,1min,1774946274,2026-03-31 14:22,2026-03-31,216,216.9,216,216.9,50
UPPER,1min,1774946309,2026-03-31 14:23,2026-03-31,216.9,217,216.9,217,2470
UPPER,1min,1774946380,2026-03-31 14:24,2026-03-31,217,217,217,217,0
UPPER,1min,1774946459,2026-03-31 14:25,2026-03-31,217,217,216.9,216.9,1013
UPPER,1min,1774946509,2026-03-31 14:26,2026-03-31,216.9,217,216.9,217,500
UPPER,1min,1774946575,2026-03-31 14:27,2026-03-31,217,217,216.9,217,3751
UPPER,1min,1774946612,2026-03-31 14:28,2026-03-31,217,217,216.9,217,230
UPPER,1min,1774946693,2026-03-31 14:29,2026-03-31,217,217.9,217,217.9,2288
UPPER,1min,1774946749,2026-03-31 14:30,2026-03-31,217.9,217.9,217.8,217.8,62
UPPER,1min,1774946814,2026-03-31 14:31,2026-03-31,217.8,218,217.8,218,530
UPPER,1min,1774946871,2026-03-31 14:32,2026-03-31,218,218,218,218,6436
UPPER,1min,1774946939,2026-03-31 14:33,2026-03-31,218,218.2,218,218.2,6528
UPPER,1min,1774946995,2026-03-31 14:34,2026-03-31,218.2,218.2,218,218,1240
UPPER,1min,1774947039,2026-03-31 14:35,2026-03-31,218,219,218,219,2515
UPPER,1min,1774947097,2026-03-31 14:36,2026-03-31,219,219,218.5,219,1850
UPPER,1min,1774947175,2026-03-31 14:37,2026-03-31,219,219.1,219,219.1,4418
UPPER,1min,1774947237,2026-03-31 14:38,2026-03-31,219.1,219.1,218.9,218.9,1200
UPPER,1min,1774947283,2026-03-31 14:39,2026-03-31,218.9,218.9,218.9,218.9,2920
UPPER,1min,1774947355,2026-03-31 14:40,2026-03-31,218.9,218.9,217.4,218.8,3517
UPPER,1min,1774947395,2026-03-31 14:41,2026-03-31,218.8,219.1,218.8,218.8,4700
UPPER,1min,1774947478,2026-03-31 14:42,2026-03-31,218.8,219.1,218.8,219,3959
UPPER,1min,1774947534,2026-03-31 14:43,2026-03-31,219,219.1,219,219,1787
UPPER,1min,1774947597,2026-03-31 14:44,2026-03-31,219,219.5,219,219.5,3296
UPPER,1min,1774947658,2026-03-31 14:45,2026-03-31,219.5,219.9,219.5,219.9,724
UPPER,1min,1774947712,2026-03-31 14:46,2026-03-31,219.9,219.9,219.5,219.9,3911
UPPER,1min,1774947777,2026-03-31 14:47,2026-03-31,219.9,219.9,219.5,219.9,813
UPPER,1min,1774947833,2026-03-31 14:48,2026-03-31,219.9,219.9,219.4,219.4,1958
UPPER,1min,1774947892,2026-03-31 14:49,2026-03-31,219.4,219.5,219.4,219.5,4112
UPPER,1min,1774947957,2026-03-31 14:50,2026-03-31,219.5,220,219.5,220,7792
UPPER,1min,1774948003,2026-03-31 14:51,2026-03-31,220,220,219.6,219.6,8135
UPPER,1min,1774948077,2026-03-31 14:52,2026-03-31,219.6,220,219.6,220,2952
UPPER,1min,1774948136,2026-03-31 14:53,2026-03-31,220,220.2,219.8,220.2,8774
UPPER,1min,1774948187,2026-03-31 14:54,2026-03-31,220.2,220.2,220,220,3906
UPPER,1min,1774948249,2026-03-31 14:55,2026-03-31,220,220.1,220,220.1,6440
UPPER,1min,1774948313,2026-03-31 14:56,2026-03-31,220.1,220.1,219.7,219.8,8509
UPPER,1min,1774948377,2026-03-31 14:57,2026-03-31,219.8,220,218.5,218.5,11837
UPPER,1min,1774948433,2026-03-31 14:58,2026-03-31,218.5,218.9,218,218.5,5985
UPPER,1min,1774948499,2026-03-31 14:59,2026-03-31,218.5,218.5,217.1,218.5,7266
UPPER,1min,1775020550,2026-04-01 11:00,2026-04-01,219,221,219,219,1092
UPPER,1min,1775020603,2026-04-01 11:01,2026-04-01,219,219,219,219,2605
UPPER,1min,1775020679,2026-04-01 11:02,2026-04-01,219,219,216.1,218.8,1726
UPPER,1min,1775020736,2026-04-01 11:03,2026-04-01,218.8,218.8,216.1,218,451
UPPER,1min,1775020797,2026-04-01 11:04,2026-04-01,218,218.8,216.1,218.8,1310
UPPER,1min,1775020827,2026-04-01 11:05,2026-04-01,218.8,218.8,218.8,218.8,355
UPPER,1min,1775020897,2026-04-01 11:06,2026-04-01,218.8,218.8,218,218,634
UPPER,1min,1775020953,2026-04-01 11:07,2026-04-01,218,218.8,218,218.8,1900
UPPER,1min,1775021015,2026-04-01 11:08,2026-04-01,218.8,219,218.8,218.9,600
UPPER,1min,1775021069,2026-04-01 11:09,2026-04-01,218.9,219,218.9,219,0
UPPER,1min,1775021112,2026-04-01 11:10,2026-04-01,219,219,219,219,650
UPPER,1min,1775021218,2026-04-01 11:11,2026-04-01,219,219,218.2,218.2,430
UPPER,1min,1775021275,2026-04-01 11:12,2026-04-01,218.2,218.9,218,218,1215
UPPER,1min,1775021336,2026-04-01 11:13,2026-04-01,218,218.8,218,218,575
UPPER,1min,1775021398,2026-04-01 11:14,2026-04-01,218,218,218,218,488
UPPER,1min,1775021440,2026-04-01 11:15,2026-04-01,218,218,216.1,216.1,610
UPPER,1min,1775021509,2026-04-01 11:16,2026-04-01,216.1,216.1,216.1,216.1,550
UPPER,1min,1775021561,2026-04-01 11:17,2026-04-01,216.1,216.1,215,215,1300
UPPER,1min,1775021637,2026-04-01 11:18,2026-04-01,215,215,214,214,6460
UPPER,1min,1775021668,2026-04-01 11:19,2026-04-01,214,214,214,214,200
UPPER,1min,1775021756,2026-04-01 11:20,2026-04-01,214,214.1,214,214.1,1103
UPPER,1min,1775021813,2026-04-01 11:21,2026-04-01,214.1,216,214.1,216,402
UPPER,1min,1775021870,2026-04-01 11:22,2026-04-01,216,216,216,216,398
UPPER,1min,1775021918,2026-04-01 11:23,2026-04-01,216,216,216,216,0
UPPER,1min,1775021992,2026-04-01 11:24,2026-04-01,216,216,215,215.1,840
UPPER,1min,1775022117,2026-04-01 11:26,2026-04-01,215.1,217,215.1,217,246
UPPER,1min,1775022257,2026-04-01 11:29,2026-04-01,217,217,216,216,120
UPPER,1min,1775022393,2026-04-01 11:31,2026-04-01,216,216.9,216,216.9,10
UPPER,1min,1775022443,2026-04-01 11:32,2026-04-01,216.9,217,216,217,4429
UPPER,1min,1775022519,2026-04-01 11:33,2026-04-01,217,217.6,217,217.6,60
UPPER,1min,1775022582,2026-04-01 11:34,2026-04-01,217.6,217.6,217.6,217.6,500
UPPER,1min,1775022649,2026-04-01 11:35,2026-04-01,217.6,217.8,217.6,217.6,341
UPPER,1min,1775022714,2026-04-01 11:36,2026-04-01,217.6,217.8,217.6,217.8,355
UPPER,1min,1775022748,2026-04-01 11:37,2026-04-01,217.8,217.8,217.8,217.8,2646
UPPER,1min,1775022798,2026-04-01 11:38,2026-04-01,217.8,217.9,217.8,217.9,225
UPPER,1min,1775022873,2026-04-01 11:39,2026-04-01,217.9,217.9,217.6,217.6,2054
UPPER,1min,1775022944,2026-04-01 11:40,2026-04-01,217.6,217.6,217.6,217.6,1562
UPPER,1min,1775023006,2026-04-01 11:41,2026-04-01,217.6,217.6,217.1,217.1,260
UPPER,1min,1775023039,2026-04-01 11:42,2026-04-01,217.1,217.5,217.1,217.5,283
UPPER,1min,1775023130,2026-04-01 11:43,2026-04-01,217.5,217.5,217.1,217.1,268
UPPER,1min,1775023192,2026-04-01 11:44,2026-04-01,217.1,217.2,217,217,4551
UPPER,1min,1775023258,2026-04-01 11:45,2026-04-01,217,217,217,217,70
UPPER,1min,1775023317,2026-04-01 11:46,2026-04-01,217,217,216,216,5000
UPPER,1min,1775023433,2026-04-01 11:48,2026-04-01,216,216.1,216,216,5082
UPPER,1min,1775023489,2026-04-01 11:49,2026-04-01,216,216,216,216,23
UPPER,1min,1775023538,2026-04-01 11:50,2026-04-01,216,217,216,216,337
UPPER,1min,1775023613,2026-04-01 11:51,2026-04-01,216,216,215.6,215.6,140
UPPER,1min,1775023665,2026-04-01 11:52,2026-04-01,215.6,215.8,215.6,215.6,2045
UPPER,1min,1775023718,2026-04-01 11:53,2026-04-01,215.6,216,215.6,216,200
UPPER,1min,1775023782,2026-04-01 11:54,2026-04-01,216,216,215.7,216,3760
UPPER,1min,1775023834,2026-04-01 11:55,2026-04-01,216,216,215,215,6228
UPPER,1min,1775023871,2026-04-01 11:56,2026-04-01,215,215,215,215,128
UPPER,1min,1775023973,2026-04-01 11:57,2026-04-01,215,216,215,216,3968
UPPER,1min,1775024143,2026-04-01 12:00,2026-04-01,216,216,216,216,30
UPPER,1min,1775024191,2026-04-01 12:01,2026-04-01,216,216,215,215,600
UPPER,1min,1775024320,2026-04-01 12:03,2026-04-01,215,215.8,215,215.8,800
UPPER,1min,1775024395,2026-04-01 12:04,2026-04-01,215.8,215.8,215.8,215.8,45
UPPER,1min,1775024442,2026-04-01 12:05,2026-04-01,215.8,215.8,215,215,160
UPPER,1min,1775024500,2026-04-01 12:06,2026-04-01,215,216,215,216,600
UPPER,1min,1775024560,2026-04-01 12:07,2026-04-01,216,216,216,216,812
UPPER,1min,1775024630,2026-04-01 12:08,2026-04-01,216,216,215.1,215.1,4040
UPPER,1min,1775024689,2026-04-01 12:09,2026-04-01,215.1,216,215.1,216,50
UPPER,1min,1775024749,2026-04-01 12:10,2026-04-01,216,216,215.9,215.9,230
UPPER,1min,1775024803,2026-04-01 12:11,2026-04-01,215.9,216,215.9,216,0
UPPER,1min,1775024849,2026-04-01 12:12,2026-04-01,216,217,216,216,2887
UPPER,1min,1775025019,2026-04-01 12:15,2026-04-01,216,217,216,216,147
UPPER,1min,1775025113,2026-04-01 12:16,2026-04-01,216,217,216,217,130
UPPER,1min,1775025167,2026-04-01 12:17,2026-04-01,217,217,216,216,50
UPPER,1min,1775025206,2026-04-01 12:18,2026-04-01,216,216,216,216,400
UPPER,1min,1775025261,2026-04-01 12:19,2026-04-01,216,216.9,216,216,515
UPPER,1min,1775025335,2026-04-01 12:20,2026-04-01,216,216,216,216,612
UPPER,1min,1775025383,2026-04-01 12:21,2026-04-01,216,216.9,216,216.9,45
UPPER,1min,1775025465,2026-04-01 12:22,2026-04-01,216.9,216.9,216,216,160
UPPER,1min,1775025531,2026-04-01 12:23,2026-04-01,216,216,216,216,500
UPPER,1min,1775025652,2026-04-01 12:25,2026-04-01,216,216.6,215.8,215.8,1145
UPPER,1min,1775025710,2026-04-01 12:26,2026-04-01,215.8,215.8,215.7,215.7,70
UPPER,1min,1775025775,2026-04-01 12:27,2026-04-01,215.7,215.7,215,215,10726
UPPER,1min,1775025820,2026-04-01 12:28,2026-04-01,215,215,214.5,214.5,265
UPPER,1min,1775025959,2026-04-01 12:30,2026-04-01,214.5,215,214.5,215,1762
UPPER,1min,1775026010,2026-04-01 12:31,2026-04-01,215,215,215,215,1110
UPPER,1min,1775026054,2026-04-01 12:32,2026-04-01,215,215,214,214,5000
UPPER,1min,1775026139,2026-04-01 12:33,2026-04-01,214,214.8,214,214.8,1884
UPPER,1min,1775026158,2026-04-01 12:34,2026-04-01,214.8,214.8,214.1,214.1,68
UPPER,1min,1775026258,2026-04-01 12:35,2026-04-01,214.1,214.1,214.1,214.1,700
UPPER,1min,1775026317,2026-04-01 12:36,2026-04-01,214.1,214.8,214,214.8,5055
UPPER,1min,1775026379,2026-04-01 12:37,2026-04-01,214.8,214.8,214.3,214.3,620
UPPER,1min,1775026461,2026-04-01 12:39,2026-04-01,214.3,214.3,214.1,214.1,1900
UPPER,1min,1775026535,2026-04-01 12:40,2026-04-01,214.1,214.8,214.1,214.8,500
UPPER,1min,1775026609,2026-04-01 12:41,2026-04-01,214.8,214.8,214.2,214.2,262
UPPER,1min,1775026713,2026-04-01 12:43,2026-04-01,214.2,214.8,214.2,214.4,250
UPPER,1min,1775026755,2026-04-01 12:44,2026-04-01,214.4,214.4,214.4,214.4,100
UPPER,1min,1775026850,2026-04-01 12:45,2026-04-01,214.4,214.8,214.4,214.8,0
UPPER,1min,1775026915,2026-04-01 12:46,2026-04-01,214.8,214.8,214.3,214.3,1011
UPPER,1min,1775026976,2026-04-01 12:47,2026-04-01,214.3,214.9,214.3,214.9,914
UPPER,1min,1775027036,2026-04-01 12:48,2026-04-01,214.9,215,214.9,215,49
UPPER,1min,1775027077,2026-04-01 12:49,2026-04-01,215,215,214.4,214.5,1540
UPPER,1min,1775027115,2026-04-01 12:50,2026-04-01,214.5,215,214.5,214.5,3232
UPPER,1min,1775027203,2026-04-01 12:51,2026-04-01,214.5,215,214.5,215,645
UPPER,1min,1775027284,2026-04-01 12:53,2026-04-01,215,215,214.6,214.6,1333
UPPER,1min,1775027378,2026-04-01 12:54,2026-04-01,214.6,215.4,214.6,215.4,185
UPPER,1min,1775027418,2026-04-01 12:55,2026-04-01,215.4,215.5,215.4,215.5,1060
UPPER,1min,1775027510,2026-04-01 12:56,2026-04-01,215.5,215.5,215.5,215.5,150
UPPER,1min,1775027579,2026-04-01 12:57,2026-04-01,215.5,215.5,215.5,215.5,0
UPPER,1min,1775027598,2026-04-01 12:58,2026-04-01,215.5,215.9,215,215.9,980
UPPER,1min,1775027671,2026-04-01 12:59,2026-04-01,215.9,215.9,215.1,215.1,20
UPPER,1min,1775027749,2026-04-01 13:00,2026-04-01,215.1,215.1,215.1,215.1,0
UPPER,1min,1775027785,2026-04-01 13:01,2026-04-01,215.1,215.1,215,215,2010
UPPER,1min,1775027844,2026-04-01 13:02,2026-04-01,215,215,215,215,963
UPPER,1min,1775027936,2026-04-01 13:03,2026-04-01,215,215,215,215,41
UPPER,1min,1775027978,2026-04-01 13:04,2026-04-01,215,215,215,215,260
UPPER,1min,1775028052,2026-04-01 13:05,2026-04-01,215,215,214.4,214.4,3453
UPPER,1min,1775028106,2026-04-01 13:06,2026-04-01,214.4,214.4,214.2,214.2,1673
UPPER,1min,1775028136,2026-04-01 13:07,2026-04-01,214.2,215,214.1,214.1,660
UPPER,1min,1775028223,2026-04-01 13:08,2026-04-01,214.1,214.1,214,214,2565
UPPER,1min,1775028251,2026-04-01 13:09,2026-04-01,214,214,213.6,213.6,1280
UPPER,1min,1775028346,2026-04-01 13:10,2026-04-01,213.6,214,213.5,213.5,2215
UPPER,1min,1775028403,2026-04-01 13:11,2026-04-01,213.5,213.5,213.5,213.5,1469
UPPER,1min,1775028475,2026-04-01 13:12,2026-04-01,213.5,213.5,213.5,213.5,241
UPPER,1min,1775028533,2026-04-01 13:13,2026-04-01,213.5,213.6,213.5,213.6,1676
UPPER,1min,1775028561,2026-04-01 13:14,2026-04-01,213.6,213.6,213.5,213.5,500
UPPER,1min,1775028651,2026-04-01 13:15,2026-04-01,213.5,213.6,213.5,213.6,2230
UPPER,1min,1775028700,2026-04-01 13:16,2026-04-01,213.6,214,213.6,214,936
UPPER,1min,1775028805,2026-04-01 13:18,2026-04-01,214,214,214,214,1920
UPPER,1min,1775028857,2026-04-01 13:19,2026-04-01,214,214,213.7,213.7,100
UPPER,1min,1775028909,2026-04-01 13:20,2026-04-01,213.7,213.7,213.6,213.6,500
UPPER,1min,1775029069,2026-04-01 13:22,2026-04-01,213.6,213.6,213.6,213.6,550
UPPER,1min,1775029138,2026-04-01 13:23,2026-04-01,213.6,214,213.5,213.5,2727
UPPER,1min,1775029182,2026-04-01 13:24,2026-04-01,213.5,213.6,213.3,213.3,1260
UPPER,1min,1775029256,2026-04-01 13:25,2026-04-01,213.3,213.6,213.3,213.3,70
UPPER,1min,1775029284,2026-04-01 13:26,2026-04-01,213.3,213.6,213.3,213.6,0
UPPER,1min,1775029366,2026-04-01 13:27,2026-04-01,213.6,213.6,213.5,213.5,974
UPPER,1min,1775029438,2026-04-01 13:28,2026-04-01,213.5,213.6,213.5,213.6,238
UPPER,1min,1775029471,2026-04-01 13:29,2026-04-01,213.6,213.6,213.3,213.3,542
UPPER,1min,1775029538,2026-04-01 13:30,2026-04-01,213.3,213.6,213.3,213.6,61
UPPER,1min,1775029672,2026-04-01 13:32,2026-04-01,213.6,213.6,213.6,213.6,474
UPPER,1min,1775029765,2026-04-01 13:34,2026-04-01,213.6,214,213.2,213.2,2953
UPPER,1min,1775029852,2026-04-01 13:35,2026-04-01,213.2,213.9,213.2,213.2,648
UPPER,1min,1775029978,2026-04-01 13:37,2026-04-01,213.2,213.7,213,213.7,12200
UPPER,1min,1775030027,2026-04-01 13:38,2026-04-01,213.7,213.7,213,213,214
UPPER,1min,1775030067,2026-04-01 13:39,2026-04-01,213,213,213,213,5108
UPPER,1min,1775030152,2026-04-01 13:40,2026-04-01,213,213,212.7,212.7,7137
UPPER,1min,1775030205,2026-04-01 13:41,2026-04-01,212.7,212.9,212.7,212.9,120
UPPER,1min,1775030268,2026-04-01 13:42,2026-04-01,212.9,212.9,212,212,18470
UPPER,1min,1775030509,2026-04-01 13:46,2026-04-01,212,212.9,212,212,2990
UPPER,1min,1775030578,2026-04-01 13:47,2026-04-01,212,212,211,211,13318
UPPER,1min,1775030626,2026-04-01 13:48,2026-04-01,211,212,211,212,2595
UPPER,1min,1775030689,2026-04-01 13:49,2026-04-01,212,212,210.3,210.3,28345
UPPER,1min,1775030735,2026-04-01 13:50,2026-04-01,210.3,211,210.1,211,7580
UPPER,1min,1775030803,2026-04-01 13:51,2026-04-01,211,211,210,210,5950
UPPER,1min,1775030878,2026-04-01 13:52,2026-04-01,210,210.1,210,210,14309
UPPER,1min,1775030932,2026-04-01 13:53,2026-04-01,210,210.1,210,210.1,5550
UPPER,1min,1775030987,2026-04-01 13:54,2026-04-01,210.1,210.8,210.1,210.8,2050
UPPER,1min,1775031057,2026-04-01 13:55,2026-04-01,210.8,211,210.8,211,3409
UPPER,1min,1775031115,2026-04-01 13:56,2026-04-01,211,211,210.8,211,501
UPPER,1min,1775031178,2026-04-01 13:57,2026-04-01,211,212,210.8,210.8,1200
UPPER,1min,1775031239,2026-04-01 13:58,2026-04-01,210.8,211,210.5,211,1935
UPPER,1min,1775031296,2026-04-01 13:59,2026-04-01,211,211,210.5,210.5,1807
UPPER,1min,1775031355,2026-04-01 14:00,2026-04-01,210.5,210.5,210.2,210.2,1062
UPPER,1min,1775031414,2026-04-01 14:01,2026-04-01,210.2,210.2,210.1,210.1,3762
UPPER,1min,1775031452,2026-04-01 14:02,2026-04-01,210.1,210.2,210,210.2,1388
UPPER,1min,1775031533,2026-04-01 14:03,2026-04-01,210.2,210.5,210.2,210.3,2200
UPPER,1min,1775031575,2026-04-01 14:04,2026-04-01,210.3,210.5,210.3,210.3,1961
UPPER,1min,1775031639,2026-04-01 14:05,2026-04-01,210.3,210.7,210.2,210.2,4635
UPPER,1min,1775031718,2026-04-01 14:06,2026-04-01,210.2,210.3,210.2,210.2,3454
UPPER,1min,1775031765,2026-04-01 14:07,2026-04-01,210.2,211,210.1,210.1,1368
UPPER,1min,1775031835,2026-04-01 14:08,2026-04-01,210.1,210.2,210,210,31183
UPPER,1min,1775031889,2026-04-01 14:09,2026-04-01,210,210,209.1,209.1,14526
UPPER,1min,1775031952,2026-04-01 14:10,2026-04-01,209.1,209.1,208,208,11841
UPPER,1min,1775032009,2026-04-01 14:11,2026-04-01,208,208.5,208,208.5,270
UPPER,1min,1775032070,2026-04-01 14:12,2026-04-01,208.5,208.5,208.1,208.5,770
UPPER,1min,1775032134,2026-04-01 14:13,2026-04-01,208.5,208.5,208.5,208.5,1940
UPPER,1min,1775032169,2026-04-01 14:14,2026-04-01,208.5,208.5,208.5,208.5,1435
UPPER,1min,1775032230,2026-04-01 14:15,2026-04-01,208.5,208.5,208.5,208.5,285
UPPER,1min,1775032318,2026-04-01 14:16,2026-04-01,208.5,208.9,208.5,208.9,3290
UPPER,1min,1775032375,2026-04-01 14:17,2026-04-01,208.9,208.9,208,208,4336
UPPER,1min,1775032439,2026-04-01 14:18,2026-04-01,208,208.5,208,208,9560
UPPER,1min,1775032481,2026-04-01 14:19,2026-04-01,208,208.5,208,208.5,0
UPPER,1min,1775032553,2026-04-01 14:20,2026-04-01,208.5,209,208.5,208.5,10424
UPPER,1min,1775032618,2026-04-01 14:21,2026-04-01,208.5,208.5,208,208,2528
UPPER,1min,1775032674,2026-04-01 14:22,2026-04-01,208,208.5,208,208.5,1384
UPPER,1min,1775032736,2026-04-01 14:23,2026-04-01,208.5,208.5,208,208.3,2396
UPPER,1min,1775032798,2026-04-01 14:24,2026-04-01,208.3,208.3,208,208,3668
UPPER,1min,1775032844,2026-04-01 14:25,2026-04-01,208,208,207,207,10000
UPPER,1min,1775032905,2026-04-01 14:26,2026-04-01,207,208,207,208,5719
UPPER,1min,1775032972,2026-04-01 14:27,2026-04-01,208,208,207.9,208,4119
UPPER,1min,1775033032,2026-04-01 14:28,2026-04-01,208,208.3,207.1,207.2,4877
UPPER,1min,1775033094,2026-04-01 14:29,2026-04-01,207.2,207.2,207,207,11546
UPPER,1min,1775033155,2026-04-01 14:30,2026-04-01,207,207.2,207,207,1600
UPPER,1min,1775033206,2026-04-01 14:31,2026-04-01,207,207.2,207,207,3035
UPPER,1min,1775033274,2026-04-01 14:32,2026-04-01,207,207.2,206.5,207,4839
UPPER,1min,1775033334,2026-04-01 14:33,2026-04-01,207,207.2,207,207.2,2114
UPPER,1min,1775033398,2026-04-01 14:34,2026-04-01,207.2,208,207.2,207.9,2166
UPPER,1min,1775033428,2026-04-01 14:35,2026-04-01,207.9,208,207.9,208,1030
UPPER,1min,1775033482,2026-04-01 14:36,2026-04-01,208,209,208,208,2480
UPPER,1min,1775033579,2026-04-01 14:37,2026-04-01,208,210,208,209.9,5238
UPPER,1min,1775033632,2026-04-01 14:38,2026-04-01,209.9,210,209,209.9,3810
UPPER,1min,1775033687,2026-04-01 14:39,2026-04-01,209.9,209.9,209,209,2004
UPPER,1min,1775033753,2026-04-01 14:40,2026-04-01,209,210,209,210,4887
UPPER,1min,1775033817,2026-04-01 14:41,2026-04-01,210,210.9,210,210.9,1905
UPPER,1min,1775033876,2026-04-01 14:42,2026-04-01,210.9,211,210.9,211,3573
UPPER,1min,1775033930,2026-04-01 14:43,2026-04-01,211,211,210.4,211,4040
UPPER,1min,1775033982,2026-04-01 14:44,2026-04-01,211,211.1,211,211.1,741
UPPER,1min,1775034046,2026-04-01 14:45,2026-04-01,211.1,211.9,211.1,211.9,582
UPPER,1min,1775034117,2026-04-01 14:46,2026-04-01,211.9,211.9,211.5,211.5,520
UPPER,1min,1775034169,2026-04-01 14:47,2026-04-01,211.5,211.5,211,211,2622
UPPER,1min,1775034206,2026-04-01 14:48,2026-04-01,211,211.9,211,211.9,1609
UPPER,1min,1775034285,2026-04-01 14:49,2026-04-01,211.9,211.9,211,211,2609
UPPER,1min,1775034357,2026-04-01 14:50,2026-04-01,211,211,210,210,17418
UPPER,1min,1775034418,2026-04-01 14:51,2026-04-01,210,210,209,209.3,4462
UPPER,1min,1775034472,2026-04-01 14:52,2026-04-01,209.3,209.3,209,209,3326
UPPER,1min,1775034527,2026-04-01 14:53,2026-04-01,209,209,208,208,5475
UPPER,1min,1775034576,2026-04-01 14:54,2026-04-01,208,208.5,208,208.1,22894
UPPER,1min,1775034651,2026-04-01 14:55,2026-04-01,208.1,208.6,208.1,208.6,2200
UPPER,1min,1775034695,2026-04-01 14:56,2026-04-01,208.6,208.8,208.5,208.8,3935
UPPER,1min,1775034779,2026-04-01 14:57,2026-04-01,208.8,208.8,208.8,208.8,6179
UPPER,1min,1775034835,2026-04-01 14:58,2026-04-01,208.8,208.8,208,208,6814
UPPER,1min,1775034899,2026-04-01 14:59,2026-04-01,208,208.2,208,208.1,18097
UPPER,1min,1775106959,2026-04-02 11:00,2026-04-02,207.5,207.5,207.5,207.5,620
UPPER,1min,1775107019,2026-04-02 11:01,2026-04-02,207.5,207.5,206,206,700
UPPER,1min,1775107077,2026-04-02 11:02,2026-04-02,206,206,205,206,3300
UPPER,1min,1775107135,2026-04-02 11:03,2026-04-02,206,206,203.5,203.5,6160
UPPER,1min,1775107198,2026-04-02 11:04,2026-04-02,203.5,203.5,201.9,201.9,3743
UPPER,1min,1775107252,2026-04-02 11:05,2026-04-02,201.9,201.9,199.6,199.6,5014
UPPER,1min,1775107315,2026-04-02 11:06,2026-04-02,199.6,200,199,199,14061
UPPER,1min,1775107371,2026-04-02 11:07,2026-04-02,199,200,199,200,2510
UPPER,1min,1775107433,2026-04-02 11:08,2026-04-02,200,200,199,199,4637
UPPER,1min,1775107492,2026-04-02 11:09,2026-04-02,199,199.5,199,199.4,5985
UPPER,1min,1775107553,2026-04-02 11:10,2026-04-02,199.4,199.4,199,199,11554
UPPER,1min,1775107606,2026-04-02 11:11,2026-04-02,199,200,199,200,2784
UPPER,1min,1775107676,2026-04-02 11:12,2026-04-02,200,202,199.6,202,29871
UPPER,1min,1775107734,2026-04-02 11:13,2026-04-02,202,203,202,203,1910
UPPER,1min,1775107784,2026-04-02 11:14,2026-04-02,203,203,201.3,203,3745
UPPER,1min,1775107849,2026-04-02 11:15,2026-04-02,203,203.5,203,203,2629
UPPER,1min,1775107913,2026-04-02 11:16,2026-04-02,203,204,203,204,585
UPPER,1min,1775107971,2026-04-02 11:17,2026-04-02,204,206,204,206,2165
UPPER,1min,1775108022,2026-04-02 11:18,2026-04-02,206,207,206,207,2700
UPPER,1min,1775108097,2026-04-02 11:19,2026-04-02,207,207.4,207,207,2670
UPPER,1min,1775108144,2026-04-02 11:20,2026-04-02,207,207.4,207,207.4,1230
UPPER,1min,1775108210,2026-04-02 11:21,2026-04-02,207.4,208,207.4,208,656
UPPER,1min,1775108275,2026-04-02 11:22,2026-04-02,208,208,207.9,208,2107
UPPER,1min,1775108338,2026-04-02 11:23,2026-04-02,208,209.9,208,209.9,5342
UPPER,1min,1775108393,2026-04-02 11:24,2026-04-02,209.9,210,209.9,210,3077
UPPER,1min,1775108451,2026-04-02 11:25,2026-04-02,210,211,209.9,211,4943
UPPER,1min,1775108498,2026-04-02 11:26,2026-04-02,211,211,209,210,918
UPPER,1min,1775108558,2026-04-02 11:27,2026-04-02,210,212,210,212,4151
UPPER,1min,1775108611,2026-04-02 11:28,2026-04-02,212,212.2,212,212.2,1800
UPPER,1min,1775108699,2026-04-02 11:29,2026-04-02,212.2,212.9,212,212.2,5717
UPPER,1min,1775108745,2026-04-02 11:30,2026-04-02,212.2,213,212.2,213,5470
UPPER,1min,1775108815,2026-04-02 11:31,2026-04-02,213,213,211,211,5389
UPPER,1min,1775108871,2026-04-02 11:32,2026-04-02,211,211,209,209,12321
UPPER,1min,1775108938,2026-04-02 11:33,2026-04-02,209,209,206,206,16382
UPPER,1min,1775108999,2026-04-02 11:34,2026-04-02,206,207.5,206,207,1618
UPPER,1min,1775109035,2026-04-02 11:35,2026-04-02,207,207,205.1,205.1,5214
UPPER,1min,1775109117,2026-04-02 11:36,2026-04-02,205.1,206,204,204,9654
UPPER,1min,1775109179,2026-04-02 11:37,2026-04-02,204,204,203.9,203.9,3020
UPPER,1min,1775109230,2026-04-02 11:38,2026-04-02,203.9,203.9,203.1,203.1,4710
UPPER,1min,1775109295,2026-04-02 11:39,2026-04-02,203.1,204.1,203.1,204.1,1639
UPPER,1min,1775109343,2026-04-02 11:40,2026-04-02,204.1,206,204.1,206,3023
UPPER,1min,1775109410,2026-04-02 11:41,2026-04-02,206,207,206,207,1173
UPPER,1min,1775109472,2026-04-02 11:42,2026-04-02,207,209,207,209,530
UPPER,1min,1775109532,2026-04-02 11:43,2026-04-02,209,209.9,209,209.9,1415
UPPER,1min,1775109589,2026-04-02 11:44,2026-04-02,209.9,209.9,208.1,209.9,392
UPPER,1min,1775109716,2026-04-02 11:46,2026-04-02,209.9,209.9,209,209.9,1708
UPPER,1min,1775109775,2026-04-02 11:47,2026-04-02,209.9,210,209.6,210,1854
UPPER,1min,1775109828,2026-04-02 11:48,2026-04-02,210,210,209.6,210,650
UPPER,1min,1775109889,2026-04-02 11:49,2026-04-02,210,210,209.6,210,951
UPPER,1min,1775109958,2026-04-02 11:50,2026-04-02,210,210,209,209,691
UPPER,1min,1775109978,2026-04-02 11:51,2026-04-02,209,210,209,210,650
UPPER,1min,1775110061,2026-04-02 11:52,2026-04-02,210,211,210,211,310
UPPER,1min,1775110131,2026-04-02 11:53,2026-04-02,211,211.9,211,211.9,2600
UPPER,1min,1775110195,2026-04-02 11:54,2026-04-02,211.9,212,211,212,4055
UPPER,1min,1775110252,2026-04-02 11:55,2026-04-02,212,212,211.9,211.9,2755
UPPER,1min,1775110307,2026-04-02 11:56,2026-04-02,211.9,212,211.9,212,2046
UPPER,1min,1775110374,2026-04-02 11:57,2026-04-02,212,212,211.9,212,1891
UPPER,1min,1775110405,2026-04-02 11:58,2026-04-02,212,212,211,211.9,2589
UPPER,1min,1775110494,2026-04-02 11:59,2026-04-02,211.9,211.9,210.1,210.1,100
UPPER,1min,1775110538,2026-04-02 12:00,2026-04-02,210.1,212,210.1,212,1650
UPPER,1min,1775110616,2026-04-02 12:01,2026-04-02,212,212,210.8,210.8,870
UPPER,1min,1775110672,2026-04-02 12:02,2026-04-02,210.8,210.8,209,210,6515
UPPER,1min,1775110738,2026-04-02 12:03,2026-04-02,210,210,208,208,4478
UPPER,1min,1775111204,2026-04-02 12:11,2026-04-02,208,208.4,208,208.4,8674
UPPER,1min,1775111264,2026-04-02 12:12,2026-04-02,208.4,209,208.4,209,1957
UPPER,1min,1775111329,2026-04-02 12:13,2026-04-02,209,209,209,209,1100
UPPER,1min,1775111370,2026-04-02 12:14,2026-04-02,209,209,209,209,703
UPPER,1min,1775111439,2026-04-02 12:15,2026-04-02,209,209,208.6,209,1760
UPPER,1min,1775111478,2026-04-02 12:16,2026-04-02,209,209.1,209,209.1,79
UPPER,1min,1775111552,2026-04-02 12:17,2026-04-02,209.1,209.7,209.1,209.7,540
UPPER,1min,1775111631,2026-04-02 12:18,2026-04-02,209.7,209.7,209.7,209.7,20
UPPER,1min,1775111692,2026-04-02 12:19,2026-04-02,209.7,209.8,209.7,209.8,280
UPPER,1min,1775111742,2026-04-02 12:20,2026-04-02,209.8,209.9,209.2,209.9,500
UPPER,1min,1775111810,2026-04-02 12:21,2026-04-02,209.9,210,209.7,210,1465
UPPER,1min,1775111849,2026-04-02 12:22,2026-04-02,210,210.5,210,210.5,430
UPPER,1min,1775111925,2026-04-02 12:23,2026-04-02,210.5,210.5,210,210.4,1350
UPPER,1min,1775111963,2026-04-02 12:24,2026-04-02,210.4,210.4,210,210,137
UPPER,1min,1775112056,2026-04-02 12:25,2026-04-02,210,211,210,211,1380
UPPER,1min,1775112101,2026-04-02 12:26,2026-04-02,211,211,210.3,210.3,44
UPPER,1min,1775112176,2026-04-02 12:27,2026-04-02,210.3,210.9,210.3,210.9,110
UPPER,1min,1775112217,2026-04-02 12:28,2026-04-02,210.9,210.9,210.8,210.8,2560
UPPER,1min,1775112288,2026-04-02 12:29,2026-04-02,210.8,210.8,210.5,210.5,1228
UPPER,1min,1775112359,2026-04-02 12:30,2026-04-02,210.5,211,210.5,211,1860
UPPER,1min,1775112414,2026-04-02 12:31,2026-04-02,211,211,211,211,1600
UPPER,1min,1775112469,2026-04-02 12:32,2026-04-02,211,211.7,211,211,4125
UPPER,1min,1775112525,2026-04-02 12:33,2026-04-02,211,211,210.7,211,596
UPPER,1min,1775112599,2026-04-02 12:34,2026-04-02,211,211,210.8,210.8,1120
UPPER,1min,1775112607,2026-04-02 12:35,2026-04-02,210.8,210.8,210.8,210.8,30
UPPER,1min,1775112708,2026-04-02 12:36,2026-04-02,210.8,211,210.7,211,1402
UPPER,1min,1775112758,2026-04-02 12:37,2026-04-02,211,211,210.5,210.5,550
UPPER,1min,1775112899,2026-04-02 12:39,2026-04-02,210.5,210.9,210.5,210.5,590
UPPER,1min,1775112942,2026-04-02 12:40,2026-04-02,210.5,210.5,210.4,210.5,0
UPPER,1min,1775113005,2026-04-02 12:41,2026-04-02,210.5,210.5,210,210.5,3647
UPPER,1min,1775113045,2026-04-02 12:42,2026-04-02,210.5,210.5,210,210,1010
UPPER,1min,1775113130,2026-04-02 12:43,2026-04-02,210,210,210,210,210
UPPER,1min,1775113184,2026-04-02 12:44,2026-04-02,210,210,210,210,25
UPPER,1min,1775113202,2026-04-02 12:45,2026-04-02,210,210,210,210,580
UPPER,1min,1775113306,2026-04-02 12:46,2026-04-02,210,210.5,210,210.5,735
UPPER,1min,1775113350,2026-04-02 12:47,2026-04-02,210.5,210.5,210.5,210.5,2423
UPPER,1min,1775113431,2026-04-02 12:48,2026-04-02,210.5,211,210.5,210.5,1275
UPPER,1min,1775113471,2026-04-02 12:49,2026-04-02,210.5,211,210.5,211,0
UPPER,1min,1775113546,2026-04-02 12:50,2026-04-02,211,211.1,211,211.1,678
UPPER,1min,1775113613,2026-04-02 12:51,2026-04-02,211.1,211.8,211.1,211.8,1055
UPPER,1min,1775113664,2026-04-02 12:52,2026-04-02,211.8,211.9,211.8,211.9,3610
UPPER,1min,1775113731,2026-04-02 12:53,2026-04-02,211.9,212,211.9,212,2404
UPPER,1min,1775113793,2026-04-02 12:54,2026-04-02,212,212,211,212,13717
UPPER,1min,1775113837,2026-04-02 12:55,2026-04-02,212,212.5,212,212.5,320
UPPER,1min,1775113918,2026-04-02 12:56,2026-04-02,212.5,212.8,212.5,212.5,633
UPPER,1min,1775113974,2026-04-02 12:57,2026-04-02,212.5,213,212.5,213,2408
UPPER,1min,1775114031,2026-04-02 12:58,2026-04-02,213,213,212.8,212.8,1200
UPPER,1min,1775114079,2026-04-02 12:59,2026-04-02,212.8,213,212.8,212.8,1585
UPPER,1min,1775114159,2026-04-02 13:00,2026-04-02,212.8,213,212.5,213,7015
UPPER,1min,1775114208,2026-04-02 13:01,2026-04-02,213,213,212.5,212.5,1040
UPPER,1min,1775114272,2026-04-02 13:02,2026-04-02,212.5,213.1,212.5,213.1,1035
UPPER,1min,1775114336,2026-04-02 13:03,2026-04-02,213.1,213.5,213.1,213.5,643
UPPER,1min,1775114387,2026-04-02 13:04,2026-04-02,213.5,213.5,213,213.5,2910
UPPER,1min,1775114427,2026-04-02 13:05,2026-04-02,213.5,213.5,212.5,212.5,478
UPPER,1min,1775114512,2026-04-02 13:06,2026-04-02,212.5,213.5,212.5,213.5,282
UPPER,1min,1775114568,2026-04-02 13:07,2026-04-02,213.5,213.5,213,213,260
UPPER,1min,1775114639,2026-04-02 13:08,2026-04-02,213,213.5,213,213.5,410
UPPER,1min,1775114663,2026-04-02 13:09,2026-04-02,213.5,213.5,213,213,1550
UPPER,1min,1775114756,2026-04-02 13:10,2026-04-02,213,213,212.5,212.5,928
UPPER,1min,1775114811,2026-04-02 13:11,2026-04-02,212.5,212.5,212,212,2116
UPPER,1min,1775114877,2026-04-02 13:12,2026-04-02,212,212,211,211,8280
UPPER,1min,1775114935,2026-04-02 13:13,2026-04-02,211,211.3,211,211,14248
UPPER,1min,1775114986,2026-04-02 13:14,2026-04-02,211,211,211,211,4160
UPPER,1min,1775115057,2026-04-02 13:15,2026-04-02,211,211,210.1,210.5,155
UPPER,1min,1775115103,2026-04-02 13:16,2026-04-02,210.5,210.5,210,210,3520
UPPER,1min,1775115172,2026-04-02 13:17,2026-04-02,210,210.9,210,210.9,100
UPPER,1min,1775115267,2026-04-02 13:19,2026-04-02,210.9,210.9,210.5,210.5,736
UPPER,1min,1775115343,2026-04-02 13:20,2026-04-02,210.5,210.5,210.1,210.5,1718
UPPER,1min,1775115417,2026-04-02 13:21,2026-04-02,210.5,210.5,210,210.5,2500
UPPER,1min,1775115460,2026-04-02 13:22,2026-04-02,210.5,210.5,210,210.4,720
UPPER,1min,1775115529,2026-04-02 13:23,2026-04-02,210.4,210.4,210,210,325
UPPER,1min,1775115597,2026-04-02 13:24,2026-04-02,210,210.8,210,210.8,3275
UPPER,1min,1775115634,2026-04-02 13:25,2026-04-02,210.8,210.9,210.4,210.5,538
UPPER,1min,1775115714,2026-04-02 13:26,2026-04-02,210.5,211,210.5,211,6196
UPPER,1min,1775115885,2026-04-02 13:29,2026-04-02,211,212.9,211,212.9,290
UPPER,1min,1775115952,2026-04-02 13:30,2026-04-02,212.9,212.9,212,212.9,930
UPPER,1min,1775116017,2026-04-02 13:31,2026-04-02,212.9,213,212.9,213,510
UPPER,1min,1775116032,2026-04-02 13:32,2026-04-02,213,213,213,213,480
UPPER,1min,1775116138,2026-04-02 13:33,2026-04-02,213,213,213,213,599
UPPER,1min,1775116254,2026-04-02 13:35,2026-04-02,213,213,212.5,213,1715
UPPER,1min,1775116297,2026-04-02 13:36,2026-04-02,213,213,212.5,213,500
UPPER,1min,1775116358,2026-04-02 13:37,2026-04-02,213,213,213,213,190
UPPER,1min,1775116420,2026-04-02 13:38,2026-04-02,213,213,212.5,213,1225
UPPER,1min,1775116476,2026-04-02 13:39,2026-04-02,213,213,212.1,212.1,1196
UPPER,1min,1775116605,2026-04-02 13:41,2026-04-02,212.1,213,212.1,213,3230
UPPER,1min,1775116677,2026-04-02 13:42,2026-04-02,213,213,212.5,213,210
UPPER,1min,1775116695,2026-04-02 13:43,2026-04-02,213,213,213,213,765
UPPER,1min,1775116769,2026-04-02 13:44,2026-04-02,213,213,213,213,2484
UPPER,1min,1775116848,2026-04-02 13:45,2026-04-02,213,213,213,213,65
UPPER,1min,1775116902,2026-04-02 13:46,2026-04-02,213,213.3,213,213,0
UPPER,1min,1775116979,2026-04-02 13:47,2026-04-02,213,213.3,213,213,6191
UPPER,1min,1775117035,2026-04-02 13:48,2026-04-02,213,213,212,212,0
UPPER,1min,1775117072,2026-04-02 13:49,2026-04-02,212,212,212,212,4733
UPPER,1min,1775117110,2026-04-02 13:50,2026-04-02,212,212,211.5,211.5,100
UPPER,1min,1775117192,2026-04-02 13:51,2026-04-02,211.5,211.9,211,211,4510
UPPER,1min,1775117276,2026-04-02 13:52,2026-04-02,211,211.5,210.6,211.5,111
UPPER,1min,1775117299,2026-04-02 13:53,2026-04-02,211.5,211.5,211.5,211.5,50
UPPER,1min,1775117515,2026-04-02 13:56,2026-04-02,211.5,211.5,210,210,1030
UPPER,1min,1775117579,2026-04-02 13:57,2026-04-02,210,210,210,210,2700
UPPER,1min,1775117602,2026-04-02 13:58,2026-04-02,210,210,210,210,173
UPPER,1min,1775117685,2026-04-02 13:59,2026-04-02,210,210,209.8,210,425
UPPER,1min,1775117758,2026-04-02 14:00,2026-04-02,210,210,209,209,5344
UPPER,1min,1775117797,2026-04-02 14:01,2026-04-02,209,209,209,209,2832
UPPER,1min,1775117838,2026-04-02 14:02,2026-04-02,209,209,209,209,112
UPPER,1min,1775117895,2026-04-02 14:03,2026-04-02,209,209,209,209,31
UPPER,1min,1775117975,2026-04-02 14:04,2026-04-02,209,209,208.8,208.8,0
UPPER,1min,1775118038,2026-04-02 14:05,2026-04-02,208.8,209,208.5,208.5,2510
UPPER,1min,1775118086,2026-04-02 14:06,2026-04-02,208.5,208.5,208.3,208.3,2429
UPPER,1min,1775118135,2026-04-02 14:07,2026-04-02,208.3,208.3,208.3,208.3,500
UPPER,1min,1775118221,2026-04-02 14:08,2026-04-02,208.3,209,208.3,209,312
UPPER,1min,1775118287,2026-04-02 14:09,2026-04-02,209,209.3,208.3,209,4960
UPPER,1min,1775118348,2026-04-02 14:10,2026-04-02,209,209,208,208,4290
UPPER,1min,1775118405,2026-04-02 14:11,2026-04-02,208,209,208,208,1700
UPPER,1min,1775118454,2026-04-02 14:12,2026-04-02,208,209,208,209,231
UPPER,1min,1775118536,2026-04-02 14:13,2026-04-02,209,209,209,209,0
UPPER,1min,1775118571,2026-04-02 14:14,2026-04-02,209,209,208,208,0
UPPER,1min,1775118650,2026-04-02 14:15,2026-04-02,208,209,208,208,6334
UPPER,1min,1775118694,2026-04-02 14:16,2026-04-02,208,209.1,208,208,1020
UPPER,1min,1775118772,2026-04-02 14:17,2026-04-02,208,209,208,208.5,2125
UPPER,1min,1775118817,2026-04-02 14:18,2026-04-02,208.5,208.5,208,208.5,1070
UPPER,1min,1775118885,2026-04-02 14:19,2026-04-02,208.5,208.5,208,208,3297
UPPER,1min,1775118945,2026-04-02 14:20,2026-04-02,208,209,207.5,209,3000
UPPER,1min,1775119017,2026-04-02 14:21,2026-04-02,209,209,209,209,2125
UPPER,1min,1775119079,2026-04-02 14:22,2026-04-02,209,209,209,209,1040
UPPER,1min,1775119136,2026-04-02 14:23,2026-04-02,209,209,209,209,480
UPPER,1min,1775119246,2026-04-02 14:25,2026-04-02,209,209,208,208,6950
UPPER,1min,1775119307,2026-04-02 14:26,2026-04-02,208,209,208,209,1500
UPPER,1min,1775119370,2026-04-02 14:27,2026-04-02,209,209,209,209,890
UPPER,1min,1775119421,2026-04-02 14:28,2026-04-02,209,209,208.5,208.5,1000
UPPER,1min,1775119484,2026-04-02 14:29,2026-04-02,208.5,209,208.5,209,145
UPPER,1min,1775119559,2026-04-02 14:30,2026-04-02,209,209,209,209,5952
UPPER,1min,1775119602,2026-04-02 14:31,2026-04-02,209,209.5,209,209.5,1300
UPPER,1min,1775119675,2026-04-02 14:32,2026-04-02,209.5,210,209.5,210,2080
UPPER,1min,1775119718,2026-04-02 14:33,2026-04-02,210,210,210,210,500
UPPER,1min,1775119787,2026-04-02 14:34,2026-04-02,210,210,210,210,2910
UPPER,1min,1775119908,2026-04-02 14:36,2026-04-02,210,210.1,210,210.1,800
UPPER,1min,1775119967,2026-04-02 14:37,2026-04-02,210.1,210.5,210.1,210.5,2490
UPPER,1min,1775120032,2026-04-02 14:38,2026-04-02,210.5,211.8,210.5,211.8,1500
UPPER,1min,1775120090,2026-04-02 14:39,2026-04-02,211.8,211.8,211,211,612
UPPER,1min,1775120150,2026-04-02 14:40,2026-04-02,211,211,211,211,131
UPPER,1min,1775120214,2026-04-02 14:41,2026-04-02,211,211,210.1,210.1,2774
UPPER,1min,1775120241,2026-04-02 14:42,2026-04-02,210.1,210.1,210,210,1834
UPPER,1min,1775120332,2026-04-02 14:43,2026-04-02,210,210,209.5,209.5,160
UPPER,1min,1775120393,2026-04-02 14:44,2026-04-02,209.5,209.5,209,209.5,465
UPPER,1min,1775120459,2026-04-02 14:45,2026-04-02,209.5,209.5,208,209.1,15445
UPPER,1min,1775120492,2026-04-02 14:46,2026-04-02,209.1,209.1,209.1,209.1,100
UPPER,1min,1775120556,2026-04-02 14:47,2026-04-02,209.1,209.1,208,208,1776
UPPER,1min,1775120639,2026-04-02 14:48,2026-04-02,208,209,208,209,720
UPPER,1min,1775120696,2026-04-02 14:49,2026-04-02,209,209,207.9,208,1040
UPPER,1min,1775120758,2026-04-02 14:50,2026-04-02,208,208,207.9,207.9,3411
UPPER,1min,1775120801,2026-04-02 14:51,2026-04-02,207.9,207.9,207.4,207.9,1290
UPPER,1min,1775120865,2026-04-02 14:52,2026-04-02,207.9,208,207.5,208,1020
UPPER,1min,1775120930,2026-04-02 14:53,2026-04-02,208,208,208,208,3346
UPPER,1min,1775120979,2026-04-02 14:54,2026-04-02,208,208,207.5,207.9,1160
UPPER,1min,1775121047,2026-04-02 14:55,2026-04-02,207.9,208,207.9,207.9,4545
UPPER,1min,1775121115,2026-04-02 14:56,2026-04-02,207.9,208,207.9,208,0
UPPER,1min,1775121178,2026-04-02 14:57,2026-04-02,208,208,207.9,208,14147
UPPER,1min,1775121237,2026-04-02 14:58,2026-04-02,208,208,207.9,208,6913
UPPER,1min,1775121299,2026-04-02 14:59,2026-04-02,208,208,207.9,208,10084
UPPER,1min,1775366159,2026-04-05 11:00,2026-04-05,208,208,205.1,205.1,96
UPPER,1min,1775366215,2026-04-05 11:01,2026-04-05,205.1,205.1,205,205,2725
UPPER,1min,1775366241,2026-04-05 11:02,2026-04-05,205,205,203.9,203.9,1900
UPPER,1min,1775366329,2026-04-05 11:03,2026-04-05,203.9,203.9,200,201,4602
UPPER,1min,1775366387,2026-04-05 11:04,2026-04-05,201,203,200.1,200.1,2993
UPPER,1min,1775366435,2026-04-05 11:05,2026-04-05,200.1,201,200.1,200.1,2059
UPPER,1min,1775366463,2026-04-05 11:06,2026-04-05,200.1,201,200.1,201,614
UPPER,1min,1775366573,2026-04-05 11:07,2026-04-05,201,202,200.4,201.2,5830
UPPER,1min,1775366630,2026-04-05 11:08,2026-04-05,201.2,202,201,202,4282
UPPER,1min,1775366694,2026-04-05 11:09,2026-04-05,202,204,202,202.5,4260
UPPER,1min,1775366743,2026-04-05 11:10,2026-04-05,202.5,205,202.5,203,721
UPPER,1min,1775366814,2026-04-05 11:11,2026-04-05,203,205,203,205,1605
UPPER,1min,1775366877,2026-04-05 11:12,2026-04-05,205,206,204,205.1,1209
UPPER,1min,1775366934,2026-04-05 11:13,2026-04-05,205.1,206,205.1,206,1157
UPPER,1min,1775366992,2026-04-05 11:14,2026-04-05,206,206,205,205,3310
UPPER,1min,1775367048,2026-04-05 11:15,2026-04-05,205,205,203,203,6423
UPPER,1min,1775367117,2026-04-05 11:16,2026-04-05,203,204,203,204,2303
UPPER,1min,1775367159,2026-04-05 11:17,2026-04-05,204,205,204,204.1,1000
UPPER,1min,1775367238,2026-04-05 11:18,2026-04-05,204.1,205,204.1,205,760
UPPER,1min,1775367281,2026-04-05 11:19,2026-04-05,205,205.9,205,205.9,270
UPPER,1min,1775367300,2026-04-05 11:20,2026-04-05,205.9,209,205.9,209,10000
UPPER,1min,1775367407,2026-04-05 11:21,2026-04-05,209,209,208.9,208.9,700
UPPER,1min,1775367428,2026-04-05 11:22,2026-04-05,208.9,208.9,208.9,208.9,60
UPPER,1min,1775367534,2026-04-05 11:23,2026-04-05,208.9,209,208.9,209,1104
UPPER,1min,1775367596,2026-04-05 11:24,2026-04-05,209,209,208,208,10
UPPER,1min,1775367658,2026-04-05 11:25,2026-04-05,208,208.5,207,208,1702
UPPER,1min,1775367711,2026-04-05 11:26,2026-04-05,208,208,208,208,198
UPPER,1min,1775367725,2026-04-05 11:27,2026-04-05,208,208,207.5,207.5,100
UPPER,1min,1775367837,2026-04-05 11:28,2026-04-05,207.5,208,207.5,208,1945
UPPER,1min,1775367885,2026-04-05 11:29,2026-04-05,208,208,206.5,206.5,2799
UPPER,1min,1775367937,2026-04-05 11:30,2026-04-05,206.5,207,206,206,3431
UPPER,1min,1775368007,2026-04-05 11:31,2026-04-05,206,206,204.8,206,3637
UPPER,1min,1775368079,2026-04-05 11:32,2026-04-05,206,206,204.8,204.8,926
UPPER,1min,1775368127,2026-04-05 11:33,2026-04-05,204.8,205,204.8,205,310
UPPER,1min,1775368191,2026-04-05 11:34,2026-04-05,205,205,204,204,50
UPPER,1min,1775368254,2026-04-05 11:35,2026-04-05,204,204,204,204,4593
UPPER,1min,1775368307,2026-04-05 11:36,2026-04-05,204,204,204,204,460
UPPER,1min,1775368362,2026-04-05 11:37,2026-04-05,204,204,203,203,2046
UPPER,1min,1775368438,2026-04-05 11:38,2026-04-05,203,204,203,204,3175
UPPER,1min,1775368493,2026-04-05 11:39,2026-04-05,204,204,204,204,780
UPPER,1min,1775368512,2026-04-05 11:40,2026-04-05,204,204,204,204,230
UPPER,1min,1775368616,2026-04-05 11:41,2026-04-05,204,205,204,205,260
UPPER,1min,1775368625,2026-04-05 11:42,2026-04-05,205,205,205,205,50
UPPER,1min,1775368734,2026-04-05 11:43,2026-04-05,205,205,204,204,1255
UPPER,1min,1775368759,2026-04-05 11:44,2026-04-05,204,204,204,204,40
UPPER,1min,1775368857,2026-04-05 11:45,2026-04-05,204,204,203.2,204,650
UPPER,1min,1775368916,2026-04-05 11:46,2026-04-05,204,204,204,204,310
UPPER,1min,1775368975,2026-04-05 11:47,2026-04-05,204,204,203,204,2020
UPPER,1min,1775369010,2026-04-05 11:48,2026-04-05,204,204,203.5,203.5,162
UPPER,1min,1775369078,2026-04-05 11:49,2026-04-05,203.5,203.6,203.5,203.6,310
UPPER,1min,1775369149,2026-04-05 11:50,2026-04-05,203.6,204.5,203.6,204.5,228
UPPER,1min,1775369202,2026-04-05 11:51,2026-04-05,204.5,204.9,203.1,203.1,4427
UPPER,1min,1775369266,2026-04-05 11:52,2026-04-05,203.1,203.5,203.1,203.5,1000
UPPER,1min,1775369333,2026-04-05 11:53,2026-04-05,203.5,203.5,203,203.1,6850
UPPER,1min,1775369394,2026-04-05 11:54,2026-04-05,203.1,204,203,204,1290
UPPER,1min,1775369456,2026-04-05 11:55,2026-04-05,204,204,203.2,203.2,2084
UPPER,1min,1775369516,2026-04-05 11:56,2026-04-05,203.2,204.9,203.2,203.5,200
UPPER,1min,1775369553,2026-04-05 11:57,2026-04-05,203.5,203.5,203.2,203.5,3382
UPPER,1min,1775369639,2026-04-05 11:58,2026-04-05,203.5,204,203.5,204,2085
UPPER,1min,1775369677,2026-04-05 11:59,2026-04-05,204,204.5,204,204.5,392
UPPER,1min,1775369748,2026-04-05 12:00,2026-04-05,204.5,205,204.5,205,930
UPPER,1min,1775369796,2026-04-05 12:01,2026-04-05,205,205,205,205,1085
UPPER,1min,1775369879,2026-04-05 12:02,2026-04-05,205,205,204.6,205,3406
UPPER,1min,1775369918,2026-04-05 12:03,2026-04-05,205,205,204.6,205,1306
UPPER,1min,1775369976,2026-04-05 12:04,2026-04-05,205,205,204.6,204.9,410
UPPER,1min,1775370053,2026-04-05 12:05,2026-04-05,204.9,205,204.6,205,860
UPPER,1min,1775370116,2026-04-05 12:06,2026-04-05,205,205,205,205,50
UPPER,1min,1775370171,2026-04-05 12:07,2026-04-05,205,205,204.6,204.6,158
UPPER,1min,1775370182,2026-04-05 12:08,2026-04-05,204.6,205,204.6,205,904
UPPER,1min,1775370254,2026-04-05 12:09,2026-04-05,205,205,205,205,695
UPPER,1min,1775370309,2026-04-05 12:10,2026-04-05,205,205,204.6,204.6,174
UPPER,1min,1775370394,2026-04-05 12:11,2026-04-05,204.6,204.6,204.6,204.6,2285
UPPER,1min,1775370523,2026-04-05 12:13,2026-04-05,204.6,205,204.6,204.7,1330
UPPER,1min,1775370598,2026-04-05 12:14,2026-04-05,204.7,204.7,204.6,204.6,1700
UPPER,1min,1775370638,2026-04-05 12:15,2026-04-05,204.6,205,204.6,204.7,1053
UPPER,1min,1775370718,2026-04-05 12:16,2026-04-05,204.7,204.7,204.7,204.7,1705
UPPER,1min,1775370772,2026-04-05 12:17,2026-04-05,204.7,205,204.7,204.7,380
UPPER,1min,1775370833,2026-04-05 12:18,2026-04-05,204.7,205,204.7,204.7,230
UPPER,1min,1775370870,2026-04-05 12:19,2026-04-05,204.7,205,204.6,205,165
UPPER,1min,1775370957,2026-04-05 12:20,2026-04-05,205,205,204.6,205,418
UPPER,1min,1775371012,2026-04-05 12:21,2026-04-05,205,205,205,205,17
UPPER,1min,1775371043,2026-04-05 12:22,2026-04-05,205,205,204.5,204.5,368
UPPER,1min,1775371131,2026-04-05 12:23,2026-04-05,204.5,204.5,204.2,204.2,340
UPPER,1min,1775371141,2026-04-05 12:24,2026-04-05,204.2,204.2,204.2,204.2,611
UPPER,1min,1775371236,2026-04-05 12:25,2026-04-05,204.2,204.2,204,204,2274
UPPER,1min,1775371302,2026-04-05 12:26,2026-04-05,204,204,204,204,2148
UPPER,1min,1775371345,2026-04-05 12:27,2026-04-05,204,204,204,204,68
UPPER,1min,1775371395,2026-04-05 12:28,2026-04-05,204,204,204,204,539
UPPER,1min,1775371458,2026-04-05 12:29,2026-04-05,204,204,204,204,904
UPPER,1min,1775371543,2026-04-05 12:30,2026-04-05,204,204,203.6,203.6,186
UPPER,1min,1775371573,2026-04-05 12:31,2026-04-05,203.6,203.9,203.6,203.9,0
UPPER,1min,1775371666,2026-04-05 12:32,2026-04-05,203.9,203.9,203,203,4847
UPPER,1min,1775371793,2026-04-05 12:34,2026-04-05,203,203.1,203,203.1,573
UPPER,1min,1775371854,2026-04-05 12:35,2026-04-05,203.1,203.8,203,203.8,2427
UPPER,1min,1775371911,2026-04-05 12:36,2026-04-05,203.8,203.8,203.1,203.1,60
UPPER,1min,1775371977,2026-04-05 12:37,2026-04-05,203.1,203.8,203.1,203.8,60
UPPER,1min,1775372027,2026-04-05 12:38,2026-04-05,203.8,203.8,203.1,203.1,1080
UPPER,1min,1775372091,2026-04-05 12:39,2026-04-05,203.1,203.1,203,203.1,2020
UPPER,1min,1775372151,2026-04-05 12:40,2026-04-05,203.1,203.1,202.5,203,8192
UPPER,1min,1775372206,2026-04-05 12:41,2026-04-05,203,203,202.5,202.5,1947
UPPER,1min,1775372268,2026-04-05 12:42,2026-04-05,202.5,202.5,202.3,202.3,200
UPPER,1min,1775372335,2026-04-05 12:43,2026-04-05,202.3,202.3,202,202,12196
UPPER,1min,1775372398,2026-04-05 12:44,2026-04-05,202,202.2,202,202,153
UPPER,1min,1775372459,2026-04-05 12:45,2026-04-05,202,202,202,202,8040
UPPER,1min,1775372508,2026-04-05 12:46,2026-04-05,202,202.2,202,202.1,277
UPPER,1min,1775372558,2026-04-05 12:47,2026-04-05,202.1,202.1,201.9,201.9,914
UPPER,1min,1775372611,2026-04-05 12:48,2026-04-05,201.9,202,201.9,201.9,357
UPPER,1min,1775372676,2026-04-05 12:49,2026-04-05,201.9,202.2,201.6,201.6,2389
UPPER,1min,1775372747,2026-04-05 12:50,2026-04-05,201.6,202.2,201,201,115
UPPER,1min,1775372806,2026-04-05 12:51,2026-04-05,201,201,201,201,12187
UPPER,1min,1775372862,2026-04-05 12:52,2026-04-05,201,201.1,201,201.1,1008
UPPER,1min,1775372924,2026-04-05 12:53,2026-04-05,201.1,202,201.1,202,197
UPPER,1min,1775372969,2026-04-05 12:54,2026-04-05,202,202,202,202,60
UPPER,1min,1775373039,2026-04-05 12:55,2026-04-05,202,202,200.9,200.9,3457
UPPER,1min,1775373110,2026-04-05 12:56,2026-04-05,200.9,201,200.9,200.9,964
UPPER,1min,1775373148,2026-04-05 12:57,2026-04-05,200.9,201,200.9,201,312
UPPER,1min,1775373207,2026-04-05 12:58,2026-04-05,201,201.5,201,201,624
UPPER,1min,1775373277,2026-04-05 12:59,2026-04-05,201,201.5,201,201.4,703
UPPER,1min,1775373347,2026-04-05 13:00,2026-04-05,201.4,201.4,201,201.1,60
UPPER,1min,1775373402,2026-04-05 13:01,2026-04-05,201.1,202,201.1,202,1666
UPPER,1min,1775373458,2026-04-05 13:02,2026-04-05,202,202.2,202,202.2,333
UPPER,1min,1775373533,2026-04-05 13:03,2026-04-05,202.2,202.2,201.3,201.3,941
UPPER,1min,1775373573,2026-04-05 13:04,2026-04-05,201.3,202,201.3,202,651
UPPER,1min,1775373659,2026-04-05 13:05,2026-04-05,202,202,201.5,201.5,1370
UPPER,1min,1775373682,2026-04-05 13:06,2026-04-05,201.5,201.5,201.1,201.1,100
UPPER,1min,1775373776,2026-04-05 13:07,2026-04-05,201.1,201.9,201.1,201.9,1000
UPPER,1min,1775373805,2026-04-05 13:08,2026-04-05,201.9,201.9,201.1,201.1,2082
UPPER,1min,1775373896,2026-04-05 13:09,2026-04-05,201.1,201.1,200.9,200.9,4930
UPPER,1min,1775373959,2026-04-05 13:10,2026-04-05,200.9,200.9,200.8,200.8,3215
UPPER,1min,1775374000,2026-04-05 13:11,2026-04-05,200.8,200.8,200.6,200.6,3060
UPPER,1min,1775374079,2026-04-05 13:12,2026-04-05,200.6,200.8,200.2,200.7,3575
UPPER,1min,1775374131,2026-04-05 13:13,2026-04-05,200.7,200.7,200.1,200.1,9785
UPPER,1min,1775374199,2026-04-05 13:14,2026-04-05,200.1,200.2,200,200,6820
UPPER,1min,1775374234,2026-04-05 13:15,2026-04-05,200,200.1,200,200.1,3498
UPPER,1min,1775374301,2026-04-05 13:16,2026-04-05,200.1,200.3,200,200.1,40020
UPPER,1min,1775374371,2026-04-05 13:17,2026-04-05,200.1,200.9,200.1,200.9,455
UPPER,1min,1775374438,2026-04-05 13:18,2026-04-05,200.9,200.9,200.1,200.1,1220
UPPER,1min,1775374470,2026-04-05 13:19,2026-04-05,200.1,200.9,200.1,200.9,500
UPPER,1min,1775374551,2026-04-05 13:20,2026-04-05,200.9,200.9,200,200,10606
UPPER,1min,1775374613,2026-04-05 13:21,2026-04-05,200,200.8,200,200.8,5502
UPPER,1min,1775374677,2026-04-05 13:22,2026-04-05,200.8,200.8,200,200.1,2892
UPPER,1min,1775374720,2026-04-05 13:23,2026-04-05,200.1,200.1,200,200.1,1971
UPPER,1min,1775374758,2026-04-05 13:24,2026-04-05,200.1,200.2,200.1,200.1,3100
UPPER,1min,1775374857,2026-04-05 13:25,2026-04-05,200.1,200.2,200,200.1,3839
UPPER,1min,1775374895,2026-04-05 13:26,2026-04-05,200.1,200.1,200,200,756
UPPER,1min,1775374977,2026-04-05 13:27,2026-04-05,200,200.5,200,200.5,3075
UPPER,1min,1775375020,2026-04-05 13:28,2026-04-05,200.5,200.5,200,200.5,1495
UPPER,1min,1775375085,2026-04-05 13:29,2026-04-05,200.5,200.5,200,200.1,12199
UPPER,1min,1775375159,2026-04-05 13:30,2026-04-05,200.1,200.1,199,199,835
UPPER,1min,1775375212,2026-04-05 13:31,2026-04-05,199,199.1,199,199,2748
UPPER,1min,1775375277,2026-04-05 13:32,2026-04-05,199,200,199,200,600
UPPER,1min,1775375334,2026-04-05 13:33,2026-04-05,200,200,199.1,200,1865
UPPER,1min,1775375396,2026-04-05 13:34,2026-04-05,200,200,200,200,5107
UPPER,1min,1775375446,2026-04-05 13:35,2026-04-05,200,200,199,199,1633
UPPER,1min,1775375513,2026-04-05 13:36,2026-04-05,199,200,199,200,1309
UPPER,1min,1775375560,2026-04-05 13:37,2026-04-05,200,200,200,200,2819
UPPER,1min,1775375634,2026-04-05 13:38,2026-04-05,200,200.1,200,200,2279
UPPER,1min,1775375687,2026-04-05 13:39,2026-04-05,200,200.8,200,200.8,3917
UPPER,1min,1775375759,2026-04-05 13:40,2026-04-05,200.8,200.8,200,200.8,2240
UPPER,1min,1775375815,2026-04-05 13:41,2026-04-05,200.8,200.8,200.2,200.2,110
UPPER,1min,1775375872,2026-04-05 13:42,2026-04-05,200.2,200.8,200.2,200.2,3763
UPPER,1min,1775375924,2026-04-05 13:43,2026-04-05,200.2,201,200,201,1466
UPPER,1min,1775375991,2026-04-05 13:44,2026-04-05,201,201.1,201,201.1,790
UPPER,1min,1775376057,2026-04-05 13:45,2026-04-05,201.1,201.5,200,201,4145
UPPER,1min,1775376091,2026-04-05 13:46,2026-04-05,201,202.2,201,202.2,4066
UPPER,1min,1775376174,2026-04-05 13:47,2026-04-05,202.2,203,202.2,202.9,350
UPPER,1min,1775376219,2026-04-05 13:48,2026-04-05,202.9,202.9,202,202,0
UPPER,1min,1775376295,2026-04-05 13:49,2026-04-05,202,202.9,202,202.9,3790
UPPER,1min,1775376355,2026-04-05 13:50,2026-04-05,202.9,203,202.2,203,40
UPPER,1min,1775376419,2026-04-05 13:51,2026-04-05,203,203.9,203,203,4355
UPPER,1min,1775376468,2026-04-05 13:52,2026-04-05,203,203,203,203,595
UPPER,1min,1775376528,2026-04-05 13:53,2026-04-05,203,203.5,203,203.5,186
UPPER,1min,1775376597,2026-04-05 13:54,2026-04-05,203.5,203.5,203,203.5,870
UPPER,1min,1775376636,2026-04-05 13:55,2026-04-05,203.5,203.5,203,203.5,291
UPPER,1min,1775376700,2026-04-05 13:56,2026-04-05,203.5,204,203.5,204,396
UPPER,1min,1775376772,2026-04-05 13:57,2026-04-05,204,204,204,204,1590
UPPER,1min,1775376793,2026-04-05 13:58,2026-04-05,204,204,203.5,203.5,360
UPPER,1min,1775376879,2026-04-05 13:59,2026-04-05,203.5,203.9,203,203,3616
UPPER,1min,1775376953,2026-04-05 14:00,2026-04-05,203,203,203,203,373
UPPER,1min,1775376987,2026-04-05 14:01,2026-04-05,203,203,203,203,1500
UPPER,1min,1775377074,2026-04-05 14:02,2026-04-05,203,203.8,202,202,1755
UPPER,1min,1775377129,2026-04-05 14:03,2026-04-05,202,203,202,202,1730
UPPER,1min,1775377172,2026-04-05 14:04,2026-04-05,202,202,201,202,0
UPPER,1min,1775377240,2026-04-05 14:05,2026-04-05,202,202,202,202,11310
UPPER,1min,1775377319,2026-04-05 14:06,2026-04-05,202,202,202,202,8190
UPPER,1min,1775377355,2026-04-05 14:07,2026-04-05,202,202,201,202,625
UPPER,1min,1775377492,2026-04-05 14:09,2026-04-05,202,202,200,202,936
UPPER,1min,1775377544,2026-04-05 14:10,2026-04-05,202,202,202,202,42
UPPER,1min,1775377594,2026-04-05 14:11,2026-04-05,202,202,200.2,200.5,0
UPPER,1min,1775377651,2026-04-05 14:12,2026-04-05,200.5,201.8,200.5,201.8,680
UPPER,1min,1775377721,2026-04-05 14:13,2026-04-05,201.8,201.8,200,201.8,2840
UPPER,1min,1775377798,2026-04-05 14:14,2026-04-05,201.8,201.8,200,200,4176
UPPER,1min,1775377852,2026-04-05 14:15,2026-04-05,200,200,199.6,199.6,481
UPPER,1min,1775377906,2026-04-05 14:16,2026-04-05,199.6,199.9,199.5,199.9,632
UPPER,1min,1775377968,2026-04-05 14:17,2026-04-05,199.9,200,199.9,200,1212
UPPER,1min,1775378033,2026-04-05 14:18,2026-04-05,200,200.2,200,200.2,650
UPPER,1min,1775378077,2026-04-05 14:19,2026-04-05,200.2,200.2,200.2,200.2,80
UPPER,1min,1775378102,2026-04-05 14:20,2026-04-05,200.2,201.8,200.2,201.8,100
UPPER,1min,1775378197,2026-04-05 14:21,2026-04-05,201.8,201.8,200.9,200.9,57
UPPER,1min,1775378252,2026-04-05 14:22,2026-04-05,200.9,200.9,200.5,200.5,248
UPPER,1min,1775378298,2026-04-05 14:23,2026-04-05,200.5,200.5,200.5,200.5,52
UPPER,1min,1775378374,2026-04-05 14:24,2026-04-05,200.5,200.5,200.3,200.3,840
UPPER,1min,1775378435,2026-04-05 14:25,2026-04-05,200.3,201,200.3,201,1091
UPPER,1min,1775378502,2026-04-05 14:26,2026-04-05,201,201,200.3,200.3,540
UPPER,1min,1775378578,2026-04-05 14:27,2026-04-05,200.3,201,200,200,4801
UPPER,1min,1775378625,2026-04-05 14:28,2026-04-05,200,200,200,200,1910
UPPER,1min,1775378689,2026-04-05 14:29,2026-04-05,200,201,200,200,769
UPPER,1min,1775378753,2026-04-05 14:30,2026-04-05,200,201,200,200.1,285
UPPER,1min,1775378818,2026-04-05 14:31,2026-04-05,200.1,200.2,200.1,200.2,450
UPPER,1min,1775378877,2026-04-05 14:32,2026-04-05,200.2,200.9,200,200.5,3215
UPPER,1min,1775378929,2026-04-05 14:33,2026-04-05,200.5,200.5,199.9,199.9,4635
UPPER,1min,1775378997,2026-04-05 14:34,2026-04-05,199.9,200,199.3,199.3,1875
UPPER,1min,1775379028,2026-04-05 14:35,2026-04-05,199.3,200,199.3,200,0
UPPER,1min,1775379063,2026-04-05 14:36,2026-04-05,200,200,199.2,199.2,80
UPPER,1min,1775379169,2026-04-05 14:37,2026-04-05,199.2,199.9,199.1,199.1,2051
UPPER,1min,1775379239,2026-04-05 14:38,2026-04-05,199.1,199.1,199,199,2000
UPPER,1min,1775379290,2026-04-05 14:39,2026-04-05,199,200,199,200,6435
UPPER,1min,1775379346,2026-04-05 14:40,2026-04-05,200,200,199,199,400
UPPER,1min,1775379401,2026-04-05 14:41,2026-04-05,199,200,199,200,2225
UPPER,1min,1775379477,2026-04-05 14:42,2026-04-05,200,200,199.1,199.1,900
UPPER,1min,1775379527,2026-04-05 14:43,2026-04-05,199.1,200,199.1,200,3573
UPPER,1min,1775379584,2026-04-05 14:44,2026-04-05,200,200,199.1,199.5,955
UPPER,1min,1775379630,2026-04-05 14:45,2026-04-05,199.5,199.9,199,199,1011
UPPER,1min,1775379697,2026-04-05 14:46,2026-04-05,199,199.9,199,199,3465
UPPER,1min,1775379720,2026-04-05 14:47,2026-04-05,199,199,199,199,500
UPPER,1min,1775379835,2026-04-05 14:48,2026-04-05,199,199.5,199,199.5,5332
UPPER,1min,1775379880,2026-04-05 14:49,2026-04-05,199.5,199.5,199,199,5916
UPPER,1min,1775379959,2026-04-05 14:50,2026-04-05,199,199,199,199,1187
UPPER,1min,1775380018,2026-04-05 14:51,2026-04-05,199,199,199,199,2165
UPPER,1min,1775380077,2026-04-05 14:52,2026-04-05,199,199,198.7,198.7,4852
UPPER,1min,1775380125,2026-04-05 14:53,2026-04-05,198.7,199,198.5,198.6,4706
UPPER,1min,1775380193,2026-04-05 14:54,2026-04-05,198.6,198.6,198.5,198.5,5394
UPPER,1min,1775380259,2026-04-05 14:55,2026-04-05,198.5,198.5,198.4,198.5,2558
UPPER,1min,1775380308,2026-04-05 14:56,2026-04-05,198.5,198.6,198.5,198.5,302
UPPER,1min,1775380378,2026-04-05 14:57,2026-04-05,198.5,198.6,198,198.5,14194
UPPER,1min,1775380439,2026-04-05 14:58,2026-04-05,198.5,198.9,198.5,198.6,3334
UPPER,1min,1775380499,2026-04-05 14:59,2026-04-05,198.6,198.9,198.5,198.6,5031
UPPER,1min,1775452500,2026-04-06 11:00,2026-04-06,194.7,194.7,194.7,194.7,10
UPPER,1min,1775452613,2026-04-06 11:01,2026-04-06,194.7,198.5,194.7,198.5,10
UPPER,1min,1775452669,2026-04-06 11:02,2026-04-06,198.5,198.5,198,198,1096
UPPER,1min,1775452732,2026-04-06 11:03,2026-04-06,198,201.8,198,200,2300
UPPER,1min,1775452793,2026-04-06 11:04,2026-04-06,200,201.8,200,201.8,1730
UPPER,1min,1775452843,2026-04-06 11:05,2026-04-06,201.8,204,200.1,204,200
UPPER,1min,1775452919,2026-04-06 11:06,2026-04-06,204,204,201.8,203.9,11220
UPPER,1min,1775452965,2026-04-06 11:07,2026-04-06,203.9,204,203.9,203.9,980
UPPER,1min,1775453035,2026-04-06 11:08,2026-04-06,203.9,204,203,203,4158
UPPER,1min,1775453095,2026-04-06 11:09,2026-04-06,203,204,203,203.3,2052
UPPER,1min,1775453155,2026-04-06 11:10,2026-04-06,203.3,204,203.3,204,3803
UPPER,1min,1775453219,2026-04-06 11:11,2026-04-06,204,206,204,206,8630
UPPER,1min,1775453277,2026-04-06 11:12,2026-04-06,206,207,205.9,207,3195
UPPER,1min,1775453324,2026-04-06 11:13,2026-04-06,207,207,206.9,207,3875
UPPER,1min,1775453393,2026-04-06 11:14,2026-04-06,207,207,206,206,848
UPPER,1min,1775453446,2026-04-06 11:15,2026-04-06,206,207.9,205,206.4,11513
UPPER,1min,1775453515,2026-04-06 11:16,2026-04-06,206.4,207,206.4,207,1095
UPPER,1min,1775453574,2026-04-06 11:17,2026-04-06,207,207,205,205,5461
UPPER,1min,1775453635,2026-04-06 11:18,2026-04-06,205,205,203,203,6982
UPPER,1min,1775453697,2026-04-06 11:19,2026-04-06,203,203,201,201,9683
UPPER,1min,1775453754,2026-04-06 11:20,2026-04-06,201,201,200.8,201,10076
UPPER,1min,1775453809,2026-04-06 11:21,2026-04-06,201,201,200.3,200.4,6182
UPPER,1min,1775453873,2026-04-06 11:22,2026-04-06,200.4,200.4,200.3,200.4,3460
UPPER,1min,1775453901,2026-04-06 11:23,2026-04-06,200.4,201,200.4,201,1866
UPPER,1min,1775453996,2026-04-06 11:24,2026-04-06,201,202,201,201.1,1350
UPPER,1min,1775454053,2026-04-06 11:25,2026-04-06,201.1,202.9,201.1,202.9,2480
UPPER,1min,1775454103,2026-04-06 11:26,2026-04-06,202.9,202.9,202,202.9,5829
UPPER,1min,1775454179,2026-04-06 11:27,2026-04-06,202.9,203,202.1,203,3572
UPPER,1min,1775454232,2026-04-06 11:28,2026-04-06,203,205,203,204,783
UPPER,1min,1775454291,2026-04-06 11:29,2026-04-06,204,205,204,205,4040
UPPER,1min,1775454355,2026-04-06 11:30,2026-04-06,205,205,204,204,2961
UPPER,1min,1775454368,2026-04-06 11:31,2026-04-06,204,205,204,205,2070
UPPER,1min,1775454469,2026-04-06 11:32,2026-04-06,205,206.9,205,206.9,5588
UPPER,1min,1775454528,2026-04-06 11:33,2026-04-06,206.9,207,206.9,206.9,3655
UPPER,1min,1775454593,2026-04-06 11:34,2026-04-06,206.9,206.9,206,206,1625
UPPER,1min,1775454653,2026-04-06 11:35,2026-04-06,206,206.5,206,206.5,2350
UPPER,1min,1775454704,2026-04-06 11:36,2026-04-06,206.5,207,206.5,207,3230
UPPER,1min,1775454775,2026-04-06 11:37,2026-04-06,207,207,206.1,206.5,2628
UPPER,1min,1775454837,2026-04-06 11:38,2026-04-06,206.5,206.5,206,206.1,2160
UPPER,1min,1775454896,2026-04-06 11:39,2026-04-06,206.1,206.5,206.1,206.5,150
UPPER,1min,1775454950,2026-04-06 11:40,2026-04-06,206.5,206.5,206.4,206.4,947
UPPER,1min,1775455011,2026-04-06 11:41,2026-04-06,206.4,206.4,206,206,4978
UPPER,1min,1775455075,2026-04-06 11:42,2026-04-06,206,206.8,206,206.8,410
UPPER,1min,1775455098,2026-04-06 11:43,2026-04-06,206.8,206.9,206,206,1822
UPPER,1min,1775455175,2026-04-06 11:44,2026-04-06,206,206.1,206,206.1,238
UPPER,1min,1775455236,2026-04-06 11:45,2026-04-06,206.1,207,206.1,207,2678
UPPER,1min,1775455305,2026-04-06 11:46,2026-04-06,207,207.5,207,207,1138
UPPER,1min,1775455369,2026-04-06 11:47,2026-04-06,207,207.5,207,207,780
UPPER,1min,1775455437,2026-04-06 11:48,2026-04-06,207,207.5,207,207.5,680
UPPER,1min,1775455499,2026-04-06 11:49,2026-04-06,207.5,207.5,207.4,207.5,1848
UPPER,1min,1775455544,2026-04-06 11:50,2026-04-06,207.5,207.5,207.5,207.5,590
UPPER,1min,1775455614,2026-04-06 11:51,2026-04-06,207.5,207.7,207.5,207.7,2101
UPPER,1min,1775455678,2026-04-06 11:52,2026-04-06,207.7,207.7,207.5,207.6,640
UPPER,1min,1775455732,2026-04-06 11:53,2026-04-06,207.6,207.8,207.6,207.8,4129
UPPER,1min,1775455799,2026-04-06 11:54,2026-04-06,207.8,208,207.8,208,7824
UPPER,1min,1775455849,2026-04-06 11:55,2026-04-06,208,208,208,208,1062
UPPER,1min,1775455917,2026-04-06 11:56,2026-04-06,208,208,207.9,208,6156
UPPER,1min,1775455978,2026-04-06 11:57,2026-04-06,208,209,208,208,5420
UPPER,1min,1775456033,2026-04-06 11:58,2026-04-06,208,209,208,209,570
UPPER,1min,1775456099,2026-04-06 11:59,2026-04-06,209,209,208.9,209,1298
UPPER,1min,1775456156,2026-04-06 12:00,2026-04-06,209,209,208.9,208.9,1160
UPPER,1min,1775456214,2026-04-06 12:01,2026-04-06,208.9,209,207.6,207.6,10461
UPPER,1min,1775456273,2026-04-06 12:02,2026-04-06,207.6,207.6,207,207,9527
UPPER,1min,1775456336,2026-04-06 12:03,2026-04-06,207,207,206.2,206.2,1669
UPPER,1min,1775456387,2026-04-06 12:04,2026-04-06,206.2,206.2,206.1,206.1,871
UPPER,1min,1775456459,2026-04-06 12:05,2026-04-06,206.1,206.2,206,206,4759
UPPER,1min,1775456516,2026-04-06 12:06,2026-04-06,206,206,205.2,205.2,1648
UPPER,1min,1775456576,2026-04-06 12:07,2026-04-06,205.2,205.5,205.1,205.5,3006
UPPER,1min,1775456624,2026-04-06 12:08,2026-04-06,205.5,205.5,205.5,205.5,1908
UPPER,1min,1775456697,2026-04-06 12:09,2026-04-06,205.5,207,205.5,207,2012
UPPER,1min,1775456751,2026-04-06 12:10,2026-04-06,207,207.5,207,207.5,380
UPPER,1min,1775456819,2026-04-06 12:11,2026-04-06,207.5,208,207.5,207.5,2795
UPPER,1min,1775456868,2026-04-06 12:12,2026-04-06,207.5,208,207.5,208,2020
UPPER,1min,1775456895,2026-04-06 12:13,2026-04-06,208,208,208,208,10
UPPER,1min,1775456981,2026-04-06 12:14,2026-04-06,208,208.5,208,208.5,505
UPPER,1min,1775457008,2026-04-06 12:15,2026-04-06,208.5,209,208,209,1375
UPPER,1min,1775457115,2026-04-06 12:16,2026-04-06,209,209,208.5,208.8,1017
UPPER,1min,1775457177,2026-04-06 12:17,2026-04-06,208.8,209,208.8,208.8,2170
UPPER,1min,1775457202,2026-04-06 12:18,2026-04-06,208.8,208.9,208.6,208.6,300
UPPER,1min,1775457291,2026-04-06 12:19,2026-04-06,208.6,208.7,208.5,208.5,3000
UPPER,1min,1775457348,2026-04-06 12:20,2026-04-06,208.5,208.5,208.5,208.5,2020
UPPER,1min,1775457399,2026-04-06 12:21,2026-04-06,208.5,208.5,208,208.5,2299
UPPER,1min,1775457464,2026-04-06 12:22,2026-04-06,208.5,208.5,208,208,3221
UPPER,1min,1775457500,2026-04-06 12:23,2026-04-06,208,208,208,208,481
UPPER,1min,1775457594,2026-04-06 12:24,2026-04-06,208,208.2,208,208,149
UPPER,1min,1775457651,2026-04-06 12:25,2026-04-06,208,208.5,208,208.5,3850
UPPER,1min,1775457677,2026-04-06 12:26,2026-04-06,208.5,208.5,208,208.5,1895
UPPER,1min,1775457720,2026-04-06 12:27,2026-04-06,208.5,208.5,207.5,207.5,1000
UPPER,1min,1775457832,2026-04-06 12:28,2026-04-06,207.5,207.5,207.5,207.5,57
UPPER,1min,1775457865,2026-04-06 12:29,2026-04-06,207.5,207.5,207.5,207.5,1250
UPPER,1min,1775457948,2026-04-06 12:30,2026-04-06,207.5,207.5,207.1,207.1,683
UPPER,1min,1775458002,2026-04-06 12:31,2026-04-06,207.1,207.9,207.1,207.8,370
UPPER,1min,1775458066,2026-04-06 12:32,2026-04-06,207.8,207.9,207.8,207.8,300
UPPER,1min,1775458137,2026-04-06 12:33,2026-04-06,207.8,207.8,207.5,207.5,700
UPPER,1min,1775458255,2026-04-06 12:35,2026-04-06,207.5,207.8,207.5,207.8,271
UPPER,1min,1775458286,2026-04-06 12:36,2026-04-06,207.8,207.8,207.8,207.8,1997
UPPER,1min,1775458371,2026-04-06 12:37,2026-04-06,207.8,207.8,207.5,207.7,912
UPPER,1min,1775458433,2026-04-06 12:38,2026-04-06,207.7,207.7,207.6,207.6,540
UPPER,1min,1775458499,2026-04-06 12:39,2026-04-06,207.6,207.8,207.3,207.3,1596
UPPER,1min,1775458555,2026-04-06 12:40,2026-04-06,207.3,207.9,207.3,207.9,1010
UPPER,1min,1775458614,2026-04-06 12:41,2026-04-06,207.9,208,207.9,208,5136
UPPER,1min,1775458672,2026-04-06 12:42,2026-04-06,208,208,208,208,0
UPPER,1min,1775458731,2026-04-06 12:43,2026-04-06,208,208,208,208,1360
UPPER,1min,1775458798,2026-04-06 12:44,2026-04-06,208,208,207,208,2830
UPPER,1min,1775458829,2026-04-06 12:45,2026-04-06,208,208,208,208,616
UPPER,1min,1775458915,2026-04-06 12:46,2026-04-06,208,208,208,208,124
UPPER,1min,1775458968,2026-04-06 12:47,2026-04-06,208,208,208,208,51
UPPER,1min,1775459002,2026-04-06 12:48,2026-04-06,208,208,207.7,207.7,100
UPPER,1min,1775459085,2026-04-06 12:49,2026-04-06,207.7,208,207,207,3480
UPPER,1min,1775459211,2026-04-06 12:51,2026-04-06,207,207.7,207,207.7,935
UPPER,1min,1775459261,2026-04-06 12:52,2026-04-06,207.7,207.7,207.7,207.7,95
UPPER,1min,1775459330,2026-04-06 12:53,2026-04-06,207.7,208,207.7,208,120
UPPER,1min,1775459394,2026-04-06 12:54,2026-04-06,208,208,207.8,208,932
UPPER,1min,1775459431,2026-04-06 12:55,2026-04-06,208,208,208,208,2000
UPPER,1min,1775459512,2026-04-06 12:56,2026-04-06,208,208,207.1,207.1,2785
UPPER,1min,1775459544,2026-04-06 12:57,2026-04-06,207.1,208,207.1,208,50
UPPER,1min,1775459609,2026-04-06 12:58,2026-04-06,208,208,208,208,655
UPPER,1min,1775459687,2026-04-06 12:59,2026-04-06,208,208,208,208,1050
UPPER,1min,1775459744,2026-04-06 13:00,2026-04-06,208,208,208,208,639
UPPER,1min,1775459808,2026-04-06 13:01,2026-04-06,208,208,208,208,530
UPPER,1min,1775459861,2026-04-06 13:02,2026-04-06,208,208,208,208,26
UPPER,1min,1775459937,2026-04-06 13:03,2026-04-06,208,208,207,207,7690
UPPER,1min,1775459992,2026-04-06 13:04,2026-04-06,207,207.5,207,207,2503
UPPER,1min,1775460057,2026-04-06 13:05,2026-04-06,207,208,207,208,1160
UPPER,1min,1775460115,2026-04-06 13:06,2026-04-06,208,208,206.9,206.9,674
UPPER,1min,1775460168,2026-04-06 13:07,2026-04-06,206.9,206.9,206.6,206.6,50
UPPER,1min,1775460219,2026-04-06 13:08,2026-04-06,206.6,207,206.5,206.5,2898
UPPER,1min,1775460266,2026-04-06 13:09,2026-04-06,206.5,206.5,206.5,206.5,200
UPPER,1min,1775460334,2026-04-06 13:10,2026-04-06,206.5,206.8,206.5,206.8,669
UPPER,1min,1775460365,2026-04-06 13:11,2026-04-06,206.8,206.8,206.8,206.8,200
UPPER,1min,1775460464,2026-04-06 13:12,2026-04-06,206.8,206.8,206.8,206.8,1100
UPPER,1min,1775460525,2026-04-06 13:13,2026-04-06,206.8,208,206.8,208,155
UPPER,1min,1775460560,2026-04-06 13:14,2026-04-06,208,208,208,208,21
UPPER,1min,1775460638,2026-04-06 13:15,2026-04-06,208,208,207.9,207.9,35
UPPER,1min,1775460696,2026-04-06 13:16,2026-04-06,207.9,208,207,207,120
UPPER,1min,1775460772,2026-04-06 13:17,2026-04-06,207,208,207,208,1967
UPPER,1min,1775460810,2026-04-06 13:18,2026-04-06,208,208,208,208,40
UPPER,1min,1775460894,2026-04-06 13:19,2026-04-06,208,208,208,208,150
UPPER,1min,1775461031,2026-04-06 13:22,2026-04-06,208,208,207.3,207.3,1500
UPPER,1min,1775461098,2026-04-06 13:23,2026-04-06,207.3,207.9,207.3,207.9,65
UPPER,1min,1775461204,2026-04-06 13:25,2026-04-06,207.9,207.9,207.9,207.9,435
UPPER,1min,1775461260,2026-04-06 13:26,2026-04-06,207.9,208,207.9,208,1010
UPPER,1min,1775461352,2026-04-06 13:27,2026-04-06,208,208,208,208,0
UPPER,1min,1775461392,2026-04-06 13:28,2026-04-06,208,208,208,208,840
UPPER,1min,1775461482,2026-04-06 13:29,2026-04-06,208,208,208,208,1853
UPPER,1min,1775461542,2026-04-06 13:30,2026-04-06,208,208.3,208,208.3,200
UPPER,1min,1775461610,2026-04-06 13:31,2026-04-06,208.3,208.4,208,208,779
UPPER,1min,1775461665,2026-04-06 13:32,2026-04-06,208,208.4,208,208.4,440
UPPER,1min,1775461723,2026-04-06 13:33,2026-04-06,208.4,208.4,208,208,1030
UPPER,1min,1775461780,2026-04-06 13:34,2026-04-06,208,208.3,208,208.3,1050
UPPER,1min,1775461846,2026-04-06 13:35,2026-04-06,208.3,208.5,208.1,208.1,10168
UPPER,1min,1775461890,2026-04-06 13:36,2026-04-06,208.1,208.2,208.1,208.2,10
UPPER,1min,1775461969,2026-04-06 13:37,2026-04-06,208.2,208.9,208.2,208.9,1484
UPPER,1min,1775462027,2026-04-06 13:38,2026-04-06,208.9,209,208.5,209,1310
UPPER,1min,1775462093,2026-04-06 13:39,2026-04-06,209,209,208.9,209,460
UPPER,1min,1775462207,2026-04-06 13:41,2026-04-06,209,209,208.5,208.9,210
UPPER,1min,1775462262,2026-04-06 13:42,2026-04-06,208.9,208.9,208.8,208.8,530
UPPER,1min,1775462321,2026-04-06 13:43,2026-04-06,208.8,209,208.8,209,8549
UPPER,1min,1775462372,2026-04-06 13:44,2026-04-06,209,209,209,209,96
UPPER,1min,1775462570,2026-04-06 13:47,2026-04-06,209,210,209,210,9460
UPPER,1min,1775462635,2026-04-06 13:48,2026-04-06,210,210,210,210,2771
UPPER,1min,1775462697,2026-04-06 13:49,2026-04-06,210,210,209.6,210,4470
UPPER,1min,1775462758,2026-04-06 13:50,2026-04-06,210,210,210,210,390
UPPER,1min,1775462803,2026-04-06 13:51,2026-04-06,210,210,209.9,210,10
UPPER,1min,1775462873,2026-04-06 13:52,2026-04-06,210,210,209.9,210,2786
UPPER,1min,1775462934,2026-04-06 13:53,2026-04-06,210,210,210,210,2318
UPPER,1min,1775462995,2026-04-06 13:54,2026-04-06,210,210,209.6,209.6,534
UPPER,1min,1775463038,2026-04-06 13:55,2026-04-06,209.6,209.7,209.6,209.7,850
UPPER,1min,1775463060,2026-04-06 13:56,2026-04-06,209.7,209.7,209.7,209.7,42
UPPER,1min,1775463122,2026-04-06 13:57,2026-04-06,209.7,209.7,209.7,209.7,500
UPPER,1min,1775463225,2026-04-06 13:58,2026-04-06,209.7,210,209.7,210,6906
UPPER,1min,1775463277,2026-04-06 13:59,2026-04-06,210,210.1,210,210.1,0
UPPER,1min,1775463359,2026-04-06 14:00,2026-04-06,210.1,211,210.1,211,6243
UPPER,1min,1775463412,2026-04-06 14:01,2026-04-06,211,211,210,211,4210
UPPER,1min,1775463444,2026-04-06 14:02,2026-04-06,211,211.1,211,211.1,0
UPPER,1min,1775463524,2026-04-06 14:03,2026-04-06,211.1,211.6,211.1,211.6,2472
UPPER,1min,1775463595,2026-04-06 14:04,2026-04-06,211.6,211.8,211.5,211.8,1130
UPPER,1min,1775463652,2026-04-06 14:05,2026-04-06,211.8,211.8,211.1,211.5,907
UPPER,1min,1775463716,2026-04-06 14:06,2026-04-06,211.5,211.6,211.5,211.5,1305
UPPER,1min,1775463774,2026-04-06 14:07,2026-04-06,211.5,211.6,211.5,211.5,1530
UPPER,1min,1775463824,2026-04-06 14:08,2026-04-06,211.5,211.6,211.5,211.5,3336
UPPER,1min,1775463890,2026-04-06 14:09,2026-04-06,211.5,211.6,211.5,211.6,3876
UPPER,1min,1775463941,2026-04-06 14:10,2026-04-06,211.6,211.7,211.6,211.7,1937
UPPER,1min,1775464010,2026-04-06 14:11,2026-04-06,211.7,211.8,211.6,211.8,6254
UPPER,1min,1775464075,2026-04-06 14:12,2026-04-06,211.8,211.8,211.8,211.8,3400
UPPER,1min,1775464127,2026-04-06 14:13,2026-04-06,211.8,211.8,211.6,211.8,935
UPPER,1min,1775464182,2026-04-06 14:14,2026-04-06,211.8,211.9,211.8,211.8,2330
UPPER,1min,1775464236,2026-04-06 14:15,2026-04-06,211.8,212,211.8,212,1376
UPPER,1min,1775464309,2026-04-06 14:16,2026-04-06,212,212.5,212,212.5,5577
UPPER,1min,1775464374,2026-04-06 14:17,2026-04-06,212.5,212.7,212.5,212.7,1205
UPPER,1min,1775464439,2026-04-06 14:18,2026-04-06,212.7,213,212.7,213,2125
UPPER,1min,1775464482,2026-04-06 14:19,2026-04-06,213,213.1,212.9,213.1,2581
UPPER,1min,1775464555,2026-04-06 14:20,2026-04-06,213.1,213.8,213.1,213.4,2010
UPPER,1min,1775464608,2026-04-06 14:21,2026-04-06,213.4,213.9,213.4,213.9,655
UPPER,1min,1775464677,2026-04-06 14:22,2026-04-06,213.9,214,213.8,214,5903
UPPER,1min,1775464732,2026-04-06 14:23,2026-04-06,214,214.1,214,214.1,1471
UPPER,1min,1775464789,2026-04-06 14:24,2026-04-06,214.1,215,214.1,214.9,1569
UPPER,1min,1775464853,2026-04-06 14:25,2026-04-06,214.9,215,214.9,214.9,1711
UPPER,1min,1775464913,2026-04-06 14:26,2026-04-06,214.9,215.8,214.9,215,6835
UPPER,1min,1775464972,2026-04-06 14:27,2026-04-06,215,215,214.9,214.9,5470
UPPER,1min,1775465025,2026-04-06 14:28,2026-04-06,214.9,215,214.9,215,0
UPPER,1min,1775465083,2026-04-06 14:29,2026-04-06,215,215.8,215,215.8,1530
UPPER,1min,1775465147,2026-04-06 14:30,2026-04-06,215.8,215.9,215.1,215.1,3080
UPPER,1min,1775465213,2026-04-06 14:31,2026-04-06,215.1,215.9,215,215,4429
UPPER,1min,1775465270,2026-04-06 14:32,2026-04-06,215,215.5,215,215.5,1130
UPPER,1min,1775465336,2026-04-06 14:33,2026-04-06,215.5,215.5,215,215,5400
UPPER,1min,1775465398,2026-04-06 14:34,2026-04-06,215,215.5,215,215,3163
UPPER,1min,1775465453,2026-04-06 14:35,2026-04-06,215,215.5,215,215,3379
UPPER,1min,1775465516,2026-04-06 14:36,2026-04-06,215,215,213.9,214,3385
UPPER,1min,1775465573,2026-04-06 14:37,2026-04-06,214,214,213,213,2480
UPPER,1min,1775465638,2026-04-06 14:38,2026-04-06,213,213,212,212,7337
UPPER,1min,1775465699,2026-04-06 14:39,2026-04-06,212,212,211.8,211.8,1320
UPPER,1min,1775465748,2026-04-06 14:40,2026-04-06,211.8,211.8,211.7,211.7,419
UPPER,1min,1775465809,2026-04-06 14:41,2026-04-06,211.7,211.7,211,211,6616
UPPER,1min,1775465867,2026-04-06 14:42,2026-04-06,211,211,210.9,210.9,250
UPPER,1min,1775465913,2026-04-06 14:43,2026-04-06,210.9,211,210.9,211,3347
UPPER,1min,1775465995,2026-04-06 14:44,2026-04-06,211,211,210.3,210.3,3006
UPPER,1min,1775466057,2026-04-06 14:45,2026-04-06,210.3,210.4,210.2,210.4,7080
UPPER,1min,1775466112,2026-04-06 14:46,2026-04-06,210.4,210.4,210.3,210.4,2065
UPPER,1min,1775466178,2026-04-06 14:47,2026-04-06,210.4,211.9,210.4,211.9,4803
UPPER,1min,1775466224,2026-04-06 14:48,2026-04-06,211.9,213,210.6,213,8699
UPPER,1min,1775466294,2026-04-06 14:49,2026-04-06,213,213,212,212.9,1530
UPPER,1min,1775466345,2026-04-06 14:50,2026-04-06,212.9,212.9,212.2,212.2,373
UPPER,1min,1775466410,2026-04-06 14:51,2026-04-06,212.2,212.9,212.2,212.5,700
UPPER,1min,1775466477,2026-04-06 14:52,2026-04-06,212.5,213.9,212.5,213,2020
UPPER,1min,1775466517,2026-04-06 14:53,2026-04-06,213,214,213,214,2600
UPPER,1min,1775466577,2026-04-06 14:54,2026-04-06,214,214,213.9,213.9,35
UPPER,1min,1775466658,2026-04-06 14:55,2026-04-06,213.9,214,213.9,213.9,4966
UPPER,1min,1775466711,2026-04-06 14:56,2026-04-06,213.9,214,213.2,213.2,6790
UPPER,1min,1775466778,2026-04-06 14:57,2026-04-06,213.2,213.8,213.2,213.7,575
UPPER,1min,1775466835,2026-04-06 14:58,2026-04-06,213.7,213.7,213.2,213.2,1825
UPPER,1min,1775466899,2026-04-06 14:59,2026-04-06,213.2,213.5,213,213,5891
UPPER,1min,1775538958,2026-04-07 11:00,2026-04-07,217.2,217.2,217,217.2,1110
UPPER,1min,1775539012,2026-04-07 11:01,2026-04-07,217.2,220,217.2,220,4167
UPPER,1min,1775539065,2026-04-07 11:02,2026-04-07,220,220,219,220,4975
UPPER,1min,1775539135,2026-04-07 11:03,2026-04-07,220,220,219,219.9,6415
UPPER,1min,1775539197,2026-04-07 11:04,2026-04-07,219.9,219.9,219,219,8656
UPPER,1min,1775539244,2026-04-07 11:05,2026-04-07,219,219,218,218,2269
UPPER,1min,1775539316,2026-04-07 11:06,2026-04-07,218,218.8,218,218,4760
UPPER,1min,1775539370,2026-04-07 11:07,2026-04-07,218,218.3,218,218.3,3850
UPPER,1min,1775539429,2026-04-07 11:08,2026-04-07,218.3,218.5,218,218,12725
UPPER,1min,1775539492,2026-04-07 11:09,2026-04-07,218,218,217,217.2,2330
UPPER,1min,1775539550,2026-04-07 11:10,2026-04-07,217.2,218,217.2,218,132
UPPER,1min,1775539612,2026-04-07 11:11,2026-04-07,218,218,217,217,1507
UPPER,1min,1775539677,2026-04-07 11:12,2026-04-07,217,217.1,217,217,16647
UPPER,1min,1775539729,2026-04-07 11:13,2026-04-07,217,217,215.3,215.3,7837
UPPER,1min,1775539781,2026-04-07 11:14,2026-04-07,215.3,216,215,216,6773
UPPER,1min,1775539834,2026-04-07 11:15,2026-04-07,216,216,215,216,465
UPPER,1min,1775539907,2026-04-07 11:16,2026-04-07,216,216,215,215,5200
UPPER,1min,1775539970,2026-04-07 11:17,2026-04-07,215,215,213.7,213.7,10440
UPPER,1min,1775539997,2026-04-07 11:18,2026-04-07,213.7,215,213.7,215,300
UPPER,1min,1775540086,2026-04-07 11:19,2026-04-07,215,215,214,214,1030
UPPER,1min,1775540144,2026-04-07 11:20,2026-04-07,214,215.8,214,214,2816
UPPER,1min,1775540217,2026-04-07 11:21,2026-04-07,214,215,214,215,120
UPPER,1min,1775540264,2026-04-07 11:22,2026-04-07,215,215,215,215,1773
UPPER,1min,1775540306,2026-04-07 11:23,2026-04-07,215,216,215,216,660
UPPER,1min,1775540390,2026-04-07 11:24,2026-04-07,216,217,216,217,970
UPPER,1min,1775540450,2026-04-07 11:25,2026-04-07,217,217,216,216,80
UPPER,1min,1775540505,2026-04-07 11:26,2026-04-07,216,216.9,216,216.9,1647
UPPER,1min,1775540569,2026-04-07 11:27,2026-04-07,216.9,217,216.9,216.9,80
UPPER,1min,1775540636,2026-04-07 11:28,2026-04-07,216.9,217,216.9,217,2338
UPPER,1min,1775540685,2026-04-07 11:29,2026-04-07,217,217,216,217,1282
UPPER,1min,1775540724,2026-04-07 11:30,2026-04-07,217,217,217,217,201
UPPER,1min,1775540784,2026-04-07 11:31,2026-04-07,217,217,216.9,217,220
UPPER,1min,1775540870,2026-04-07 11:32,2026-04-07,217,217,217,217,150
UPPER,1min,1775540923,2026-04-07 11:33,2026-04-07,217,217,216.9,216.9,1665
UPPER,1min,1775540996,2026-04-07 11:34,2026-04-07,216.9,217,216.9,217,372
UPPER,1min,1775541059,2026-04-07 11:35,2026-04-07,217,217,216.9,216.9,1760
UPPER,1min,1775541108,2026-04-07 11:36,2026-04-07,216.9,217,216.9,217,2114
UPPER,1min,1775541174,2026-04-07 11:37,2026-04-07,217,217.1,217,217,2210
UPPER,1min,1775541219,2026-04-07 11:38,2026-04-07,217,217,217,217,490
UPPER,1min,1775541299,2026-04-07 11:39,2026-04-07,217,217,217,217,230
UPPER,1min,1775541331,2026-04-07 11:40,2026-04-07,217,217.1,217,217.1,420
UPPER,1min,1775541418,2026-04-07 11:41,2026-04-07,217.1,217.2,217.1,217.2,23
UPPER,1min,1775541531,2026-04-07 11:43,2026-04-07,217.2,217.8,217.2,217.8,7220
UPPER,1min,1775541591,2026-04-07 11:44,2026-04-07,217.8,218,217.8,218,1330
UPPER,1min,1775541653,2026-04-07 11:45,2026-04-07,218,218,218,218,940
UPPER,1min,1775541715,2026-04-07 11:46,2026-04-07,218,218,218,218,2937
UPPER,1min,1775541759,2026-04-07 11:47,2026-04-07,218,218,218,218,2310
UPPER,1min,1775541831,2026-04-07 11:48,2026-04-07,218,218,217.8,217.9,1004
UPPER,1min,1775541899,2026-04-07 11:49,2026-04-07,217.9,218,217.8,218,1125
UPPER,1min,1775541947,2026-04-07 11:50,2026-04-07,218,218,217.8,217.8,695
UPPER,1min,1775542013,2026-04-07 11:51,2026-04-07,217.8,217.8,217.8,217.8,369
UPPER,1min,1775542076,2026-04-07 11:52,2026-04-07,217.8,217.8,217.8,217.8,0
UPPER,1min,1775542118,2026-04-07 11:53,2026-04-07,217.8,217.8,217.3,217.3,1231
UPPER,1min,1775542198,2026-04-07 11:54,2026-04-07,217.3,217.3,217.2,217.2,733
UPPER,1min,1775542249,2026-04-07 11:55,2026-04-07,217.2,217.2,216,216,4757
UPPER,1min,1775542290,2026-04-07 11:56,2026-04-07,216,216,216,216,2552
UPPER,1min,1775542379,2026-04-07 11:57,2026-04-07,216,216,216,216,400
UPPER,1min,1775542437,2026-04-07 11:58,2026-04-07,216,216,215,215,1690
UPPER,1min,1775542490,2026-04-07 11:59,2026-04-07,215,216,215,216,1137
UPPER,1min,1775542547,2026-04-07 12:00,2026-04-07,216,216,216,216,100
UPPER,1min,1775542574,2026-04-07 12:01,2026-04-07,216,216,215.1,215.9,245
UPPER,1min,1775542623,2026-04-07 12:02,2026-04-07,215.9,215.9,215.4,215.4,50
UPPER,1min,1775542725,2026-04-07 12:03,2026-04-07,215.4,215.9,215.4,215.9,210
UPPER,1min,1775542773,2026-04-07 12:04,2026-04-07,215.9,215.9,215.5,215.6,520
UPPER,1min,1775542844,2026-04-07 12:05,2026-04-07,215.6,215.8,215.3,215.3,445
UPPER,1min,1775542890,2026-04-07 12:06,2026-04-07,215.3,215.3,215.1,215.1,5157
UPPER,1min,1775542960,2026-04-07 12:07,2026-04-07,215.1,215.9,215,215,674
UPPER,1min,1775543099,2026-04-07 12:09,2026-04-07,215,215.6,215,215.6,55
UPPER,1min,1775543150,2026-04-07 12:10,2026-04-07,215.6,215.9,215.6,215.6,731
UPPER,1min,1775543217,2026-04-07 12:11,2026-04-07,215.6,215.6,215.6,215.6,144
UPPER,1min,1775543241,2026-04-07 12:12,2026-04-07,215.6,215.9,215.6,215.9,150
UPPER,1min,1775543304,2026-04-07 12:13,2026-04-07,215.9,215.9,215.9,215.9,110
UPPER,1min,1775543380,2026-04-07 12:14,2026-04-07,215.9,215.9,215.6,215.6,504
UPPER,1min,1775543434,2026-04-07 12:15,2026-04-07,215.6,215.6,215,215,345
UPPER,1min,1775543502,2026-04-07 12:16,2026-04-07,215,215.5,215,215.5,1875
UPPER,1min,1775543575,2026-04-07 12:17,2026-04-07,215.5,216,215.5,216,2030
UPPER,1min,1775543602,2026-04-07 12:18,2026-04-07,216,216,215,215,26
UPPER,1min,1775543696,2026-04-07 12:19,2026-04-07,215,215.2,215,215.2,4610
UPPER,1min,1775543739,2026-04-07 12:20,2026-04-07,215.2,215.9,215,215,1266
UPPER,1min,1775543786,2026-04-07 12:21,2026-04-07,215,215,215,215,2445
UPPER,1min,1775543830,2026-04-07 12:22,2026-04-07,215,215,214.7,214.7,1100
UPPER,1min,1775543936,2026-04-07 12:23,2026-04-07,214.7,214.7,214,214,5800
UPPER,1min,1775543993,2026-04-07 12:24,2026-04-07,214,214,213,213,50
UPPER,1min,1775544047,2026-04-07 12:25,2026-04-07,213,213,212.7,213,18165
UPPER,1min,1775544118,2026-04-07 12:26,2026-04-07,213,213,213,213,1510
UPPER,1min,1775544163,2026-04-07 12:27,2026-04-07,213,213,212.7,212.7,3004
UPPER,1min,1775544235,2026-04-07 12:28,2026-04-07,212.7,212.7,212.6,212.7,460
UPPER,1min,1775544263,2026-04-07 12:29,2026-04-07,212.7,212.7,212.6,212.6,1320
UPPER,1min,1775544311,2026-04-07 12:30,2026-04-07,212.6,212.6,212.6,212.6,0
UPPER,1min,1775544387,2026-04-07 12:31,2026-04-07,212.6,212.6,212,212,2670
UPPER,1min,1775544428,2026-04-07 12:32,2026-04-07,212,212.2,212,212.2,100
UPPER,1min,1775544527,2026-04-07 12:33,2026-04-07,212.2,212.6,212,212,5037
UPPER,1min,1775544596,2026-04-07 12:34,2026-04-07,212,212,212,212,670
UPPER,1min,1775544653,2026-04-07 12:35,2026-04-07,212,212,211.8,211.9,700
UPPER,1min,1775544674,2026-04-07 12:36,2026-04-07,211.9,212,211.9,212,200
UPPER,1min,1775544750,2026-04-07 12:37,2026-04-07,212,212,212,212,300
UPPER,1min,1775544822,2026-04-07 12:38,2026-04-07,212,213,211.9,211.9,158
UPPER,1min,1775544887,2026-04-07 12:39,2026-04-07,211.9,212,211.8,212,1588
UPPER,1min,1775544952,2026-04-07 12:40,2026-04-07,212,212,211.9,211.9,0
UPPER,1min,1775545009,2026-04-07 12:41,2026-04-07,211.9,213,211.9,212.5,2480
UPPER,1min,1775545078,2026-04-07 12:42,2026-04-07,212.5,213,212.5,212.5,660
UPPER,1min,1775545134,2026-04-07 12:43,2026-04-07,212.5,213,212.5,213,83
UPPER,1min,1775545198,2026-04-07 12:44,2026-04-07,213,214,213,214,1330
UPPER,1min,1775545237,2026-04-07 12:45,2026-04-07,214,215,214,215,2680
UPPER,1min,1775545306,2026-04-07 12:46,2026-04-07,215,215,215,215,145
UPPER,1min,1775545366,2026-04-07 12:47,2026-04-07,215,216,215,216,505
UPPER,1min,1775545413,2026-04-07 12:48,2026-04-07,216,216,216,216,700
UPPER,1min,1775545466,2026-04-07 12:49,2026-04-07,216,216,215.5,216,250
UPPER,1min,1775545525,2026-04-07 12:50,2026-04-07,216,216,215.6,215.6,445
UPPER,1min,1775545609,2026-04-07 12:51,2026-04-07,215.6,215.6,215.6,215.6,1010
UPPER,1min,1775545654,2026-04-07 12:52,2026-04-07,215.6,215.6,215.5,215.5,88
UPPER,1min,1775545735,2026-04-07 12:53,2026-04-07,215.5,215.5,215,215,717
UPPER,1min,1775545858,2026-04-07 12:55,2026-04-07,215,215,214.9,214.9,638
UPPER,1min,1775545914,2026-04-07 12:56,2026-04-07,214.9,214.9,214,214,0
UPPER,1min,1775545938,2026-04-07 12:57,2026-04-07,214,214,213.9,213.9,3055
UPPER,1min,1775546038,2026-04-07 12:58,2026-04-07,213.9,213.9,213,213,1387
UPPER,1min,1775546093,2026-04-07 12:59,2026-04-07,213,213,213,213,712
UPPER,1min,1775546156,2026-04-07 13:00,2026-04-07,213,213,212.5,212.5,2053
UPPER,1min,1775546279,2026-04-07 13:02,2026-04-07,212.5,213.9,212.5,213.9,290
UPPER,1min,1775546347,2026-04-07 13:04,2026-04-07,213.9,214,213.9,214,40
UPPER,1min,1775546441,2026-04-07 13:05,2026-04-07,214,214,213,213,50
UPPER,1min,1775546484,2026-04-07 13:06,2026-04-07,213,213,213,213,400
UPPER,1min,1775546610,2026-04-07 13:08,2026-04-07,213,213.1,213,213.1,1000
UPPER,1min,1775546675,2026-04-07 13:09,2026-04-07,213.1,213.1,212.5,213.1,3560
UPPER,1min,1775546780,2026-04-07 13:11,2026-04-07,213.1,214,213.1,214,650
UPPER,1min,1775546985,2026-04-07 13:14,2026-04-07,214,214,213.3,213.3,200
UPPER,1min,1775547082,2026-04-07 13:16,2026-04-07,213.3,213.4,213.3,213.4,100
UPPER,1min,1775547165,2026-04-07 13:17,2026-04-07,213.4,213.6,213.2,213.2,287
UPPER,1min,1775547323,2026-04-07 13:20,2026-04-07,213.2,214,213.2,214,1110
UPPER,1min,1775547419,2026-04-07 13:21,2026-04-07,214,214,213,213,100
UPPER,1min,1775547460,2026-04-07 13:22,2026-04-07,213,213,213,213,771
UPPER,1min,1775547537,2026-04-07 13:23,2026-04-07,213,213,212.8,213,281
UPPER,1min,1775547564,2026-04-07 13:24,2026-04-07,213,213,213,213,215
UPPER,1min,1775547668,2026-04-07 13:26,2026-04-07,213,213,213,213,10
UPPER,1min,1775547807,2026-04-07 13:28,2026-04-07,213,213,212.8,212.8,0
UPPER,1min,1775547852,2026-04-07 13:29,2026-04-07,212.8,213.9,212.8,213.9,1370
UPPER,1min,1775547926,2026-04-07 13:30,2026-04-07,213.9,214,213.9,214,779
UPPER,1min,1775548056,2026-04-07 13:32,2026-04-07,214,214.3,214,214,90
UPPER,1min,1775548120,2026-04-07 13:33,2026-04-07,214,215,214,215,1275
UPPER,1min,1775548350,2026-04-07 13:37,2026-04-07,215,215,215,215,1441
UPPER,1min,1775548516,2026-04-07 13:40,2026-04-07,215,215,214.9,214.9,30
UPPER,1min,1775548600,2026-04-07 13:41,2026-04-07,214.9,214.9,214.9,214.9,93
UPPER,1min,1775548724,2026-04-07 13:43,2026-04-07,214.9,214.9,213.3,213.3,324
UPPER,1min,1775548797,2026-04-07 13:44,2026-04-07,213.3,214,213.3,214,0
UPPER,1min,1775548913,2026-04-07 13:46,2026-04-07,214,214,213.4,214,120
UPPER,1min,1775548929,2026-04-07 13:47,2026-04-07,214,214,214,214,562
UPPER,1min,1775549029,2026-04-07 13:48,2026-04-07,214,214.9,214,214.9,400
UPPER,1min,1775549085,2026-04-07 13:49,2026-04-07,214.9,214.9,214,214,0
UPPER,1min,1775549170,2026-04-07 13:51,2026-04-07,214,214,214,214,40
UPPER,1min,1775549239,2026-04-07 13:52,2026-04-07,214,214,213.5,213.5,517
UPPER,1min,1775549306,2026-04-07 13:53,2026-04-07,213.5,213.6,213.5,213.6,48
UPPER,1min,1775549359,2026-04-07 13:54,2026-04-07,213.6,214,213.6,214,50
UPPER,1min,1775549435,2026-04-07 13:55,2026-04-07,214,214,214,214,0
UPPER,1min,1775549517,2026-04-07 13:56,2026-04-07,214,214,214,214,645
UPPER,1min,1775549690,2026-04-07 13:59,2026-04-07,214,214,213.8,213.8,25
UPPER,1min,1775549731,2026-04-07 14:00,2026-04-07,213.8,213.8,213.7,213.7,0
UPPER,1min,1775549819,2026-04-07 14:01,2026-04-07,213.7,213.9,213.7,213.9,575
UPPER,1min,1775549844,2026-04-07 14:02,2026-04-07,213.9,213.9,213.6,213.6,25
UPPER,1min,1775549920,2026-04-07 14:03,2026-04-07,213.6,213.9,213.5,213.9,1152
UPPER,1min,1775549982,2026-04-07 14:04,2026-04-07,213.9,213.9,213.5,213.5,173
UPPER,1min,1775550082,2026-04-07 14:06,2026-04-07,213.5,213.5,213.5,213.5,2010
UPPER,1min,1775550170,2026-04-07 14:07,2026-04-07,213.5,213.5,213.1,213.4,1090
UPPER,1min,1775550232,2026-04-07 14:08,2026-04-07,213.4,213.4,213.1,213.1,1080
UPPER,1min,1775550291,2026-04-07 14:09,2026-04-07,213.1,213.4,213.1,213.4,800
UPPER,1min,1775550319,2026-04-07 14:10,2026-04-07,213.4,213.4,213.1,213.1,1288
UPPER,1min,1775550382,2026-04-07 14:11,2026-04-07,213.1,213.1,213,213,2000
UPPER,1min,1775550527,2026-04-07 14:13,2026-04-07,213,213,213,213,318
UPPER,1min,1775550570,2026-04-07 14:14,2026-04-07,213,213,212.8,212.8,230
UPPER,1min,1775550636,2026-04-07 14:15,2026-04-07,212.8,213,212.8,212.8,97
UPPER,1min,1775550753,2026-04-07 14:17,2026-04-07,212.8,212.8,212.8,212.8,34
UPPER,1min,1775550814,2026-04-07 14:18,2026-04-07,212.8,213,212.8,213,80
UPPER,1min,1775550914,2026-04-07 14:20,2026-04-07,213,213,213,213,220
UPPER,1min,1775550992,2026-04-07 14:21,2026-04-07,213,213,212.5,212.5,1600
UPPER,1min,1775551058,2026-04-07 14:22,2026-04-07,212.5,212.5,211.8,211.8,5050
UPPER,1min,1775551117,2026-04-07 14:23,2026-04-07,211.8,211.8,211.8,211.8,25
UPPER,1min,1775551166,2026-04-07 14:24,2026-04-07,211.8,211.9,211.8,211.9,200
UPPER,1min,1775551237,2026-04-07 14:25,2026-04-07,211.9,212,211.9,212,743
UPPER,1min,1775551326,2026-04-07 14:27,2026-04-07,212,212,212,212,13
UPPER,1min,1775551434,2026-04-07 14:28,2026-04-07,212,212.9,212,212.9,265
UPPER,1min,1775551494,2026-04-07 14:29,2026-04-07,212.9,212.9,212.1,212.1,540
UPPER,1min,1775551548,2026-04-07 14:30,2026-04-07,212.1,212.1,212.1,212.1,500
UPPER,1min,1775551590,2026-04-07 14:31,2026-04-07,212.1,212.1,212,212,100
UPPER,1min,1775551664,2026-04-07 14:32,2026-04-07,212,212.1,212,212,6200
UPPER,1min,1775551737,2026-04-07 14:33,2026-04-07,212,212,211.8,211.8,4686
UPPER,1min,1775551836,2026-04-07 14:35,2026-04-07,211.8,212,211.8,212,518
UPPER,1min,1775551861,2026-04-07 14:36,2026-04-07,212,212,212,212,400
UPPER,1min,1775552034,2026-04-07 14:38,2026-04-07,212,212,211.9,211.9,2205
UPPER,1min,1775552081,2026-04-07 14:39,2026-04-07,211.9,211.9,211.9,211.9,267
UPPER,1min,1775552150,2026-04-07 14:40,2026-04-07,211.9,211.9,211.8,211.8,68
UPPER,1min,1775552200,2026-04-07 14:41,2026-04-07,211.8,211.9,211.8,211.8,1265
UPPER,1min,1775552272,2026-04-07 14:42,2026-04-07,211.8,211.8,211.7,211.7,1082
UPPER,1min,1775552290,2026-04-07 14:43,2026-04-07,211.7,211.7,211.7,211.7,10
UPPER,1min,1775552386,2026-04-07 14:44,2026-04-07,211.7,211.7,211.1,211.1,994
UPPER,1min,1775552418,2026-04-07 14:45,2026-04-07,211.1,211.1,211.1,211.1,240
UPPER,1min,1775552509,2026-04-07 14:46,2026-04-07,211.1,211.1,211,211,1750
UPPER,1min,1775552555,2026-04-07 14:47,2026-04-07,211,211,211,211,2829
UPPER,1min,1775552597,2026-04-07 14:48,2026-04-07,211,211,210.8,210.8,147
UPPER,1min,1775552686,2026-04-07 14:49,2026-04-07,210.8,211,210.1,210.1,10980
UPPER,1min,1775552740,2026-04-07 14:50,2026-04-07,210.1,211,210.1,211,10
UPPER,1min,1775552817,2026-04-07 14:51,2026-04-07,211,211,210.1,210.9,2570
UPPER,1min,1775552871,2026-04-07 14:52,2026-04-07,210.9,210.9,210.1,210.5,2213
UPPER,1min,1775552911,2026-04-07 14:53,2026-04-07,210.5,210.5,210.3,210.5,550
UPPER,1min,1775552984,2026-04-07 14:54,2026-04-07,210.5,211,210.5,211,2313
UPPER,1min,1775553059,2026-04-07 14:55,2026-04-07,211,211,210.7,210.7,2450
UPPER,1min,1775553089,2026-04-07 14:56,2026-04-07,210.7,211,210.7,211,2575
UPPER,1min,1775553179,2026-04-07 14:57,2026-04-07,211,211.9,211,211.1,3160
UPPER,1min,1775553230,2026-04-07 14:58,2026-04-07,211.1,211.5,211.1,211.5,1312
UPPER,1min,1775553299,2026-04-07 14:59,2026-04-07,211.5,211.8,211.5,211.5,3631
UPPER,1min,1775625339,2026-04-08 11:00,2026-04-08,215.7,215.7,214,214,45
UPPER,1min,1775625401,2026-04-08 11:01,2026-04-08,214,215.5,214,215.5,1495
UPPER,1min,1775625475,2026-04-08 11:02,2026-04-08,215.5,215.6,215.5,215.5,1021
UPPER,1min,1775625535,2026-04-08 11:03,2026-04-08,215.5,215.5,215,215,3870
UPPER,1min,1775625646,2026-04-08 11:05,2026-04-08,215,215,214.9,214.9,679
UPPER,1min,1775625701,2026-04-08 11:06,2026-04-08,214.9,215,214.9,215,2230
UPPER,1min,1775625768,2026-04-08 11:07,2026-04-08,215,216,215,216,2450
UPPER,1min,1775625837,2026-04-08 11:08,2026-04-08,216,216,216,216,2880
UPPER,1min,1775625847,2026-04-08 11:09,2026-04-08,216,216,216,216,400
UPPER,1min,1775625928,2026-04-08 11:10,2026-04-08,216,216,216,216,1142
UPPER,1min,1775625997,2026-04-08 11:11,2026-04-08,216,216.1,216,216.1,1610
UPPER,1min,1775626072,2026-04-08 11:12,2026-04-08,216.1,216.1,216,216,50
UPPER,1min,1775626113,2026-04-08 11:13,2026-04-08,216,216,215.8,215.8,1780
UPPER,1min,1775626156,2026-04-08 11:14,2026-04-08,215.8,215.8,215,215,200
UPPER,1min,1775626225,2026-04-08 11:15,2026-04-08,215,215,215,215,580
UPPER,1min,1775626303,2026-04-08 11:16,2026-04-08,215,215,214.8,214.8,1142
UPPER,1min,1775626369,2026-04-08 11:17,2026-04-08,214.8,214.8,214.8,214.8,12
UPPER,1min,1775626403,2026-04-08 11:18,2026-04-08,214.8,215,214.8,215,121
UPPER,1min,1775626494,2026-04-08 11:19,2026-04-08,215,215,214.1,215,319
UPPER,1min,1775626517,2026-04-08 11:20,2026-04-08,215,215,215,215,190
UPPER,1min,1775626594,2026-04-08 11:21,2026-04-08,215,215,214.9,214.9,200
UPPER,1min,1775626638,2026-04-08 11:22,2026-04-08,214.9,215,214.9,215,320
UPPER,1min,1775626699,2026-04-08 11:23,2026-04-08,215,215,215,215,483
UPPER,1min,1775626766,2026-04-08 11:24,2026-04-08,215,215,215,215,10
UPPER,1min,1775626833,2026-04-08 11:25,2026-04-08,215,215,215,215,814
UPPER,1min,1775626903,2026-04-08 11:26,2026-04-08,215,215,215,215,166
UPPER,1min,1775626969,2026-04-08 11:27,2026-04-08,215,215.8,215,215.8,65
UPPER,1min,1775627086,2026-04-08 11:29,2026-04-08,215.8,215.8,215,215,146
UPPER,1min,1775627152,2026-04-08 11:30,2026-04-08,215,215.5,215,215.5,1325
UPPER,1min,1775627219,2026-04-08 11:31,2026-04-08,215.5,215.5,215,215,45
UPPER,1min,1775627264,2026-04-08 11:32,2026-04-08,215,215,214.2,214.2,261
UPPER,1min,1775627333,2026-04-08 11:33,2026-04-08,214.2,215,214.2,215,1010
UPPER,1min,1775627381,2026-04-08 11:34,2026-04-08,215,215,215,215,1597
UPPER,1min,1775627451,2026-04-08 11:35,2026-04-08,215,215.5,214.3,215.5,912
UPPER,1min,1775627517,2026-04-08 11:36,2026-04-08,215.5,215.5,215,215,10
UPPER,1min,1775627568,2026-04-08 11:37,2026-04-08,215,215,215,215,830
UPPER,1min,1775627585,2026-04-08 11:38,2026-04-08,215,215,215,215,20
UPPER,1min,1775627666,2026-04-08 11:39,2026-04-08,215,215,214.3,214.3,777
UPPER,1min,1775627725,2026-04-08 11:40,2026-04-08,214.3,214.5,214.3,214.5,100
UPPER,1min,1775627786,2026-04-08 11:41,2026-04-08,214.5,214.5,214.2,214.2,1423
UPPER,1min,1775627845,2026-04-08 11:42,2026-04-08,214.2,214.2,214,214,1100
UPPER,1min,1775627921,2026-04-08 11:43,2026-04-08,214,214.2,214,214.2,500
UPPER,1min,1775627998,2026-04-08 11:44,2026-04-08,214.2,215,214,214,4190
UPPER,1min,1775628058,2026-04-08 11:45,2026-04-08,214,214.8,214,214.8,0
UPPER,1min,1775628141,2026-04-08 11:47,2026-04-08,214.8,214.8,214,214,520
UPPER,1min,1775628239,2026-04-08 11:48,2026-04-08,214,214,214,214,521
UPPER,1min,1775628292,2026-04-08 11:49,2026-04-08,214,214,213.8,213.8,69
UPPER,1min,1775628312,2026-04-08 11:50,2026-04-08,213.8,213.8,213.7,213.7,1000
UPPER,1min,1775628412,2026-04-08 11:51,2026-04-08,213.7,214.4,213.7,214.4,15
UPPER,1min,1775628477,2026-04-08 11:52,2026-04-08,214.4,214.4,214,214,0
UPPER,1min,1775628538,2026-04-08 11:53,2026-04-08,214,214,213.7,214,674
UPPER,1min,1775628632,2026-04-08 11:55,2026-04-08,214,214,213.7,213.7,150
UPPER,1min,1775628719,2026-04-08 11:56,2026-04-08,213.7,213.7,213.5,213.5,1290
UPPER,1min,1775628777,2026-04-08 11:57,2026-04-08,213.5,214,213.5,213.6,1022
UPPER,1min,1775628806,2026-04-08 11:58,2026-04-08,213.6,214,213.6,214,10
UPPER,1min,1775628878,2026-04-08 11:59,2026-04-08,214,214,214,214,1000
UPPER,1min,1775628947,2026-04-08 12:00,2026-04-08,214,214,213.6,213.6,55
UPPER,1min,1775628967,2026-04-08 12:01,2026-04-08,213.6,214,213.6,214,11
UPPER,1min,1775629046,2026-04-08 12:02,2026-04-08,214,214,214,214,50
UPPER,1min,1775629133,2026-04-08 12:03,2026-04-08,214,214,213.1,213.1,250
UPPER,1min,1775629181,2026-04-08 12:04,2026-04-08,213.1,213.2,213.1,213.2,1550
UPPER,1min,1775629245,2026-04-08 12:05,2026-04-08,213.2,214,213.2,214,51
UPPER,1min,1775629264,2026-04-08 12:06,2026-04-08,214,214,214,214,160
UPPER,1min,1775629374,2026-04-08 12:07,2026-04-08,214,214.5,214,214.5,1200
UPPER,1min,1775629432,2026-04-08 12:08,2026-04-08,214.5,214.5,213.5,213.5,20
UPPER,1min,1775629477,2026-04-08 12:09,2026-04-08,213.5,213.5,213.2,213.2,953
UPPER,1min,1775629557,2026-04-08 12:10,2026-04-08,213.2,214,213,213.9,3810
UPPER,1min,1775629665,2026-04-08 12:12,2026-04-08,213.9,213.9,213.9,213.9,100
UPPER,1min,1775629730,2026-04-08 12:13,2026-04-08,213.9,214,213.9,214,0
UPPER,1min,1775629798,2026-04-08 12:14,2026-04-08,214,214,214,214,1910
UPPER,1min,1775629857,2026-04-08 12:15,2026-04-08,214,214,213.1,214,497
UPPER,1min,1775629943,2026-04-08 12:17,2026-04-08,214,214.5,214,214.5,14
UPPER,1min,1775630001,2026-04-08 12:18,2026-04-08,214.5,214.5,214,214,100
UPPER,1min,1775630098,2026-04-08 12:19,2026-04-08,214,214,214,214,745
UPPER,1min,1775630117,2026-04-08 12:20,2026-04-08,214,214.7,214,214.7,143
UPPER,1min,1775630299,2026-04-08 12:23,2026-04-08,214.7,214.7,214,214,100
UPPER,1min,1775630383,2026-04-08 12:24,2026-04-08,214,214,214,214,0
UPPER,1min,1775630404,2026-04-08 12:25,2026-04-08,214,214,214,214,148
UPPER,1min,1775630488,2026-04-08 12:26,2026-04-08,214,214.1,214,214.1,961
UPPER,1min,1775630578,2026-04-08 12:27,2026-04-08,214.1,214.8,214.1,214.8,1384
UPPER,1min,1775630629,2026-04-08 12:28,2026-04-08,214.8,215,214.8,215,2482
UPPER,1min,1775630741,2026-04-08 12:30,2026-04-08,215,215,215,215,220
UPPER,1min,1775630805,2026-04-08 12:31,2026-04-08,215,215,214.5,214.5,310
UPPER,1min,1775630932,2026-04-08 12:33,2026-04-08,214.5,214.9,214.5,214.9,1088
UPPER,1min,1775630999,2026-04-08 12:34,2026-04-08,214.9,214.9,214.5,214.5,100
UPPER,1min,1775631028,2026-04-08 12:35,2026-04-08,214.5,214.9,214.5,214.9,930
UPPER,1min,1775631098,2026-04-08 12:36,2026-04-08,214.9,214.9,214.6,214.6,60
UPPER,1min,1775631123,2026-04-08 12:37,2026-04-08,214.6,214.6,214.6,214.6,20
UPPER,1min,1775631270,2026-04-08 12:39,2026-04-08,214.6,214.8,214.6,214.6,130
UPPER,1min,1775631344,2026-04-08 12:40,2026-04-08,214.6,214.6,214.5,214.5,270
UPPER,1min,1775631375,2026-04-08 12:41,2026-04-08,214.5,214.8,214.5,214.8,250
UPPER,1min,1775631469,2026-04-08 12:42,2026-04-08,214.8,215.2,214.5,215.2,22110
UPPER,1min,1775631504,2026-04-08 12:43,2026-04-08,215.2,215.3,215.2,215.3,260
UPPER,1min,1775631572,2026-04-08 12:44,2026-04-08,215.3,215.3,214.6,214.6,1010
UPPER,1min,1775631675,2026-04-08 12:46,2026-04-08,214.6,214.6,214.3,214.3,420
UPPER,1min,1775631756,2026-04-08 12:47,2026-04-08,214.3,215.3,214.3,215.3,600
UPPER,1min,1775631824,2026-04-08 12:48,2026-04-08,215.3,215.5,215.3,215.5,2510
UPPER,1min,1775631878,2026-04-08 12:49,2026-04-08,215.5,215.5,215,215,14250
UPPER,1min,1775631918,2026-04-08 12:50,2026-04-08,215,215.5,215,215.5,940
UPPER,1min,1775632009,2026-04-08 12:51,2026-04-08,215.5,215.5,215.5,215.5,2190
UPPER,1min,1775632041,2026-04-08 12:52,2026-04-08,215.5,216,215.5,215.5,1030
UPPER,1min,1775632191,2026-04-08 12:54,2026-04-08,215.5,215.9,215.5,215.9,203
UPPER,1min,1775632257,2026-04-08 12:55,2026-04-08,215.9,216.1,215.9,216.1,3639
UPPER,1min,1775632313,2026-04-08 12:56,2026-04-08,216.1,216.1,216.1,216.1,189
UPPER,1min,1775632347,2026-04-08 12:57,2026-04-08,216.1,216.1,216.1,216.1,831
UPPER,1min,1775632437,2026-04-08 12:58,2026-04-08,216.1,216.5,216.1,216.5,1224
UPPER,1min,1775632488,2026-04-08 12:59,2026-04-08,216.5,216.7,216.1,216.7,1367
UPPER,1min,1775632525,2026-04-08 13:00,2026-04-08,216.7,216.7,216.1,216.1,0
UPPER,1min,1775632619,2026-04-08 13:01,2026-04-08,216.1,216.5,216.1,216.5,2063
UPPER,1min,1775632678,2026-04-08 13:02,2026-04-08,216.5,216.5,216.1,216.5,657
UPPER,1min,1775632708,2026-04-08 13:03,2026-04-08,216.5,216.6,216.5,216.6,100
UPPER,1min,1775632796,2026-04-08 13:04,2026-04-08,216.6,216.6,216.5,216.5,1838
UPPER,1min,1775632847,2026-04-08 13:05,2026-04-08,216.5,216.5,216.5,216.5,252
UPPER,1min,1775632908,2026-04-08 13:06,2026-04-08,216.5,216.6,216.1,216.1,1090
UPPER,1min,1775632978,2026-04-08 13:07,2026-04-08,216.1,216.1,215,215,6936
UPPER,1min,1775633034,2026-04-08 13:08,2026-04-08,215,215.3,215,215,1350
UPPER,1min,1775633094,2026-04-08 13:09,2026-04-08,215,215,214.6,214.6,3919
UPPER,1min,1775633158,2026-04-08 13:10,2026-04-08,214.6,214.9,214.6,214.6,1364
UPPER,1min,1775633198,2026-04-08 13:11,2026-04-08,214.6,214.6,214.6,214.6,275
UPPER,1min,1775633234,2026-04-08 13:12,2026-04-08,214.6,214.6,214.6,214.6,167
UPPER,1min,1775633330,2026-04-08 13:13,2026-04-08,214.6,214.6,214.5,214.5,432
UPPER,1min,1775633393,2026-04-08 13:14,2026-04-08,214.5,214.5,214,214,6411
UPPER,1min,1775633453,2026-04-08 13:15,2026-04-08,214,214,213.5,214,65
UPPER,1min,1775633519,2026-04-08 13:16,2026-04-08,214,214,213.5,213.5,0
UPPER,1min,1775633557,2026-04-08 13:17,2026-04-08,213.5,213.5,213.2,213.2,2708
UPPER,1min,1775633639,2026-04-08 13:18,2026-04-08,213.2,214,213.2,214,4420
UPPER,1min,1775633684,2026-04-08 13:19,2026-04-08,214,214.4,214,214.4,1184
UPPER,1min,1775633744,2026-04-08 13:20,2026-04-08,214.4,215,214.4,215,500
UPPER,1min,1775633834,2026-04-08 13:22,2026-04-08,215,215,215,215,0
UPPER,1min,1775633980,2026-04-08 13:24,2026-04-08,215,215,215,215,297
UPPER,1min,1775634048,2026-04-08 13:25,2026-04-08,215,215,214,214,1535
UPPER,1min,1775634105,2026-04-08 13:26,2026-04-08,214,214,213.6,214,493
UPPER,1min,1775634156,2026-04-08 13:27,2026-04-08,214,214,214,214,10
UPPER,1min,1775634268,2026-04-08 13:29,2026-04-08,214,214,214,214,100
UPPER,1min,1775634348,2026-04-08 13:30,2026-04-08,214,214,214,214,574
UPPER,1min,1775634414,2026-04-08 13:31,2026-04-08,214,214.1,214,214,1784
UPPER,1min,1775634472,2026-04-08 13:32,2026-04-08,214,214,214,214,20
UPPER,1min,1775634500,2026-04-08 13:33,2026-04-08,214,214,214,214,50
UPPER,1min,1775634595,2026-04-08 13:34,2026-04-08,214,215,214,215,1220
UPPER,1min,1775634630,2026-04-08 13:35,2026-04-08,215,215,215,215,80
UPPER,1min,1775634690,2026-04-08 13:36,2026-04-08,215,215,214,214,50
UPPER,1min,1775634758,2026-04-08 13:37,2026-04-08,214,215,214,215,545
UPPER,1min,1775634809,2026-04-08 13:38,2026-04-08,215,215,214.9,214.9,975
UPPER,1min,1775634869,2026-04-08 13:39,2026-04-08,214.9,214.9,214.9,214.9,245
UPPER,1min,1775634951,2026-04-08 13:40,2026-04-08,214.9,214.9,214.1,214.1,110
UPPER,1min,1775635011,2026-04-08 13:41,2026-04-08,214.1,214.5,214.1,214.5,60
UPPER,1min,1775635041,2026-04-08 13:42,2026-04-08,214.5,214.5,214.5,214.5,10
UPPER,1min,1775635123,2026-04-08 13:43,2026-04-08,214.5,214.5,213.2,213.2,7500
UPPER,1min,1775635159,2026-04-08 13:44,2026-04-08,213.2,213.2,213,213,8000
UPPER,1min,1775635418,2026-04-08 13:48,2026-04-08,213,214,213,214,0
UPPER,1min,1775635544,2026-04-08 13:50,2026-04-08,214,214.8,214,214.8,500
UPPER,1min,1775635573,2026-04-08 13:51,2026-04-08,214.8,214.8,213.5,213.5,10
UPPER,1min,1775635663,2026-04-08 13:52,2026-04-08,213.5,213.5,213.5,213.5,85
UPPER,1min,1775635901,2026-04-08 13:56,2026-04-08,213.5,214,213.5,214,550
UPPER,1min,1775635979,2026-04-08 13:57,2026-04-08,214,214,213.5,214,1550
UPPER,1min,1775636036,2026-04-08 13:58,2026-04-08,214,214,213.9,213.9,650
UPPER,1min,1775636055,2026-04-08 13:59,2026-04-08,213.9,214,213.9,214,500
UPPER,1min,1775636145,2026-04-08 14:00,2026-04-08,214,214.7,214,214.7,200
UPPER,1min,1775636175,2026-04-08 14:01,2026-04-08,214.7,214.7,214,214,70
UPPER,1min,1775636266,2026-04-08 14:02,2026-04-08,214,214,214,214,1052
UPPER,1min,1775636298,2026-04-08 14:03,2026-04-08,214,214,213.6,213.6,200
UPPER,1min,1775636397,2026-04-08 14:04,2026-04-08,213.6,213.6,213.6,213.6,0
UPPER,1min,1775636434,2026-04-08 14:05,2026-04-08,213.6,213.9,213.6,213.9,640
UPPER,1min,1775636493,2026-04-08 14:06,2026-04-08,213.9,214,213.9,214,678
UPPER,1min,1775636694,2026-04-08 14:09,2026-04-08,214,214,214,214,200
UPPER,1min,1775636730,2026-04-08 14:10,2026-04-08,214,214.1,214,214.1,15
UPPER,1min,1775636821,2026-04-08 14:12,2026-04-08,214.1,214.3,214.1,214.3,930
UPPER,1min,1775636902,2026-04-08 14:13,2026-04-08,214.3,214.3,214,214,762
UPPER,1min,1775637050,2026-04-08 14:15,2026-04-08,214,214,213.5,213.5,3090
UPPER,1min,1775637083,2026-04-08 14:16,2026-04-08,213.5,214,213.5,214,0
UPPER,1min,1775637201,2026-04-08 14:18,2026-04-08,214,214,213.8,213.8,10
UPPER,1min,1775637292,2026-04-08 14:19,2026-04-08,213.8,213.9,213.8,213.9,2026
UPPER,1min,1775637345,2026-04-08 14:20,2026-04-08,213.9,213.9,213.7,213.7,0
UPPER,1min,1775637468,2026-04-08 14:22,2026-04-08,213.7,213.7,213.7,213.7,510
UPPER,1min,1775637538,2026-04-08 14:23,2026-04-08,213.7,213.7,213.5,213.5,1975
UPPER,1min,1775637598,2026-04-08 14:24,2026-04-08,213.5,213.6,213.5,213.6,13
UPPER,1min,1775637640,2026-04-08 14:25,2026-04-08,213.6,213.6,213.5,213.5,180
UPPER,1min,1775637668,2026-04-08 14:26,2026-04-08,213.5,213.5,213.5,213.5,175
UPPER,1min,1775637725,2026-04-08 14:27,2026-04-08,213.5,213.5,213.5,213.5,139
UPPER,1min,1775637839,2026-04-08 14:28,2026-04-08,213.5,213.5,213.2,213.2,287
UPPER,1min,1775637879,2026-04-08 14:29,2026-04-08,213.2,213.2,213.2,213.2,0
UPPER,1min,1775637910,2026-04-08 14:30,2026-04-08,213.2,213.2,213.2,213.2,195
UPPER,1min,1775637997,2026-04-08 14:31,2026-04-08,213.2,213.2,213.2,213.2,65
UPPER,1min,1775638040,2026-04-08 14:32,2026-04-08,213.2,213.2,213.1,213.1,280
UPPER,1min,1775638081,2026-04-08 14:33,2026-04-08,213.1,213.5,213.1,213.5,100
UPPER,1min,1775638181,2026-04-08 14:34,2026-04-08,213.5,213.5,213.1,213.3,692
UPPER,1min,1775638257,2026-04-08 14:35,2026-04-08,213.3,213.3,213,213,3000
UPPER,1min,1775638284,2026-04-08 14:36,2026-04-08,213,213,213,213,600
UPPER,1min,1775638368,2026-04-08 14:37,2026-04-08,213,213.1,213,213.1,2733
UPPER,1min,1775638413,2026-04-08 14:38,2026-04-08,213.1,213.5,213.1,213.5,320
UPPER,1min,1775638499,2026-04-08 14:39,2026-04-08,213.5,213.5,213.4,213.4,884
UPPER,1min,1775638544,2026-04-08 14:40,2026-04-08,213.4,213.4,213.3,213.3,21
UPPER,1min,1775638562,2026-04-08 14:41,2026-04-08,213.3,213.3,213,213,9000
UPPER,1min,1775638671,2026-04-08 14:42,2026-04-08,213,213.3,213,213.3,500
UPPER,1min,1775638738,2026-04-08 14:43,2026-04-08,213.3,213.3,213.2,213.3,332
UPPER,1min,1775638771,2026-04-08 14:44,2026-04-08,213.3,213.3,213.2,213.2,587
UPPER,1min,1775638846,2026-04-08 14:45,2026-04-08,213.2,213.2,213.1,213.2,810
UPPER,1min,1775638895,2026-04-08 14:46,2026-04-08,213.2,213.3,213.1,213.1,1678
UPPER,1min,1775638940,2026-04-08 14:47,2026-04-08,213.1,213.3,213.1,213.3,194
UPPER,1min,1775639005,2026-04-08 14:48,2026-04-08,213.3,214,213.3,214,7350
UPPER,1min,1775639064,2026-04-08 14:49,2026-04-08,214,214,214,214,580
UPPER,1min,1775639145,2026-04-08 14:50,2026-04-08,214,214,213.5,213.5,1500
UPPER,1min,1775639202,2026-04-08 14:51,2026-04-08,213.5,213.5,213.1,213.1,3340
UPPER,1min,1775639256,2026-04-08 14:52,2026-04-08,213.1,214,213.1,214,100
UPPER,1min,1775639331,2026-04-08 14:53,2026-04-08,214,214,213.5,213.5,1226
UPPER,1min,1775639399,2026-04-08 14:54,2026-04-08,213.5,214,213.5,213.5,6226
UPPER,1min,1775639454,2026-04-08 14:55,2026-04-08,213.5,213.7,213.5,213.6,280
UPPER,1min,1775639513,2026-04-08 14:56,2026-04-08,213.6,214,213.6,214,2366
UPPER,1min,1775639569,2026-04-08 14:57,2026-04-08,214,214.5,214,214,910
UPPER,1min,1775639635,2026-04-08 14:58,2026-04-08,214,214.5,213.8,213.8,855
UPPER,1min,1775639699,2026-04-08 14:59,2026-04-08,213.8,214,213.5,214,9968
UPPER,1min,1775711700,2026-04-09 11:00,2026-04-09,218.2,218.2,218.2,218.2,0
UPPER,1min,1775711802,2026-04-09 11:01,2026-04-09,218.2,218.2,214,214,97
UPPER,1min,1775711843,2026-04-09 11:02,2026-04-09,214,214,214,214,160
UPPER,1min,1775711925,2026-04-09 11:03,2026-04-09,214,215,214,215,20
UPPER,1min,1775711955,2026-04-09 11:04,2026-04-09,215,216.9,215,216.9,10
UPPER,1min,1775712023,2026-04-09 11:05,2026-04-09,216.9,216.9,216.9,216.9,20
UPPER,1min,1775712063,2026-04-09 11:06,2026-04-09,216.9,216.9,216.9,216.9,0
UPPER,1min,1775712177,2026-04-09 11:07,2026-04-09,216.9,216.9,216.5,216.5,170
UPPER,1min,1775712218,2026-04-09 11:08,2026-04-09,216.5,216.5,215.1,215.1,10
UPPER,1min,1775712245,2026-04-09 11:09,2026-04-09,215.1,215.1,215,215,410
UPPER,1min,1775712345,2026-04-09 11:10,2026-04-09,215,215,215,215,190
UPPER,1min,1775712385,2026-04-09 11:11,2026-04-09,215,215,214,214,800
UPPER,1min,1775712453,2026-04-09 11:12,2026-04-09,214,214,214,214,150
UPPER,1min,1775712580,2026-04-09 11:14,2026-04-09,214,214.1,214,214.1,80
UPPER,1min,1775712618,2026-04-09 11:15,2026-04-09,214.1,214.1,214.1,214.1,310
UPPER,1min,1775712683,2026-04-09 11:16,2026-04-09,214.1,214.1,214.1,214.1,70
UPPER,1min,1775712741,2026-04-09 11:17,2026-04-09,214.1,214.9,214.1,214.9,20
UPPER,1min,1775712817,2026-04-09 11:18,2026-04-09,214.9,215,214.9,215,1360
UPPER,1min,1775712867,2026-04-09 11:19,2026-04-09,215,215.1,215,215.1,600
UPPER,1min,1775712987,2026-04-09 11:21,2026-04-09,215.1,215.1,215.1,215.1,20
UPPER,1min,1775713061,2026-04-09 11:22,2026-04-09,215.1,215.7,215.1,215.7,550
UPPER,1min,1775713124,2026-04-09 11:23,2026-04-09,215.7,215.7,215,215,1254
UPPER,1min,1775713178,2026-04-09 11:24,2026-04-09,215,215,215,215,500
UPPER,1min,1775713230,2026-04-09 11:25,2026-04-09,215,215,215,215,160
UPPER,1min,1775713319,2026-04-09 11:26,2026-04-09,215,215,214,214,952
UPPER,1min,1775713358,2026-04-09 11:27,2026-04-09,214,215,214,215,71
UPPER,1min,1775713500,2026-04-09 11:30,2026-04-09,215,215,214.1,214.1,20
UPPER,1min,1775713601,2026-04-09 11:31,2026-04-09,214.1,215,214.1,215,190
UPPER,1min,1775713626,2026-04-09 11:32,2026-04-09,215,215,215,215,100
UPPER,1min,1775713714,2026-04-09 11:33,2026-04-09,215,215,215,215,260
UPPER,1min,1775713764,2026-04-09 11:34,2026-04-09,215,215,215,215,45
UPPER,1min,1775713859,2026-04-09 11:35,2026-04-09,215,215,214.3,215,730
UPPER,1min,1775713905,2026-04-09 11:36,2026-04-09,215,215,215,215,230
UPPER,1min,1775714038,2026-04-09 11:38,2026-04-09,215,215,215,215,2340
UPPER,1min,1775714066,2026-04-09 11:39,2026-04-09,215,215,215,215,13
UPPER,1min,1775714171,2026-04-09 11:41,2026-04-09,215,215,214.5,214.5,40
UPPER,1min,1775714247,2026-04-09 11:42,2026-04-09,214.5,214.8,214.5,214.8,100
UPPER,1min,1775714335,2026-04-09 11:43,2026-04-09,214.8,214.9,214.5,214.5,976
UPPER,1min,1775714377,2026-04-09 11:44,2026-04-09,214.5,214.9,214.5,214.9,1700
UPPER,1min,1775714445,2026-04-09 11:45,2026-04-09,214.9,214.9,214.8,214.8,1110
UPPER,1min,1775714487,2026-04-09 11:46,2026-04-09,214.8,214.8,214.8,214.8,1000
UPPER,1min,1775714559,2026-04-09 11:47,2026-04-09,214.8,214.8,214.2,214.8,2599
UPPER,1min,1775714639,2026-04-09 11:48,2026-04-09,214.8,214.8,214.8,214.8,1510
UPPER,1min,1775714686,2026-04-09 11:49,2026-04-09,214.8,214.8,214.8,214.8,2346
UPPER,1min,1775714756,2026-04-09 11:50,2026-04-09,214.8,215,214.8,215,3271
UPPER,1min,1775714806,2026-04-09 11:51,2026-04-09,215,215,215,215,7651
UPPER,1min,1775714866,2026-04-09 11:52,2026-04-09,215,216,215,216,930
UPPER,1min,1775714924,2026-04-09 11:53,2026-04-09,216,216,216,216,615
UPPER,1min,1775714954,2026-04-09 11:54,2026-04-09,216,216,216,216,1530
UPPER,1min,1775715052,2026-04-09 11:55,2026-04-09,216,216.5,216,216.5,2209
UPPER,1min,1775715106,2026-04-09 11:56,2026-04-09,216.5,216.5,216.1,216.1,612
UPPER,1min,1775715143,2026-04-09 11:57,2026-04-09,216.1,216.1,216,216,500
UPPER,1min,1775715230,2026-04-09 11:58,2026-04-09,216,216,215.5,215.5,456
UPPER,1min,1775715292,2026-04-09 11:59,2026-04-09,215.5,215.5,215,215,3345
UPPER,1min,1775715313,2026-04-09 12:00,2026-04-09,215,215,215,215,20
UPPER,1min,1775715360,2026-04-09 12:01,2026-04-09,215,215,215,215,300
UPPER,1min,1775715470,2026-04-09 12:02,2026-04-09,215,215.5,215,215.5,1350
UPPER,1min,1775715652,2026-04-09 12:05,2026-04-09,215.5,216,215.1,216,2097
UPPER,1min,1775715706,2026-04-09 12:06,2026-04-09,216,216,216,216,250
UPPER,1min,1775715740,2026-04-09 12:07,2026-04-09,216,216,216,216,1972
UPPER,1min,1775715825,2026-04-09 12:08,2026-04-09,216,216,216,216,0
UPPER,1min,1775715878,2026-04-09 12:09,2026-04-09,216,216,215.1,215.1,110
UPPER,1min,1775715955,2026-04-09 12:10,2026-04-09,215.1,216,215.1,216,0
UPPER,1min,1775715993,2026-04-09 12:11,2026-04-09,216,216.5,216,216.5,810
UPPER,1min,1775716069,2026-04-09 12:12,2026-04-09,216.5,216.5,216.5,216.5,610
UPPER,1min,1775716117,2026-04-09 12:13,2026-04-09,216.5,216.9,216.5,216.9,170
UPPER,1min,1775716182,2026-04-09 12:14,2026-04-09,216.9,216.9,216.5,216.5,48
UPPER,1min,1775716249,2026-04-09 12:15,2026-04-09,216.5,216.5,216.5,216.5,0
UPPER,1min,1775716311,2026-04-09 12:16,2026-04-09,216.5,217,216.1,217,1242
UPPER,1min,1775716439,2026-04-09 12:18,2026-04-09,217,217,217,217,9825
UPPER,1min,1775716479,2026-04-09 12:19,2026-04-09,217,217.2,217,217,1961
UPPER,1min,1775716535,2026-04-09 12:20,2026-04-09,217,217.4,217,217.4,220
UPPER,1min,1775716611,2026-04-09 12:21,2026-04-09,217.4,217.4,217.2,217.3,780
UPPER,1min,1775716670,2026-04-09 12:22,2026-04-09,217.3,217.5,217.2,217.4,3625
UPPER,1min,1775716696,2026-04-09 12:23,2026-04-09,217.4,217.8,217.4,217.5,489
UPPER,1min,1775716778,2026-04-09 12:24,2026-04-09,217.5,217.9,217.5,217.7,1360
UPPER,1min,1775716830,2026-04-09 12:25,2026-04-09,217.7,217.7,217.6,217.7,2035
UPPER,1min,1775716896,2026-04-09 12:26,2026-04-09,217.7,217.7,217.7,217.7,980
UPPER,1min,1775716973,2026-04-09 12:27,2026-04-09,217.7,217.8,217.6,217.6,525
UPPER,1min,1775717032,2026-04-09 12:28,2026-04-09,217.6,217.6,217,217,0
UPPER,1min,1775717062,2026-04-09 12:29,2026-04-09,217,217.5,217,217,0
UPPER,1min,1775717132,2026-04-09 12:30,2026-04-09,217,217.2,217,217,5578
UPPER,1min,1775717206,2026-04-09 12:31,2026-04-09,217,217.4,217,217.4,925
UPPER,1min,1775717274,2026-04-09 12:32,2026-04-09,217.4,217.4,217,217,1032
UPPER,1min,1775717321,2026-04-09 12:33,2026-04-09,217,217,217,217,620
UPPER,1min,1775717399,2026-04-09 12:34,2026-04-09,217,217.1,217,217,1078
UPPER,1min,1775717456,2026-04-09 12:35,2026-04-09,217,217.5,217,217.5,1210
UPPER,1min,1775717514,2026-04-09 12:36,2026-04-09,217.5,217.5,217,217,1792
UPPER,1min,1775717567,2026-04-09 12:37,2026-04-09,217,217.3,217,217.3,2100
UPPER,1min,1775717633,2026-04-09 12:38,2026-04-09,217.3,217.3,217,217,1435
UPPER,1min,1775717694,2026-04-09 12:39,2026-04-09,217,217.4,217,217.4,967
UPPER,1min,1775717742,2026-04-09 12:40,2026-04-09,217.4,217.5,217,217.5,2465
UPPER,1min,1775717810,2026-04-09 12:41,2026-04-09,217.5,217.5,217,217,2597
UPPER,1min,1775717877,2026-04-09 12:42,2026-04-09,217,217,216.5,216.5,250
UPPER,1min,1775717922,2026-04-09 12:43,2026-04-09,216.5,216.5,216.5,216.5,220
UPPER,1min,1775717999,2026-04-09 12:44,2026-04-09,216.5,216.5,216.2,216.2,200
UPPER,1min,1775718119,2026-04-09 12:46,2026-04-09,216.2,217,216.2,217,2674
UPPER,1min,1775718168,2026-04-09 12:47,2026-04-09,217,217,216.5,216.5,1066
UPPER,1min,1775718237,2026-04-09 12:48,2026-04-09,216.5,216.5,216.5,216.5,1000
UPPER,1min,1775718293,2026-04-09 12:49,2026-04-09,216.5,216.5,216.5,216.5,4041
UPPER,1min,1775718324,2026-04-09 12:50,2026-04-09,216.5,217,216.5,217,0
UPPER,1min,1775718443,2026-04-09 12:52,2026-04-09,217,217,217,217,225
UPPER,1min,1775718493,2026-04-09 12:53,2026-04-09,217,217,217,217,175
UPPER,1min,1775718607,2026-04-09 12:55,2026-04-09,217,217,217,217,500
UPPER,1min,1775718775,2026-04-09 12:57,2026-04-09,217,217,216.9,216.9,45
UPPER,1min,1775718820,2026-04-09 12:58,2026-04-09,216.9,217,216.9,217,16
UPPER,1min,1775718867,2026-04-09 12:59,2026-04-09,217,217,216.5,217,296
UPPER,1min,1775718924,2026-04-09 13:00,2026-04-09,217,217,216.5,216.5,2000
UPPER,1min,1775719097,2026-04-09 13:03,2026-04-09,216.5,216.5,216,216,10
UPPER,1min,1775719192,2026-04-09 13:04,2026-04-09,216,216,215.3,215.3,574
UPPER,1min,1775719237,2026-04-09 13:05,2026-04-09,215.3,216.5,215.3,216,1533
UPPER,1min,1775719316,2026-04-09 13:06,2026-04-09,216,216,215.7,215.7,37
UPPER,1min,1775719348,2026-04-09 13:07,2026-04-09,215.7,216,215.7,216,1310
UPPER,1min,1775719419,2026-04-09 13:08,2026-04-09,216,217,216,217,8875
UPPER,1min,1775719496,2026-04-09 13:09,2026-04-09,217,217,217,217,275
UPPER,1min,1775719523,2026-04-09 13:10,2026-04-09,217,217,216.5,216.5,162
UPPER,1min,1775719567,2026-04-09 13:11,2026-04-09,216.5,216.5,216.5,216.5,50
UPPER,1min,1775719663,2026-04-09 13:12,2026-04-09,216.5,217,216.5,217,433
UPPER,1min,1775719732,2026-04-09 13:13,2026-04-09,217,217.1,217,217.1,467
UPPER,1min,1775719772,2026-04-09 13:14,2026-04-09,217.1,217.5,217.1,217.5,1250
UPPER,1min,1775719847,2026-04-09 13:15,2026-04-09,217.5,217.5,217.1,217.5,230
UPPER,1min,1775719878,2026-04-09 13:16,2026-04-09,217.5,217.5,217,217,2356
UPPER,1min,1775719925,2026-04-09 13:17,2026-04-09,217,217.5,217,217.5,0
UPPER,1min,1775720027,2026-04-09 13:18,2026-04-09,217.5,217.5,217,217,440
UPPER,1min,1775720059,2026-04-09 13:19,2026-04-09,217,217.4,217,217.4,50
UPPER,1min,1775720128,2026-04-09 13:20,2026-04-09,217.4,217.4,217,217,20
UPPER,1min,1775720205,2026-04-09 13:21,2026-04-09,217,217,217,217,191
UPPER,1min,1775720249,2026-04-09 13:22,2026-04-09,217,217.3,217,217.3,20
UPPER,1min,1775720303,2026-04-09 13:23,2026-04-09,217.3,217.3,217,217,658
UPPER,1min,1775720378,2026-04-09 13:24,2026-04-09,217,217,216.5,216.5,460
UPPER,1min,1775720458,2026-04-09 13:25,2026-04-09,216.5,217,216,217,1970
UPPER,1min,1775720506,2026-04-09 13:26,2026-04-09,217,217,217,217,440
UPPER,1min,1775720553,2026-04-09 13:27,2026-04-09,217,217,216,216,10
UPPER,1min,1775720632,2026-04-09 13:28,2026-04-09,216,216.2,216,216,250
UPPER,1min,1775720649,2026-04-09 13:29,2026-04-09,216,216.2,216,216.2,10
UPPER,1min,1775720703,2026-04-09 13:30,2026-04-09,216.2,216.2,216,216,585
UPPER,1min,1775720848,2026-04-09 13:32,2026-04-09,216,216,215.7,215.7,490
UPPER,1min,1775720926,2026-04-09 13:33,2026-04-09,215.7,216,215.7,216,1715
UPPER,1min,1775720951,2026-04-09 13:34,2026-04-09,216,216,216,216,1030
UPPER,1min,1775721039,2026-04-09 13:35,2026-04-09,216,216.9,216,216.9,400
UPPER,1min,1775721114,2026-04-09 13:36,2026-04-09,216.9,216.9,216.5,216.5,0
UPPER,1min,1775721165,2026-04-09 13:37,2026-04-09,216.5,216.9,216.5,216.9,420
UPPER,1min,1775721200,2026-04-09 13:38,2026-04-09,216.9,216.9,216.5,216.5,0
UPPER,1min,1775721290,2026-04-09 13:39,2026-04-09,216.5,216.9,216.5,216.9,50
UPPER,1min,1775721330,2026-04-09 13:40,2026-04-09,216.9,216.9,216,216,956
UPPER,1min,1775721410,2026-04-09 13:41,2026-04-09,216,217,216,217,2000
UPPER,1min,1775721473,2026-04-09 13:42,2026-04-09,217,217,217,217,2020
UPPER,1min,1775721538,2026-04-09 13:43,2026-04-09,217,217,216.2,216.2,10
UPPER,1min,1775721589,2026-04-09 13:44,2026-04-09,216.2,217,216.2,217,115
UPPER,1min,1775721613,2026-04-09 13:45,2026-04-09,217,217,216.3,216.3,35
UPPER,1min,1775721712,2026-04-09 13:46,2026-04-09,216.3,216.5,216.3,216.5,100
UPPER,1min,1775721770,2026-04-09 13:47,2026-04-09,216.5,216.5,216.5,216.5,240
UPPER,1min,1775721800,2026-04-09 13:48,2026-04-09,216.5,217,216.5,217,1500
UPPER,1min,1775721895,2026-04-09 13:49,2026-04-09,217,217,216.5,216.5,450
UPPER,1min,1775721924,2026-04-09 13:50,2026-04-09,216.5,216.5,216.5,216.5,325
UPPER,1min,1775721977,2026-04-09 13:51,2026-04-09,216.5,216.5,216.5,216.5,0
UPPER,1min,1775722073,2026-04-09 13:52,2026-04-09,216.5,217,216.5,216.5,792
UPPER,1min,1775722117,2026-04-09 13:53,2026-04-09,216.5,217,216.5,217,6023
UPPER,1min,1775722248,2026-04-09 13:55,2026-04-09,217,217,216.6,216.6,848
UPPER,1min,1775722318,2026-04-09 13:56,2026-04-09,216.6,216.6,216,216.6,10374
UPPER,1min,1775722378,2026-04-09 13:57,2026-04-09,216.6,216.6,216.6,216.6,2196
UPPER,1min,1775722396,2026-04-09 13:58,2026-04-09,216.6,216.9,216.6,216.9,10
UPPER,1min,1775722467,2026-04-09 13:59,2026-04-09,216.9,216.9,216.9,216.9,20
UPPER,1min,1775722601,2026-04-09 14:01,2026-04-09,216.9,217,216.9,217,1021
UPPER,1min,1775722668,2026-04-09 14:02,2026-04-09,217,217,216.5,216.5,25
UPPER,1min,1775722737,2026-04-09 14:03,2026-04-09,216.5,217,216.5,216.6,210
UPPER,1min,1775722761,2026-04-09 14:04,2026-04-09,216.6,216.6,216.1,216.1,1010
UPPER,1min,1775722835,2026-04-09 14:05,2026-04-09,216.1,217,216,217,8947
UPPER,1min,1775722963,2026-04-09 14:07,2026-04-09,217,217,216.9,216.9,250
UPPER,1min,1775723037,2026-04-09 14:08,2026-04-09,216.9,216.9,216,216.9,568
UPPER,1min,1775723134,2026-04-09 14:10,2026-04-09,216.9,216.9,216.9,216.9,520
UPPER,1min,1775723279,2026-04-09 14:12,2026-04-09,216.9,216.9,216.1,216.1,1180
UPPER,1min,1775723317,2026-04-09 14:13,2026-04-09,216.1,217,216.1,216.1,2068
UPPER,1min,1775723340,2026-04-09 14:14,2026-04-09,216.1,217,216.1,217,100
UPPER,1min,1775723431,2026-04-09 14:15,2026-04-09,217,217,216,216,150
UPPER,1min,1775723465,2026-04-09 14:16,2026-04-09,216,216.1,216,216.1,700
UPPER,1min,1775723541,2026-04-09 14:17,2026-04-09,216.1,216.5,216.1,216.5,1500
UPPER,1min,1775723638,2026-04-09 14:18,2026-04-09,216.5,216.9,216.5,216.9,193
UPPER,1min,1775723668,2026-04-09 14:19,2026-04-09,216.9,216.9,216,216,1494
UPPER,1min,1775723730,2026-04-09 14:20,2026-04-09,216,216,216,216,490
UPPER,1min,1775723801,2026-04-09 14:21,2026-04-09,216,216,216,216,20
UPPER,1min,1775723992,2026-04-09 14:24,2026-04-09,216,216,216,216,258
UPPER,1min,1775724029,2026-04-09 14:25,2026-04-09,216,216,216,216,6322
UPPER,1min,1775724116,2026-04-09 14:26,2026-04-09,216,216.3,216,216,300
UPPER,1min,1775724179,2026-04-09 14:27,2026-04-09,216,216.8,216,216,7460
UPPER,1min,1775724232,2026-04-09 14:28,2026-04-09,216,216.9,216,216.9,3472
UPPER,1min,1775724274,2026-04-09 14:29,2026-04-09,216.9,216.9,216.9,216.9,1510
UPPER,1min,1775724307,2026-04-09 14:30,2026-04-09,216.9,216.9,216.9,216.9,85
UPPER,1min,1775724384,2026-04-09 14:31,2026-04-09,216.9,216.9,216.5,216.5,236
UPPER,1min,1775724476,2026-04-09 14:32,2026-04-09,216.5,216.5,216.5,216.5,884
UPPER,1min,1775724533,2026-04-09 14:33,2026-04-09,216.5,216.5,216.5,216.5,18
UPPER,1min,1775724657,2026-04-09 14:35,2026-04-09,216.5,216.5,216,216,1250
UPPER,1min,1775724698,2026-04-09 14:36,2026-04-09,216,216,216,216,4747
UPPER,1min,1775724767,2026-04-09 14:37,2026-04-09,216,216,216,216,7521
UPPER,1min,1775724821,2026-04-09 14:38,2026-04-09,216,216,216,216,47
UPPER,1min,1775724888,2026-04-09 14:39,2026-04-09,216,216.1,216,216.1,323
UPPER,1min,1775724957,2026-04-09 14:40,2026-04-09,216.1,216.2,216.1,216.2,150
UPPER,1min,1775725017,2026-04-09 14:41,2026-04-09,216.2,216.4,216.2,216.2,1400
UPPER,1min,1775725073,2026-04-09 14:42,2026-04-09,216.2,216.2,216,216,5748
UPPER,1min,1775725126,2026-04-09 14:43,2026-04-09,216,216.4,216,216.4,2169
UPPER,1min,1775725198,2026-04-09 14:44,2026-04-09,216.4,217,216.4,217,16250
UPPER,1min,1775725251,2026-04-09 14:45,2026-04-09,217,217.5,216.4,216.4,6180
UPPER,1min,1775725305,2026-04-09 14:46,2026-04-09,216.4,217,216.4,217,400
UPPER,1min,1775725373,2026-04-09 14:47,2026-04-09,217,217,217,217,7535
UPPER,1min,1775725436,2026-04-09 14:48,2026-04-09,217,217.5,217,217.5,3162
UPPER,1min,1775725499,2026-04-09 14:49,2026-04-09,217.5,217.5,217,217.3,6622
UPPER,1min,1775725551,2026-04-09 14:50,2026-04-09,217.3,217.3,217,217,1435
UPPER,1min,1775725605,2026-04-09 14:51,2026-04-09,217,217.4,217,217,1871
UPPER,1min,1775725678,2026-04-09 14:52,2026-04-09,217,217.3,217,217,1590
UPPER,1min,1775725736,2026-04-09 14:53,2026-04-09,217,217.4,217,217.4,4176
UPPER,1min,1775725780,2026-04-09 14:54,2026-04-09,217.4,217.4,217.3,217.4,581
UPPER,1min,1775725848,2026-04-09 14:55,2026-04-09,217.4,217.4,217.1,217.1,824
UPPER,1min,1775725902,2026-04-09 14:56,2026-04-09,217.1,217.1,216.6,216.9,5954
UPPER,1min,1775725975,2026-04-09 14:57,2026-04-09,216.9,216.9,216.5,216.9,2437
UPPER,1min,1775726023,2026-04-09 14:58,2026-04-09,216.9,216.9,216.5,216.9,3219
UPPER,1min,1775726099,2026-04-09 14:59,2026-04-09,216.9,216.9,216.5,216.5,11173
UPPER,1min,1775798278,2026-04-10 11:02,2026-04-10,217.9,217.9,217.5,217.5,778
UPPER,1min,1775798337,2026-04-10 11:03,2026-04-10,217.5,217.5,216.5,216.5,835
UPPER,1min,1775798388,2026-04-10 11:04,2026-04-10,216.5,217,216.5,216.5,1130
UPPER,1min,1775798453,2026-04-10 11:05,2026-04-10,216.5,216.5,216,216,1010
UPPER,1min,1775798488,2026-04-10 11:06,2026-04-10,216,216.5,216,216,1222
UPPER,1min,1775798568,2026-04-10 11:07,2026-04-10,216,216,215.3,215.3,1443
UPPER,1min,1775798630,2026-04-10 11:08,2026-04-10,215.3,215.9,215.3,215.9,200
UPPER,1min,1775798696,2026-04-10 11:09,2026-04-10,215.9,215.9,215.2,215.2,543
UPPER,1min,1775798757,2026-04-10 11:10,2026-04-10,215.2,216,215.2,216,2287
UPPER,1min,1775798804,2026-04-10 11:11,2026-04-10,216,216,215.3,215.3,159
UPPER,1min,1775798862,2026-04-10 11:12,2026-04-10,215.3,215.3,215.3,215.3,533
UPPER,1min,1775798935,2026-04-10 11:13,2026-04-10,215.3,215.3,215.1,215.1,1081
UPPER,1min,1775798994,2026-04-10 11:14,2026-04-10,215.1,215.1,215,215,1994
UPPER,1min,1775799058,2026-04-10 11:15,2026-04-10,215,215,214.1,214.1,2667
UPPER,1min,1775799116,2026-04-10 11:16,2026-04-10,214.1,215,214.1,215,305
UPPER,1min,1775799183,2026-04-10 11:18,2026-04-10,215,215,215,215,100
UPPER,1min,1775799266,2026-04-10 11:19,2026-04-10,215,215,214.2,214.2,100
UPPER,1min,1775799350,2026-04-10 11:20,2026-04-10,214.2,214.5,214.1,214.1,2305
UPPER,1min,1775799416,2026-04-10 11:21,2026-04-10,214.1,215,214.1,215,1092
UPPER,1min,1775799442,2026-04-10 11:22,2026-04-10,215,215,214.2,214.2,500
UPPER,1min,1775799528,2026-04-10 11:23,2026-04-10,214.2,215,214.2,214.2,125
UPPER,1min,1775799599,2026-04-10 11:24,2026-04-10,214.2,214.5,214,214,2250
UPPER,1min,1775799622,2026-04-10 11:25,2026-04-10,214,214.3,214,214.3,20
UPPER,1min,1775799717,2026-04-10 11:26,2026-04-10,214.3,214.5,214,214.5,780
UPPER,1min,1775799753,2026-04-10 11:27,2026-04-10,214.5,214.5,214,214,1824
UPPER,1min,1775799817,2026-04-10 11:28,2026-04-10,214,214.1,214,214.1,120
UPPER,1min,1775799891,2026-04-10 11:29,2026-04-10,214.1,215.2,214.1,215.2,2170
UPPER,1min,1775799940,2026-04-10 11:30,2026-04-10,215.2,215.2,215,215.2,40
UPPER,1min,1775800001,2026-04-10 11:31,2026-04-10,215.2,215.2,215,215,294
UPPER,1min,1775800064,2026-04-10 11:32,2026-04-10,215,215.3,215,215.3,336
UPPER,1min,1775800111,2026-04-10 11:33,2026-04-10,215.3,215.5,215,215,891
UPPER,1min,1775800169,2026-04-10 11:34,2026-04-10,215,215,214.2,215,870
UPPER,1min,1775800218,2026-04-10 11:35,2026-04-10,215,215.3,215,215.3,429
UPPER,1min,1775800316,2026-04-10 11:36,2026-04-10,215.3,215.3,214.2,214.2,442
UPPER,1min,1775800364,2026-04-10 11:37,2026-04-10,214.2,214.2,214.1,214.2,220
UPPER,1min,1775800411,2026-04-10 11:38,2026-04-10,214.2,215,214.1,215,698
UPPER,1min,1775800468,2026-04-10 11:39,2026-04-10,215,215,214,214.8,1000
UPPER,1min,1775800558,2026-04-10 11:40,2026-04-10,214.8,214.8,214,214,699
UPPER,1min,1775800663,2026-04-10 11:42,2026-04-10,214,214.9,214,214.9,400
UPPER,1min,1775800738,2026-04-10 11:43,2026-04-10,214.9,214.9,214.2,214.2,100
UPPER,1min,1775800779,2026-04-10 11:44,2026-04-10,214.2,214.2,214.2,214.2,1250
UPPER,1min,1775800857,2026-04-10 11:45,2026-04-10,214.2,214.2,214,214.2,1638
UPPER,1min,1775800909,2026-04-10 11:46,2026-04-10,214.2,214.2,214.1,214.1,700
UPPER,1min,1775800976,2026-04-10 11:47,2026-04-10,214.1,214.5,214,214.5,1420
UPPER,1min,1775801021,2026-04-10 11:48,2026-04-10,214.5,215.5,214.1,215.5,2240
UPPER,1min,1775801074,2026-04-10 11:49,2026-04-10,215.5,215.5,215.4,215.4,40
UPPER,1min,1775801152,2026-04-10 11:50,2026-04-10,215.4,215.4,214.4,214.4,180
UPPER,1min,1775801244,2026-04-10 11:52,2026-04-10,214.4,215,214.4,215,77
UPPER,1min,1775801337,2026-04-10 11:53,2026-04-10,215,215.3,215,215.3,144
UPPER,1min,1775801378,2026-04-10 11:54,2026-04-10,215.3,215.3,215,215,873
UPPER,1min,1775801440,2026-04-10 11:55,2026-04-10,215,215,215,215,131
UPPER,1min,1775801512,2026-04-10 11:56,2026-04-10,215,215,215,215,100
UPPER,1min,1775801572,2026-04-10 11:57,2026-04-10,215,215,215,215,3465
UPPER,1min,1775801636,2026-04-10 11:58,2026-04-10,215,215,215,215,325
UPPER,1min,1775801687,2026-04-10 11:59,2026-04-10,215,215.4,214.5,215.4,1320
UPPER,1min,1775801731,2026-04-10 12:00,2026-04-10,215.4,215.5,215.4,215.5,42
UPPER,1min,1775801818,2026-04-10 12:01,2026-04-10,215.5,215.5,215.1,215.1,237
UPPER,1min,1775801869,2026-04-10 12:02,2026-04-10,215.1,215.1,215,215,493
UPPER,1min,1775801919,2026-04-10 12:03,2026-04-10,215,215,215,215,170
UPPER,1min,1775801986,2026-04-10 12:04,2026-04-10,215,215,215,215,0
UPPER,1min,1775802051,2026-04-10 12:05,2026-04-10,215,215,214.7,214.7,163
UPPER,1min,1775802107,2026-04-10 12:06,2026-04-10,214.7,214.7,214.6,214.6,1134
UPPER,1min,1775802172,2026-04-10 12:07,2026-04-10,214.6,215,214.6,214.6,383
UPPER,1min,1775802223,2026-04-10 12:08,2026-04-10,214.6,214.6,214.5,214.5,0
UPPER,1min,1775802294,2026-04-10 12:09,2026-04-10,214.5,214.6,214.1,214.1,3190
UPPER,1min,1775802350,2026-04-10 12:10,2026-04-10,214.1,214.1,214,214,500
UPPER,1min,1775802415,2026-04-10 12:11,2026-04-10,214,214,214,214,7506
UPPER,1min,1775802471,2026-04-10 12:12,2026-04-10,214,214,213.9,213.9,1600
UPPER,1min,1775802527,2026-04-10 12:13,2026-04-10,213.9,213.9,213.9,213.9,410
UPPER,1min,1775802578,2026-04-10 12:14,2026-04-10,213.9,213.9,213.7,213.7,470
UPPER,1min,1775802634,2026-04-10 12:15,2026-04-10,213.7,213.7,213.5,213.5,779
UPPER,1min,1775802698,2026-04-10 12:16,2026-04-10,213.5,213.5,213.5,213.5,2002
UPPER,1min,1775802743,2026-04-10 12:17,2026-04-10,213.5,213.6,213.5,213.5,248
UPPER,1min,1775802828,2026-04-10 12:18,2026-04-10,213.5,213.5,213.5,213.5,1525
UPPER,1min,1775802877,2026-04-10 12:19,2026-04-10,213.5,213.6,213.2,213.2,1526
UPPER,1min,1775802959,2026-04-10 12:20,2026-04-10,213.2,213.2,213.1,213.1,730
UPPER,1min,1775802995,2026-04-10 12:21,2026-04-10,213.1,213.1,213,213,870
UPPER,1min,1775803023,2026-04-10 12:22,2026-04-10,213,213.1,213,213.1,0
UPPER,1min,1775803128,2026-04-10 12:23,2026-04-10,213.1,213.1,213,213.1,3999
UPPER,1min,1775803196,2026-04-10 12:24,2026-04-10,213.1,213.1,213.1,213.1,346
UPPER,1min,1775803246,2026-04-10 12:25,2026-04-10,213.1,213.5,213.1,213.5,263
UPPER,1min,1775803316,2026-04-10 12:26,2026-04-10,213.5,213.5,213,213,2118
UPPER,1min,1775803336,2026-04-10 12:27,2026-04-10,213,213.5,213,213.5,600
UPPER,1min,1775803431,2026-04-10 12:28,2026-04-10,213.5,213.6,213.5,213.5,0
UPPER,1min,1775803479,2026-04-10 12:29,2026-04-10,213.5,213.6,213.1,213.6,3011
UPPER,1min,1775803555,2026-04-10 12:30,2026-04-10,213.6,214,213.6,214,2850
UPPER,1min,1775803570,2026-04-10 12:31,2026-04-10,214,214,214,214,79
UPPER,1min,1775803858,2026-04-10 12:35,2026-04-10,214,214.5,214,214.5,170
UPPER,1min,1775803917,2026-04-10 12:36,2026-04-10,214.5,214.5,213.5,214.5,2775
UPPER,1min,1775803969,2026-04-10 12:37,2026-04-10,214.5,214.5,213.6,214.5,600
UPPER,1min,1775803999,2026-04-10 12:38,2026-04-10,214.5,214.5,214.5,214.5,89
UPPER,1min,1775804056,2026-04-10 12:39,2026-04-10,214.5,214.5,214,214,246
UPPER,1min,1775804137,2026-04-10 12:40,2026-04-10,214,214,213.6,213.6,400
UPPER,1min,1775804214,2026-04-10 12:41,2026-04-10,213.6,213.6,212.5,212.5,5805
UPPER,1min,1775804234,2026-04-10 12:42,2026-04-10,212.5,213,212.5,212.8,88
UPPER,1min,1775804318,2026-04-10 12:43,2026-04-10,212.8,212.8,212.8,212.8,20
UPPER,1min,1775804358,2026-04-10 12:44,2026-04-10,212.8,212.8,212.2,212.2,0
UPPER,1min,1775804434,2026-04-10 12:45,2026-04-10,212.2,212.4,212.2,212.4,858
UPPER,1min,1775804539,2026-04-10 12:47,2026-04-10,212.4,212.4,212.4,212.4,650
UPPER,1min,1775804595,2026-04-10 12:48,2026-04-10,212.4,212.4,212.4,212.4,500
UPPER,1min,1775804696,2026-04-10 12:49,2026-04-10,212.4,213,212.4,213,0
UPPER,1min,1775804753,2026-04-10 12:50,2026-04-10,213,213,213,213,220
UPPER,1min,1775804798,2026-04-10 12:51,2026-04-10,213,213,212.7,212.7,415
UPPER,1min,1775804879,2026-04-10 12:52,2026-04-10,212.7,213,212.7,213,80
UPPER,1min,1775804938,2026-04-10 12:53,2026-04-10,213,213,213,213,93
UPPER,1min,1775804996,2026-04-10 12:54,2026-04-10,213,213,212.7,212.7,1790
UPPER,1min,1775805051,2026-04-10 12:55,2026-04-10,212.7,213,212.7,213,1644
UPPER,1min,1775805060,2026-04-10 12:56,2026-04-10,213,213,213,213,500
UPPER,1min,1775805233,2026-04-10 12:58,2026-04-10,213,213,213,213,242
UPPER,1min,1775805298,2026-04-10 12:59,2026-04-10,213,213,213,213,104
UPPER,1min,1775805312,2026-04-10 13:00,2026-04-10,213,213.5,213,213.5,0
UPPER,1min,1775805393,2026-04-10 13:01,2026-04-10,213.5,214,213.5,214,200
UPPER,1min,1775805474,2026-04-10 13:02,2026-04-10,214,214,214,214,1658
UPPER,1min,1775805530,2026-04-10 13:03,2026-04-10,214,214,214,214,0
UPPER,1min,1775805585,2026-04-10 13:04,2026-04-10,214,214,214,214,2620
UPPER,1min,1775805654,2026-04-10 13:05,2026-04-10,214,214,214,214,0
UPPER,1min,1775805662,2026-04-10 13:06,2026-04-10,214,214,214,214,0
UPPER,1min,1775805769,2026-04-10 13:07,2026-04-10,214,214,214,214,3205
UPPER,1min,1775805792,2026-04-10 13:08,2026-04-10,214,214.5,214,214.5,289
UPPER,1min,1775805941,2026-04-10 13:10,2026-04-10,214.5,214.7,214.5,214.7,27
UPPER,1min,1775806015,2026-04-10 13:11,2026-04-10,214.7,214.7,213,213,2671
UPPER,1min,1775806031,2026-04-10 13:12,2026-04-10,213,213,213,213,300
UPPER,1min,1775806247,2026-04-10 13:15,2026-04-10,213,213,213,213,416
UPPER,1min,1775806311,2026-04-10 13:16,2026-04-10,213,213,213,213,264
UPPER,1min,1775806367,2026-04-10 13:17,2026-04-10,213,213,212.9,212.9,380
UPPER,1min,1775806386,2026-04-10 13:18,2026-04-10,212.9,212.9,212.8,212.8,340
UPPER,1min,1775806498,2026-04-10 13:19,2026-04-10,212.8,213,212.8,213,300
UPPER,1min,1775806502,2026-04-10 13:20,2026-04-10,213,213,212.8,212.8,20
UPPER,1min,1775806575,2026-04-10 13:21,2026-04-10,212.8,213,212.8,213,300
UPPER,1min,1775806718,2026-04-10 13:23,2026-04-10,213,213,213,213,0
UPPER,1min,1775806774,2026-04-10 13:24,2026-04-10,213,213,213,213,617
UPPER,1min,1775806848,2026-04-10 13:25,2026-04-10,213,213,213,213,950
UPPER,1min,1775806939,2026-04-10 13:27,2026-04-10,213,214,212.9,212.9,601
UPPER,1min,1775807090,2026-04-10 13:29,2026-04-10,212.9,213.1,212.9,213.1,0
UPPER,1min,1775807208,2026-04-10 13:31,2026-04-10,213.1,213.2,213.1,213.2,88
UPPER,1min,1775807270,2026-04-10 13:32,2026-04-10,213.2,214,213.2,214,1600
UPPER,1min,1775807321,2026-04-10 13:33,2026-04-10,214,214.4,214,214.4,5777
UPPER,1min,1775807391,2026-04-10 13:34,2026-04-10,214.4,214.8,214.4,214.5,4120
UPPER,1min,1775807433,2026-04-10 13:35,2026-04-10,214.5,214.5,214.4,214.5,1010
UPPER,1min,1775807501,2026-04-10 13:36,2026-04-10,214.5,214.5,214,214,0
UPPER,1min,1775807542,2026-04-10 13:37,2026-04-10,214,214.1,214,214.1,310
UPPER,1min,1775807633,2026-04-10 13:38,2026-04-10,214.1,215,214.1,215,10249
UPPER,1min,1775807644,2026-04-10 13:39,2026-04-10,215,216,215,216,0
UPPER,1min,1775807793,2026-04-10 13:41,2026-04-10,216,216.5,216,216.5,25461
UPPER,1min,1775807865,2026-04-10 13:42,2026-04-10,216.5,216.5,216,216.5,2774
UPPER,1min,1775807923,2026-04-10 13:43,2026-04-10,216.5,216.9,216.5,216.9,2796
UPPER,1min,1775807952,2026-04-10 13:44,2026-04-10,216.9,216.9,216.1,216.1,302
UPPER,1min,1775808008,2026-04-10 13:45,2026-04-10,216.1,216.5,216.1,216.5,0
UPPER,1min,1775808118,2026-04-10 13:46,2026-04-10,216.5,216.8,216.5,216.6,2620
UPPER,1min,1775808157,2026-04-10 13:47,2026-04-10,216.6,216.6,216.1,216.1,1284
UPPER,1min,1775808233,2026-04-10 13:48,2026-04-10,216.1,216.6,216,216.6,444
UPPER,1min,1775808294,2026-04-10 13:49,2026-04-10,216.6,216.6,216,216,266
UPPER,1min,1775808410,2026-04-10 13:51,2026-04-10,216,216.6,216,216.6,134
UPPER,1min,1775808451,2026-04-10 13:52,2026-04-10,216.6,216.8,216.6,216.8,0
UPPER,1min,1775808525,2026-04-10 13:53,2026-04-10,216.8,216.8,216,216,1769
UPPER,1min,1775808599,2026-04-10 13:54,2026-04-10,216,216.5,215,215,5540
UPPER,1min,1775808658,2026-04-10 13:55,2026-04-10,215,216.5,214.5,214.5,145
UPPER,1min,1775808704,2026-04-10 13:56,2026-04-10,214.5,215,214,214,1070
UPPER,1min,1775808751,2026-04-10 13:57,2026-04-10,214,214.1,214,214,890
UPPER,1min,1775808809,2026-04-10 13:58,2026-04-10,214,214,214,214,92
UPPER,1min,1775808895,2026-04-10 13:59,2026-04-10,214,215,213.2,213.2,10926
UPPER,1min,1775808904,2026-04-10 14:00,2026-04-10,213.2,213.2,213.2,213.2,286
UPPER,1min,1775809005,2026-04-10 14:01,2026-04-10,213.2,213.3,213,213,3616
UPPER,1min,1775809044,2026-04-10 14:02,2026-04-10,213,214,213,214,200
UPPER,1min,1775809138,2026-04-10 14:03,2026-04-10,214,215,213,213,2330
UPPER,1min,1775809239,2026-04-10 14:05,2026-04-10,213,214,213,214,100
UPPER,1min,1775809262,2026-04-10 14:06,2026-04-10,214,215,214,215,2225
UPPER,1min,1775809338,2026-04-10 14:07,2026-04-10,215,215,213.1,213.1,700
UPPER,1min,1775809492,2026-04-10 14:09,2026-04-10,213.1,215,213.1,215,175
UPPER,1min,1775809538,2026-04-10 14:10,2026-04-10,215,215,214.3,214.3,130
UPPER,1min,1775809618,2026-04-10 14:11,2026-04-10,214.3,215,214.3,215,210
UPPER,1min,1775809751,2026-04-10 14:14,2026-04-10,215,215,215,215,25
UPPER,1min,1775809834,2026-04-10 14:15,2026-04-10,215,215,214,214,5522
UPPER,1min,1775809979,2026-04-10 14:17,2026-04-10,214,214.1,214,214.1,510
UPPER,1min,1775810188,2026-04-10 14:21,2026-04-10,214.1,215,214.1,215,65
UPPER,1min,1775810237,2026-04-10 14:22,2026-04-10,215,215,214.1,214.1,500
UPPER,1min,1775810288,2026-04-10 14:23,2026-04-10,214.1,214.1,214.1,214.1,379
UPPER,1min,1775810345,2026-04-10 14:24,2026-04-10,214.1,214.1,214,214,3878
UPPER,1min,1775810456,2026-04-10 14:25,2026-04-10,214,215,214,214,30
UPPER,1min,1775810515,2026-04-10 14:26,2026-04-10,214,214.1,214,214.1,378
UPPER,1min,1775810569,2026-04-10 14:27,2026-04-10,214.1,214.1,213.5,213.5,2067
UPPER,1min,1775810694,2026-04-10 14:29,2026-04-10,213.5,213.6,213.5,213.6,102
UPPER,1min,1775810750,2026-04-10 14:30,2026-04-10,213.6,213.8,213.6,213.8,1279
UPPER,1min,1775810815,2026-04-10 14:31,2026-04-10,213.8,213.8,213.5,213.5,25
UPPER,1min,1775810866,2026-04-10 14:32,2026-04-10,213.5,213.6,213.5,213.6,258
UPPER,1min,1775810914,2026-04-10 14:33,2026-04-10,213.6,213.6,213.6,213.6,294
UPPER,1min,1775810943,2026-04-10 14:34,2026-04-10,213.6,213.6,213.5,213.5,0
UPPER,1min,1775811058,2026-04-10 14:35,2026-04-10,213.5,213.5,213.2,213.5,667
UPPER,1min,1775811093,2026-04-10 14:36,2026-04-10,213.5,213.5,213.5,213.5,2450
UPPER,1min,1775811149,2026-04-10 14:37,2026-04-10,213.5,213.5,213.1,213.1,566
UPPER,1min,1775811186,2026-04-10 14:38,2026-04-10,213.1,213.1,213.1,213.1,2000
UPPER,1min,1775811294,2026-04-10 14:39,2026-04-10,213.1,213.8,213.1,213.8,105
UPPER,1min,1775811322,2026-04-10 14:40,2026-04-10,213.8,213.8,213.1,213.1,1000
UPPER,1min,1775811360,2026-04-10 14:41,2026-04-10,213.1,213.1,213.1,213.1,814
UPPER,1min,1775811469,2026-04-10 14:42,2026-04-10,213.1,213.2,213.1,213.2,10
UPPER,1min,1775811519,2026-04-10 14:43,2026-04-10,213.2,213.5,213.2,213.5,214
UPPER,1min,1775811567,2026-04-10 14:44,2026-04-10,213.5,214,213.5,214,840
UPPER,1min,1775811641,2026-04-10 14:45,2026-04-10,214,214,214,214,1921
UPPER,1min,1775811718,2026-04-10 14:46,2026-04-10,214,214.4,214,214,4493
UPPER,1min,1775811769,2026-04-10 14:47,2026-04-10,214,214,213.6,214,200
UPPER,1min,1775811836,2026-04-10 14:48,2026-04-10,214,214,213.6,213.6,1479
UPPER,1min,1775811892,2026-04-10 14:49,2026-04-10,213.6,213.8,213.6,213.8,900
UPPER,1min,1775811941,2026-04-10 14:50,2026-04-10,213.8,214,213.5,213.5,4922
UPPER,1min,1775812007,2026-04-10 14:51,2026-04-10,213.5,213.8,213.4,213.4,10158
UPPER,1min,1775812045,2026-04-10 14:52,2026-04-10,213.4,213.4,213,213.4,8496
UPPER,1min,1775812136,2026-04-10 14:53,2026-04-10,213.4,213.4,213,213,2313
UPPER,1min,1775812198,2026-04-10 14:54,2026-04-10,213,213,212.9,213,1645
UPPER,1min,1775812236,2026-04-10 14:55,2026-04-10,213,213,212.9,212.9,0
UPPER,1min,1775812312,2026-04-10 14:56,2026-04-10,212.9,213,212.9,212.9,6162
UPPER,1min,1775812370,2026-04-10 14:57,2026-04-10,212.9,212.9,212.8,212.8,14262
UPPER,1min,1775812434,2026-04-10 14:58,2026-04-10,212.8,213,212.8,213,18555
UPPER,1min,1775812499,2026-04-10 14:59,2026-04-10,213,213,212.8,213,7555
UPPER,1min,1776057300,2026-04-13 11:00,2026-04-13,213,213,213,213,20
UPPER,1min,1776057390,2026-04-13 11:01,2026-04-13,213,213,213,213,105
UPPER,1min,1776057479,2026-04-13 11:02,2026-04-13,213,215,213,214,430
UPPER,1min,1776057537,2026-04-13 11:03,2026-04-13,214,214,211,211,1750
UPPER,1min,1776057598,2026-04-13 11:04,2026-04-13,211,211,209.6,209.6,2790
UPPER,1min,1776057641,2026-04-13 11:05,2026-04-13,209.6,210,209.6,210,2300
UPPER,1min,1776057701,2026-04-13 11:06,2026-04-13,210,212,210,212,1307
UPPER,1min,1776057776,2026-04-13 11:07,2026-04-13,212,212,211,211,468
UPPER,1min,1776057827,2026-04-13 11:08,2026-04-13,211,212,211,212,10
UPPER,1min,1776057841,2026-04-13 11:09,2026-04-13,212,212,212,212,657
UPPER,1min,1776057943,2026-04-13 11:10,2026-04-13,212,213.9,212,213.9,20
UPPER,1min,1776057988,2026-04-13 11:11,2026-04-13,213.9,214,213.9,214,1060
UPPER,1min,1776058079,2026-04-13 11:12,2026-04-13,214,214.5,214,214.5,2265
UPPER,1min,1776058129,2026-04-13 11:13,2026-04-13,214.5,215,214.5,215,1144
UPPER,1min,1776058196,2026-04-13 11:14,2026-04-13,215,215,214.7,214.7,1165
UPPER,1min,1776058249,2026-04-13 11:15,2026-04-13,214.7,214.7,214.5,214.5,662
UPPER,1min,1776058298,2026-04-13 11:16,2026-04-13,214.5,214.5,214,214.5,100
UPPER,1min,1776058347,2026-04-13 11:17,2026-04-13,214.5,215,214,215,5004
UPPER,1min,1776058425,2026-04-13 11:18,2026-04-13,215,216.1,214.5,216.1,3102
UPPER,1min,1776058491,2026-04-13 11:19,2026-04-13,216.1,216.2,216.1,216.1,1740
UPPER,1min,1776058556,2026-04-13 11:20,2026-04-13,216.1,216.2,216,216,4109
UPPER,1min,1776058619,2026-04-13 11:21,2026-04-13,216,216,214,214,787
UPPER,1min,1776058675,2026-04-13 11:22,2026-04-13,214,214,213,213,1605
UPPER,1min,1776058725,2026-04-13 11:23,2026-04-13,213,215,213,215,1527
UPPER,1min,1776058794,2026-04-13 11:24,2026-04-13,215,215,214,214,148
UPPER,1min,1776058822,2026-04-13 11:25,2026-04-13,214,214,214,214,275
UPPER,1min,1776058915,2026-04-13 11:26,2026-04-13,214,216,214,216,2600
UPPER,1min,1776058974,2026-04-13 11:27,2026-04-13,216,216,215.5,215.5,1000
UPPER,1min,1776059013,2026-04-13 11:28,2026-04-13,215.5,215.5,214,214,1360
UPPER,1min,1776059073,2026-04-13 11:29,2026-04-13,214,215,214,215,310
UPPER,1min,1776059123,2026-04-13 11:30,2026-04-13,215,215,214,214,0
UPPER,1min,1776059204,2026-04-13 11:31,2026-04-13,214,215,214,215,1138
UPPER,1min,1776059256,2026-04-13 11:32,2026-04-13,215,215.7,215,215,2680
UPPER,1min,1776059327,2026-04-13 11:33,2026-04-13,215,215,215,215,948
UPPER,1min,1776059416,2026-04-13 11:35,2026-04-13,215,215,214,214,500
UPPER,1min,1776059496,2026-04-13 11:36,2026-04-13,214,214,214,214,0
UPPER,1min,1776059540,2026-04-13 11:37,2026-04-13,214,214,213.7,213.7,878
UPPER,1min,1776059630,2026-04-13 11:38,2026-04-13,213.7,214,213.7,214,138
UPPER,1min,1776059690,2026-04-13 11:39,2026-04-13,214,215,214,215,616
UPPER,1min,1776059800,2026-04-13 11:41,2026-04-13,215,215,214.9,215,1100
UPPER,1min,1776059872,2026-04-13 11:42,2026-04-13,215,215,214.9,215,70
UPPER,1min,1776059885,2026-04-13 11:43,2026-04-13,215,215,214.7,214.7,60
UPPER,1min,1776059985,2026-04-13 11:44,2026-04-13,214.7,214.9,214.7,214.9,80
UPPER,1min,1776060041,2026-04-13 11:45,2026-04-13,214.9,215,214.9,214.9,0
UPPER,1min,1776060102,2026-04-13 11:46,2026-04-13,214.9,214.9,214.7,214.9,1100
UPPER,1min,1776060172,2026-04-13 11:47,2026-04-13,214.9,214.9,214.8,214.8,610
UPPER,1min,1776060224,2026-04-13 11:48,2026-04-13,214.8,215,214.8,215,4080
UPPER,1min,1776060294,2026-04-13 11:49,2026-04-13,215,216,215,216,2608
UPPER,1min,1776060323,2026-04-13 11:50,2026-04-13,216,216,216,216,6560
UPPER,1min,1776060418,2026-04-13 11:51,2026-04-13,216,216.1,216,216.1,200
UPPER,1min,1776060468,2026-04-13 11:52,2026-04-13,216.1,216.1,216,216.1,860
UPPER,1min,1776060535,2026-04-13 11:53,2026-04-13,216.1,216.3,215.4,215.4,2872
UPPER,1min,1776060545,2026-04-13 11:54,2026-04-13,215.4,216.3,215.4,216.3,48
UPPER,1min,1776060645,2026-04-13 11:55,2026-04-13,216.3,216.3,216,216,10
UPPER,1min,1776060710,2026-04-13 11:56,2026-04-13,216,216,215.5,215.5,2150
UPPER,1min,1776060727,2026-04-13 11:57,2026-04-13,215.5,215.5,214,214,3047
UPPER,1min,1776060801,2026-04-13 11:58,2026-04-13,214,214.1,214,214.1,200
UPPER,1min,1776060876,2026-04-13 11:59,2026-04-13,214.1,215.5,214,214,1515
UPPER,1min,1776061017,2026-04-13 12:01,2026-04-13,214,215,214,215,15
UPPER,1min,1776061041,2026-04-13 12:02,2026-04-13,215,215,215,215,10
UPPER,1min,1776061133,2026-04-13 12:03,2026-04-13,215,215,215,215,268
UPPER,1min,1776061155,2026-04-13 12:04,2026-04-13,215,215,214.8,214.8,200
UPPER,1min,1776061231,2026-04-13 12:05,2026-04-13,214.8,214.8,214.6,214.6,34
UPPER,1min,1776061318,2026-04-13 12:06,2026-04-13,214.6,214.7,214.6,214.6,10
UPPER,1min,1776061320,2026-04-13 12:07,2026-04-13,214.6,214.7,214.6,214.7,0
UPPER,1min,1776061419,2026-04-13 12:08,2026-04-13,214.7,215.6,214.7,215.6,520
UPPER,1min,1776061535,2026-04-13 12:10,2026-04-13,215.6,215.6,215.6,215.6,2267
UPPER,1min,1776061584,2026-04-13 12:11,2026-04-13,215.6,215.6,215,215,618
UPPER,1min,1776061665,2026-04-13 12:12,2026-04-13,215,215,214.7,214.7,1408
UPPER,1min,1776061734,2026-04-13 12:13,2026-04-13,214.7,215,214.7,214.7,70
UPPER,1min,1776061784,2026-04-13 12:14,2026-04-13,214.7,215,214.7,215,61
UPPER,1min,1776061837,2026-04-13 12:15,2026-04-13,215,215,215,215,19
UPPER,1min,1776061903,2026-04-13 12:16,2026-04-13,215,215,214.2,214.2,4050
UPPER,1min,1776062024,2026-04-13 12:18,2026-04-13,214.2,215,214.2,214.2,226
UPPER,1min,1776062079,2026-04-13 12:19,2026-04-13,214.2,215,214.2,215,13
UPPER,1min,1776062273,2026-04-13 12:22,2026-04-13,215,215,214.3,214.8,440
UPPER,1min,1776062309,2026-04-13 12:23,2026-04-13,214.8,214.8,214.3,214.8,310
UPPER,1min,1776062368,2026-04-13 12:24,2026-04-13,214.8,214.8,214.7,214.7,70
UPPER,1min,1776062424,2026-04-13 12:25,2026-04-13,214.7,214.7,214.3,214.3,34
UPPER,1min,1776062510,2026-04-13 12:26,2026-04-13,214.3,214.3,214.2,214.2,86
UPPER,1min,1776062551,2026-04-13 12:27,2026-04-13,214.2,214.5,214.2,214.3,40
UPPER,1min,1776062606,2026-04-13 12:28,2026-04-13,214.3,215,214.3,215,3000
UPPER,1min,1776062650,2026-04-13 12:29,2026-04-13,215,215,215,215,20
UPPER,1min,1776062749,2026-04-13 12:30,2026-04-13,215,215.5,214.1,215.5,956
UPPER,1min,1776062808,2026-04-13 12:31,2026-04-13,215.5,215.5,214.2,214.2,200
UPPER,1min,1776062845,2026-04-13 12:32,2026-04-13,214.2,215,214.2,215,100
UPPER,1min,1776062893,2026-04-13 12:33,2026-04-13,215,215,215,215,720
UPPER,1min,1776062988,2026-04-13 12:34,2026-04-13,215,215,214.1,214.1,1970
UPPER,1min,1776063012,2026-04-13 12:35,2026-04-13,214.1,215,214.1,215,35
UPPER,1min,1776063258,2026-04-13 12:39,2026-04-13,215,215,214.9,214.9,10
UPPER,1min,1776063311,2026-04-13 12:40,2026-04-13,214.9,215,214.9,215,35
UPPER,1min,1776063369,2026-04-13 12:41,2026-04-13,215,215,215,215,533
UPPER,1min,1776063585,2026-04-13 12:44,2026-04-13,215,215,215,215,0
UPPER,1min,1776063656,2026-04-13 12:45,2026-04-13,215,215,214.5,214.5,318
UPPER,1min,1776063732,2026-04-13 12:47,2026-04-13,214.5,214.5,214.5,214.5,218
UPPER,1min,1776063836,2026-04-13 12:48,2026-04-13,214.5,214.5,214.5,214.5,384
UPPER,1min,1776063852,2026-04-13 12:49,2026-04-13,214.5,214.5,214.4,214.4,200
UPPER,1min,1776063908,2026-04-13 12:50,2026-04-13,214.4,214.4,214.3,214.3,116
UPPER,1min,1776063991,2026-04-13 12:51,2026-04-13,214.3,215,214.3,215,1275
UPPER,1min,1776064046,2026-04-13 12:52,2026-04-13,215,215,215,215,20
UPPER,1min,1776064126,2026-04-13 12:53,2026-04-13,215,215,214.2,215,528
UPPER,1min,1776064240,2026-04-13 12:55,2026-04-13,215,215,214.3,215,292
UPPER,1min,1776064319,2026-04-13 12:56,2026-04-13,215,215,214.3,214.9,500
UPPER,1min,1776064330,2026-04-13 12:57,2026-04-13,214.9,214.9,214.9,214.9,40
UPPER,1min,1776064425,2026-04-13 12:58,2026-04-13,214.9,215,214.3,215,10060
UPPER,1min,1776064472,2026-04-13 12:59,2026-04-13,215,215,214.3,215,550
UPPER,1min,1776064557,2026-04-13 13:00,2026-04-13,215,215,214.3,214.3,95
UPPER,1min,1776064605,2026-04-13 13:01,2026-04-13,214.3,214.3,214.1,214.1,6216
UPPER,1min,1776064664,2026-04-13 13:02,2026-04-13,214.1,214.3,214.1,214.3,1564
UPPER,1min,1776064730,2026-04-13 13:03,2026-04-13,214.3,214.5,214.1,214.1,4056
UPPER,1min,1776064775,2026-04-13 13:04,2026-04-13,214.1,214.1,214.1,214.1,50
UPPER,1min,1776064822,2026-04-13 13:05,2026-04-13,214.1,214.1,214.1,214.1,80
UPPER,1min,1776064876,2026-04-13 13:06,2026-04-13,214.1,214.2,214.1,214.2,300
UPPER,1min,1776065039,2026-04-13 13:08,2026-04-13,214.2,214.2,214.2,214.2,0
UPPER,1min,1776065089,2026-04-13 13:09,2026-04-13,214.2,214.2,214,214,3220
UPPER,1min,1776065129,2026-04-13 13:10,2026-04-13,214,214,214,214,2020
UPPER,1min,1776065214,2026-04-13 13:11,2026-04-13,214,214,214,214,1465
UPPER,1min,1776065273,2026-04-13 13:12,2026-04-13,214,214,213.9,214,5166
UPPER,1min,1776065362,2026-04-13 13:14,2026-04-13,214,214,213.9,213.9,480
UPPER,1min,1776065452,2026-04-13 13:15,2026-04-13,213.9,213.9,213.9,213.9,10
UPPER,1min,1776065502,2026-04-13 13:16,2026-04-13,213.9,213.9,213.9,213.9,0
UPPER,1min,1776065520,2026-04-13 13:17,2026-04-13,213.9,213.9,213.9,213.9,0
UPPER,1min,1776065626,2026-04-13 13:18,2026-04-13,213.9,214,213.9,213.9,295
UPPER,1min,1776065692,2026-04-13 13:19,2026-04-13,213.9,214,213.9,214,1292
UPPER,1min,1776065735,2026-04-13 13:20,2026-04-13,214,214,214,214,1072
UPPER,1min,1776065812,2026-04-13 13:21,2026-04-13,214,215,214,215,2780
UPPER,1min,1776065873,2026-04-13 13:22,2026-04-13,215,215.1,215,215,6264
UPPER,1min,1776065914,2026-04-13 13:23,2026-04-13,215,215.1,215,215,2232
UPPER,1min,1776065985,2026-04-13 13:24,2026-04-13,215,215,215,215,180
UPPER,1min,1776066006,2026-04-13 13:25,2026-04-13,215,215,215,215,1078
UPPER,1min,1776066100,2026-04-13 13:26,2026-04-13,215,215,215,215,368
UPPER,1min,1776066170,2026-04-13 13:27,2026-04-13,215,215,214.9,214.9,1859
UPPER,1min,1776066294,2026-04-13 13:29,2026-04-13,214.9,215,214.6,214.6,965
UPPER,1min,1776066355,2026-04-13 13:30,2026-04-13,214.6,215.4,214.6,215.4,16000
UPPER,1min,1776066391,2026-04-13 13:31,2026-04-13,215.4,215.4,214.6,214.6,500
UPPER,1min,1776066472,2026-04-13 13:32,2026-04-13,214.6,215,214.6,215,34
UPPER,1min,1776066526,2026-04-13 13:33,2026-04-13,215,215,215,215,320
UPPER,1min,1776066540,2026-04-13 13:34,2026-04-13,215,215,215,215,1635
UPPER,1min,1776066622,2026-04-13 13:35,2026-04-13,215,215,215,215,0
UPPER,1min,1776066779,2026-04-13 13:37,2026-04-13,215,215.5,215,215.5,3114
UPPER,1min,1776066806,2026-04-13 13:38,2026-04-13,215.5,215.5,215,215,300
UPPER,1min,1776066871,2026-04-13 13:39,2026-04-13,215,215.5,215,215.5,6335
UPPER,1min,1776066953,2026-04-13 13:40,2026-04-13,215.5,215.5,215,215,4636
UPPER,1min,1776067012,2026-04-13 13:41,2026-04-13,215,215.1,215,215.1,4240
UPPER,1min,1776067056,2026-04-13 13:42,2026-04-13,215.1,215.1,214.7,214.7,0
UPPER,1min,1776067121,2026-04-13 13:43,2026-04-13,214.7,215,214.7,215,359
UPPER,1min,1776067150,2026-04-13 13:44,2026-04-13,215,215,214.6,214.6,5209
UPPER,1min,1776067259,2026-04-13 13:45,2026-04-13,214.6,215.3,214.6,215.3,1811
UPPER,1min,1776067282,2026-04-13 13:46,2026-04-13,215.3,216,215.3,216,10200
UPPER,1min,1776067374,2026-04-13 13:47,2026-04-13,216,216,215.5,215.5,4010
UPPER,1min,1776067417,2026-04-13 13:48,2026-04-13,215.5,216,215.4,216,275
UPPER,1min,1776067548,2026-04-13 13:50,2026-04-13,216,216.2,215.1,215.1,1735
UPPER,1min,1776067618,2026-04-13 13:51,2026-04-13,215.1,216.5,215.1,216.5,4272
UPPER,1min,1776067649,2026-04-13 13:52,2026-04-13,216.5,216.5,216.5,216.5,3550
UPPER,1min,1776067683,2026-04-13 13:53,2026-04-13,216.5,216.5,216.5,216.5,100
UPPER,1min,1776067786,2026-04-13 13:54,2026-04-13,216.5,216.5,215.3,215.3,3289
UPPER,1min,1776067857,2026-04-13 13:55,2026-04-13,215.3,216,215.3,216,111
UPPER,1min,1776067892,2026-04-13 13:56,2026-04-13,216,216,215.2,215.2,930
UPPER,1min,1776068006,2026-04-13 13:58,2026-04-13,215.2,216,215.2,216,810
UPPER,1min,1776068040,2026-04-13 13:59,2026-04-13,216,216,216,216,15
UPPER,1min,1776068147,2026-04-13 14:00,2026-04-13,216,216,215.9,215.9,530
UPPER,1min,1776068210,2026-04-13 14:01,2026-04-13,215.9,216,215.9,216,255
UPPER,1min,1776068270,2026-04-13 14:02,2026-04-13,216,216,215.9,216,2250
UPPER,1min,1776068328,2026-04-13 14:03,2026-04-13,216,216,215.8,215.8,100
UPPER,1min,1776068363,2026-04-13 14:04,2026-04-13,215.8,216,215.5,215.8,8340
UPPER,1min,1776068411,2026-04-13 14:05,2026-04-13,215.8,215.8,215.5,215.5,564
UPPER,1min,1776068501,2026-04-13 14:06,2026-04-13,215.5,215.5,215.5,215.5,0
UPPER,1min,1776068565,2026-04-13 14:07,2026-04-13,215.5,216,215.5,216,3326
UPPER,1min,1776068627,2026-04-13 14:08,2026-04-13,216,216,215.2,215.2,283
UPPER,1min,1776068752,2026-04-13 14:10,2026-04-13,215.2,215.5,215.2,215.5,295
UPPER,1min,1776068790,2026-04-13 14:11,2026-04-13,215.5,215.5,215.5,215.5,178
UPPER,1min,1776068863,2026-04-13 14:12,2026-04-13,215.5,215.5,215.5,215.5,10150
UPPER,1min,1776068914,2026-04-13 14:13,2026-04-13,215.5,216,215.5,216,96
UPPER,1min,1776069035,2026-04-13 14:15,2026-04-13,216,216,215.5,215.5,390
UPPER,1min,1776069102,2026-04-13 14:16,2026-04-13,215.5,215.6,215.5,215.6,45
UPPER,1min,1776069179,2026-04-13 14:17,2026-04-13,215.6,216,215.6,216,6161
UPPER,1min,1776069205,2026-04-13 14:18,2026-04-13,216,216,215.6,215.6,179
UPPER,1min,1776069279,2026-04-13 14:19,2026-04-13,215.6,215.7,215.6,215.7,500
UPPER,1min,1776069325,2026-04-13 14:20,2026-04-13,215.7,215.7,215.6,215.6,156
UPPER,1min,1776069415,2026-04-13 14:21,2026-04-13,215.6,215.6,215.6,215.6,230
UPPER,1min,1776069466,2026-04-13 14:22,2026-04-13,215.6,216,215.6,216,1620
UPPER,1min,1776069498,2026-04-13 14:23,2026-04-13,216,216,216,216,1200
UPPER,1min,1776069595,2026-04-13 14:24,2026-04-13,216,216,215.9,215.9,70
UPPER,1min,1776069651,2026-04-13 14:25,2026-04-13,215.9,216.2,215.9,216.2,1048
UPPER,1min,1776069715,2026-04-13 14:26,2026-04-13,216.2,216.5,216.2,216.5,1270
UPPER,1min,1776069776,2026-04-13 14:27,2026-04-13,216.5,216.9,216.5,216.5,3253
UPPER,1min,1776069836,2026-04-13 14:28,2026-04-13,216.5,217,216.5,216.7,8117
UPPER,1min,1776069887,2026-04-13 14:29,2026-04-13,216.7,216.7,216.6,216.6,953
UPPER,1min,1776069955,2026-04-13 14:30,2026-04-13,216.6,216.6,216,216,2772
UPPER,1min,1776069969,2026-04-13 14:31,2026-04-13,216,216,216,216,650
UPPER,1min,1776070071,2026-04-13 14:32,2026-04-13,216,216,216,216,410
UPPER,1min,1776070131,2026-04-13 14:33,2026-04-13,216,216,216,216,243
UPPER,1min,1776070240,2026-04-13 14:35,2026-04-13,216,216,216,216,1000
UPPER,1min,1776070307,2026-04-13 14:36,2026-04-13,216,216.5,216,216.5,1381
UPPER,1min,1776070368,2026-04-13 14:37,2026-04-13,216.5,216.7,216.5,216.6,320
UPPER,1min,1776070390,2026-04-13 14:38,2026-04-13,216.6,216.6,216.5,216.5,219
UPPER,1min,1776070558,2026-04-13 14:40,2026-04-13,216.5,216.6,216,216,110
UPPER,1min,1776070615,2026-04-13 14:41,2026-04-13,216,216.4,216,216.4,2798
UPPER,1min,1776070662,2026-04-13 14:42,2026-04-13,216.4,216.5,216.4,216.5,1690
UPPER,1min,1776070732,2026-04-13 14:43,2026-04-13,216.5,216.5,216.4,216.4,2450
UPPER,1min,1776070797,2026-04-13 14:44,2026-04-13,216.4,216.4,216,216,700
UPPER,1min,1776070848,2026-04-13 14:45,2026-04-13,216,216.4,215.9,215.9,2010
UPPER,1min,1776070918,2026-04-13 14:46,2026-04-13,215.9,216,215.9,216,6039
UPPER,1min,1776070979,2026-04-13 14:47,2026-04-13,216,216,215.6,215.6,1757
UPPER,1min,1776071033,2026-04-13 14:48,2026-04-13,215.6,215.6,215.5,215.5,2700
UPPER,1min,1776071096,2026-04-13 14:49,2026-04-13,215.5,215.5,215.2,215.5,3456
UPPER,1min,1776071142,2026-04-13 14:50,2026-04-13,215.5,215.6,215.4,215.6,2306
UPPER,1min,1776071211,2026-04-13 14:51,2026-04-13,215.6,216,215.1,216,5200
UPPER,1min,1776071263,2026-04-13 14:52,2026-04-13,216,216,215,215,6119
UPPER,1min,1776071320,2026-04-13 14:53,2026-04-13,215,216,215,216,932
UPPER,1min,1776071388,2026-04-13 14:54,2026-04-13,216,216.5,216,216,5105
UPPER,1min,1776071457,2026-04-13 14:55,2026-04-13,216,217,216,216.1,933
UPPER,1min,1776071513,2026-04-13 14:56,2026-04-13,216.1,217,216.1,216.9,19712
UPPER,1min,1776071553,2026-04-13 14:57,2026-04-13,216.9,217,216.1,217,1088
UPPER,1min,1776071638,2026-04-13 14:58,2026-04-13,217,217,216.2,216.2,7520
UPPER,1min,1776071699,2026-04-13 14:59,2026-04-13,216.2,217,216.2,217,7940
UPPER,1min,1776230157,2026-04-15 11:00,2026-04-15,221,221,217,217,1070
UPPER,1min,1776230213,2026-04-15 11:01,2026-04-15,217,217,217,217,2400
UPPER,1min,1776230246,2026-04-15 11:02,2026-04-15,217,220,217,220,702
UPPER,1min,1776230338,2026-04-15 11:03,2026-04-15,220,220.9,219.9,219.9,2608
UPPER,1min,1776230381,2026-04-15 11:04,2026-04-15,219.9,219.9,218,219.9,275
UPPER,1min,1776230453,2026-04-15 11:05,2026-04-15,219.9,219.9,218,219.4,120
UPPER,1min,1776230518,2026-04-15 11:06,2026-04-15,219.4,219.4,219,219.4,1250
UPPER,1min,1776230561,2026-04-15 11:07,2026-04-15,219.4,219.4,218.1,219.4,558
UPPER,1min,1776230630,2026-04-15 11:08,2026-04-15,219.4,219.5,218,218,6422
UPPER,1min,1776230699,2026-04-15 11:09,2026-04-15,218,219,218,218.1,976
UPPER,1min,1776230740,2026-04-15 11:10,2026-04-15,218.1,218.5,218.1,218.5,1000
UPPER,1min,1776230808,2026-04-15 11:11,2026-04-15,218.5,218.5,218,218,1820
UPPER,1min,1776230866,2026-04-15 11:12,2026-04-15,218,218.1,218,218.1,1420
UPPER,1min,1776230925,2026-04-15 11:13,2026-04-15,218.1,218.1,218,218.1,2320
UPPER,1min,1776230989,2026-04-15 11:14,2026-04-15,218.1,218.1,218.1,218.1,2258
UPPER,1min,1776231039,2026-04-15 11:15,2026-04-15,218.1,218.1,218,218,817
UPPER,1min,1776231116,2026-04-15 11:16,2026-04-15,218,218,218,218,1029
UPPER,1min,1776231171,2026-04-15 11:17,2026-04-15,218,218,218,218,1161
UPPER,1min,1776231194,2026-04-15 11:18,2026-04-15,218,218,218,218,40
UPPER,1min,1776231269,2026-04-15 11:19,2026-04-15,218,218,218,218,0
UPPER,1min,1776231347,2026-04-15 11:20,2026-04-15,218,218.1,218,218.1,764
UPPER,1min,1776231417,2026-04-15 11:21,2026-04-15,218.1,218.1,218,218,1656
UPPER,1min,1776231470,2026-04-15 11:22,2026-04-15,218,218,218,218,140
UPPER,1min,1776231508,2026-04-15 11:23,2026-04-15,218,218,217.9,217.9,10
UPPER,1min,1776231590,2026-04-15 11:24,2026-04-15,217.9,217.9,217.5,217.5,181
UPPER,1min,1776231716,2026-04-15 11:26,2026-04-15,217.5,217.5,217.5,217.5,150
UPPER,1min,1776231774,2026-04-15 11:27,2026-04-15,217.5,218,217.5,218,540
UPPER,1min,1776231890,2026-04-15 11:29,2026-04-15,218,218,217.4,218,2720
UPPER,1min,1776231945,2026-04-15 11:30,2026-04-15,218,218,217.5,218,0
UPPER,1min,1776232005,2026-04-15 11:31,2026-04-15,218,218,218,218,2125
UPPER,1min,1776232073,2026-04-15 11:32,2026-04-15,218,218,218,218,581
UPPER,1min,1776232136,2026-04-15 11:33,2026-04-15,218,218.3,218,218.2,206
UPPER,1min,1776232195,2026-04-15 11:34,2026-04-15,218.2,218.2,218,218.2,1784
UPPER,1min,1776232256,2026-04-15 11:35,2026-04-15,218.2,218.2,218.2,218.2,4220
UPPER,1min,1776232291,2026-04-15 11:36,2026-04-15,218.2,218.2,218.2,218.2,90
UPPER,1min,1776232371,2026-04-15 11:37,2026-04-15,218.2,218.5,218.2,218.5,955
UPPER,1min,1776232403,2026-04-15 11:38,2026-04-15,218.5,218.9,218.5,218.9,3921
UPPER,1min,1776232470,2026-04-15 11:39,2026-04-15,218.9,218.9,218.5,218.5,161
UPPER,1min,1776232553,2026-04-15 11:40,2026-04-15,218.5,219,218.5,219,2010
UPPER,1min,1776232585,2026-04-15 11:41,2026-04-15,219,219,219,219,3371
UPPER,1min,1776232725,2026-04-15 11:43,2026-04-15,219,219.5,219,219.5,310
UPPER,1min,1776232788,2026-04-15 11:44,2026-04-15,219.5,220.6,219.5,220.6,22413
UPPER,1min,1776232843,2026-04-15 11:45,2026-04-15,220.6,221,220.5,221,9355
UPPER,1min,1776232906,2026-04-15 11:46,2026-04-15,221,221,220.5,220.5,4115
UPPER,1min,1776232968,2026-04-15 11:47,2026-04-15,220.5,220.5,220.5,220.5,497
UPPER,1min,1776233035,2026-04-15 11:48,2026-04-15,220.5,221.3,220.1,221.3,0
UPPER,1min,1776233091,2026-04-15 11:49,2026-04-15,221.3,221.3,221.3,221.3,8364
UPPER,1min,1776233150,2026-04-15 11:50,2026-04-15,221.3,222,221.3,222,10195
UPPER,1min,1776233215,2026-04-15 11:51,2026-04-15,222,222,221.5,222,13147
UPPER,1min,1776233265,2026-04-15 11:52,2026-04-15,222,222.3,222,222.1,10162
UPPER,1min,1776233321,2026-04-15 11:53,2026-04-15,222.1,223,222.1,222.3,7670
UPPER,1min,1776233399,2026-04-15 11:54,2026-04-15,222.3,223,222.3,223,2014
UPPER,1min,1776233453,2026-04-15 11:55,2026-04-15,223,223,222.3,223,1318
UPPER,1min,1776233513,2026-04-15 11:56,2026-04-15,223,223,223,223,7344
UPPER,1min,1776233568,2026-04-15 11:57,2026-04-15,223,223.2,223,223,1935
UPPER,1min,1776233621,2026-04-15 11:58,2026-04-15,223,223.3,223,223,2386
UPPER,1min,1776233698,2026-04-15 11:59,2026-04-15,223,223.3,223,223.1,786
UPPER,1min,1776233755,2026-04-15 12:00,2026-04-15,223.1,223.1,223.1,223.1,2150
UPPER,1min,1776233793,2026-04-15 12:01,2026-04-15,223.1,223.2,223.1,223.1,1205
UPPER,1min,1776233874,2026-04-15 12:02,2026-04-15,223.1,223.3,223.1,223.3,3434
UPPER,1min,1776233937,2026-04-15 12:03,2026-04-15,223.3,223.3,223.1,223.2,5880
UPPER,1min,1776233994,2026-04-15 12:04,2026-04-15,223.2,223.2,222.5,222.5,12372
UPPER,1min,1776234049,2026-04-15 12:05,2026-04-15,222.5,222.5,222,222,2379
UPPER,1min,1776234104,2026-04-15 12:06,2026-04-15,222,222.9,222,222,4938
UPPER,1min,1776234165,2026-04-15 12:07,2026-04-15,222,222,222,222,2756
UPPER,1min,1776234206,2026-04-15 12:08,2026-04-15,222,222,221,221,1200
UPPER,1min,1776234285,2026-04-15 12:09,2026-04-15,221,222,221,222,70
UPPER,1min,1776234415,2026-04-15 12:11,2026-04-15,222,222,221.2,221.2,614
UPPER,1min,1776234472,2026-04-15 12:12,2026-04-15,221.2,221.2,221.1,221.1,755
UPPER,1min,1776234528,2026-04-15 12:13,2026-04-15,221.1,221.1,221,221,2747
UPPER,1min,1776234598,2026-04-15 12:14,2026-04-15,221,221.2,221,221.2,5080
UPPER,1min,1776234647,2026-04-15 12:15,2026-04-15,221.2,221.5,221,221.5,3634
UPPER,1min,1776234719,2026-04-15 12:16,2026-04-15,221.5,222,221.5,222,1441
UPPER,1min,1776234776,2026-04-15 12:17,2026-04-15,222,222,221.7,222,4850
UPPER,1min,1776234833,2026-04-15 12:18,2026-04-15,222,223,222,223,16279
UPPER,1min,1776234894,2026-04-15 12:19,2026-04-15,223,223.1,223,223,760
UPPER,1min,1776234958,2026-04-15 12:20,2026-04-15,223,223.4,223,223.4,2564
UPPER,1min,1776235018,2026-04-15 12:21,2026-04-15,223.4,223.4,223.1,223.3,1080
UPPER,1min,1776235077,2026-04-15 12:22,2026-04-15,223.3,223.8,223.3,223.8,14819
UPPER,1min,1776235137,2026-04-15 12:23,2026-04-15,223.8,224.4,223.8,224.4,15607
UPPER,1min,1776235194,2026-04-15 12:24,2026-04-15,224.4,225,224.4,225,4858
UPPER,1min,1776235246,2026-04-15 12:25,2026-04-15,225,225,224.5,225,411
UPPER,1min,1776235295,2026-04-15 12:26,2026-04-15,225,225,224.1,224.1,1076
UPPER,1min,1776235372,2026-04-15 12:27,2026-04-15,224.1,225,224.1,225,32897
UPPER,1min,1776235429,2026-04-15 12:28,2026-04-15,225,226,225,225.1,12881
UPPER,1min,1776235493,2026-04-15 12:29,2026-04-15,225.1,226.3,225.1,226.3,17500
UPPER,1min,1776235555,2026-04-15 12:30,2026-04-15,226.3,226.9,226.3,226.9,15861
UPPER,1min,1776235613,2026-04-15 12:31,2026-04-15,226.9,227,226.7,227,12750
UPPER,1min,1776235674,2026-04-15 12:32,2026-04-15,227,227,226,226.4,2235
UPPER,1min,1776235726,2026-04-15 12:33,2026-04-15,226.4,226.4,225.8,225.8,1389
UPPER,1min,1776235783,2026-04-15 12:34,2026-04-15,225.8,225.8,225.6,225.7,406
UPPER,1min,1776235840,2026-04-15 12:35,2026-04-15,225.7,225.7,225,225,5980
UPPER,1min,1776235913,2026-04-15 12:36,2026-04-15,225,226,225,226,10336
UPPER,1min,1776235956,2026-04-15 12:37,2026-04-15,226,226,225.1,225.5,3460
UPPER,1min,1776236035,2026-04-15 12:38,2026-04-15,225.5,226.5,225.5,226.5,989
UPPER,1min,1776236053,2026-04-15 12:39,2026-04-15,226.5,226.5,226,226,250
UPPER,1min,1776236128,2026-04-15 12:40,2026-04-15,226,226,226,226,3430
UPPER,1min,1776236210,2026-04-15 12:41,2026-04-15,226,226,225.2,225.4,2570
UPPER,1min,1776236269,2026-04-15 12:42,2026-04-15,225.4,226,225.2,225.9,3508
UPPER,1min,1776236336,2026-04-15 12:43,2026-04-15,225.9,225.9,225.2,225.9,4855
UPPER,1min,1776236368,2026-04-15 12:44,2026-04-15,225.9,225.9,225.9,225.9,100
UPPER,1min,1776236442,2026-04-15 12:45,2026-04-15,225.9,225.9,225.3,225.8,510
UPPER,1min,1776236517,2026-04-15 12:46,2026-04-15,225.8,225.8,225.3,225.3,589
UPPER,1min,1776236544,2026-04-15 12:47,2026-04-15,225.3,225.3,225.3,225.3,658
UPPER,1min,1776236636,2026-04-15 12:48,2026-04-15,225.3,225.3,225.2,225.3,1536
UPPER,1min,1776236670,2026-04-15 12:49,2026-04-15,225.3,225.3,225.3,225.3,130
UPPER,1min,1776236744,2026-04-15 12:50,2026-04-15,225.3,225.7,225.3,225.7,583
UPPER,1min,1776236816,2026-04-15 12:51,2026-04-15,225.7,225.8,225.7,225.8,2420
UPPER,1min,1776236876,2026-04-15 12:52,2026-04-15,225.8,225.9,225.7,225.7,1587
UPPER,1min,1776236939,2026-04-15 12:53,2026-04-15,225.7,225.7,225.7,225.7,0
UPPER,1min,1776236988,2026-04-15 12:54,2026-04-15,225.7,226,225.5,225.5,0
UPPER,1min,1776237047,2026-04-15 12:55,2026-04-15,225.5,225.7,225.5,225.5,2020
UPPER,1min,1776237118,2026-04-15 12:56,2026-04-15,225.5,225.9,225.5,225.9,1411
UPPER,1min,1776237147,2026-04-15 12:57,2026-04-15,225.9,226,225.9,226,90
UPPER,1min,1776237211,2026-04-15 12:58,2026-04-15,226,226,225.2,225.9,3090
UPPER,1min,1776237299,2026-04-15 12:59,2026-04-15,225.9,225.9,225.4,225.9,740
UPPER,1min,1776237351,2026-04-15 13:00,2026-04-15,225.9,225.9,225.1,225.9,3580
UPPER,1min,1776237413,2026-04-15 13:01,2026-04-15,225.9,225.9,225.3,225.8,0
UPPER,1min,1776237473,2026-04-15 13:02,2026-04-15,225.8,225.8,225.1,225.1,2247
UPPER,1min,1776237519,2026-04-15 13:03,2026-04-15,225.1,225.1,225.1,225.1,1034
UPPER,1min,1776237593,2026-04-15 13:04,2026-04-15,225.1,225.9,225.1,225.9,178
UPPER,1min,1776237622,2026-04-15 13:05,2026-04-15,225.9,225.9,225.3,225.3,300
UPPER,1min,1776237701,2026-04-15 13:06,2026-04-15,225.3,225.5,225.3,225.4,520
UPPER,1min,1776237774,2026-04-15 13:07,2026-04-15,225.4,225.5,225.3,225.5,1011
UPPER,1min,1776237821,2026-04-15 13:08,2026-04-15,225.5,225.5,225.1,225.1,2255
UPPER,1min,1776237881,2026-04-15 13:09,2026-04-15,225.1,225.8,225.1,225.2,12036
UPPER,1min,1776237950,2026-04-15 13:10,2026-04-15,225.2,225.5,225.2,225.5,94
UPPER,1min,1776238006,2026-04-15 13:11,2026-04-15,225.5,225.9,225.5,225.9,240
UPPER,1min,1776238062,2026-04-15 13:12,2026-04-15,225.9,226,225.9,225.9,9796
UPPER,1min,1776238127,2026-04-15 13:13,2026-04-15,225.9,225.9,225.5,225.9,3533
UPPER,1min,1776238189,2026-04-15 13:14,2026-04-15,225.9,225.9,225.5,225.5,1708
UPPER,1min,1776238235,2026-04-15 13:15,2026-04-15,225.5,226,225.5,225.5,8863
UPPER,1min,1776238318,2026-04-15 13:16,2026-04-15,225.5,225.6,225.3,225.6,0
UPPER,1min,1776238373,2026-04-15 13:17,2026-04-15,225.6,225.6,225.6,225.6,4230
UPPER,1min,1776238437,2026-04-15 13:18,2026-04-15,225.6,225.6,225.6,225.6,485
UPPER,1min,1776238494,2026-04-15 13:19,2026-04-15,225.6,225.6,225.6,225.6,597
UPPER,1min,1776238528,2026-04-15 13:20,2026-04-15,225.6,225.6,225.1,225.1,2513
UPPER,1min,1776238612,2026-04-15 13:21,2026-04-15,225.1,225.5,225,225,484
UPPER,1min,1776238678,2026-04-15 13:22,2026-04-15,225,225,225,225,18740
UPPER,1min,1776238715,2026-04-15 13:23,2026-04-15,225,225.3,225,225.3,22615
UPPER,1min,1776238775,2026-04-15 13:24,2026-04-15,225.3,225.3,225,225,4753
UPPER,1min,1776238827,2026-04-15 13:25,2026-04-15,225,225,224.9,224.9,200
UPPER,1min,1776238913,2026-04-15 13:26,2026-04-15,224.9,225,223.8,224.8,6229
UPPER,1min,1776238972,2026-04-15 13:27,2026-04-15,224.8,225,224.8,224.9,735
UPPER,1min,1776239034,2026-04-15 13:28,2026-04-15,224.9,225,224.8,225,2625
UPPER,1min,1776239063,2026-04-15 13:29,2026-04-15,225,225,224.8,224.8,50
UPPER,1min,1776239181,2026-04-15 13:31,2026-04-15,224.8,224.8,223.1,223.1,1010
UPPER,1min,1776239256,2026-04-15 13:32,2026-04-15,223.1,224,223.1,223.2,1565
UPPER,1min,1776239337,2026-04-15 13:33,2026-04-15,223.2,223.2,223.1,223.1,5491
UPPER,1min,1776239360,2026-04-15 13:34,2026-04-15,223.1,224,223.1,224,10
UPPER,1min,1776239444,2026-04-15 13:35,2026-04-15,224,224,223.1,224,4095
UPPER,1min,1776239487,2026-04-15 13:36,2026-04-15,224,224,223.1,223.1,2521
UPPER,1min,1776239539,2026-04-15 13:37,2026-04-15,223.1,223.5,223.1,223.5,660
UPPER,1min,1776239631,2026-04-15 13:38,2026-04-15,223.5,224,223.1,223.1,138
UPPER,1min,1776239681,2026-04-15 13:39,2026-04-15,223.1,223.1,223.1,223.1,370
UPPER,1min,1776239749,2026-04-15 13:40,2026-04-15,223.1,223.5,223.1,223.5,150
UPPER,1min,1776239788,2026-04-15 13:41,2026-04-15,223.5,223.9,223.5,223.9,132
UPPER,1min,1776239879,2026-04-15 13:42,2026-04-15,223.9,223.9,223.6,223.6,1072
UPPER,1min,1776239934,2026-04-15 13:43,2026-04-15,223.6,224.5,223.6,224.5,2409
UPPER,1min,1776239981,2026-04-15 13:44,2026-04-15,224.5,224.5,224,224.5,2368
UPPER,1min,1776240053,2026-04-15 13:45,2026-04-15,224.5,225,224.5,225,11077
UPPER,1min,1776240117,2026-04-15 13:46,2026-04-15,225,226,225,226,15974
UPPER,1min,1776240175,2026-04-15 13:47,2026-04-15,226,226,225.1,225.1,200
UPPER,1min,1776240232,2026-04-15 13:48,2026-04-15,225.1,226,225.1,226,611
UPPER,1min,1776240291,2026-04-15 13:49,2026-04-15,226,226,225.2,226,5226
UPPER,1min,1776240350,2026-04-15 13:50,2026-04-15,226,226.1,226,226.1,12458
UPPER,1min,1776240419,2026-04-15 13:51,2026-04-15,226.1,226.3,226,226,360
UPPER,1min,1776240473,2026-04-15 13:52,2026-04-15,226,226,226,226,999
UPPER,1min,1776240534,2026-04-15 13:53,2026-04-15,226,226.3,225.4,226.2,1765
UPPER,1min,1776240597,2026-04-15 13:54,2026-04-15,226.2,227,225.5,227,355
UPPER,1min,1776240658,2026-04-15 13:55,2026-04-15,227,227,226,226,6695
UPPER,1min,1776240667,2026-04-15 13:56,2026-04-15,226,226,226,226,927
UPPER,1min,1776240767,2026-04-15 13:57,2026-04-15,226,226.2,226,226.2,100
UPPER,1min,1776240833,2026-04-15 13:58,2026-04-15,226.2,226.2,226.1,226.2,938
UPPER,1min,1776240899,2026-04-15 13:59,2026-04-15,226.2,226.2,226.1,226.1,844
UPPER,1min,1776240939,2026-04-15 14:00,2026-04-15,226.1,226.2,226.1,226.2,3230
UPPER,1min,1776241074,2026-04-15 14:02,2026-04-15,226.2,226.2,226.1,226.1,170
UPPER,1min,1776241131,2026-04-15 14:03,2026-04-15,226.1,226.1,226,226,1316
UPPER,1min,1776241247,2026-04-15 14:05,2026-04-15,226,226,225.7,226,1071
UPPER,1min,1776241297,2026-04-15 14:06,2026-04-15,226,226,225.5,225.5,1685
UPPER,1min,1776241355,2026-04-15 14:07,2026-04-15,225.5,225.7,225.5,225.7,4263
UPPER,1min,1776241435,2026-04-15 14:08,2026-04-15,225.7,225.7,225.5,225.7,102
UPPER,1min,1776241493,2026-04-15 14:09,2026-04-15,225.7,226,225.7,226,5937
UPPER,1min,1776241547,2026-04-15 14:10,2026-04-15,226,226,225.7,226,1525
UPPER,1min,1776241617,2026-04-15 14:11,2026-04-15,226,226,226,226,1968
UPPER,1min,1776241642,2026-04-15 14:12,2026-04-15,226,226.2,226,226.2,512
UPPER,1min,1776241728,2026-04-15 14:13,2026-04-15,226.2,226.2,225.9,225.9,200
UPPER,1min,1776241795,2026-04-15 14:14,2026-04-15,225.9,226.4,225.7,226.4,2582
UPPER,1min,1776241835,2026-04-15 14:15,2026-04-15,226.4,226.4,225.8,225.8,2800
UPPER,1min,1776241868,2026-04-15 14:16,2026-04-15,225.8,226,225.8,226,0
UPPER,1min,1776241965,2026-04-15 14:17,2026-04-15,226,226,226,226,670
UPPER,1min,1776242038,2026-04-15 14:18,2026-04-15,226,226,225.8,225.8,750
UPPER,1min,1776242080,2026-04-15 14:19,2026-04-15,225.8,225.8,225.7,225.7,1200
UPPER,1min,1776242151,2026-04-15 14:20,2026-04-15,225.7,225.8,225.4,225.4,856
UPPER,1min,1776242210,2026-04-15 14:21,2026-04-15,225.4,225.8,225.3,225.3,2618
UPPER,1min,1776242278,2026-04-15 14:22,2026-04-15,225.3,225.3,225.2,225.2,3482
UPPER,1min,1776242331,2026-04-15 14:23,2026-04-15,225.2,225.3,225,225,3866
UPPER,1min,1776242388,2026-04-15 14:24,2026-04-15,225,225,224,224,9230
UPPER,1min,1776242456,2026-04-15 14:25,2026-04-15,224,224,224,224,2386
UPPER,1min,1776242519,2026-04-15 14:26,2026-04-15,224,224,224,224,5071
UPPER,1min,1776242567,2026-04-15 14:27,2026-04-15,224,224,224,224,384
UPPER,1min,1776242639,2026-04-15 14:28,2026-04-15,224,224,223.5,224,3340
UPPER,1min,1776242691,2026-04-15 14:29,2026-04-15,224,224,224,224,852
UPPER,1min,1776242723,2026-04-15 14:30,2026-04-15,224,224,224,224,63
UPPER,1min,1776242787,2026-04-15 14:31,2026-04-15,224,224,223.5,223.5,1738
UPPER,1min,1776242834,2026-04-15 14:32,2026-04-15,223.5,223.7,223.5,223.7,20
UPPER,1min,1776242917,2026-04-15 14:33,2026-04-15,223.7,223.7,223.2,223.2,4913
UPPER,1min,1776242989,2026-04-15 14:34,2026-04-15,223.2,223.5,223.2,223.5,230
UPPER,1min,1776243058,2026-04-15 14:35,2026-04-15,223.5,223.8,223.5,223.5,1440
UPPER,1min,1776243106,2026-04-15 14:36,2026-04-15,223.5,223.6,223.5,223.6,2147
UPPER,1min,1776243143,2026-04-15 14:37,2026-04-15,223.6,223.6,223.6,223.6,8026
UPPER,1min,1776243224,2026-04-15 14:38,2026-04-15,223.6,223.7,223,223,5013
UPPER,1min,1776243290,2026-04-15 14:39,2026-04-15,223,224,223,224,4620
UPPER,1min,1776243351,2026-04-15 14:40,2026-04-15,224,224,223.5,223.7,95
UPPER,1min,1776243417,2026-04-15 14:41,2026-04-15,223.7,223.7,222.6,223,6639
UPPER,1min,1776243466,2026-04-15 14:42,2026-04-15,223,223,223,223,756
UPPER,1min,1776243525,2026-04-15 14:43,2026-04-15,223,223,223,223,3323
UPPER,1min,1776243563,2026-04-15 14:44,2026-04-15,223,223.1,223,223.1,1271
UPPER,1min,1776243659,2026-04-15 14:45,2026-04-15,223.1,224,223.1,224,7570
UPPER,1min,1776243710,2026-04-15 14:46,2026-04-15,224,224.9,224,224.9,3966
UPPER,1min,1776243762,2026-04-15 14:47,2026-04-15,224.9,225,224.9,225,12298
UPPER,1min,1776243818,2026-04-15 14:48,2026-04-15,225,225,224,224.8,694
UPPER,1min,1776243888,2026-04-15 14:49,2026-04-15,224.8,225,224.8,225,4966
UPPER,1min,1776243954,2026-04-15 14:50,2026-04-15,225,225,225,225,1420
UPPER,1min,1776244018,2026-04-15 14:51,2026-04-15,225,225,224,224,2091
UPPER,1min,1776244073,2026-04-15 14:52,2026-04-15,224,224.1,224,224.1,455
UPPER,1min,1776244086,2026-04-15 14:53,2026-04-15,224.1,224.5,224.1,224.5,0
UPPER,1min,1776244165,2026-04-15 14:54,2026-04-15,224.5,224.8,224.5,224.8,125
UPPER,1min,1776244238,2026-04-15 14:55,2026-04-15,224.8,224.9,224,224.9,3170
UPPER,1min,1776244315,2026-04-15 14:56,2026-04-15,224.9,224.9,224.8,224.8,2122
UPPER,1min,1776244377,2026-04-15 14:57,2026-04-15,224.8,224.8,224.5,224.8,2479
UPPER,1min,1776244439,2026-04-15 14:58,2026-04-15,224.8,224.8,224.5,224.5,3683
UPPER,1min,1776244499,2026-04-15 14:59,2026-04-15,224.5,224.9,224.5,224.5,15898
UPPER,1min,1776316550,2026-04-16 11:00,2026-04-16,224.5,225,224.5,225,534
UPPER,1min,1776316608,2026-04-16 11:01,2026-04-16,225,225,224,225,1450
UPPER,1min,1776316679,2026-04-16 11:02,2026-04-16,225,225,223,223,1271
UPPER,1min,1776316732,2026-04-16 11:03,2026-04-16,223,224.9,223,224.5,1700
UPPER,1min,1776316790,2026-04-16 11:04,2026-04-16,224.5,224.5,223.1,224.4,2715
UPPER,1min,1776316845,2026-04-16 11:05,2026-04-16,224.4,224.4,223.1,223.2,110
UPPER,1min,1776316914,2026-04-16 11:06,2026-04-16,223.2,223.2,223,223.1,1629
UPPER,1min,1776316977,2026-04-16 11:07,2026-04-16,223.1,223.1,223,223,2403
UPPER,1min,1776317030,2026-04-16 11:08,2026-04-16,223,223,222.5,222.6,1361
UPPER,1min,1776317075,2026-04-16 11:09,2026-04-16,222.6,222.6,222.6,222.6,1510
UPPER,1min,1776317155,2026-04-16 11:10,2026-04-16,222.6,222.6,221.1,221.1,3046
UPPER,1min,1776317216,2026-04-16 11:11,2026-04-16,221.1,221.1,220.2,220.2,1718
UPPER,1min,1776317269,2026-04-16 11:12,2026-04-16,220.2,220.5,220.2,220.2,1864
UPPER,1min,1776317325,2026-04-16 11:13,2026-04-16,220.2,220.3,220.2,220.3,1176
UPPER,1min,1776317383,2026-04-16 11:14,2026-04-16,220.3,220.3,220,220,4548
UPPER,1min,1776317440,2026-04-16 11:15,2026-04-16,220,221,220,221,5455
UPPER,1min,1776317512,2026-04-16 11:16,2026-04-16,221,222,221,222,5285
UPPER,1min,1776317568,2026-04-16 11:17,2026-04-16,222,223,222,222.9,2110
UPPER,1min,1776317632,2026-04-16 11:18,2026-04-16,222.9,222.9,220.1,220.1,4002
UPPER,1min,1776317696,2026-04-16 11:19,2026-04-16,220.1,221,220.1,220.6,517
UPPER,1min,1776317733,2026-04-16 11:20,2026-04-16,220.6,220.6,220,220,1649
UPPER,1min,1776317801,2026-04-16 11:21,2026-04-16,220,221,220,221,2097
UPPER,1min,1776317873,2026-04-16 11:22,2026-04-16,221,221,221,221,395
UPPER,1min,1776317929,2026-04-16 11:23,2026-04-16,221,221.5,221,221.5,67
UPPER,1min,1776317988,2026-04-16 11:24,2026-04-16,221.5,221.5,221,221,2677
UPPER,1min,1776318048,2026-04-16 11:25,2026-04-16,221,221,220.9,220.9,621
UPPER,1min,1776318103,2026-04-16 11:26,2026-04-16,220.9,221,220.9,220.9,240
UPPER,1min,1776318138,2026-04-16 11:27,2026-04-16,220.9,220.9,220.1,220.1,1704
UPPER,1min,1776318236,2026-04-16 11:28,2026-04-16,220.1,220.2,220.1,220.2,580
UPPER,1min,1776318285,2026-04-16 11:29,2026-04-16,220.2,220.2,220.2,220.2,631
UPPER,1min,1776318348,2026-04-16 11:30,2026-04-16,220.2,220.7,220.1,220.1,2065
UPPER,1min,1776318404,2026-04-16 11:31,2026-04-16,220.1,220.1,220,220,13095
UPPER,1min,1776318470,2026-04-16 11:32,2026-04-16,220,221,220,220,6604
UPPER,1min,1776318539,2026-04-16 11:33,2026-04-16,220,220,219.5,219.5,1779
UPPER,1min,1776318594,2026-04-16 11:34,2026-04-16,219.5,220,219.5,220,2830
UPPER,1min,1776318620,2026-04-16 11:35,2026-04-16,220,220,220,220,670
UPPER,1min,1776318711,2026-04-16 11:36,2026-04-16,220,220,220,220,430
UPPER,1min,1776318778,2026-04-16 11:37,2026-04-16,220,220.1,220,220,2509
UPPER,1min,1776318834,2026-04-16 11:38,2026-04-16,220,220,220,220,1741
UPPER,1min,1776318872,2026-04-16 11:39,2026-04-16,220,220,219.5,219.5,270
UPPER,1min,1776318933,2026-04-16 11:40,2026-04-16,219.5,219.5,219.5,219.5,260
UPPER,1min,1776318995,2026-04-16 11:41,2026-04-16,219.5,219.5,219.2,219.2,600
UPPER,1min,1776319072,2026-04-16 11:42,2026-04-16,219.2,219.2,219.2,219.2,1250
UPPER,1min,1776319130,2026-04-16 11:43,2026-04-16,219.2,219.2,219,219,3317
UPPER,1min,1776319190,2026-04-16 11:44,2026-04-16,219,219,219,219,1370
UPPER,1min,1776319251,2026-04-16 11:45,2026-04-16,219,219,218.5,219,4200
UPPER,1min,1776319308,2026-04-16 11:46,2026-04-16,219,219,218.7,218.9,156
UPPER,1min,1776319371,2026-04-16 11:47,2026-04-16,218.9,218.9,218.8,218.8,240
UPPER,1min,1776319430,2026-04-16 11:48,2026-04-16,218.8,219,218.8,219,5420
UPPER,1min,1776319481,2026-04-16 11:49,2026-04-16,219,219.2,219,219.2,4080
UPPER,1min,1776319529,2026-04-16 11:50,2026-04-16,219.2,220,219.2,220,2692
UPPER,1min,1776319601,2026-04-16 11:51,2026-04-16,220,220,219.1,219.1,813
UPPER,1min,1776319669,2026-04-16 11:52,2026-04-16,219.1,219.9,219.1,219.9,0
UPPER,1min,1776319735,2026-04-16 11:53,2026-04-16,219.9,220,219.9,219.9,1751
UPPER,1min,1776319795,2026-04-16 11:54,2026-04-16,219.9,220,219.9,220,1058
UPPER,1min,1776319859,2026-04-16 11:55,2026-04-16,220,220,220,220,4215
UPPER,1min,1776319880,2026-04-16 11:56,2026-04-16,220,220,219.5,220,404
UPPER,1min,1776319936,2026-04-16 11:57,2026-04-16,220,220.5,220,220.5,90
UPPER,1min,1776320016,2026-04-16 11:58,2026-04-16,220.5,221,220.5,221,346
UPPER,1min,1776320090,2026-04-16 11:59,2026-04-16,221,221.1,221,221.1,2100
UPPER,1min,1776320156,2026-04-16 12:00,2026-04-16,221.1,221.5,221,221,789
UPPER,1min,1776320211,2026-04-16 12:01,2026-04-16,221,221,221,221,511
UPPER,1min,1776320277,2026-04-16 12:02,2026-04-16,221,221,221,221,363
UPPER,1min,1776320336,2026-04-16 12:03,2026-04-16,221,221,220,220,6046
UPPER,1min,1776320381,2026-04-16 12:04,2026-04-16,220,221.5,220,221.5,277
UPPER,1min,1776320433,2026-04-16 12:05,2026-04-16,221.5,221.5,221,221,1000
UPPER,1min,1776320508,2026-04-16 12:06,2026-04-16,221,221,221,221,610
UPPER,1min,1776320578,2026-04-16 12:07,2026-04-16,221,221,220.2,220.2,3393
UPPER,1min,1776320620,2026-04-16 12:08,2026-04-16,220.2,221,220.1,220.1,39
UPPER,1min,1776320681,2026-04-16 12:09,2026-04-16,220.1,220.1,220,220,2223
UPPER,1min,1776320756,2026-04-16 12:10,2026-04-16,220,220,219.3,219.3,635
UPPER,1min,1776320813,2026-04-16 12:11,2026-04-16,219.3,219.5,219.3,219.5,94
UPPER,1min,1776320882,2026-04-16 12:13,2026-04-16,219.5,219.5,219.3,219.3,30
UPPER,1min,1776320971,2026-04-16 12:14,2026-04-16,219.3,219.5,219,219,1604
UPPER,1min,1776321017,2026-04-16 12:15,2026-04-16,219,219.5,219,219.5,175
UPPER,1min,1776321119,2026-04-16 12:16,2026-04-16,219.5,219.5,219,219,800
UPPER,1min,1776321142,2026-04-16 12:17,2026-04-16,219,219,219,219,3207
UPPER,1min,1776321200,2026-04-16 12:18,2026-04-16,219,220,219,220,0
UPPER,1min,1776321270,2026-04-16 12:19,2026-04-16,220,220,219.1,219.1,215
UPPER,1min,1776321354,2026-04-16 12:20,2026-04-16,219.1,220,219.1,220,17
UPPER,1min,1776321494,2026-04-16 12:23,2026-04-16,220,220,220,220,0
UPPER,1min,1776321599,2026-04-16 12:24,2026-04-16,220,220,220,220,95
UPPER,1min,1776321647,2026-04-16 12:25,2026-04-16,220,220,219,219,358
UPPER,1min,1776321714,2026-04-16 12:26,2026-04-16,219,219,219,219,909
UPPER,1min,1776321771,2026-04-16 12:27,2026-04-16,219,219,219,219,1758
UPPER,1min,1776321798,2026-04-16 12:28,2026-04-16,219,220,219,219,46
UPPER,1min,1776321872,2026-04-16 12:29,2026-04-16,219,220,219,220,1000
UPPER,1min,1776321963,2026-04-16 12:31,2026-04-16,220,220,219.1,219.1,550
UPPER,1min,1776322078,2026-04-16 12:32,2026-04-16,219.1,220,219.1,220,190
UPPER,1min,1776322122,2026-04-16 12:33,2026-04-16,220,220,219.1,219.1,70
UPPER,1min,1776322198,2026-04-16 12:34,2026-04-16,219.1,220,219,220,2500
UPPER,1min,1776322217,2026-04-16 12:35,2026-04-16,220,220,219,219,1600
UPPER,1min,1776322358,2026-04-16 12:37,2026-04-16,219,219.2,219,219.2,50
UPPER,1min,1776322404,2026-04-16 12:38,2026-04-16,219.2,220,219.2,220,120
UPPER,1min,1776322492,2026-04-16 12:39,2026-04-16,220,220,219.4,220,2390
UPPER,1min,1776322541,2026-04-16 12:40,2026-04-16,220,220,220,220,350
UPPER,1min,1776322585,2026-04-16 12:41,2026-04-16,220,220,220,220,513
UPPER,1min,1776322650,2026-04-16 12:42,2026-04-16,220,220,219.4,220,1237
UPPER,1min,1776322733,2026-04-16 12:43,2026-04-16,220,220,220,220,900
UPPER,1min,1776322795,2026-04-16 12:44,2026-04-16,220,220,220,220,0
UPPER,1min,1776322836,2026-04-16 12:45,2026-04-16,220,220,219.5,219.5,734
UPPER,1min,1776322863,2026-04-16 12:46,2026-04-16,219.5,219.6,219.5,219.6,224
UPPER,1min,1776322977,2026-04-16 12:47,2026-04-16,219.6,220,219.6,220,60
UPPER,1min,1776323029,2026-04-16 12:48,2026-04-16,220,220,219.5,220,618
UPPER,1min,1776323143,2026-04-16 12:50,2026-04-16,220,220,219.6,219.6,2370
UPPER,1min,1776323178,2026-04-16 12:51,2026-04-16,219.6,220,219.6,220,500
UPPER,1min,1776323281,2026-04-16 12:53,2026-04-16,220,220,219.6,219.6,25
UPPER,1min,1776323454,2026-04-16 12:55,2026-04-16,219.6,220,219.6,220,1596
UPPER,1min,1776323505,2026-04-16 12:56,2026-04-16,220,220,219.6,219.6,153
UPPER,1min,1776323541,2026-04-16 12:57,2026-04-16,219.6,220,219.6,219.6,510
UPPER,1min,1776323600,2026-04-16 12:58,2026-04-16,219.6,219.6,219.6,219.6,144
UPPER,1min,1776323678,2026-04-16 12:59,2026-04-16,219.6,220,219.6,220,100
UPPER,1min,1776323757,2026-04-16 13:00,2026-04-16,220,220,219,219,20
UPPER,1min,1776323797,2026-04-16 13:01,2026-04-16,219,220,219,219.1,16515
UPPER,1min,1776323860,2026-04-16 13:02,2026-04-16,219.1,220,219.1,220,396
UPPER,1min,1776323936,2026-04-16 13:03,2026-04-16,220,220,219.1,219.2,316
UPPER,1min,1776323996,2026-04-16 13:04,2026-04-16,219.2,219.9,219.2,219.9,335
UPPER,1min,1776324028,2026-04-16 13:05,2026-04-16,219.9,219.9,219.1,219.1,160
UPPER,1min,1776324176,2026-04-16 13:07,2026-04-16,219.1,219.1,219.1,219.1,500
UPPER,1min,1776324220,2026-04-16 13:08,2026-04-16,219.1,219.1,219,219,6684
UPPER,1min,1776324272,2026-04-16 13:09,2026-04-16,219,219,218.9,218.9,300
UPPER,1min,1776324373,2026-04-16 13:11,2026-04-16,218.9,218.9,218.9,218.9,50
UPPER,1min,1776324456,2026-04-16 13:12,2026-04-16,218.9,219,218.9,219,1720
UPPER,1min,1776324523,2026-04-16 13:13,2026-04-16,219,219,218.8,219,578
UPPER,1min,1776324647,2026-04-16 13:15,2026-04-16,219,219,218.7,218.7,1000
UPPER,1min,1776324697,2026-04-16 13:16,2026-04-16,218.7,218.7,218.5,218.5,0
UPPER,1min,1776324747,2026-04-16 13:17,2026-04-16,218.5,218.5,218.1,218.1,2688
UPPER,1min,1776324825,2026-04-16 13:18,2026-04-16,218.1,218.2,218.1,218.1,2070
UPPER,1min,1776324891,2026-04-16 13:19,2026-04-16,218.1,218.1,218,218,1975
UPPER,1min,1776324947,2026-04-16 13:20,2026-04-16,218,218,218,218,1660
UPPER,1min,1776325011,2026-04-16 13:21,2026-04-16,218,218,218,218,400
UPPER,1min,1776325079,2026-04-16 13:22,2026-04-16,218,218.2,218,218,4631
UPPER,1min,1776325193,2026-04-16 13:24,2026-04-16,218,218.2,218,218.1,700
UPPER,1min,1776325257,2026-04-16 13:25,2026-04-16,218.1,218.2,218.1,218.2,3562
UPPER,1min,1776325312,2026-04-16 13:26,2026-04-16,218.2,219,218,218,1415
UPPER,1min,1776325366,2026-04-16 13:27,2026-04-16,218,219,218,218,5161
UPPER,1min,1776325427,2026-04-16 13:28,2026-04-16,218,218,218,218,500
UPPER,1min,1776325463,2026-04-16 13:29,2026-04-16,218,219,218,218,4906
UPPER,1min,1776325552,2026-04-16 13:30,2026-04-16,218,219,218,219,1033
UPPER,1min,1776325573,2026-04-16 13:31,2026-04-16,219,219,218,218,2400
UPPER,1min,1776325675,2026-04-16 13:32,2026-04-16,218,218,218,218,0
UPPER,1min,1776325705,2026-04-16 13:33,2026-04-16,218,218,218,218,8690
UPPER,1min,1776325782,2026-04-16 13:34,2026-04-16,218,218,218,218,181
UPPER,1min,1776325850,2026-04-16 13:35,2026-04-16,218,218,217.2,217.2,3700
UPPER,1min,1776325893,2026-04-16 13:36,2026-04-16,217.2,217.2,217.1,217.1,0
UPPER,1min,1776325977,2026-04-16 13:37,2026-04-16,217.1,217.1,217,217,5773
UPPER,1min,1776326033,2026-04-16 13:38,2026-04-16,217,217.2,217,217,4580
UPPER,1min,1776326066,2026-04-16 13:39,2026-04-16,217,217.2,217,217.2,12
UPPER,1min,1776326217,2026-04-16 13:41,2026-04-16,217.2,218,217.2,217.5,784
UPPER,1min,1776326264,2026-04-16 13:42,2026-04-16,217.5,218,217.5,218,1715
UPPER,1min,1776326296,2026-04-16 13:43,2026-04-16,218,218,218,218,20
UPPER,1min,1776326395,2026-04-16 13:44,2026-04-16,218,218.7,218,218.7,1100
UPPER,1min,1776326452,2026-04-16 13:45,2026-04-16,218.7,218.7,218,218,180
UPPER,1min,1776326563,2026-04-16 13:47,2026-04-16,218,218.7,218,218.6,110
UPPER,1min,1776326634,2026-04-16 13:48,2026-04-16,218.6,218.7,218,218,1500
UPPER,1min,1776326742,2026-04-16 13:50,2026-04-16,218,218.1,218,218.1,0
UPPER,1min,1776326810,2026-04-16 13:51,2026-04-16,218.1,218.6,218.1,218.6,780
UPPER,1min,1776326871,2026-04-16 13:52,2026-04-16,218.6,218.6,218.1,218.1,10
UPPER,1min,1776326931,2026-04-16 13:53,2026-04-16,218.1,218.6,217.8,217.8,8260
UPPER,1min,1776326950,2026-04-16 13:54,2026-04-16,217.8,217.9,217.8,217.9,10
UPPER,1min,1776327048,2026-04-16 13:55,2026-04-16,217.9,217.9,217.9,217.9,20
UPPER,1min,1776327114,2026-04-16 13:56,2026-04-16,217.9,217.9,217.9,217.9,300
UPPER,1min,1776327175,2026-04-16 13:57,2026-04-16,217.9,217.9,217.5,217.5,50
UPPER,1min,1776327230,2026-04-16 13:58,2026-04-16,217.5,217.5,217.2,217.2,440
UPPER,1min,1776327294,2026-04-16 13:59,2026-04-16,217.2,217.2,217.1,217.1,670
UPPER,1min,1776327341,2026-04-16 14:00,2026-04-16,217.1,217.2,217.1,217.1,802
UPPER,1min,1776327391,2026-04-16 14:01,2026-04-16,217.1,217.1,217,217,8131
UPPER,1min,1776327436,2026-04-16 14:02,2026-04-16,217,217.9,217,217.9,10
UPPER,1min,1776327546,2026-04-16 14:04,2026-04-16,217.9,217.9,217.3,217.3,0
UPPER,1min,1776327654,2026-04-16 14:05,2026-04-16,217.3,217.3,217.2,217.2,999
UPPER,1min,1776327706,2026-04-16 14:06,2026-04-16,217.2,217.3,217.2,217.3,50
UPPER,1min,1776327773,2026-04-16 14:07,2026-04-16,217.3,217.3,217,217,6803
UPPER,1min,1776327806,2026-04-16 14:08,2026-04-16,217,217,217,217,850
UPPER,1min,1776327895,2026-04-16 14:09,2026-04-16,217,217.9,216.8,217.9,1081
UPPER,1min,1776328005,2026-04-16 14:11,2026-04-16,217.9,217.9,217.5,217.5,500
UPPER,1min,1776328053,2026-04-16 14:12,2026-04-16,217.5,217.5,217.5,217.5,100
UPPER,1min,1776328119,2026-04-16 14:13,2026-04-16,217.5,217.5,216.3,216.3,5545
UPPER,1min,1776328194,2026-04-16 14:14,2026-04-16,216.3,216.4,216.3,216.4,10
UPPER,1min,1776328230,2026-04-16 14:15,2026-04-16,216.4,216.5,216.4,216.5,100
UPPER,1min,1776328302,2026-04-16 14:16,2026-04-16,216.5,217,216.5,217,200
UPPER,1min,1776328339,2026-04-16 14:17,2026-04-16,217,217,216.4,216.4,1250
UPPER,1min,1776328432,2026-04-16 14:18,2026-04-16,216.4,217,216.4,217,1260
UPPER,1min,1776328448,2026-04-16 14:19,2026-04-16,217,217,216.4,216.4,0
UPPER,1min,1776328540,2026-04-16 14:20,2026-04-16,216.4,217,216.4,217,1560
UPPER,1min,1776328603,2026-04-16 14:21,2026-04-16,217,217,216.1,216.1,5384
UPPER,1min,1776328666,2026-04-16 14:22,2026-04-16,216.1,216.5,216.1,216.1,345
UPPER,1min,1776328698,2026-04-16 14:23,2026-04-16,216.1,216.5,216.1,216.5,696
UPPER,1min,1776328787,2026-04-16 14:24,2026-04-16,216.5,217.9,216.5,217.9,0
UPPER,1min,1776328859,2026-04-16 14:25,2026-04-16,217.9,218,216.2,216.2,4043
UPPER,1min,1776328909,2026-04-16 14:26,2026-04-16,216.2,217,216.2,217,10550
UPPER,1min,1776328968,2026-04-16 14:27,2026-04-16,217,217,217,217,8418
UPPER,1min,1776329034,2026-04-16 14:28,2026-04-16,217,217,216.5,216.5,1582
UPPER,1min,1776329094,2026-04-16 14:29,2026-04-16,216.5,217,216.5,217,920
UPPER,1min,1776329159,2026-04-16 14:30,2026-04-16,217,217,217,217,37
UPPER,1min,1776329192,2026-04-16 14:31,2026-04-16,217,217.8,217,217.8,480
UPPER,1min,1776329274,2026-04-16 14:32,2026-04-16,217.8,218,217.8,217.9,1200
UPPER,1min,1776329325,2026-04-16 14:33,2026-04-16,217.9,218,217.9,218,2174
UPPER,1min,1776329392,2026-04-16 14:34,2026-04-16,218,218.6,218,218.6,1566
UPPER,1min,1776329440,2026-04-16 14:35,2026-04-16,218.6,218.7,218.6,218.6,1314
UPPER,1min,1776329517,2026-04-16 14:36,2026-04-16,218.6,218.6,217.9,217.9,1033
UPPER,1min,1776329558,2026-04-16 14:37,2026-04-16,217.9,218,217.9,218,70
UPPER,1min,1776329638,2026-04-16 14:38,2026-04-16,218,218,217.8,217.8,1004
UPPER,1min,1776329692,2026-04-16 14:39,2026-04-16,217.8,217.8,217,217.8,4230
UPPER,1min,1776329730,2026-04-16 14:40,2026-04-16,217.8,217.8,216.9,216.9,1157
UPPER,1min,1776329803,2026-04-16 14:41,2026-04-16,216.9,217,216.9,217,886
UPPER,1min,1776329935,2026-04-16 14:43,2026-04-16,217,217,217,217,437
UPPER,1min,1776329985,2026-04-16 14:44,2026-04-16,217,217,217,217,1131
UPPER,1min,1776330027,2026-04-16 14:45,2026-04-16,217,217,216.6,217,911
UPPER,1min,1776330075,2026-04-16 14:46,2026-04-16,217,217,217,217,300
UPPER,1min,1776330172,2026-04-16 14:47,2026-04-16,217,217.5,217,217.5,250
UPPER,1min,1776330211,2026-04-16 14:48,2026-04-16,217.5,217.5,217.5,217.5,555
UPPER,1min,1776330272,2026-04-16 14:49,2026-04-16,217.5,217.7,217.5,217.5,136
UPPER,1min,1776330352,2026-04-16 14:50,2026-04-16,217.5,217.5,217,217,270
UPPER,1min,1776330376,2026-04-16 14:51,2026-04-16,217,217,216.5,217,1573
UPPER,1min,1776330449,2026-04-16 14:52,2026-04-16,217,217,216.5,216.5,1230
UPPER,1min,1776330535,2026-04-16 14:53,2026-04-16,216.5,216.9,216.5,216.9,334
UPPER,1min,1776330587,2026-04-16 14:54,2026-04-16,216.9,216.9,216.5,216.5,368
UPPER,1min,1776330649,2026-04-16 14:55,2026-04-16,216.5,217,216.5,217,1140
UPPER,1min,1776330703,2026-04-16 14:56,2026-04-16,217,217,216.2,216.9,6000
UPPER,1min,1776330763,2026-04-16 14:57,2026-04-16,216.9,216.9,216.4,216.8,3400
UPPER,1min,1776330833,2026-04-16 14:58,2026-04-16,216.8,216.9,216.6,216.9,6604
UPPER,1min,1776330899,2026-04-16 14:59,2026-04-16,216.9,216.9,216.2,216.9,8616
UPPER,1min,1776402958,2026-04-17 11:00,2026-04-17,216.9,218.8,216.9,218.8,2700
UPPER,1min,1776403008,2026-04-17 11:01,2026-04-17,218.8,218.8,216.1,216.1,80
UPPER,1min,1776403063,2026-04-17 11:02,2026-04-17,216.1,216.1,215.3,216,3830
UPPER,1min,1776403105,2026-04-17 11:03,2026-04-17,216,216,215.4,216,80
UPPER,1min,1776403195,2026-04-17 11:04,2026-04-17,216,216,215.5,216,650
UPPER,1min,1776403230,2026-04-17 11:05,2026-04-17,216,216,216,216,4841
UPPER,1min,1776403319,2026-04-17 11:06,2026-04-17,216,216,216,216,659
UPPER,1min,1776403334,2026-04-17 11:07,2026-04-17,216,216,216,216,0
UPPER,1min,1776403381,2026-04-17 11:08,2026-04-17,216,216,216,216,1948
UPPER,1min,1776403484,2026-04-17 11:09,2026-04-17,216,216.7,216,216.7,210
UPPER,1min,1776403554,2026-04-17 11:10,2026-04-17,216.7,217.9,216.7,217.9,2096
UPPER,1min,1776403612,2026-04-17 11:11,2026-04-17,217.9,217.9,217,217,8070
UPPER,1min,1776403668,2026-04-17 11:12,2026-04-17,217,217.8,217,217.8,10
UPPER,1min,1776403730,2026-04-17 11:13,2026-04-17,217.8,218.2,217.8,218.2,3490
UPPER,1min,1776403773,2026-04-17 11:14,2026-04-17,218.2,218.5,218,218.5,2050
UPPER,1min,1776403855,2026-04-17 11:15,2026-04-17,218.5,218.5,217.8,218.5,1230
UPPER,1min,1776403902,2026-04-17 11:16,2026-04-17,218.5,219,218.5,219,1350
UPPER,1min,1776403955,2026-04-17 11:17,2026-04-17,219,219,218.5,218.5,475
UPPER,1min,1776404002,2026-04-17 11:18,2026-04-17,218.5,218.5,218,218,133
UPPER,1min,1776404081,2026-04-17 11:19,2026-04-17,218,218,217.8,217.8,670
UPPER,1min,1776404157,2026-04-17 11:20,2026-04-17,217.8,217.8,217,217,1830
UPPER,1min,1776404208,2026-04-17 11:21,2026-04-17,217,217.9,217,217,940
UPPER,1min,1776404276,2026-04-17 11:22,2026-04-17,217,217.1,217,217,1210
UPPER,1min,1776404339,2026-04-17 11:23,2026-04-17,217,217,216.5,216.5,2210
UPPER,1min,1776404396,2026-04-17 11:24,2026-04-17,216.5,216.5,216,216.5,30
UPPER,1min,1776404500,2026-04-17 11:26,2026-04-17,216.5,216.5,216.5,216.5,880
UPPER,1min,1776404557,2026-04-17 11:27,2026-04-17,216.5,216.5,216,216.1,985
UPPER,1min,1776404691,2026-04-17 11:29,2026-04-17,216.1,216.1,216,216,3290
UPPER,1min,1776404715,2026-04-17 11:30,2026-04-17,216,216,215.4,215.4,2500
UPPER,1min,1776404798,2026-04-17 11:31,2026-04-17,215.4,216,215.4,216,170
UPPER,1min,1776404870,2026-04-17 11:32,2026-04-17,216,216,215.5,215.9,430
UPPER,1min,1776404927,2026-04-17 11:33,2026-04-17,215.9,215.9,215.5,215.5,1060
UPPER,1min,1776404985,2026-04-17 11:34,2026-04-17,215.5,215.5,215.5,215.5,10
UPPER,1min,1776405058,2026-04-17 11:35,2026-04-17,215.5,215.5,215.4,215.5,1238
UPPER,1min,1776405109,2026-04-17 11:36,2026-04-17,215.5,215.5,215.5,215.5,332
UPPER,1min,1776405173,2026-04-17 11:37,2026-04-17,215.5,215.6,215.4,215.6,178
UPPER,1min,1776405234,2026-04-17 11:38,2026-04-17,215.6,215.6,215.5,215.5,120
UPPER,1min,1776405296,2026-04-17 11:39,2026-04-17,215.5,215.6,215.4,215.4,2455
UPPER,1min,1776405418,2026-04-17 11:41,2026-04-17,215.4,215.9,215.4,215.9,1050
UPPER,1min,1776405471,2026-04-17 11:42,2026-04-17,215.9,216,215.9,216,1755
UPPER,1min,1776405566,2026-04-17 11:44,2026-04-17,216,216.6,216,216,220
UPPER,1min,1776405659,2026-04-17 11:45,2026-04-17,216,216.6,216,216.6,240
UPPER,1min,1776405749,2026-04-17 11:47,2026-04-17,216.6,216.6,215.7,216,1035
UPPER,1min,1776405800,2026-04-17 11:48,2026-04-17,216,216,216,216,10
UPPER,1min,1776405889,2026-04-17 11:49,2026-04-17,216,216,216,216,100
UPPER,1min,1776405919,2026-04-17 11:50,2026-04-17,216,216,215.4,215.4,1577
UPPER,1min,1776405987,2026-04-17 11:51,2026-04-17,215.4,216,215.3,216,410
UPPER,1min,1776406126,2026-04-17 11:53,2026-04-17,216,216,215.5,215.5,99
UPPER,1min,1776406184,2026-04-17 11:54,2026-04-17,215.5,215.5,215.3,215.3,1063
UPPER,1min,1776406311,2026-04-17 11:56,2026-04-17,215.3,215.3,215.3,215.3,1158
UPPER,1min,1776406370,2026-04-17 11:57,2026-04-17,215.3,215.3,215,215,641
UPPER,1min,1776406436,2026-04-17 11:58,2026-04-17,215,215,215,215,1270
UPPER,1min,1776406495,2026-04-17 11:59,2026-04-17,215,215.3,215,215,4284
UPPER,1min,1776406551,2026-04-17 12:00,2026-04-17,215,215,215,215,1945
UPPER,1min,1776406613,2026-04-17 12:01,2026-04-17,215,215,214.9,214.9,2150
UPPER,1min,1776406672,2026-04-17 12:02,2026-04-17,214.9,214.9,214.5,214.5,1340
UPPER,1min,1776406716,2026-04-17 12:03,2026-04-17,214.5,214.5,214.3,214.3,537
UPPER,1min,1776406764,2026-04-17 12:04,2026-04-17,214.3,214.5,214.3,214.3,0
UPPER,1min,1776406851,2026-04-17 12:05,2026-04-17,214.3,214.9,214.3,214.3,182
UPPER,1min,1776406915,2026-04-17 12:06,2026-04-17,214.3,214.8,214.3,214.8,2048
UPPER,1min,1776406943,2026-04-17 12:07,2026-04-17,214.8,214.8,214.8,214.8,50
UPPER,1min,1776407039,2026-04-17 12:08,2026-04-17,214.8,214.9,214.5,214.5,3311
UPPER,1min,1776407050,2026-04-17 12:09,2026-04-17,214.5,214.8,214.5,214.8,200
UPPER,1min,1776407152,2026-04-17 12:10,2026-04-17,214.8,214.8,214.5,214.5,1916
UPPER,1min,1776407218,2026-04-17 12:11,2026-04-17,214.5,214.5,214.3,214.3,52
UPPER,1min,1776407245,2026-04-17 12:12,2026-04-17,214.3,214.3,214.3,214.3,148
UPPER,1min,1776407334,2026-04-17 12:13,2026-04-17,214.3,214.4,214.1,214.1,1743
UPPER,1min,1776407378,2026-04-17 12:14,2026-04-17,214.1,214.1,214.1,214.1,62
UPPER,1min,1776407448,2026-04-17 12:15,2026-04-17,214.1,214.1,214,214,12853
UPPER,1min,1776407516,2026-04-17 12:16,2026-04-17,214,214,213.6,213.6,598
UPPER,1min,1776407575,2026-04-17 12:17,2026-04-17,213.6,213.9,213.6,213.9,11
UPPER,1min,1776407640,2026-04-17 12:19,2026-04-17,213.9,213.9,213.7,213.7,10
UPPER,1min,1776407710,2026-04-17 12:20,2026-04-17,213.7,213.7,213.6,213.7,160
UPPER,1min,1776407800,2026-04-17 12:21,2026-04-17,213.7,213.7,213.6,213.6,136
UPPER,1min,1776407873,2026-04-17 12:22,2026-04-17,213.6,213.6,213.3,213.3,278
UPPER,1min,1776407924,2026-04-17 12:23,2026-04-17,213.3,213.5,213.2,213.2,2089
UPPER,1min,1776407950,2026-04-17 12:24,2026-04-17,213.2,213.2,213.1,213.1,1550
UPPER,1min,1776408022,2026-04-17 12:25,2026-04-17,213.1,213.3,213.1,213.3,299
UPPER,1min,1776408113,2026-04-17 12:26,2026-04-17,213.3,213.5,213.3,213.5,1620
UPPER,1min,1776408145,2026-04-17 12:27,2026-04-17,213.5,213.5,213.5,213.5,310
UPPER,1min,1776408225,2026-04-17 12:28,2026-04-17,213.5,213.9,213.5,213.9,150
UPPER,1min,1776408276,2026-04-17 12:29,2026-04-17,213.9,214,213.7,214,2237
UPPER,1min,1776408356,2026-04-17 12:30,2026-04-17,214,214,214,214,12000
UPPER,1min,1776408412,2026-04-17 12:31,2026-04-17,214,214.8,214,214.8,5070
UPPER,1min,1776408451,2026-04-17 12:32,2026-04-17,214.8,214.8,214.8,214.8,300
UPPER,1min,1776408501,2026-04-17 12:33,2026-04-17,214.8,214.8,214.8,214.8,100
UPPER,1min,1776408587,2026-04-17 12:34,2026-04-17,214.8,215,214.8,215,2000
UPPER,1min,1776408652,2026-04-17 12:35,2026-04-17,215,215,215,215,3350
UPPER,1min,1776408712,2026-04-17 12:36,2026-04-17,215,215,215,215,795
UPPER,1min,1776408753,2026-04-17 12:37,2026-04-17,215,215,215,215,1027
UPPER,1min,1776408819,2026-04-17 12:38,2026-04-17,215,215.2,215,215.2,107
UPPER,1min,1776408861,2026-04-17 12:39,2026-04-17,215.2,215.3,215.2,215.3,55
UPPER,1min,1776408927,2026-04-17 12:40,2026-04-17,215.3,215.3,215.2,215.2,0
UPPER,1min,1776408988,2026-04-17 12:41,2026-04-17,215.2,215.2,215,215,1612
UPPER,1min,1776409071,2026-04-17 12:42,2026-04-17,215,215,215,215,40
UPPER,1min,1776409133,2026-04-17 12:43,2026-04-17,215,215.2,215,215.2,350
UPPER,1min,1776409163,2026-04-17 12:44,2026-04-17,215.2,215.2,214.8,214.8,0
UPPER,1min,1776409254,2026-04-17 12:45,2026-04-17,214.8,215,214.5,214.5,150
UPPER,1min,1776409308,2026-04-17 12:46,2026-04-17,214.5,215.1,214.5,215.1,815
UPPER,1min,1776409377,2026-04-17 12:47,2026-04-17,215.1,215.1,215.1,215.1,900
UPPER,1min,1776409438,2026-04-17 12:48,2026-04-17,215.1,215.1,215.1,215.1,76
UPPER,1min,1776409493,2026-04-17 12:49,2026-04-17,215.1,215.1,215,215.1,342
UPPER,1min,1776409554,2026-04-17 12:50,2026-04-17,215.1,215.1,215,215.1,563
UPPER,1min,1776409610,2026-04-17 12:51,2026-04-17,215.1,215.1,215,215,3273
UPPER,1min,1776409672,2026-04-17 12:52,2026-04-17,215,215,214.5,214.5,2153
UPPER,1min,1776409719,2026-04-17 12:53,2026-04-17,214.5,215,214.3,214.3,1639
UPPER,1min,1776409774,2026-04-17 12:54,2026-04-17,214.3,214.3,214.1,214.1,15
UPPER,1min,1776409830,2026-04-17 12:55,2026-04-17,214.1,214.1,214,214,8217
UPPER,1min,1776409896,2026-04-17 12:56,2026-04-17,214,214,214,214,200
UPPER,1min,1776409990,2026-04-17 12:58,2026-04-17,214,214,214,214,484
UPPER,1min,1776410071,2026-04-17 12:59,2026-04-17,214,214,214,214,30
UPPER,1min,1776410102,2026-04-17 13:00,2026-04-17,214,214,213.9,213.9,90
UPPER,1min,1776410192,2026-04-17 13:01,2026-04-17,213.9,214,213.9,214,1800
UPPER,1min,1776410259,2026-04-17 13:02,2026-04-17,214,214,214,214,725
UPPER,1min,1776410297,2026-04-17 13:03,2026-04-17,214,214,214,214,120
UPPER,1min,1776410382,2026-04-17 13:04,2026-04-17,214,215,214,214,200
UPPER,1min,1776410505,2026-04-17 13:06,2026-04-17,214,214.2,214,214.2,660
UPPER,1min,1776410573,2026-04-17 13:07,2026-04-17,214.2,214.3,214.2,214.3,50
UPPER,1min,1776410637,2026-04-17 13:08,2026-04-17,214.3,214.3,214.3,214.3,20
UPPER,1min,1776410699,2026-04-17 13:09,2026-04-17,214.3,214.3,214.3,214.3,350
UPPER,1min,1776410848,2026-04-17 13:12,2026-04-17,214.3,214.3,214.2,214.2,165
UPPER,1min,1776411118,2026-04-17 13:16,2026-04-17,214.2,215,214.2,215,0
UPPER,1min,1776411151,2026-04-17 13:17,2026-04-17,215,215,215,215,2162
UPPER,1min,1776411215,2026-04-17 13:18,2026-04-17,215,215,215,215,145
UPPER,1min,1776411244,2026-04-17 13:19,2026-04-17,215,216,215,216,5000
UPPER,1min,1776411352,2026-04-17 13:20,2026-04-17,216,216,216,216,500
UPPER,1min,1776411376,2026-04-17 13:21,2026-04-17,216,216,215.9,215.9,0
UPPER,1min,1776411456,2026-04-17 13:22,2026-04-17,215.9,216.9,215.9,216.9,1698
UPPER,1min,1776411574,2026-04-17 13:24,2026-04-17,216.9,216.9,216.9,216.9,528
UPPER,1min,1776411771,2026-04-17 13:27,2026-04-17,216.9,216.9,216,216.8,361
UPPER,1min,1776411802,2026-04-17 13:28,2026-04-17,216.8,216.9,216,216,500
UPPER,1min,1776411841,2026-04-17 13:29,2026-04-17,216,216.9,216,216.9,10
UPPER,1min,1776412062,2026-04-17 13:32,2026-04-17,216.9,216.9,215.2,215.2,0
UPPER,1min,1776412131,2026-04-17 13:33,2026-04-17,215.2,216.9,215.2,216.9,1410
UPPER,1min,1776412194,2026-04-17 13:34,2026-04-17,216.9,217,216.9,217,1385
UPPER,1min,1776412250,2026-04-17 13:35,2026-04-17,217,217,216,216,293
UPPER,1min,1776412314,2026-04-17 13:36,2026-04-17,216,217,216,217,38
UPPER,1min,1776412374,2026-04-17 13:37,2026-04-17,217,217,217,217,1825
UPPER,1min,1776412483,2026-04-17 13:39,2026-04-17,217,218,217,218,1210
UPPER,1min,1776412521,2026-04-17 13:40,2026-04-17,218,218,218,218,590
UPPER,1min,1776412647,2026-04-17 13:42,2026-04-17,218,218,217.8,217.8,29
UPPER,1min,1776412738,2026-04-17 13:43,2026-04-17,217.8,217.8,217,217,1200
UPPER,1min,1776412746,2026-04-17 13:44,2026-04-17,217,217,217,217,0
UPPER,1min,1776412803,2026-04-17 13:45,2026-04-17,217,217,216.5,216.5,1340
UPPER,1min,1776412908,2026-04-17 13:46,2026-04-17,216.5,216.5,216,216,500
UPPER,1min,1776412939,2026-04-17 13:47,2026-04-17,216,217.7,216,217.7,1600
UPPER,1min,1776413033,2026-04-17 13:48,2026-04-17,217.7,217.7,216,217.5,0
UPPER,1min,1776413042,2026-04-17 13:49,2026-04-17,217.5,217.5,216,216,370
UPPER,1min,1776413279,2026-04-17 13:52,2026-04-17,216,217,216,217,0
UPPER,1min,1776413390,2026-04-17 13:54,2026-04-17,217,217,215.6,215.6,793
UPPER,1min,1776413456,2026-04-17 13:55,2026-04-17,215.6,215.6,215.2,215.2,3111
UPPER,1min,1776413509,2026-04-17 13:56,2026-04-17,215.2,215.2,215.2,215.2,110
UPPER,1min,1776413748,2026-04-17 14:00,2026-04-17,215.2,216,215.2,216,895
UPPER,1min,1776413935,2026-04-17 14:03,2026-04-17,216,217,216,217,613
UPPER,1min,1776413981,2026-04-17 14:04,2026-04-17,217,217,216,216,617
UPPER,1min,1776414032,2026-04-17 14:05,2026-04-17,216,217,216,217,843
UPPER,1min,1776414132,2026-04-17 14:07,2026-04-17,217,217,217,217,100
UPPER,1min,1776414183,2026-04-17 14:08,2026-04-17,217,217.7,217,217.7,1500
UPPER,1min,1776414299,2026-04-17 14:09,2026-04-17,217.7,217.7,217,217.7,700
UPPER,1min,1776414339,2026-04-17 14:10,2026-04-17,217.7,218,217.7,218,2057
UPPER,1min,1776414417,2026-04-17 14:11,2026-04-17,218,218,217.9,218,1100
UPPER,1min,1776414454,2026-04-17 14:12,2026-04-17,218,218,218,218,30
UPPER,1min,1776414529,2026-04-17 14:13,2026-04-17,218,218,218,218,1024
UPPER,1min,1776414571,2026-04-17 14:14,2026-04-17,218,218,217.9,218,487
UPPER,1min,1776414652,2026-04-17 14:15,2026-04-17,218,218,218,218,130
UPPER,1min,1776414665,2026-04-17 14:16,2026-04-17,218,218.5,218,218.5,0
UPPER,1min,1776414770,2026-04-17 14:17,2026-04-17,218.5,218.5,217,217,4680
UPPER,1min,1776414809,2026-04-17 14:18,2026-04-17,217,217,217,217,450
UPPER,1min,1776414895,2026-04-17 14:19,2026-04-17,217,217,216,216,3739
UPPER,1min,1776414918,2026-04-17 14:20,2026-04-17,216,216,216,216,0
UPPER,1min,1776414988,2026-04-17 14:21,2026-04-17,216,216.1,216,216.1,520
UPPER,1min,1776415057,2026-04-17 14:22,2026-04-17,216.1,216.1,216,216,565
UPPER,1min,1776415193,2026-04-17 14:24,2026-04-17,216,217,216,217,0
UPPER,1min,1776415256,2026-04-17 14:25,2026-04-17,217,217,216.9,216.9,144
UPPER,1min,1776415272,2026-04-17 14:26,2026-04-17,216.9,216.9,216.1,216.1,50
UPPER,1min,1776415438,2026-04-17 14:28,2026-04-17,216.1,216.5,216.1,216.5,1000
UPPER,1min,1776415482,2026-04-17 14:29,2026-04-17,216.5,216.5,216.5,216.5,440
UPPER,1min,1776415593,2026-04-17 14:31,2026-04-17,216.5,217,216.5,217,454
UPPER,1min,1776415679,2026-04-17 14:32,2026-04-17,217,217,216.7,216.7,150
UPPER,1min,1776415721,2026-04-17 14:33,2026-04-17,216.7,216.7,216.5,216.5,1260
UPPER,1min,1776415761,2026-04-17 14:34,2026-04-17,216.5,217,216.5,217,1080
UPPER,1min,1776415854,2026-04-17 14:35,2026-04-17,217,217,216.5,217,1260
UPPER,1min,1776415909,2026-04-17 14:36,2026-04-17,217,217.5,217,217.5,0
UPPER,1min,1776415970,2026-04-17 14:37,2026-04-17,217.5,217.5,217,217,2160
UPPER,1min,1776415982,2026-04-17 14:38,2026-04-17,217,217,217,217,50
UPPER,1min,1776416093,2026-04-17 14:39,2026-04-17,217,217,217,217,64
UPPER,1min,1776416212,2026-04-17 14:41,2026-04-17,217,217,217,217,2250
UPPER,1min,1776416253,2026-04-17 14:42,2026-04-17,217,217,217,217,400
UPPER,1min,1776416327,2026-04-17 14:43,2026-04-17,217,217,216.8,217,620
UPPER,1min,1776416359,2026-04-17 14:44,2026-04-17,217,217,216.8,216.8,30
UPPER,1min,1776416446,2026-04-17 14:45,2026-04-17,216.8,217,216.8,216.8,268
UPPER,1min,1776416496,2026-04-17 14:46,2026-04-17,216.8,217,216,216,0
UPPER,1min,1776416561,2026-04-17 14:47,2026-04-17,216,216,216,216,5202
UPPER,1min,1776416620,2026-04-17 14:48,2026-04-17,216,216.9,216,216.9,461
UPPER,1min,1776416690,2026-04-17 14:49,2026-04-17,216.9,216.9,216.1,216.1,315
UPPER,1min,1776416747,2026-04-17 14:50,2026-04-17,216.1,216.9,216.1,216.9,300
UPPER,1min,1776416816,2026-04-17 14:51,2026-04-17,216.9,217.5,216.9,217,4592
UPPER,1min,1776416872,2026-04-17 14:52,2026-04-17,217,217,217,217,1360
UPPER,1min,1776416932,2026-04-17 14:53,2026-04-17,217,217,216.9,217,1911
UPPER,1min,1776416988,2026-04-17 14:54,2026-04-17,217,217,217,217,1334
UPPER,1min,1776417053,2026-04-17 14:55,2026-04-17,217,217,216.9,216.9,561
UPPER,1min,1776417117,2026-04-17 14:56,2026-04-17,216.9,217,216.9,217,572
UPPER,1min,1776417175,2026-04-17 14:57,2026-04-17,217,217.1,217,217,8001
UPPER,1min,1776417238,2026-04-17 14:58,2026-04-17,217,217,217,217,1535
UPPER,1min,1776417299,2026-04-17 14:59,2026-04-17,217,217.3,217,217,5862
UPPER,1min,1776662151,2026-04-20 11:00,2026-04-20,217,217,215,215,447
UPPER,1min,1776662191,2026-04-20 11:01,2026-04-20,215,217,215,215,140
UPPER,1min,1776662257,2026-04-20 11:02,2026-04-20,215,215,214.1,215,20
UPPER,1min,1776662316,2026-04-20 11:03,2026-04-20,215,217,215,217,175
UPPER,1min,1776662393,2026-04-20 11:04,2026-04-20,217,217,215,217,2626
UPPER,1min,1776662514,2026-04-20 11:06,2026-04-20,217,217,215.1,215.2,20018
UPPER,1min,1776662556,2026-04-20 11:07,2026-04-20,215.2,216,215.2,216,50
UPPER,1min,1776662582,2026-04-20 11:08,2026-04-20,216,217,216,217,100
UPPER,1min,1776662681,2026-04-20 11:09,2026-04-20,217,217,217,217,1081
UPPER,1min,1776662759,2026-04-20 11:10,2026-04-20,217,217.4,216,216,710
UPPER,1min,1776662809,2026-04-20 11:11,2026-04-20,216,216,216,216,770
UPPER,1min,1776662830,2026-04-20 11:12,2026-04-20,216,217,215,217,2420
UPPER,1min,1776662934,2026-04-20 11:13,2026-04-20,217,217,213,213,5831
UPPER,1min,1776662987,2026-04-20 11:14,2026-04-20,213,215.1,212,215.1,4219
UPPER,1min,1776663083,2026-04-20 11:16,2026-04-20,215.1,216.9,215.1,216.9,25
UPPER,1min,1776663177,2026-04-20 11:17,2026-04-20,216.9,216.9,214,214,227
UPPER,1min,1776663237,2026-04-20 11:18,2026-04-20,214,215,214,215,789
UPPER,1min,1776663283,2026-04-20 11:19,2026-04-20,215,215,214.1,215,583
UPPER,1min,1776663349,2026-04-20 11:20,2026-04-20,215,216.4,214.1,216.4,1010
UPPER,1min,1776663392,2026-04-20 11:21,2026-04-20,216.4,216.4,214.2,214.2,10
UPPER,1min,1776663475,2026-04-20 11:22,2026-04-20,214.2,216.4,214.2,216.4,20
UPPER,1min,1776663536,2026-04-20 11:23,2026-04-20,216.4,216.9,215,215,1080
UPPER,1min,1776663593,2026-04-20 11:24,2026-04-20,215,216.8,215,216.7,74
UPPER,1min,1776663625,2026-04-20 11:25,2026-04-20,216.7,216.8,216.7,216.8,385
UPPER,1min,1776663701,2026-04-20 11:26,2026-04-20,216.8,216.8,216.7,216.7,0
UPPER,1min,1776663775,2026-04-20 11:27,2026-04-20,216.7,216.7,216.7,216.7,40
UPPER,1min,1776663839,2026-04-20 11:28,2026-04-20,216.7,216.7,215.2,216,1020
UPPER,1min,1776663865,2026-04-20 11:29,2026-04-20,216,216,215.3,215.4,214
UPPER,1min,1776663928,2026-04-20 11:30,2026-04-20,215.4,215.4,215.3,215.3,1644
UPPER,1min,1776663980,2026-04-20 11:31,2026-04-20,215.3,216,215,216,11047
UPPER,1min,1776664020,2026-04-20 11:32,2026-04-20,216,216,216,216,0
UPPER,1min,1776664091,2026-04-20 11:33,2026-04-20,216,216.1,216,216.1,130
UPPER,1min,1776664160,2026-04-20 11:34,2026-04-20,216.1,216.1,216.1,216.1,100
UPPER,1min,1776664225,2026-04-20 11:35,2026-04-20,216.1,216.5,215.5,216.5,1452
UPPER,1min,1776664299,2026-04-20 11:36,2026-04-20,216.5,216.5,214.7,214.7,3839
UPPER,1min,1776664363,2026-04-20 11:37,2026-04-20,214.7,216,214.7,216,190
UPPER,1min,1776664429,2026-04-20 11:38,2026-04-20,216,216,214.7,214.7,77
UPPER,1min,1776664467,2026-04-20 11:39,2026-04-20,214.7,214.7,214.4,214.4,100
UPPER,1min,1776664556,2026-04-20 11:40,2026-04-20,214.4,215,214.4,215,0
UPPER,1min,1776664608,2026-04-20 11:41,2026-04-20,215,215,215,215,155
UPPER,1min,1776664673,2026-04-20 11:42,2026-04-20,215,215,214.4,215,650
UPPER,1min,1776664763,2026-04-20 11:44,2026-04-20,215,215,214,214,4200
UPPER,1min,1776664852,2026-04-20 11:45,2026-04-20,214,214.5,214,214,160
UPPER,1min,1776664916,2026-04-20 11:46,2026-04-20,214,214.5,214,214.5,88
UPPER,1min,1776664926,2026-04-20 11:47,2026-04-20,214.5,214.9,214.5,214.9,458
UPPER,1min,1776665034,2026-04-20 11:48,2026-04-20,214.9,214.9,214.5,214.5,645
UPPER,1min,1776665072,2026-04-20 11:49,2026-04-20,214.5,214.5,214,214,280
UPPER,1min,1776665159,2026-04-20 11:50,2026-04-20,214,214,213.1,213.1,685
UPPER,1min,1776665198,2026-04-20 11:51,2026-04-20,213.1,213.4,213.1,213.4,102
UPPER,1min,1776665261,2026-04-20 11:52,2026-04-20,213.4,213.5,213.4,213.5,90
UPPER,1min,1776665322,2026-04-20 11:53,2026-04-20,213.5,213.5,213.1,213.1,2010
UPPER,1min,1776665412,2026-04-20 11:55,2026-04-20,213.1,214,213.1,214,3075
UPPER,1min,1776665505,2026-04-20 11:56,2026-04-20,214,214.9,214,214.9,0
UPPER,1min,1776665552,2026-04-20 11:57,2026-04-20,214.9,214.9,214,214,775
UPPER,1min,1776665598,2026-04-20 11:58,2026-04-20,214,214.5,214,214.5,60
UPPER,1min,1776665684,2026-04-20 11:59,2026-04-20,214.5,214.5,214.5,214.5,100
UPPER,1min,1776665703,2026-04-20 12:00,2026-04-20,214.5,214.5,214,214,265
UPPER,1min,1776665815,2026-04-20 12:01,2026-04-20,214,214,214,214,260
UPPER,1min,1776665867,2026-04-20 12:02,2026-04-20,214,214,214,214,842
UPPER,1min,1776665928,2026-04-20 12:03,2026-04-20,214,214.5,213.4,213.4,866
UPPER,1min,1776665983,2026-04-20 12:04,2026-04-20,213.4,213.4,213.2,213.2,1748
UPPER,1min,1776666018,2026-04-20 12:05,2026-04-20,213.2,213.5,213.2,213.5,1387
UPPER,1min,1776666112,2026-04-20 12:06,2026-04-20,213.5,214.5,213.1,214.5,4419
UPPER,1min,1776666159,2026-04-20 12:07,2026-04-20,214.5,214.5,213.3,213.3,1000
UPPER,1min,1776666208,2026-04-20 12:08,2026-04-20,213.3,213.3,213.3,213.3,50
UPPER,1min,1776666299,2026-04-20 12:09,2026-04-20,213.3,214.5,213.3,213.4,1880
UPPER,1min,1776666346,2026-04-20 12:10,2026-04-20,213.4,214.5,213.4,214.5,5400
UPPER,1min,1776666388,2026-04-20 12:11,2026-04-20,214.5,214.9,214.5,214.9,5396
UPPER,1min,1776666456,2026-04-20 12:12,2026-04-20,214.9,214.9,214,214,20
UPPER,1min,1776666539,2026-04-20 12:13,2026-04-20,214,214.9,214,214.9,1300
UPPER,1min,1776666573,2026-04-20 12:14,2026-04-20,214.9,214.9,214.9,214.9,750
UPPER,1min,1776666645,2026-04-20 12:15,2026-04-20,214.9,214.9,214.9,214.9,1010
UPPER,1min,1776666688,2026-04-20 12:16,2026-04-20,214.9,214.9,214.9,214.9,510
UPPER,1min,1776666732,2026-04-20 12:17,2026-04-20,214.9,214.9,214.8,214.8,261
UPPER,1min,1776666818,2026-04-20 12:18,2026-04-20,214.8,214.9,214.8,214.9,706
UPPER,1min,1776666886,2026-04-20 12:19,2026-04-20,214.9,214.9,214.9,214.9,930
UPPER,1min,1776666930,2026-04-20 12:20,2026-04-20,214.9,214.9,214.8,214.8,444
UPPER,1min,1776667009,2026-04-20 12:21,2026-04-20,214.8,214.9,214.8,214.9,966
UPPER,1min,1776667068,2026-04-20 12:22,2026-04-20,214.9,214.9,214.9,214.9,2026
UPPER,1min,1776667137,2026-04-20 12:23,2026-04-20,214.9,215,214.8,214.9,2584
UPPER,1min,1776667197,2026-04-20 12:24,2026-04-20,214.9,215,214.8,215,5497
UPPER,1min,1776667255,2026-04-20 12:25,2026-04-20,215,215,214.1,214.9,2535
UPPER,1min,1776667260,2026-04-20 12:26,2026-04-20,214.9,214.9,214.9,214.9,30
UPPER,1min,1776667356,2026-04-20 12:27,2026-04-20,214.9,214.9,214,214,2120
UPPER,1min,1776667448,2026-04-20 12:29,2026-04-20,214,214,214,214,160
UPPER,1min,1776667791,2026-04-20 12:34,2026-04-20,214,214.5,214,214,1510
UPPER,1min,1776667851,2026-04-20 12:35,2026-04-20,214,214,214,214,48
UPPER,1min,1776667874,2026-04-20 12:36,2026-04-20,214,214.5,214,214.5,1134
UPPER,1min,1776667963,2026-04-20 12:37,2026-04-20,214.5,214.5,214.5,214.5,26
UPPER,1min,1776668018,2026-04-20 12:38,2026-04-20,214.5,214.5,214,214,2195
UPPER,1min,1776668084,2026-04-20 12:39,2026-04-20,214,214.5,214,214.5,0
UPPER,1min,1776668155,2026-04-20 12:40,2026-04-20,214.5,214.5,213.7,213.7,188
UPPER,1min,1776668215,2026-04-20 12:41,2026-04-20,213.7,213.7,213.7,213.7,80
UPPER,1min,1776668261,2026-04-20 12:42,2026-04-20,213.7,213.7,213.5,213.5,162
UPPER,1min,1776668330,2026-04-20 12:43,2026-04-20,213.5,213.7,213.5,213.7,1100
UPPER,1min,1776668398,2026-04-20 12:44,2026-04-20,213.7,213.7,213.6,213.6,2321
UPPER,1min,1776668451,2026-04-20 12:45,2026-04-20,213.6,213.7,213.6,213.6,402
UPPER,1min,1776668485,2026-04-20 12:46,2026-04-20,213.6,213.7,213.6,213.7,455
UPPER,1min,1776668579,2026-04-20 12:47,2026-04-20,213.7,213.7,213.7,213.7,722
UPPER,1min,1776668617,2026-04-20 12:48,2026-04-20,213.7,213.7,213.6,213.6,20
UPPER,1min,1776668698,2026-04-20 12:49,2026-04-20,213.6,214,213.6,214,800
UPPER,1min,1776668788,2026-04-20 12:51,2026-04-20,214,214,213.7,213.7,68
UPPER,1min,1776668876,2026-04-20 12:52,2026-04-20,213.7,214.5,213.7,214.5,1280
UPPER,1min,1776668938,2026-04-20 12:53,2026-04-20,214.5,214.5,214,214,50
UPPER,1min,1776669059,2026-04-20 12:55,2026-04-20,214,214.5,213.7,214.5,438
UPPER,1min,1776669143,2026-04-20 12:57,2026-04-20,214.5,214.9,214.5,214.9,347
UPPER,1min,1776669190,2026-04-20 12:58,2026-04-20,214.9,214.9,214.9,214.9,2050
UPPER,1min,1776669329,2026-04-20 13:00,2026-04-20,214.9,214.9,214.9,214.9,80
UPPER,1min,1776669367,2026-04-20 13:01,2026-04-20,214.9,214.9,214.8,214.8,10
UPPER,1min,1776669432,2026-04-20 13:02,2026-04-20,214.8,214.8,214.8,214.8,30
UPPER,1min,1776669513,2026-04-20 13:03,2026-04-20,214.8,214.8,214,214,510
UPPER,1min,1776669593,2026-04-20 13:04,2026-04-20,214,214,214,214,0
UPPER,1min,1776669652,2026-04-20 13:05,2026-04-20,214,214,214,214,2485
UPPER,1min,1776669779,2026-04-20 13:07,2026-04-20,214,214,214,214,260
UPPER,1min,1776669838,2026-04-20 13:08,2026-04-20,214,214.8,214,214.8,0
UPPER,1min,1776669899,2026-04-20 13:09,2026-04-20,214.8,214.8,213.9,213.9,298
UPPER,1min,1776670015,2026-04-20 13:11,2026-04-20,213.9,213.9,213.9,213.9,225
UPPER,1min,1776670076,2026-04-20 13:12,2026-04-20,213.9,213.9,213.8,213.8,1178
UPPER,1min,1776670184,2026-04-20 13:14,2026-04-20,213.8,214.7,213.8,214.7,350
UPPER,1min,1776670248,2026-04-20 13:15,2026-04-20,214.7,214.7,214,214,68
UPPER,1min,1776670318,2026-04-20 13:16,2026-04-20,214,214.5,214,214.5,30
UPPER,1min,1776670342,2026-04-20 13:17,2026-04-20,214.5,214.5,214.5,214.5,94
UPPER,1min,1776670448,2026-04-20 13:19,2026-04-20,214.5,214.5,214.4,214.4,199
UPPER,1min,1776670543,2026-04-20 13:20,2026-04-20,214.4,214.4,214.4,214.4,0
UPPER,1min,1776670652,2026-04-20 13:22,2026-04-20,214.4,214.4,214.1,214.1,30
UPPER,1min,1776670731,2026-04-20 13:23,2026-04-20,214.1,214.4,214.1,214.4,35
UPPER,1min,1776670793,2026-04-20 13:24,2026-04-20,214.4,214.4,214.1,214.1,279
UPPER,1min,1776670871,2026-04-20 13:26,2026-04-20,214.1,214.1,214.1,214.1,530
UPPER,1min,1776671091,2026-04-20 13:29,2026-04-20,214.1,214.1,214.1,214.1,530
UPPER,1min,1776671149,2026-04-20 13:30,2026-04-20,214.1,214.4,214.1,214.4,0
UPPER,1min,1776671241,2026-04-20 13:32,2026-04-20,214.4,214.4,214.4,214.4,500
UPPER,1min,1776671334,2026-04-20 13:33,2026-04-20,214.4,214.4,214.1,214.2,1170
UPPER,1min,1776671379,2026-04-20 13:34,2026-04-20,214.2,214.4,214.1,214.4,53
UPPER,1min,1776671454,2026-04-20 13:35,2026-04-20,214.4,214.4,214.1,214.1,263
UPPER,1min,1776671497,2026-04-20 13:36,2026-04-20,214.1,214.1,214.1,214.1,433
UPPER,1min,1776671540,2026-04-20 13:37,2026-04-20,214.1,214.1,214,214,100
UPPER,1min,1776671625,2026-04-20 13:38,2026-04-20,214,214.4,214,214,363
UPPER,1min,1776671677,2026-04-20 13:39,2026-04-20,214,214,214,214,20
UPPER,1min,1776671790,2026-04-20 13:41,2026-04-20,214,214,214,214,20
UPPER,1min,1776671866,2026-04-20 13:42,2026-04-20,214,214,214,214,168
UPPER,1min,1776672169,2026-04-20 13:47,2026-04-20,214,214.1,214,214.1,70
UPPER,1min,1776672208,2026-04-20 13:48,2026-04-20,214.1,214.4,214.1,214.1,1040
UPPER,1min,1776672281,2026-04-20 13:49,2026-04-20,214.1,214.4,214.1,214.4,150
UPPER,1min,1776672400,2026-04-20 13:51,2026-04-20,214.4,214.5,214.4,214.5,1000
UPPER,1min,1776672441,2026-04-20 13:52,2026-04-20,214.5,214.5,214.5,214.5,50
UPPER,1min,1776672505,2026-04-20 13:53,2026-04-20,214.5,214.5,214.2,214.2,336
UPPER,1min,1776672563,2026-04-20 13:54,2026-04-20,214.2,214.2,214,214,9966
UPPER,1min,1776672643,2026-04-20 13:55,2026-04-20,214,214,214,214,34
UPPER,1min,1776672701,2026-04-20 13:56,2026-04-20,214,214,214,214,30
UPPER,1min,1776672838,2026-04-20 13:58,2026-04-20,214,214.4,214,214.4,27
UPPER,1min,1776672844,2026-04-20 13:59,2026-04-20,214.4,214.4,214,214,30
UPPER,1min,1776673026,2026-04-20 14:02,2026-04-20,214,214.1,214,214.1,50
UPPER,1min,1776673106,2026-04-20 14:03,2026-04-20,214.1,214.6,214.1,214.6,153
UPPER,1min,1776673180,2026-04-20 14:04,2026-04-20,214.6,214.7,214.5,214.7,1681
UPPER,1min,1776673241,2026-04-20 14:05,2026-04-20,214.7,214.7,214,214,2770
UPPER,1min,1776673275,2026-04-20 14:06,2026-04-20,214,214.2,214,214.2,30
UPPER,1min,1776673346,2026-04-20 14:07,2026-04-20,214.2,214.7,214.2,214.7,1030
UPPER,1min,1776673421,2026-04-20 14:08,2026-04-20,214.7,214.7,214.6,214.6,401
UPPER,1min,1776673499,2026-04-20 14:09,2026-04-20,214.6,214.7,214.1,214.7,2241
UPPER,1min,1776673519,2026-04-20 14:10,2026-04-20,214.7,214.7,214.7,214.7,300
UPPER,1min,1776673618,2026-04-20 14:11,2026-04-20,214.7,214.7,214.7,214.7,3939
UPPER,1min,1776673673,2026-04-20 14:12,2026-04-20,214.7,214.9,214.7,214.8,467
UPPER,1min,1776673728,2026-04-20 14:13,2026-04-20,214.8,214.9,214.7,214.7,2626
UPPER,1min,1776673753,2026-04-20 14:14,2026-04-20,214.7,214.9,214.7,214.9,0
UPPER,1min,1776673841,2026-04-20 14:15,2026-04-20,214.9,215,214.9,215,11908
UPPER,1min,1776673871,2026-04-20 14:16,2026-04-20,215,215,215,215,615
UPPER,1min,1776673977,2026-04-20 14:17,2026-04-20,215,215.2,215,215.2,40
UPPER,1min,1776674023,2026-04-20 14:18,2026-04-20,215.2,215.7,215.2,215.7,300
UPPER,1min,1776674057,2026-04-20 14:19,2026-04-20,215.7,215.7,215.7,215.7,500
UPPER,1min,1776674175,2026-04-20 14:21,2026-04-20,215.7,215.7,215.7,215.7,5000
UPPER,1min,1776674262,2026-04-20 14:22,2026-04-20,215.7,215.9,215.7,215.9,517
UPPER,1min,1776674383,2026-04-20 14:24,2026-04-20,215.9,215.9,214.5,214.5,7826
UPPER,1min,1776674422,2026-04-20 14:25,2026-04-20,214.5,215,214.4,214.4,194
UPPER,1min,1776674497,2026-04-20 14:26,2026-04-20,214.4,214.4,214,214,5012
UPPER,1min,1776674565,2026-04-20 14:27,2026-04-20,214,214.9,214,214.9,76
UPPER,1min,1776674637,2026-04-20 14:28,2026-04-20,214.9,214.9,214.5,214.5,620
UPPER,1min,1776674676,2026-04-20 14:29,2026-04-20,214.5,214.5,214,214,300
UPPER,1min,1776674713,2026-04-20 14:30,2026-04-20,214,214.5,214,214.5,264
UPPER,1min,1776674808,2026-04-20 14:31,2026-04-20,214.5,214.5,214,214.5,2454
UPPER,1min,1776674864,2026-04-20 14:32,2026-04-20,214.5,214.5,214,214.5,2261
UPPER,1min,1776674925,2026-04-20 14:33,2026-04-20,214.5,214.5,214,214,487
UPPER,1min,1776675027,2026-04-20 14:35,2026-04-20,214,214.5,214,214.5,44
UPPER,1min,1776675119,2026-04-20 14:36,2026-04-20,214.5,214.5,214.1,214.1,700
UPPER,1min,1776675152,2026-04-20 14:37,2026-04-20,214.1,214.2,214.1,214.2,10
UPPER,1min,1776675237,2026-04-20 14:38,2026-04-20,214.2,214.5,214.2,214.5,2291
UPPER,1min,1776675365,2026-04-20 14:41,2026-04-20,214.5,214.5,214.2,214.2,1000
UPPER,1min,1776675444,2026-04-20 14:42,2026-04-20,214.2,214.9,214.1,214.9,2300
UPPER,1min,1776675527,2026-04-20 14:43,2026-04-20,214.9,215,214.9,214.9,2388
UPPER,1min,1776675595,2026-04-20 14:44,2026-04-20,214.9,215,214.9,215,0
UPPER,1min,1776675602,2026-04-20 14:45,2026-04-20,215,215,215,215,1250
UPPER,1min,1776675696,2026-04-20 14:46,2026-04-20,215,215,215,215,0
UPPER,1min,1776675765,2026-04-20 14:47,2026-04-20,215,215,215,215,2260
UPPER,1min,1776675839,2026-04-20 14:48,2026-04-20,215,215.5,215,215.5,2018
UPPER,1min,1776675859,2026-04-20 14:49,2026-04-20,215.5,215.5,215,215,100
UPPER,1min,1776675957,2026-04-20 14:50,2026-04-20,215,215.8,215,215.5,2951
UPPER,1min,1776676008,2026-04-20 14:51,2026-04-20,215.5,215.5,215.5,215.5,800
UPPER,1min,1776676079,2026-04-20 14:52,2026-04-20,215.5,215.5,215,215,1837
UPPER,1min,1776676116,2026-04-20 14:53,2026-04-20,215,215,215,215,1462
UPPER,1min,1776676179,2026-04-20 14:54,2026-04-20,215,215,215,215,1190
UPPER,1min,1776676247,2026-04-20 14:55,2026-04-20,215,215.2,215,215,1040
UPPER,1min,1776676316,2026-04-20 14:56,2026-04-20,215,215,214.5,214.5,1504
UPPER,1min,1776676342,2026-04-20 14:57,2026-04-20,214.5,215,214.5,215,4255
UPPER,1min,1776676436,2026-04-20 14:58,2026-04-20,215,215,214,214,4810
UPPER,1min,1776676499,2026-04-20 14:59,2026-04-20,214,215,214,214.6,1665
UPPER,1min,1776748531,2026-04-21 11:00,2026-04-21,215,215,214.6,214.6,35
UPPER,1min,1776748609,2026-04-21 11:01,2026-04-21,214.6,214.6,214.5,214.5,87
UPPER,1min,1776748719,2026-04-21 11:03,2026-04-21,214.5,214.5,214,214,80
UPPER,1min,1776748854,2026-04-21 11:05,2026-04-21,214,214,214,214,650
UPPER,1min,1776748879,2026-04-21 11:06,2026-04-21,214,214,213.4,214,520
UPPER,1min,1776748923,2026-04-21 11:07,2026-04-21,214,214,213.4,213.4,25
UPPER,1min,1776749023,2026-04-21 11:08,2026-04-21,213.4,214.4,213.4,213.5,386
UPPER,1min,1776749071,2026-04-21 11:09,2026-04-21,213.5,214,213.5,214,33
UPPER,1min,1776749115,2026-04-21 11:10,2026-04-21,214,214,214,214,643
UPPER,1min,1776749194,2026-04-21 11:11,2026-04-21,214,214,214,214,115
UPPER,1min,1776749268,2026-04-21 11:12,2026-04-21,214,214,213.5,213.5,580
UPPER,1min,1776749337,2026-04-21 11:13,2026-04-21,213.5,213.5,213.4,213.4,894
UPPER,1min,1776749436,2026-04-21 11:15,2026-04-21,213.4,213.4,213.1,213.1,806
UPPER,1min,1776749504,2026-04-21 11:16,2026-04-21,213.1,213.1,213.1,213.1,0
UPPER,1min,1776749558,2026-04-21 11:17,2026-04-21,213.1,213.5,213.1,213.5,1190
UPPER,1min,1776749609,2026-04-21 11:18,2026-04-21,213.5,213.5,213.5,213.5,10
UPPER,1min,1776749697,2026-04-21 11:19,2026-04-21,213.5,213.5,213,213.5,789
UPPER,1min,1776749752,2026-04-21 11:20,2026-04-21,213.5,213.5,213.1,213.2,449
UPPER,1min,1776749804,2026-04-21 11:21,2026-04-21,213.2,213.4,213.2,213.2,30
UPPER,1min,1776749867,2026-04-21 11:22,2026-04-21,213.2,213.5,213.2,213.5,1817
UPPER,1min,1776749927,2026-04-21 11:23,2026-04-21,213.5,213.5,213.5,213.5,10
UPPER,1min,1776749983,2026-04-21 11:24,2026-04-21,213.5,213.5,213.1,213.1,520
UPPER,1min,1776750084,2026-04-21 11:26,2026-04-21,213.1,213.1,213.1,213.1,500
UPPER,1min,1776750152,2026-04-21 11:27,2026-04-21,213.1,213.5,213.1,213.5,10
UPPER,1min,1776750214,2026-04-21 11:28,2026-04-21,213.5,213.5,213.5,213.5,39
UPPER,1min,1776750296,2026-04-21 11:29,2026-04-21,213.5,213.5,213.2,213.5,106
UPPER,1min,1776750407,2026-04-21 11:31,2026-04-21,213.5,214,213.5,214,2832
UPPER,1min,1776750430,2026-04-21 11:32,2026-04-21,214,214,213.5,213.5,586
UPPER,1min,1776750589,2026-04-21 11:34,2026-04-21,213.5,214,213.5,214,460
UPPER,1min,1776750653,2026-04-21 11:35,2026-04-21,214,214,214,214,120
UPPER,1min,1776750662,2026-04-21 11:36,2026-04-21,214,214,214,214,10
UPPER,1min,1776750736,2026-04-21 11:37,2026-04-21,214,214,213.5,213.5,80
UPPER,1min,1776750820,2026-04-21 11:38,2026-04-21,213.5,214,213.5,214,650
UPPER,1min,1776750882,2026-04-21 11:39,2026-04-21,214,214,213.5,213.5,260
UPPER,1min,1776750954,2026-04-21 11:40,2026-04-21,213.5,213.9,213.5,213.9,300
UPPER,1min,1776751016,2026-04-21 11:41,2026-04-21,213.9,213.9,213.5,213.9,75
UPPER,1min,1776751062,2026-04-21 11:42,2026-04-21,213.9,213.9,213.6,213.6,130
UPPER,1min,1776751089,2026-04-21 11:43,2026-04-21,213.6,214,213.6,214,205
UPPER,1min,1776751141,2026-04-21 11:44,2026-04-21,214,214,214,214,190
UPPER,1min,1776751255,2026-04-21 11:45,2026-04-21,214,214,214,214,335
UPPER,1min,1776751281,2026-04-21 11:46,2026-04-21,214,214,213.7,213.7,210
UPPER,1min,1776751377,2026-04-21 11:47,2026-04-21,213.7,214,213.7,214,859
UPPER,1min,1776751428,2026-04-21 11:48,2026-04-21,214,214,214,214,4409
UPPER,1min,1776751445,2026-04-21 11:49,2026-04-21,214,214,214,214,643
UPPER,1min,1776751521,2026-04-21 11:50,2026-04-21,214,214,214,214,1146
UPPER,1min,1776751610,2026-04-21 11:51,2026-04-21,214,214,214,214,510
UPPER,1min,1776751677,2026-04-21 11:52,2026-04-21,214,214.4,214,214.4,0
UPPER,1min,1776751728,2026-04-21 11:53,2026-04-21,214.4,214.9,214.4,214.9,1457
UPPER,1min,1776751846,2026-04-21 11:55,2026-04-21,214.9,214.9,214,214,211
UPPER,1min,1776751904,2026-04-21 11:56,2026-04-21,214,214,214,214,340
UPPER,1min,1776752034,2026-04-21 11:58,2026-04-21,214,214,214,214,1080
UPPER,1min,1776752083,2026-04-21 11:59,2026-04-21,214,214,214,214,500
UPPER,1min,1776752150,2026-04-21 12:00,2026-04-21,214,214,213.8,213.8,1100
UPPER,1min,1776752165,2026-04-21 12:01,2026-04-21,213.8,213.8,213.8,213.8,112
UPPER,1min,1776752258,2026-04-21 12:02,2026-04-21,213.8,213.8,213,213,15143
UPPER,1min,1776752392,2026-04-21 12:04,2026-04-21,213,213.1,213,213.1,500
UPPER,1min,1776752453,2026-04-21 12:05,2026-04-21,213.1,213.1,213.1,213.1,438
UPPER,1min,1776752513,2026-04-21 12:06,2026-04-21,213.1,214,213.1,213.1,93
UPPER,1min,1776752578,2026-04-21 12:07,2026-04-21,213.1,213.5,213.1,213.1,1030
UPPER,1min,1776752639,2026-04-21 12:08,2026-04-21,213.1,213.5,213.1,213.5,45
UPPER,1min,1776752692,2026-04-21 12:09,2026-04-21,213.5,213.5,213.1,213.5,245
UPPER,1min,1776752734,2026-04-21 12:10,2026-04-21,213.5,213.5,213,213,7068
UPPER,1min,1776752819,2026-04-21 12:11,2026-04-21,213,213.2,213,213.2,68
UPPER,1min,1776752928,2026-04-21 12:13,2026-04-21,213.2,213.5,213.2,213.5,0
UPPER,1min,1776752973,2026-04-21 12:14,2026-04-21,213.5,213.8,213.5,213.8,20
UPPER,1min,1776753059,2026-04-21 12:15,2026-04-21,213.8,213.8,213.8,213.8,0
UPPER,1min,1776753100,2026-04-21 12:16,2026-04-21,213.8,213.8,213.2,213.2,1673
UPPER,1min,1776753214,2026-04-21 12:18,2026-04-21,213.2,214,213.2,214,340
UPPER,1min,1776753286,2026-04-21 12:19,2026-04-21,214,214,213.2,213.5,1085
UPPER,1min,1776753322,2026-04-21 12:20,2026-04-21,213.5,213.5,213.5,213.5,0
UPPER,1min,1776753500,2026-04-21 12:23,2026-04-21,213.5,214,213.2,214,236
UPPER,1min,1776753540,2026-04-21 12:24,2026-04-21,214,214,213.2,213.2,75
UPPER,1min,1776753704,2026-04-21 12:26,2026-04-21,213.2,213.2,213.2,213.2,892
UPPER,1min,1776753758,2026-04-21 12:27,2026-04-21,213.2,213.2,213.1,213.1,133
UPPER,1min,1776753827,2026-04-21 12:28,2026-04-21,213.1,213.2,213.1,213.1,1598
UPPER,1min,1776754011,2026-04-21 12:31,2026-04-21,213.1,213.9,213.1,213.9,1340
UPPER,1min,1776754042,2026-04-21 12:32,2026-04-21,213.9,213.9,213.1,213.1,130
UPPER,1min,1776754135,2026-04-21 12:33,2026-04-21,213.1,213.1,213,213,0
UPPER,1min,1776754187,2026-04-21 12:34,2026-04-21,213,213,213,213,6279
UPPER,1min,1776754256,2026-04-21 12:35,2026-04-21,213,213,213,213,60
UPPER,1min,1776754267,2026-04-21 12:36,2026-04-21,213,213,212.9,212.9,30
UPPER,1min,1776754375,2026-04-21 12:37,2026-04-21,212.9,213,212.9,213,91
UPPER,1min,1776754577,2026-04-21 12:41,2026-04-21,213,213,212.7,212.7,150
UPPER,1min,1776754672,2026-04-21 12:42,2026-04-21,212.7,212.7,212,212,3046
UPPER,1min,1776754682,2026-04-21 12:43,2026-04-21,212,212,212,212,800
UPPER,1min,1776754839,2026-04-21 12:45,2026-04-21,212,213,212,213,3530
UPPER,1min,1776754997,2026-04-21 12:48,2026-04-21,213,213,212.5,212.5,140
UPPER,1min,1776755076,2026-04-21 12:49,2026-04-21,212.5,212.8,212.5,212.8,15
UPPER,1min,1776755155,2026-04-21 12:50,2026-04-21,212.8,212.8,212.3,212.3,215
UPPER,1min,1776755171,2026-04-21 12:51,2026-04-21,212.3,212.3,212.2,212.2,60
UPPER,1min,1776755258,2026-04-21 12:52,2026-04-21,212.2,213,212.2,212.2,20
UPPER,1min,1776755336,2026-04-21 12:53,2026-04-21,212.2,212.2,212.1,212.1,898
UPPER,1min,1776755403,2026-04-21 12:55,2026-04-21,212.1,212.1,212.1,212.1,80
UPPER,1min,1776755500,2026-04-21 12:56,2026-04-21,212.1,212.1,211,211,15645
UPPER,1min,1776755524,2026-04-21 12:57,2026-04-21,211,212.9,211,212.9,15
UPPER,1min,1776755647,2026-04-21 12:59,2026-04-21,212.9,212.9,212.8,212.8,500
UPPER,1min,1776755814,2026-04-21 13:01,2026-04-21,212.8,212.8,212,212,167
UPPER,1min,1776755846,2026-04-21 13:02,2026-04-21,212,212.5,212,212,120
UPPER,1min,1776755924,2026-04-21 13:03,2026-04-21,212,212,212,212,20
UPPER,1min,1776755949,2026-04-21 13:04,2026-04-21,212,212,212,212,265
UPPER,1min,1776756025,2026-04-21 13:05,2026-04-21,212,212,212,212,65
UPPER,1min,1776756086,2026-04-21 13:06,2026-04-21,212,212,212,212,60
UPPER,1min,1776756167,2026-04-21 13:07,2026-04-21,212,212,212,212,250
UPPER,1min,1776756187,2026-04-21 13:08,2026-04-21,212,212,212,212,195
UPPER,1min,1776756338,2026-04-21 13:10,2026-04-21,212,212,212,212,180
UPPER,1min,1776756441,2026-04-21 13:12,2026-04-21,212,212.9,212,212.9,90
UPPER,1min,1776756499,2026-04-21 13:13,2026-04-21,212.9,212.9,212.9,212.9,135
UPPER,1min,1776756588,2026-04-21 13:14,2026-04-21,212.9,212.9,212.9,212.9,140
UPPER,1min,1776756632,2026-04-21 13:15,2026-04-21,212.9,212.9,212.9,212.9,40
UPPER,1min,1776756684,2026-04-21 13:16,2026-04-21,212.9,212.9,212.9,212.9,0
UPPER,1min,1776756724,2026-04-21 13:17,2026-04-21,212.9,212.9,212.5,212.5,84
UPPER,1min,1776756893,2026-04-21 13:19,2026-04-21,212.5,213,212.5,213,409
UPPER,1min,1776756953,2026-04-21 13:20,2026-04-21,213,213,212.6,212.6,25
UPPER,1min,1776756991,2026-04-21 13:21,2026-04-21,212.6,212.6,212,212,769
UPPER,1min,1776757047,2026-04-21 13:22,2026-04-21,212,213,212,213,1386
UPPER,1min,1776757135,2026-04-21 13:23,2026-04-21,213,213,212,212,80
UPPER,1min,1776757189,2026-04-21 13:24,2026-04-21,212,212,212,212,554
UPPER,1min,1776757221,2026-04-21 13:25,2026-04-21,212,213,212,213,130
UPPER,1min,1776757285,2026-04-21 13:26,2026-04-21,213,213,212.1,212.9,58
UPPER,1min,1776757397,2026-04-21 13:28,2026-04-21,212.9,212.9,212.2,212.2,400
UPPER,1min,1776757498,2026-04-21 13:29,2026-04-21,212.2,212.2,212.2,212.2,94
UPPER,1min,1776757548,2026-04-21 13:30,2026-04-21,212.2,212.2,212.2,212.2,0
UPPER,1min,1776757614,2026-04-21 13:31,2026-04-21,212.2,212.4,212.2,212.4,448
UPPER,1min,1776757648,2026-04-21 13:32,2026-04-21,212.4,212.9,212.4,212.9,0
UPPER,1min,1776757683,2026-04-21 13:33,2026-04-21,212.9,212.9,212,212,1104
UPPER,1min,1776757747,2026-04-21 13:34,2026-04-21,212,212,211.8,211.8,10
UPPER,1min,1776757825,2026-04-21 13:35,2026-04-21,211.8,211.8,211.8,211.8,68
UPPER,1min,1776757969,2026-04-21 13:37,2026-04-21,211.8,211.8,211.7,211.7,822
UPPER,1min,1776757981,2026-04-21 13:38,2026-04-21,211.7,211.7,211.7,211.7,40
UPPER,1min,1776758077,2026-04-21 13:39,2026-04-21,211.7,212,211.5,212,612
UPPER,1min,1776758141,2026-04-21 13:40,2026-04-21,212,212,212,212,311
UPPER,1min,1776758206,2026-04-21 13:41,2026-04-21,212,212.1,212,212,200
UPPER,1min,1776758273,2026-04-21 13:42,2026-04-21,212,212,212,212,594
UPPER,1min,1776758425,2026-04-21 13:45,2026-04-21,212,212,212,212,91
UPPER,1min,1776758498,2026-04-21 13:46,2026-04-21,212,212.9,212,212.9,36
UPPER,1min,1776758567,2026-04-21 13:47,2026-04-21,212.9,212.9,212.1,212.1,90
UPPER,1min,1776758637,2026-04-21 13:48,2026-04-21,212.1,212.2,212,212.2,744
UPPER,1min,1776758697,2026-04-21 13:49,2026-04-21,212.2,212.4,212.2,212.4,144
UPPER,1min,1776758743,2026-04-21 13:50,2026-04-21,212.4,212.8,212.4,212.8,123
UPPER,1min,1776758814,2026-04-21 13:51,2026-04-21,212.8,212.9,212.4,212.9,2040
UPPER,1min,1776758860,2026-04-21 13:52,2026-04-21,212.9,212.9,212.8,212.8,0
UPPER,1min,1776758946,2026-04-21 13:54,2026-04-21,212.8,212.8,212.4,212.4,790
UPPER,1min,1776759007,2026-04-21 13:55,2026-04-21,212.4,212.4,212.4,212.4,0
UPPER,1min,1776759071,2026-04-21 13:56,2026-04-21,212.4,212.4,212.4,212.4,409
UPPER,1min,1776759222,2026-04-21 13:58,2026-04-21,212.4,212.4,212.4,212.4,101
UPPER,1min,1776759341,2026-04-21 14:00,2026-04-21,212.4,212.4,212.2,212.2,110
UPPER,1min,1776759375,2026-04-21 14:01,2026-04-21,212.2,212.3,212.2,212.3,310
UPPER,1min,1776759421,2026-04-21 14:02,2026-04-21,212.3,212.3,212.3,212.3,20
UPPER,1min,1776759499,2026-04-21 14:03,2026-04-21,212.3,212.9,212.3,212.9,10
UPPER,1min,1776759575,2026-04-21 14:04,2026-04-21,212.9,212.9,212.3,212.3,80
UPPER,1min,1776759634,2026-04-21 14:05,2026-04-21,212.3,212.3,212.3,212.3,2319
UPPER,1min,1776759714,2026-04-21 14:06,2026-04-21,212.3,212.9,212,212,2499
UPPER,1min,1776759754,2026-04-21 14:07,2026-04-21,212,212,212,212,607
UPPER,1min,1776759830,2026-04-21 14:08,2026-04-21,212,212,212,212,20
UPPER,1min,1776759897,2026-04-21 14:09,2026-04-21,212,212.5,211.8,212.5,130
UPPER,1min,1776759911,2026-04-21 14:10,2026-04-21,212.5,212.5,211.2,211.2,1100
UPPER,1min,1776760017,2026-04-21 14:11,2026-04-21,211.2,211.2,211.1,211.1,5809
UPPER,1min,1776760051,2026-04-21 14:12,2026-04-21,211.1,211.1,211.1,211.1,10
UPPER,1min,1776760186,2026-04-21 14:14,2026-04-21,211.1,212,211.1,211.2,90
UPPER,1min,1776760252,2026-04-21 14:15,2026-04-21,211.2,212,211.2,211.3,480
UPPER,1min,1776760322,2026-04-21 14:17,2026-04-21,211.3,211.3,211.3,211.3,0
UPPER,1min,1776760427,2026-04-21 14:18,2026-04-21,211.3,211.9,211.3,211.9,306
UPPER,1min,1776760557,2026-04-21 14:20,2026-04-21,211.9,211.9,211,211,9150
UPPER,1min,1776760599,2026-04-21 14:21,2026-04-21,211,211,211,211,10500
UPPER,1min,1776760677,2026-04-21 14:22,2026-04-21,211,211.9,211,211,1159
UPPER,1min,1776760718,2026-04-21 14:23,2026-04-21,211,211,211,211,4383
UPPER,1min,1776760752,2026-04-21 14:24,2026-04-21,211,211,210.4,210.4,0
UPPER,1min,1776760857,2026-04-21 14:25,2026-04-21,210.4,211,210.4,211,1190
UPPER,1min,1776760914,2026-04-21 14:26,2026-04-21,211,211.8,211,211.8,767
UPPER,1min,1776760967,2026-04-21 14:27,2026-04-21,211.8,211.8,210.2,210.2,100
UPPER,1min,1776761030,2026-04-21 14:28,2026-04-21,210.2,210.2,209,209,43329
UPPER,1min,1776761078,2026-04-21 14:29,2026-04-21,209,211,209,211,100
UPPER,1min,1776761162,2026-04-21 14:31,2026-04-21,211,211,210,210,50
UPPER,1min,1776761257,2026-04-21 14:32,2026-04-21,210,210,210,210,900
UPPER,1min,1776761333,2026-04-21 14:33,2026-04-21,210,210,210,210,510
UPPER,1min,1776761353,2026-04-21 14:34,2026-04-21,210,210,210,210,230
UPPER,1min,1776761447,2026-04-21 14:35,2026-04-21,210,210,209.9,209.9,1055
UPPER,1min,1776761485,2026-04-21 14:36,2026-04-21,209.9,210,209.9,209.9,405
UPPER,1min,1776761573,2026-04-21 14:37,2026-04-21,209.9,210,209.9,210,1299
UPPER,1min,1776761637,2026-04-21 14:38,2026-04-21,210,210,209.8,210,2795
UPPER,1min,1776761684,2026-04-21 14:39,2026-04-21,210,210,209.7,209.9,1218
UPPER,1min,1776761719,2026-04-21 14:40,2026-04-21,209.9,209.9,209.9,209.9,228
UPPER,1min,1776761803,2026-04-21 14:41,2026-04-21,209.9,209.9,208.9,208.9,10261
UPPER,1min,1776761878,2026-04-21 14:42,2026-04-21,208.9,209.2,208.9,209.2,300
UPPER,1min,1776761936,2026-04-21 14:43,2026-04-21,209.2,209.2,208.6,208.6,5600
UPPER,1min,1776761996,2026-04-21 14:44,2026-04-21,208.6,209,208.6,209,260
UPPER,1min,1776762052,2026-04-21 14:45,2026-04-21,209,209,208.6,208.6,3580
UPPER,1min,1776762117,2026-04-21 14:46,2026-04-21,208.6,208.7,208.6,208.7,2100
UPPER,1min,1776762162,2026-04-21 14:47,2026-04-21,208.7,208.7,208.6,208.7,1210
UPPER,1min,1776762224,2026-04-21 14:48,2026-04-21,208.7,209,208.7,209,162
UPPER,1min,1776762278,2026-04-21 14:49,2026-04-21,209,209,208.3,208.3,10040
UPPER,1min,1776762349,2026-04-21 14:50,2026-04-21,208.3,209,208.2,208.2,2750
UPPER,1min,1776762406,2026-04-21 14:51,2026-04-21,208.2,209,208.2,208.4,293
UPPER,1min,1776762479,2026-04-21 14:52,2026-04-21,208.4,208.5,208.4,208.5,791
UPPER,1min,1776762538,2026-04-21 14:53,2026-04-21,208.5,209,208.5,209,3020
UPPER,1min,1776762566,2026-04-21 14:54,2026-04-21,209,209,209,209,421
UPPER,1min,1776762653,2026-04-21 14:55,2026-04-21,209,210,209,209.3,1978
UPPER,1min,1776762705,2026-04-21 14:56,2026-04-21,209.3,210,209.3,210,1099
UPPER,1min,1776762769,2026-04-21 14:57,2026-04-21,210,210,209.5,210,1095
UPPER,1min,1776762835,2026-04-21 14:58,2026-04-21,210,210,210,210,5001
UPPER,1min,1776762899,2026-04-21 14:59,2026-04-21,210,210,209.4,210,6833
UPPER,1min,1776834954,2026-04-22 11:00,2026-04-22,210,213,210,213,310
UPPER,1min,1776835017,2026-04-22 11:01,2026-04-22,213,213,210,210,1605
UPPER,1min,1776835054,2026-04-22 11:02,2026-04-22,210,210,208,208,134
UPPER,1min,1776835132,2026-04-22 11:03,2026-04-22,208,208,205,205,2300
UPPER,1min,1776835252,2026-04-22 11:05,2026-04-22,205,206.1,205,206,1138
UPPER,1min,1776835276,2026-04-22 11:06,2026-04-22,206,207,206,207,104
UPPER,1min,1776835375,2026-04-22 11:07,2026-04-22,207,209,207,209,265
UPPER,1min,1776835435,2026-04-22 11:08,2026-04-22,209,209,207,207.1,2440
UPPER,1min,1776835471,2026-04-22 11:09,2026-04-22,207.1,209,207.1,209,83
UPPER,1min,1776835546,2026-04-22 11:10,2026-04-22,209,209,208,208,58
UPPER,1min,1776835611,2026-04-22 11:11,2026-04-22,208,208,207.8,207.8,510
UPPER,1min,1776835679,2026-04-22 11:12,2026-04-22,207.8,207.8,207.6,207.6,1376
UPPER,1min,1776835737,2026-04-22 11:13,2026-04-22,207.6,207.6,207.5,207.6,230
UPPER,1min,1776835790,2026-04-22 11:14,2026-04-22,207.6,207.6,207.6,207.6,674
UPPER,1min,1776835835,2026-04-22 11:15,2026-04-22,207.6,207.6,207.6,207.6,1180
UPPER,1min,1776835918,2026-04-22 11:16,2026-04-22,207.6,207.7,207.6,207.7,502
UPPER,1min,1776835979,2026-04-22 11:17,2026-04-22,207.7,207.7,207.5,207.5,2203
UPPER,1min,1776836027,2026-04-22 11:18,2026-04-22,207.5,207.5,207,207.5,1529
UPPER,1min,1776836083,2026-04-22 11:19,2026-04-22,207.5,207.7,207.5,207.7,1100
UPPER,1min,1776836159,2026-04-22 11:20,2026-04-22,207.7,207.7,207.5,207.7,772
UPPER,1min,1776836194,2026-04-22 11:21,2026-04-22,207.7,207.8,207.7,207.8,654
UPPER,1min,1776836275,2026-04-22 11:22,2026-04-22,207.8,207.9,207.8,207.9,406
UPPER,1min,1776836316,2026-04-22 11:23,2026-04-22,207.9,207.9,207.8,207.8,800
UPPER,1min,1776836372,2026-04-22 11:24,2026-04-22,207.8,208,207.8,208,720
UPPER,1min,1776836428,2026-04-22 11:25,2026-04-22,208,208,208,208,1318
UPPER,1min,1776836471,2026-04-22 11:26,2026-04-22,208,208,208,208,295
UPPER,1min,1776836579,2026-04-22 11:27,2026-04-22,208,208,208,208,854
UPPER,1min,1776836630,2026-04-22 11:28,2026-04-22,208,208,208,208,1800
UPPER,1min,1776836685,2026-04-22 11:29,2026-04-22,208,208,207.9,208,4766
UPPER,1min,1776836751,2026-04-22 11:30,2026-04-22,208,208.5,207.9,208.5,130
UPPER,1min,1776836804,2026-04-22 11:31,2026-04-22,208.5,209,208.5,208.5,742
UPPER,1min,1776836878,2026-04-22 11:32,2026-04-22,208.5,209,208.1,208.1,4931
UPPER,1min,1776836916,2026-04-22 11:33,2026-04-22,208.1,209,208,209,1399
UPPER,1min,1776836965,2026-04-22 11:34,2026-04-22,209,209,209,209,1000
UPPER,1min,1776837055,2026-04-22 11:35,2026-04-22,209,209,209,209,200
UPPER,1min,1776837090,2026-04-22 11:36,2026-04-22,209,209,208,208,0
UPPER,1min,1776837175,2026-04-22 11:37,2026-04-22,208,209,208,208,5522
UPPER,1min,1776837296,2026-04-22 11:39,2026-04-22,208,209,208,208.1,133
UPPER,1min,1776837331,2026-04-22 11:40,2026-04-22,208.1,208.1,208.1,208.1,96
UPPER,1min,1776837417,2026-04-22 11:41,2026-04-22,208.1,208.1,207.8,207.8,3456
UPPER,1min,1776837479,2026-04-22 11:42,2026-04-22,207.8,207.8,207.8,207.8,374
UPPER,1min,1776837537,2026-04-22 11:43,2026-04-22,207.8,207.8,207,207.7,4770
UPPER,1min,1776837574,2026-04-22 11:44,2026-04-22,207.7,208,207.6,208,453
UPPER,1min,1776837641,2026-04-22 11:45,2026-04-22,208,208,208,208,280
UPPER,1min,1776837716,2026-04-22 11:46,2026-04-22,208,208,207.7,207.7,260
UPPER,1min,1776837756,2026-04-22 11:47,2026-04-22,207.7,207.7,207.7,207.7,153
UPPER,1min,1776837810,2026-04-22 11:48,2026-04-22,207.7,208,207.5,207.5,515
UPPER,1min,1776837869,2026-04-22 11:49,2026-04-22,207.5,208,207.5,208,28
UPPER,1min,1776837957,2026-04-22 11:50,2026-04-22,208,208,207.7,208,150
UPPER,1min,1776838031,2026-04-22 11:52,2026-04-22,208,208,207.7,207.7,100
UPPER,1min,1776838115,2026-04-22 11:53,2026-04-22,207.7,207.9,207.7,207.9,14
UPPER,1min,1776838172,2026-04-22 11:54,2026-04-22,207.9,207.9,207.9,207.9,886
UPPER,1min,1776838258,2026-04-22 11:55,2026-04-22,207.9,208,207.9,208,160
UPPER,1min,1776838305,2026-04-22 11:56,2026-04-22,208,208,207.6,208,510
UPPER,1min,1776838362,2026-04-22 11:57,2026-04-22,208,208,207.6,208,709
UPPER,1min,1776838425,2026-04-22 11:58,2026-04-22,208,208,207.6,208,214
UPPER,1min,1776838485,2026-04-22 11:59,2026-04-22,208,208,206.3,206.3,2133
UPPER,1min,1776838554,2026-04-22 12:00,2026-04-22,206.3,206.3,206.3,206.3,603
UPPER,1min,1776838619,2026-04-22 12:01,2026-04-22,206.3,206.3,206,206.3,9400
UPPER,1min,1776838669,2026-04-22 12:02,2026-04-22,206.3,207,206.3,207,290
UPPER,1min,1776838725,2026-04-22 12:03,2026-04-22,207,207,206,206,2941
UPPER,1min,1776838770,2026-04-22 12:04,2026-04-22,206,206,205.5,205.5,310
UPPER,1min,1776838859,2026-04-22 12:05,2026-04-22,205.5,205.5,205.5,205.5,130
UPPER,1min,1776838918,2026-04-22 12:06,2026-04-22,205.5,206,205.3,205.3,2967
UPPER,1min,1776838978,2026-04-22 12:07,2026-04-22,205.3,205.5,205.3,205.5,700
UPPER,1min,1776839022,2026-04-22 12:08,2026-04-22,205.5,205.5,205.4,205.4,55
UPPER,1min,1776839098,2026-04-22 12:09,2026-04-22,205.4,205.5,205,205,8394
UPPER,1min,1776839158,2026-04-22 12:10,2026-04-22,205,205.5,205,205,10657
UPPER,1min,1776839213,2026-04-22 12:11,2026-04-22,205,205.1,205,205.1,2131
UPPER,1min,1776839258,2026-04-22 12:12,2026-04-22,205.1,205.1,205,205,8531
UPPER,1min,1776839333,2026-04-22 12:13,2026-04-22,205,205,204.2,204.2,475
UPPER,1min,1776839395,2026-04-22 12:14,2026-04-22,204.2,205,204.2,205,2348
UPPER,1min,1776839453,2026-04-22 12:15,2026-04-22,205,205,204.4,204.4,6155
UPPER,1min,1776839494,2026-04-22 12:16,2026-04-22,204.4,204.4,204.1,204.4,255
UPPER,1min,1776839558,2026-04-22 12:17,2026-04-22,204.4,204.4,204,204,3089
UPPER,1min,1776839635,2026-04-22 12:18,2026-04-22,204,204.2,204,204,3150
UPPER,1min,1776839693,2026-04-22 12:19,2026-04-22,204,204,204,204,5120
UPPER,1min,1776839750,2026-04-22 12:20,2026-04-22,204,204.2,204,204.1,411
UPPER,1min,1776839801,2026-04-22 12:21,2026-04-22,204.1,204.2,204.1,204.2,555
UPPER,1min,1776839840,2026-04-22 12:22,2026-04-22,204.2,204.2,204.1,204.1,530
UPPER,1min,1776839929,2026-04-22 12:23,2026-04-22,204.1,205,204.1,204.2,1193
UPPER,1min,1776839973,2026-04-22 12:24,2026-04-22,204.2,205,204.2,205,500
UPPER,1min,1776840047,2026-04-22 12:25,2026-04-22,205,205,204.2,205,611
UPPER,1min,1776840114,2026-04-22 12:26,2026-04-22,205,205,204.3,205,1910
UPPER,1min,1776840170,2026-04-22 12:27,2026-04-22,205,205,204.5,204.5,4801
UPPER,1min,1776840239,2026-04-22 12:28,2026-04-22,204.5,205,204.5,205,2033
UPPER,1min,1776840283,2026-04-22 12:29,2026-04-22,205,205,205,205,2201
UPPER,1min,1776840354,2026-04-22 12:30,2026-04-22,205,206,205,206,640
UPPER,1min,1776840378,2026-04-22 12:31,2026-04-22,206,206,206,206,100
UPPER,1min,1776840468,2026-04-22 12:32,2026-04-22,206,206,206,206,1250
UPPER,1min,1776840539,2026-04-22 12:33,2026-04-22,206,206,206,206,4573
UPPER,1min,1776840598,2026-04-22 12:34,2026-04-22,206,206,206,206,2915
UPPER,1min,1776840607,2026-04-22 12:35,2026-04-22,206,206,206,206,185
UPPER,1min,1776840679,2026-04-22 12:36,2026-04-22,206,207,206,207,760
UPPER,1min,1776840739,2026-04-22 12:37,2026-04-22,207,207.7,207,207.7,30
UPPER,1min,1776840833,2026-04-22 12:38,2026-04-22,207.7,207.7,207.7,207.7,270
UPPER,1min,1776840869,2026-04-22 12:39,2026-04-22,207.7,207.9,207.7,207.9,465
UPPER,1min,1776840949,2026-04-22 12:40,2026-04-22,207.9,207.9,207,207.9,4219
UPPER,1min,1776840990,2026-04-22 12:41,2026-04-22,207.9,207.9,207.8,207.8,220
UPPER,1min,1776841055,2026-04-22 12:42,2026-04-22,207.8,207.8,206.5,206.5,0
UPPER,1min,1776841124,2026-04-22 12:43,2026-04-22,206.5,206.5,206,206,5785
UPPER,1min,1776841195,2026-04-22 12:44,2026-04-22,206,206.5,206,206.5,215
UPPER,1min,1776841249,2026-04-22 12:45,2026-04-22,206.5,206.5,206.5,206.5,310
UPPER,1min,1776841300,2026-04-22 12:46,2026-04-22,206.5,206.5,206,206,0
UPPER,1min,1776841379,2026-04-22 12:47,2026-04-22,206,206,205.5,205.5,4624
UPPER,1min,1776841420,2026-04-22 12:48,2026-04-22,205.5,205.5,205.1,205.5,2325
UPPER,1min,1776841516,2026-04-22 12:50,2026-04-22,205.5,205.5,205.1,205.5,857
UPPER,1min,1776841574,2026-04-22 12:51,2026-04-22,205.5,207,205.1,207,0
UPPER,1min,1776841730,2026-04-22 12:53,2026-04-22,207,207,205.1,205.1,450
UPPER,1min,1776841791,2026-04-22 12:54,2026-04-22,205.1,206,205.1,206,30
UPPER,1min,1776841835,2026-04-22 12:55,2026-04-22,206,206,206,206,20
UPPER,1min,1776841902,2026-04-22 12:56,2026-04-22,206,206,206,206,60
UPPER,1min,1776841954,2026-04-22 12:57,2026-04-22,206,206,206,206,166
UPPER,1min,1776842017,2026-04-22 12:58,2026-04-22,206,206,205.2,205.2,1010
UPPER,1min,1776842097,2026-04-22 12:59,2026-04-22,205.2,206.5,205.2,206,290
UPPER,1min,1776842133,2026-04-22 13:00,2026-04-22,206,207,206,207,220
UPPER,1min,1776842200,2026-04-22 13:01,2026-04-22,207,207,207,207,1590
UPPER,1min,1776842322,2026-04-22 13:03,2026-04-22,207,207.7,207,207,57
UPPER,1min,1776842391,2026-04-22 13:04,2026-04-22,207,207.7,207,207.7,95
UPPER,1min,1776842444,2026-04-22 13:05,2026-04-22,207.7,207.7,207,207,500
UPPER,1min,1776842513,2026-04-22 13:06,2026-04-22,207,207,207,207,975
UPPER,1min,1776842537,2026-04-22 13:07,2026-04-22,207,207,206,206,200
UPPER,1min,1776842630,2026-04-22 13:08,2026-04-22,206,207,206,207,15
UPPER,1min,1776842685,2026-04-22 13:09,2026-04-22,207,207,206,206,279
UPPER,1min,1776842817,2026-04-22 13:11,2026-04-22,206,206,205.6,205.6,3130
UPPER,1min,1776842873,2026-04-22 13:12,2026-04-22,205.6,206,205.6,206,1538
UPPER,1min,1776842925,2026-04-22 13:13,2026-04-22,206,206,206,206,170
UPPER,1min,1776842994,2026-04-22 13:14,2026-04-22,206,206,205.7,205.7,80
UPPER,1min,1776843051,2026-04-22 13:15,2026-04-22,205.7,206,205.7,206,560
UPPER,1min,1776843115,2026-04-22 13:16,2026-04-22,206,206,205.9,206,1050
UPPER,1min,1776843133,2026-04-22 13:17,2026-04-22,206,206,206,206,2500
UPPER,1min,1776843223,2026-04-22 13:18,2026-04-22,206,206,205.7,205.7,1001
UPPER,1min,1776843314,2026-04-22 13:20,2026-04-22,205.7,206,205.7,206,0
UPPER,1min,1776843418,2026-04-22 13:21,2026-04-22,206,206,206,206,5916
UPPER,1min,1776843460,2026-04-22 13:22,2026-04-22,206,206,206,206,0
UPPER,1min,1776843531,2026-04-22 13:23,2026-04-22,206,207,206,207,2927
UPPER,1min,1776843595,2026-04-22 13:24,2026-04-22,207,207.7,207,207.7,744
UPPER,1min,1776843711,2026-04-22 13:26,2026-04-22,207.7,207.7,207,207,175
UPPER,1min,1776843769,2026-04-22 13:27,2026-04-22,207,207,206,206,923
UPPER,1min,1776843831,2026-04-22 13:28,2026-04-22,206,206,206,206,180
UPPER,1min,1776843857,2026-04-22 13:29,2026-04-22,206,207.7,206,206,41
UPPER,1min,1776844050,2026-04-22 13:32,2026-04-22,206,207,206,207,20
UPPER,1min,1776844123,2026-04-22 13:33,2026-04-22,207,207.1,207,207.1,90
UPPER,1min,1776844178,2026-04-22 13:34,2026-04-22,207.1,207.7,207,207.7,516
UPPER,1min,1776844208,2026-04-22 13:35,2026-04-22,207.7,207.7,207.7,207.7,34
UPPER,1min,1776844358,2026-04-22 13:37,2026-04-22,207.7,207.7,207.7,207.7,58
UPPER,1min,1776844402,2026-04-22 13:38,2026-04-22,207.7,207.7,207.3,207.3,255
UPPER,1min,1776844559,2026-04-22 13:40,2026-04-22,207.3,207.3,207.2,207.3,540
UPPER,1min,1776844614,2026-04-22 13:41,2026-04-22,207.3,207.3,207.3,207.3,285
UPPER,1min,1776844671,2026-04-22 13:42,2026-04-22,207.3,207.3,207,207.2,575
UPPER,1min,1776844718,2026-04-22 13:43,2026-04-22,207.2,207.2,207,207,86
UPPER,1min,1776844751,2026-04-22 13:44,2026-04-22,207,207,207,207,254
UPPER,1min,1776844855,2026-04-22 13:45,2026-04-22,207,207,206.5,206.5,100
UPPER,1min,1776844978,2026-04-22 13:47,2026-04-22,206.5,206.5,206.1,206.5,233
UPPER,1min,1776845003,2026-04-22 13:48,2026-04-22,206.5,206.5,206.5,206.5,17
UPPER,1min,1776845066,2026-04-22 13:49,2026-04-22,206.5,206.5,206.1,206.1,174
UPPER,1min,1776845141,2026-04-22 13:50,2026-04-22,206.1,207,206.1,207,500
UPPER,1min,1776845176,2026-04-22 13:51,2026-04-22,207,207,206.1,206.1,270
UPPER,1min,1776845301,2026-04-22 13:53,2026-04-22,206.1,206.2,206.1,206.2,95
UPPER,1min,1776845397,2026-04-22 13:54,2026-04-22,206.2,207,206,206,6310
UPPER,1min,1776845458,2026-04-22 13:55,2026-04-22,206,207,206,206,567
UPPER,1min,1776845489,2026-04-22 13:56,2026-04-22,206,206,206,206,60
UPPER,1min,1776845571,2026-04-22 13:57,2026-04-22,206,206,205.5,205.5,1247
UPPER,1min,1776845674,2026-04-22 13:59,2026-04-22,205.5,206,205.5,206,2124
UPPER,1min,1776845745,2026-04-22 14:00,2026-04-22,206,206,206,206,1054
UPPER,1min,1776845786,2026-04-22 14:01,2026-04-22,206,206,206,206,255
UPPER,1min,1776845871,2026-04-22 14:02,2026-04-22,206,206,206,206,2034
UPPER,1min,1776845921,2026-04-22 14:03,2026-04-22,206,207,206,207,10
UPPER,1min,1776845986,2026-04-22 14:04,2026-04-22,207,207,207,207,300
UPPER,1min,1776846031,2026-04-22 14:05,2026-04-22,207,207,207,207,2106
UPPER,1min,1776846189,2026-04-22 14:08,2026-04-22,207,207,206.4,206.4,25
UPPER,1min,1776846400,2026-04-22 14:11,2026-04-22,206.4,206.5,206.4,206.5,500
UPPER,1min,1776846535,2026-04-22 14:13,2026-04-22,206.5,206.5,206.3,206.3,510
UPPER,1min,1776846598,2026-04-22 14:14,2026-04-22,206.3,207,206.3,207,200
UPPER,1min,1776846653,2026-04-22 14:15,2026-04-22,207,207,206.5,206.5,37
UPPER,1min,1776846686,2026-04-22 14:16,2026-04-22,206.5,206.9,206.5,206.9,250
UPPER,1min,1776846735,2026-04-22 14:17,2026-04-22,206.9,206.9,206.2,206.2,500
UPPER,1min,1776846839,2026-04-22 14:18,2026-04-22,206.2,206.8,206.2,206.8,0
UPPER,1min,1776846875,2026-04-22 14:19,2026-04-22,206.8,206.8,206.2,206.2,960
UPPER,1min,1776846934,2026-04-22 14:20,2026-04-22,206.2,206.9,206.1,206.9,120
UPPER,1min,1776847060,2026-04-22 14:22,2026-04-22,206.9,206.9,206,206.9,3716
UPPER,1min,1776847195,2026-04-22 14:24,2026-04-22,206.9,207,206.9,207,1200
UPPER,1min,1776847219,2026-04-22 14:25,2026-04-22,207,207,207,207,20
UPPER,1min,1776847304,2026-04-22 14:26,2026-04-22,207,207,207,207,120
UPPER,1min,1776847374,2026-04-22 14:27,2026-04-22,207,207,206,206,442
UPPER,1min,1776847429,2026-04-22 14:28,2026-04-22,206,207,206,207,1785
UPPER,1min,1776847488,2026-04-22 14:29,2026-04-22,207,207,207,207,79
UPPER,1min,1776847603,2026-04-22 14:31,2026-04-22,207,207,206,206,3020
UPPER,1min,1776847655,2026-04-22 14:32,2026-04-22,206,207,206,207,129
UPPER,1min,1776847708,2026-04-22 14:33,2026-04-22,207,207,206.1,206.1,289
UPPER,1min,1776847742,2026-04-22 14:34,2026-04-22,206.1,206.1,206,206,4700
UPPER,1min,1776847834,2026-04-22 14:35,2026-04-22,206,206.5,206,206.5,600
UPPER,1min,1776847911,2026-04-22 14:36,2026-04-22,206.5,206.9,206.5,206.9,641
UPPER,1min,1776847951,2026-04-22 14:37,2026-04-22,206.9,207,206.5,207,2368
UPPER,1min,1776848015,2026-04-22 14:38,2026-04-22,207,207.1,207,207,92
UPPER,1min,1776848093,2026-04-22 14:39,2026-04-22,207,208,207,208,12255
UPPER,1min,1776848152,2026-04-22 14:40,2026-04-22,208,211.1,208,211.1,20191
UPPER,1min,1776848211,2026-04-22 14:41,2026-04-22,211.1,212.6,211,212.6,22972
UPPER,1min,1776848276,2026-04-22 14:42,2026-04-22,212.6,213,212,212.8,10
UPPER,1min,1776848331,2026-04-22 14:43,2026-04-22,212.8,213,212.8,212.8,11390
UPPER,1min,1776848397,2026-04-22 14:44,2026-04-22,212.8,213,212,213,3150
UPPER,1min,1776848450,2026-04-22 14:45,2026-04-22,213,213,212.9,213,2216
UPPER,1min,1776848508,2026-04-22 14:46,2026-04-22,213,214,212.9,214,4780
UPPER,1min,1776848568,2026-04-22 14:47,2026-04-22,214,214,214,214,4902
UPPER,1min,1776848634,2026-04-22 14:48,2026-04-22,214,215,214,215,4934
UPPER,1min,1776848685,2026-04-22 14:49,2026-04-22,215,215,215,215,1500
UPPER,1min,1776848751,2026-04-22 14:50,2026-04-22,215,215,215,215,2482
UPPER,1min,1776848811,2026-04-22 14:51,2026-04-22,215,215,213,213,13553
UPPER,1min,1776848863,2026-04-22 14:52,2026-04-22,213,214.9,213,214.9,1607
UPPER,1min,1776848927,2026-04-22 14:53,2026-04-22,214.9,214.9,213,213,730
UPPER,1min,1776848988,2026-04-22 14:54,2026-04-22,213,213,213,213,5851
UPPER,1min,1776849059,2026-04-22 14:55,2026-04-22,213,214,209,210,24226
UPPER,1min,1776849106,2026-04-22 14:56,2026-04-22,210,213,209,213,5430
UPPER,1min,1776849178,2026-04-22 14:57,2026-04-22,213,213,207,207.2,5900
UPPER,1min,1776849237,2026-04-22 14:58,2026-04-22,207.2,210,207,207,0
UPPER,1min,1776849299,2026-04-22 14:59,2026-04-22,207,207,207,207,19893
UPPER,1min,1776921450,2026-04-23 11:02,2026-04-23,210,210,210,210,300
UPPER,1min,1776921496,2026-04-23 11:03,2026-04-23,210,210,210,210,20
UPPER,1min,1776921579,2026-04-23 11:04,2026-04-23,210,211.1,210,211.1,50
UPPER,1min,1776921657,2026-04-23 11:05,2026-04-23,211.1,212.9,211.1,212.9,123
UPPER,1min,1776921714,2026-04-23 11:06,2026-04-23,212.9,212.9,211,211,1819
UPPER,1min,1776921765,2026-04-23 11:07,2026-04-23,211,212,210,211,1114
UPPER,1min,1776921815,2026-04-23 11:08,2026-04-23,211,212,211,211.9,1521
UPPER,1min,1776921938,2026-04-23 11:10,2026-04-23,211.9,211.9,210.1,210.1,100
UPPER,1min,1776921984,2026-04-23 11:11,2026-04-23,210.1,210.1,210,210,399
UPPER,1min,1776922038,2026-04-23 11:12,2026-04-23,210,210,210,210,10
UPPER,1min,1776922133,2026-04-23 11:13,2026-04-23,210,210,208,208,96
UPPER,1min,1776922161,2026-04-23 11:14,2026-04-23,208,210,208,208,100
UPPER,1min,1776922218,2026-04-23 11:15,2026-04-23,208,210,208,210,35
UPPER,1min,1776922294,2026-04-23 11:16,2026-04-23,210,210,210,210,80
UPPER,1min,1776922338,2026-04-23 11:17,2026-04-23,210,210,208.1,208.1,30
UPPER,1min,1776922424,2026-04-23 11:18,2026-04-23,208.1,208.1,208.1,208.1,430
UPPER,1min,1776922477,2026-04-23 11:19,2026-04-23,208.1,210,208.1,210,510
UPPER,1min,1776922504,2026-04-23 11:20,2026-04-23,210,210,210,210,500
UPPER,1min,1776922608,2026-04-23 11:21,2026-04-23,210,210.5,210,210.5,875
UPPER,1min,1776922708,2026-04-23 11:23,2026-04-23,210.5,210.5,210,210,187
UPPER,1min,1776922796,2026-04-23 11:24,2026-04-23,210,210,209,209,610
UPPER,1min,1776922856,2026-04-23 11:25,2026-04-23,209,209,209,209,10
UPPER,1min,1776922878,2026-04-23 11:26,2026-04-23,209,209,208.1,208.1,100
UPPER,1min,1776922926,2026-04-23 11:27,2026-04-23,208.1,209,208.1,209,1010
UPPER,1min,1776922990,2026-04-23 11:28,2026-04-23,209,209,207,207,410
UPPER,1min,1776923044,2026-04-23 11:29,2026-04-23,207,207,207,207,100
UPPER,1min,1776923149,2026-04-23 11:30,2026-04-23,207,208,207,208,167
UPPER,1min,1776923215,2026-04-23 11:31,2026-04-23,208,208,208,208,432
UPPER,1min,1776923261,2026-04-23 11:32,2026-04-23,208,208,208,208,1510
UPPER,1min,1776923310,2026-04-23 11:33,2026-04-23,208,208,208,208,820
UPPER,1min,1776923341,2026-04-23 11:34,2026-04-23,208,209,208,209,3287
UPPER,1min,1776923457,2026-04-23 11:35,2026-04-23,209,209,208,208,100
UPPER,1min,1776923585,2026-04-23 11:38,2026-04-23,208,210,208,210,500
UPPER,1min,1776923723,2026-04-23 11:40,2026-04-23,210,210,209.9,210,20
UPPER,1min,1776923870,2026-04-23 11:42,2026-04-23,210,210,209,209,190
UPPER,1min,1776923906,2026-04-23 11:43,2026-04-23,209,209,209,209,100
UPPER,1min,1776923975,2026-04-23 11:44,2026-04-23,209,209,208.6,208.6,0
UPPER,1min,1776924026,2026-04-23 11:45,2026-04-23,208.6,209,208.6,209,510
UPPER,1min,1776924119,2026-04-23 11:46,2026-04-23,209,209,207,207,7070
UPPER,1min,1776924167,2026-04-23 11:47,2026-04-23,207,209,207,209,10
UPPER,1min,1776924211,2026-04-23 11:48,2026-04-23,209,209,209,209,30
UPPER,1min,1776924297,2026-04-23 11:49,2026-04-23,209,209,208,208,320
UPPER,1min,1776924342,2026-04-23 11:50,2026-04-23,208,208,208,208,120
UPPER,1min,1776924414,2026-04-23 11:51,2026-04-23,208,208,207.1,208,1219
UPPER,1min,1776924491,2026-04-23 11:53,2026-04-23,208,208,208,208,340
UPPER,1min,1776924566,2026-04-23 11:54,2026-04-23,208,208,208,208,568
UPPER,1min,1776924657,2026-04-23 11:55,2026-04-23,208,208,208,208,485
UPPER,1min,1776924692,2026-04-23 11:56,2026-04-23,208,208,207.1,207.1,72
UPPER,1min,1776924761,2026-04-23 11:57,2026-04-23,207.1,208,207.1,208,500
UPPER,1min,1776924783,2026-04-23 11:58,2026-04-23,208,208,206,206,8500
UPPER,1min,1776924867,2026-04-23 11:59,2026-04-23,206,207,206,207,325
UPPER,1min,1776924940,2026-04-23 12:00,2026-04-23,207,207,206.1,206.1,229
UPPER,1min,1776925012,2026-04-23 12:01,2026-04-23,206.1,207,206.1,207,150
UPPER,1min,1776925078,2026-04-23 12:02,2026-04-23,207,207,207,207,84
UPPER,1min,1776925130,2026-04-23 12:03,2026-04-23,207,208.7,207,208.7,20
UPPER,1min,1776925152,2026-04-23 12:04,2026-04-23,208.7,208.7,207,207,47
UPPER,1min,1776925252,2026-04-23 12:05,2026-04-23,207,207,207,207,10
UPPER,1min,1776925275,2026-04-23 12:06,2026-04-23,207,207,207,207,11
UPPER,1min,1776925349,2026-04-23 12:07,2026-04-23,207,207.8,207,207.8,1500
UPPER,1min,1776925439,2026-04-23 12:08,2026-04-23,207.8,207.8,206.5,206.5,160
UPPER,1min,1776925558,2026-04-23 12:10,2026-04-23,206.5,207.8,206.5,207.3,195
UPPER,1min,1776925606,2026-04-23 12:11,2026-04-23,207.3,207.3,207.1,207.3,161
UPPER,1min,1776925669,2026-04-23 12:12,2026-04-23,207.3,208,207.3,208,428
UPPER,1min,1776925824,2026-04-23 12:15,2026-04-23,208,208,208,208,492
UPPER,1min,1776925895,2026-04-23 12:16,2026-04-23,208,208,207.9,207.9,0
UPPER,1min,1776926009,2026-04-23 12:18,2026-04-23,207.9,207.9,207.3,207.3,545
UPPER,1min,1776926078,2026-04-23 12:19,2026-04-23,207.3,207.9,207.3,207.9,100
UPPER,1min,1776926143,2026-04-23 12:20,2026-04-23,207.9,208,207.9,208,155
UPPER,1min,1776926214,2026-04-23 12:21,2026-04-23,208,208,208,208,2384
UPPER,1min,1776926427,2026-04-23 12:25,2026-04-23,208,208.9,208,208.9,70
UPPER,1min,1776926491,2026-04-23 12:26,2026-04-23,208.9,208.9,208.9,208.9,55
UPPER,1min,1776926573,2026-04-23 12:27,2026-04-23,208.9,208.9,208.5,208.5,34
UPPER,1min,1776926664,2026-04-23 12:29,2026-04-23,208.5,208.9,208,208,900
UPPER,1min,1776926852,2026-04-23 12:32,2026-04-23,208,208,208,208,30
UPPER,1min,1776926898,2026-04-23 12:33,2026-04-23,208,208.2,208,208.2,10
UPPER,1min,1776926986,2026-04-23 12:34,2026-04-23,208.2,208.2,208,208.2,150
UPPER,1min,1776927071,2026-04-23 12:36,2026-04-23,208.2,208.2,208.2,208.2,116
UPPER,1min,1776927162,2026-04-23 12:37,2026-04-23,208.2,209,208.2,209,1500
UPPER,1min,1776927229,2026-04-23 12:38,2026-04-23,209,209,209,209,64
UPPER,1min,1776927275,2026-04-23 12:39,2026-04-23,209,209,209,209,240
UPPER,1min,1776927304,2026-04-23 12:40,2026-04-23,209,209,209,209,295
UPPER,1min,1776927459,2026-04-23 12:42,2026-04-23,209,209,209,209,639
UPPER,1min,1776927530,2026-04-23 12:43,2026-04-23,209,209,209,209,1040
UPPER,1min,1776927586,2026-04-23 12:44,2026-04-23,209,209,209,209,88
UPPER,1min,1776927641,2026-04-23 12:45,2026-04-23,209,209,209,209,613
UPPER,1min,1776927732,2026-04-23 12:47,2026-04-23,209,209,208.6,208.6,62
UPPER,1min,1776927819,2026-04-23 12:48,2026-04-23,208.6,209,208.6,209,658
UPPER,1min,1776927898,2026-04-23 12:49,2026-04-23,209,209,209,209,0
UPPER,1min,1776927908,2026-04-23 12:50,2026-04-23,209,209,209,209,78
UPPER,1min,1776928007,2026-04-23 12:51,2026-04-23,209,209.5,209,209,1488
UPPER,1min,1776928034,2026-04-23 12:52,2026-04-23,209,209,209,209,0
UPPER,1min,1776928304,2026-04-23 12:56,2026-04-23,209,210,209,209.1,2110
UPPER,1min,1776928344,2026-04-23 12:57,2026-04-23,209.1,210,209.1,210,187
UPPER,1min,1776928440,2026-04-23 12:59,2026-04-23,210,210.9,210,210.9,60
UPPER,1min,1776928617,2026-04-23 13:01,2026-04-23,210.9,211,210.9,211,3012
UPPER,1min,1776928628,2026-04-23 13:02,2026-04-23,211,211,211,211,13
UPPER,1min,1776928724,2026-04-23 13:03,2026-04-23,211,211,211,211,37
UPPER,1min,1776928852,2026-04-23 13:05,2026-04-23,211,211,210.9,210.9,10
UPPER,1min,1776929056,2026-04-23 13:09,2026-04-23,210.9,211,210.2,210.2,400
UPPER,1min,1776929229,2026-04-23 13:12,2026-04-23,210.2,210.5,210.2,210.5,914
UPPER,1min,1776929381,2026-04-23 13:14,2026-04-23,210.5,211,210.5,211,60
UPPER,1min,1776929453,2026-04-23 13:15,2026-04-23,211,211,211,211,1250
UPPER,1min,1776929508,2026-04-23 13:16,2026-04-23,211,211.6,211,211,410
UPPER,1min,1776929540,2026-04-23 13:17,2026-04-23,211,211.5,211,211.5,13
UPPER,1min,1776929757,2026-04-23 13:20,2026-04-23,211.5,211.5,211.5,211.5,827
UPPER,1min,1776929803,2026-04-23 13:21,2026-04-23,211.5,211.6,211.5,211.6,0
UPPER,1min,1776929869,2026-04-23 13:22,2026-04-23,211.6,211.6,211.5,211.5,70
UPPER,1min,1776929923,2026-04-23 13:23,2026-04-23,211.5,211.6,211,211,673
UPPER,1min,1776929947,2026-04-23 13:24,2026-04-23,211,211,211,211,120
UPPER,1min,1776930032,2026-04-23 13:25,2026-04-23,211,211,211,211,100
UPPER,1min,1776930098,2026-04-23 13:26,2026-04-23,211,211,210.7,210.7,100
UPPER,1min,1776930154,2026-04-23 13:27,2026-04-23,210.7,210.7,210.7,210.7,0
UPPER,1min,1776930237,2026-04-23 13:28,2026-04-23,210.7,211,210,210.5,2024
UPPER,1min,1776930280,2026-04-23 13:29,2026-04-23,210.5,210.5,210,210,2500
UPPER,1min,1776930321,2026-04-23 13:30,2026-04-23,210,210,209.5,209.5,491
UPPER,1min,1776930405,2026-04-23 13:31,2026-04-23,209.5,209.5,209.5,209.5,50
UPPER,1min,1776930465,2026-04-23 13:32,2026-04-23,209.5,209.5,209.2,209.2,50
UPPER,1min,1776930516,2026-04-23 13:33,2026-04-23,209.2,209.5,209.2,209.5,400
UPPER,1min,1776930583,2026-04-23 13:34,2026-04-23,209.5,209.5,209.1,209.1,1000
UPPER,1min,1776930649,2026-04-23 13:35,2026-04-23,209.1,209.1,209,209,1364
UPPER,1min,1776930686,2026-04-23 13:36,2026-04-23,209,209,208.8,208.8,386
UPPER,1min,1776930725,2026-04-23 13:37,2026-04-23,208.8,209,208.8,209,0
UPPER,1min,1776930879,2026-04-23 13:39,2026-04-23,209,209,209,209,102
UPPER,1min,1776930912,2026-04-23 13:40,2026-04-23,209,209,209,209,30
UPPER,1min,1776931017,2026-04-23 13:41,2026-04-23,209,209,208.8,208.8,1634
UPPER,1min,1776931034,2026-04-23 13:42,2026-04-23,208.8,208.8,208.8,208.8,1492
UPPER,1min,1776931118,2026-04-23 13:43,2026-04-23,208.8,210,208.8,210,68
UPPER,1min,1776931185,2026-04-23 13:44,2026-04-23,210,210,208.8,208.8,0
UPPER,1min,1776931252,2026-04-23 13:45,2026-04-23,208.8,209.9,208.8,209.9,510
UPPER,1min,1776931272,2026-04-23 13:46,2026-04-23,209.9,209.9,209.9,209.9,46
UPPER,1min,1776931377,2026-04-23 13:47,2026-04-23,209.9,209.9,209.9,209.9,1376
UPPER,1min,1776931431,2026-04-23 13:48,2026-04-23,209.9,209.9,208.7,208.7,0
UPPER,1min,1776931736,2026-04-23 13:53,2026-04-23,208.7,209.1,208.7,209.1,825
UPPER,1min,1776931785,2026-04-23 13:54,2026-04-23,209.1,209.1,209.1,209.1,75
UPPER,1min,1776931805,2026-04-23 13:55,2026-04-23,209.1,209.9,209.1,209.9,300
UPPER,1min,1776931897,2026-04-23 13:56,2026-04-23,209.9,209.9,209.1,209.1,50
UPPER,1min,1776931939,2026-04-23 13:57,2026-04-23,209.1,210,209.1,210,52
UPPER,1min,1776932014,2026-04-23 13:58,2026-04-23,210,210,209.5,209.5,83
UPPER,1min,1776932048,2026-04-23 13:59,2026-04-23,209.5,209.5,209,209,870
UPPER,1min,1776932145,2026-04-23 14:00,2026-04-23,209,210,209,209,102
UPPER,1min,1776932262,2026-04-23 14:02,2026-04-23,209,209,208.7,208.7,2000
UPPER,1min,1776932359,2026-04-23 14:04,2026-04-23,208.7,210,208.7,208.7,530
UPPER,1min,1776932443,2026-04-23 14:05,2026-04-23,208.7,208.7,208.6,208.6,500
UPPER,1min,1776932476,2026-04-23 14:06,2026-04-23,208.6,208.6,208,208,0
UPPER,1min,1776932624,2026-04-23 14:08,2026-04-23,208,208,208,208,3900
UPPER,1min,1776932691,2026-04-23 14:09,2026-04-23,208,209.8,208,208.1,2020
UPPER,1min,1776932734,2026-04-23 14:10,2026-04-23,208.1,208.1,208,208,708
UPPER,1min,1776932781,2026-04-23 14:11,2026-04-23,208,208,208,208,0
UPPER,1min,1776932857,2026-04-23 14:12,2026-04-23,208,208,208,208,370
UPPER,1min,1776932919,2026-04-23 14:13,2026-04-23,208,208,208,208,150
UPPER,1min,1776933055,2026-04-23 14:15,2026-04-23,208,209,208,209,1000
UPPER,1min,1776933069,2026-04-23 14:16,2026-04-23,209,209,208,208,80
UPPER,1min,1776933138,2026-04-23 14:17,2026-04-23,208,208,208,208,900
UPPER,1min,1776933219,2026-04-23 14:18,2026-04-23,208,208,208,208,100
UPPER,1min,1776933336,2026-04-23 14:20,2026-04-23,208,208,208,208,50
UPPER,1min,1776933563,2026-04-23 14:24,2026-04-23,208,208,208,208,80
UPPER,1min,1776933874,2026-04-23 14:29,2026-04-23,208,208.3,208,208.3,60
UPPER,1min,1776933937,2026-04-23 14:30,2026-04-23,208.3,208.3,208.1,208.2,225
UPPER,1min,1776933990,2026-04-23 14:31,2026-04-23,208.2,208.2,208,208,200
UPPER,1min,1776934068,2026-04-23 14:32,2026-04-23,208,208.1,208,208,9540
UPPER,1min,1776934107,2026-04-23 14:33,2026-04-23,208,208.1,208,208.1,1815
UPPER,1min,1776934178,2026-04-23 14:34,2026-04-23,208.1,208.8,208,208.8,2090
UPPER,1min,1776934224,2026-04-23 14:35,2026-04-23,208.8,209,208,209,120
UPPER,1min,1776934295,2026-04-23 14:36,2026-04-23,209,209.5,208,209.5,30
UPPER,1min,1776934378,2026-04-23 14:37,2026-04-23,209.5,209.5,208.1,209.5,238
UPPER,1min,1776934459,2026-04-23 14:39,2026-04-23,209.5,209.5,208.3,208.3,197
UPPER,1min,1776934607,2026-04-23 14:41,2026-04-23,208.3,208.3,208.2,208.2,40
UPPER,1min,1776934692,2026-04-23 14:43,2026-04-23,208.2,208.3,208.2,208.3,286
UPPER,1min,1776934794,2026-04-23 14:44,2026-04-23,208.3,208.9,208.3,208.9,170
UPPER,1min,1776934856,2026-04-23 14:45,2026-04-23,208.9,208.9,208.3,208.9,110
UPPER,1min,1776934899,2026-04-23 14:46,2026-04-23,208.9,209,208.9,209,1954
UPPER,1min,1776934960,2026-04-23 14:47,2026-04-23,209,209,208.9,208.9,400
UPPER,1min,1776935028,2026-04-23 14:48,2026-04-23,208.9,209,208.9,209,5293
UPPER,1min,1776935089,2026-04-23 14:49,2026-04-23,209,209,207.1,207.1,7610
UPPER,1min,1776935151,2026-04-23 14:50,2026-04-23,207.1,208,207.1,208,111
UPPER,1min,1776935182,2026-04-23 14:51,2026-04-23,208,208,207.1,208,200
UPPER,1min,1776935255,2026-04-23 14:52,2026-04-23,208,208,208,208,1050
UPPER,1min,1776935335,2026-04-23 14:53,2026-04-23,208,208,207.5,207.6,220
UPPER,1min,1776935393,2026-04-23 14:54,2026-04-23,207.6,208,207.6,207.6,1120
UPPER,1min,1776935448,2026-04-23 14:55,2026-04-23,207.6,207.7,207.6,207.7,100
UPPER,1min,1776935516,2026-04-23 14:56,2026-04-23,207.7,208,207.7,208,5905
UPPER,1min,1776935579,2026-04-23 14:57,2026-04-23,208,208,207.6,207.6,3190
UPPER,1min,1776935632,2026-04-23 14:58,2026-04-23,207.6,208,207.6,208,592
UPPER,1min,1776935699,2026-04-23 14:59,2026-04-23,208,208.5,208,208.5,1465
UPPER,1min,1777007750,2026-04-24 11:00,2026-04-24,208.5,208.5,208.5,208.5,56
UPPER,1min,1777007811,2026-04-24 11:01,2026-04-24,208.5,208.5,208,208,540
UPPER,1min,1777007846,2026-04-24 11:02,2026-04-24,208,208,207,207,0
UPPER,1min,1777007989,2026-04-24 11:04,2026-04-24,207,208,207,207,175
UPPER,1min,1777008057,2026-04-24 11:05,2026-04-24,207,207,205,205,6176
UPPER,1min,1777008130,2026-04-24 11:07,2026-04-24,205,205.3,205,205.3,104
UPPER,1min,1777008223,2026-04-24 11:08,2026-04-24,205.3,206,205,205,1500
UPPER,1min,1777008269,2026-04-24 11:09,2026-04-24,205,206,205,206,2946
UPPER,1min,1777008405,2026-04-24 11:11,2026-04-24,206,206,205,205,2588
UPPER,1min,1777008479,2026-04-24 11:12,2026-04-24,205,205,205,205,138
UPPER,1min,1777008536,2026-04-24 11:13,2026-04-24,205,206,205,205.2,259
UPPER,1min,1777008598,2026-04-24 11:14,2026-04-24,205.2,208,205.2,208,1502
UPPER,1min,1777008610,2026-04-24 11:15,2026-04-24,208,208,206,206,51
UPPER,1min,1777008671,2026-04-24 11:16,2026-04-24,206,206,206,206,0
UPPER,1min,1777008759,2026-04-24 11:17,2026-04-24,206,206.1,206,206.1,285
UPPER,1min,1777008830,2026-04-24 11:18,2026-04-24,206.1,208,206.1,208,60
UPPER,1min,1777008895,2026-04-24 11:19,2026-04-24,208,208,207,207,112
UPPER,1min,1777008940,2026-04-24 11:20,2026-04-24,207,207,207,207,126
UPPER,1min,1777009069,2026-04-24 11:22,2026-04-24,207,207,206,206,3720
UPPER,1min,1777009139,2026-04-24 11:23,2026-04-24,206,206,206,206,290
UPPER,1min,1777009188,2026-04-24 11:24,2026-04-24,206,206,206,206,10
UPPER,1min,1777009252,2026-04-24 11:25,2026-04-24,206,208,206,207,1254
UPPER,1min,1777009278,2026-04-24 11:26,2026-04-24,207,207,207,207,427
UPPER,1min,1777009372,2026-04-24 11:27,2026-04-24,207,207,207,207,40
UPPER,1min,1777009434,2026-04-24 11:28,2026-04-24,207,207,207,207,20
UPPER,1min,1777009449,2026-04-24 11:29,2026-04-24,207,207,207,207,36
UPPER,1min,1777009517,2026-04-24 11:30,2026-04-24,207,207.9,207,207.9,38
UPPER,1min,1777009608,2026-04-24 11:31,2026-04-24,207.9,207.9,207,207,234
UPPER,1min,1777009724,2026-04-24 11:33,2026-04-24,207,207.9,207,207.9,100
UPPER,1min,1777009799,2026-04-24 11:34,2026-04-24,207.9,207.9,207.9,207.9,100
UPPER,1min,1777009840,2026-04-24 11:35,2026-04-24,207.9,208,207.9,208,447
UPPER,1min,1777009910,2026-04-24 11:36,2026-04-24,208,208.5,208,208.5,104
UPPER,1min,1777009955,2026-04-24 11:37,2026-04-24,208.5,208.5,208,208,150
UPPER,1min,1777009996,2026-04-24 11:38,2026-04-24,208,208,208,208,400
UPPER,1min,1777010153,2026-04-24 11:40,2026-04-24,208,208,208,208,671
UPPER,1min,1777010219,2026-04-24 11:41,2026-04-24,208,208.5,208,208.5,0
UPPER,1min,1777010304,2026-04-24 11:43,2026-04-24,208.5,208.9,208.5,208.9,113
UPPER,1min,1777010377,2026-04-24 11:44,2026-04-24,208.9,208.9,208,208,1095
UPPER,1min,1777010423,2026-04-24 11:45,2026-04-24,208,208,207,207,2500
UPPER,1min,1777010466,2026-04-24 11:46,2026-04-24,207,208,207,208,10
UPPER,1min,1777010575,2026-04-24 11:47,2026-04-24,208,208,207,207,1008
UPPER,1min,1777010755,2026-04-24 11:50,2026-04-24,207,207,207,207,20
UPPER,1min,1777010797,2026-04-24 11:51,2026-04-24,207,207,206.2,206.2,0
UPPER,1min,1777010903,2026-04-24 11:53,2026-04-24,206.2,206.2,206,206,4500
UPPER,1min,1777010975,2026-04-24 11:54,2026-04-24,206,206.2,206,206.2,2000
UPPER,1min,1777011028,2026-04-24 11:55,2026-04-24,206.2,206.2,206.2,206.2,70
UPPER,1min,1777011106,2026-04-24 11:56,2026-04-24,206.2,207,206.2,207,210
UPPER,1min,1777011170,2026-04-24 11:57,2026-04-24,207,208,207,208,200
UPPER,1min,1777011199,2026-04-24 11:58,2026-04-24,208,208,207,207,12
UPPER,1min,1777011296,2026-04-24 11:59,2026-04-24,207,207,206.3,207,834
UPPER,1min,1777011452,2026-04-24 12:02,2026-04-24,207,207,207,207,73
UPPER,1min,1777011647,2026-04-24 12:05,2026-04-24,207,207,207,207,24
UPPER,1min,1777011662,2026-04-24 12:06,2026-04-24,207,208,207,208,500
UPPER,1min,1777011729,2026-04-24 12:07,2026-04-24,208,208,207,207,213
UPPER,1min,1777011864,2026-04-24 12:09,2026-04-24,207,207.1,207,207.1,10
UPPER,1min,1777012003,2026-04-24 12:11,2026-04-24,207.1,207.1,207,207,90
UPPER,1min,1777012029,2026-04-24 12:12,2026-04-24,207,207,207,207,100
UPPER,1min,1777012138,2026-04-24 12:13,2026-04-24,207,208,207,207.2,490
UPPER,1min,1777012169,2026-04-24 12:14,2026-04-24,207.2,207.2,207,207.2,1035
UPPER,1min,1777012367,2026-04-24 12:17,2026-04-24,207.2,208,207.2,208,110
UPPER,1min,1777012380,2026-04-24 12:18,2026-04-24,208,208,207.1,207.1,194
UPPER,1min,1777012636,2026-04-24 12:22,2026-04-24,207.1,208.9,207.1,208.9,400
UPPER,1min,1777012799,2026-04-24 12:24,2026-04-24,208.9,208.9,208.9,208.9,510
UPPER,1min,1777012889,2026-04-24 12:26,2026-04-24,208.9,208.9,208.5,208.5,0
UPPER,1min,1777012965,2026-04-24 12:27,2026-04-24,208.5,208.5,208,208,1150
UPPER,1min,1777012982,2026-04-24 12:28,2026-04-24,208,208.5,208,208.5,0
UPPER,1min,1777013096,2026-04-24 12:29,2026-04-24,208.5,208.5,208.5,208.5,140
UPPER,1min,1777013114,2026-04-24 12:30,2026-04-24,208.5,208.9,208.5,208.9,200
UPPER,1min,1777013212,2026-04-24 12:31,2026-04-24,208.9,208.9,208.9,208.9,229
UPPER,1min,1777013251,2026-04-24 12:32,2026-04-24,208.9,209,208.9,209,60
UPPER,1min,1777013319,2026-04-24 12:33,2026-04-24,209,209,209,209,515
UPPER,1min,1777013456,2026-04-24 12:35,2026-04-24,209,209,209,209,0
UPPER,1min,1777013515,2026-04-24 12:36,2026-04-24,209,209,209,209,452
UPPER,1min,1777013637,2026-04-24 12:38,2026-04-24,209,209.9,209,209.9,275
UPPER,1min,1777013668,2026-04-24 12:39,2026-04-24,209.9,209.9,209.1,209.1,17
UPPER,1min,1777013728,2026-04-24 12:40,2026-04-24,209.1,209.1,209.1,209.1,50
UPPER,1min,1777013765,2026-04-24 12:41,2026-04-24,209.1,210,209.1,210,10136
UPPER,1min,1777013849,2026-04-24 12:42,2026-04-24,210,210,210,210,50
UPPER,1min,1777013990,2026-04-24 12:44,2026-04-24,210,210.9,210,210.9,0
UPPER,1min,1777014027,2026-04-24 12:45,2026-04-24,210.9,210.9,210.9,210.9,2025
UPPER,1min,1777014118,2026-04-24 12:46,2026-04-24,210.9,211.8,210.9,211.8,5230
UPPER,1min,1777014176,2026-04-24 12:47,2026-04-24,211.8,211.8,210.2,210.2,316
UPPER,1min,1777014235,2026-04-24 12:48,2026-04-24,210.2,210.2,210,210,5260
UPPER,1min,1777014282,2026-04-24 12:49,2026-04-24,210,210,209.1,209.1,4913
UPPER,1min,1777014366,2026-04-24 12:51,2026-04-24,209.1,209.1,209.1,209.1,344
UPPER,1min,1777014468,2026-04-24 12:52,2026-04-24,209.1,209.1,208,208,500
UPPER,1min,1777014531,2026-04-24 12:53,2026-04-24,208,208,208,208,1977
UPPER,1min,1777014588,2026-04-24 12:54,2026-04-24,208,208,207.1,207.1,0
UPPER,1min,1777014716,2026-04-24 12:56,2026-04-24,207.1,207.1,207.1,207.1,1095
UPPER,1min,1777014730,2026-04-24 12:57,2026-04-24,207.1,207.1,207.1,207.1,10
UPPER,1min,1777014855,2026-04-24 12:59,2026-04-24,207.1,208,207.1,208,10
UPPER,1min,1777014958,2026-04-24 13:00,2026-04-24,208,208,207.1,207.1,0
UPPER,1min,1777015014,2026-04-24 13:01,2026-04-24,207.1,209,207.1,207.1,4564
UPPER,1min,1777015082,2026-04-24 13:03,2026-04-24,207.1,208.5,207.1,208.5,10
UPPER,1min,1777015181,2026-04-24 13:04,2026-04-24,208.5,208.9,208.5,208.9,23
UPPER,1min,1777015247,2026-04-24 13:05,2026-04-24,208.9,208.9,208,208,98
UPPER,1min,1777015279,2026-04-24 13:06,2026-04-24,208,208,208,208,30
UPPER,1min,1777015353,2026-04-24 13:07,2026-04-24,208,208.9,208,208.9,1000
UPPER,1min,1777015441,2026-04-24 13:09,2026-04-24,208.9,208.9,208.9,208.9,70
UPPER,1min,1777015521,2026-04-24 13:10,2026-04-24,208.9,208.9,208,208,600
UPPER,1min,1777015588,2026-04-24 13:11,2026-04-24,208,208,207.3,207.9,408
UPPER,1min,1777015674,2026-04-24 13:12,2026-04-24,207.9,207.9,207.9,207.9,10
UPPER,1min,1777015713,2026-04-24 13:13,2026-04-24,207.9,208,207.9,208,2100
UPPER,1min,1777015749,2026-04-24 13:14,2026-04-24,208,208,208,208,331
UPPER,1min,1777015914,2026-04-24 13:16,2026-04-24,208,208,207,208,5500
UPPER,1min,1777015976,2026-04-24 13:17,2026-04-24,208,208,208,208,706
UPPER,1min,1777016018,2026-04-24 13:18,2026-04-24,208,208,206.5,208,10085
UPPER,1min,1777016101,2026-04-24 13:20,2026-04-24,208,208,208,208,0
UPPER,1min,1777016170,2026-04-24 13:21,2026-04-24,208,208,206.6,206.6,329
UPPER,1min,1777016257,2026-04-24 13:22,2026-04-24,206.6,208,206.6,206.7,268
UPPER,1min,1777016326,2026-04-24 13:23,2026-04-24,206.7,208,206.7,208,150
UPPER,1min,1777016366,2026-04-24 13:24,2026-04-24,208,208,207,207,0
UPPER,1min,1777016413,2026-04-24 13:25,2026-04-24,207,208,207,208,345
UPPER,1min,1777016545,2026-04-24 13:27,2026-04-24,208,209,208,209,10
UPPER,1min,1777016587,2026-04-24 13:28,2026-04-24,209,209,209,209,50
UPPER,1min,1777016662,2026-04-24 13:29,2026-04-24,209,209,209,209,30
UPPER,1min,1777016719,2026-04-24 13:30,2026-04-24,209,209,209,209,20
UPPER,1min,1777016821,2026-04-24 13:32,2026-04-24,209,209,208.9,208.9,10
UPPER,1min,1777016928,2026-04-24 13:33,2026-04-24,208.9,208.9,208.5,208.5,250
UPPER,1min,1777017091,2026-04-24 13:36,2026-04-24,208.5,209,208.5,209,0
UPPER,1min,1777017152,2026-04-24 13:37,2026-04-24,209,209,209,209,2500
UPPER,1min,1777017231,2026-04-24 13:38,2026-04-24,209,209,209,209,40
UPPER,1min,1777017337,2026-04-24 13:40,2026-04-24,209,209,209,209,30
UPPER,1min,1777017364,2026-04-24 13:41,2026-04-24,209,209,209,209,220
UPPER,1min,1777017469,2026-04-24 13:42,2026-04-24,209,209,208.8,208.8,10
UPPER,1min,1777017565,2026-04-24 13:44,2026-04-24,208.8,208.8,208.7,208.7,254
UPPER,1min,1777017655,2026-04-24 13:45,2026-04-24,208.7,209,208.6,208.6,1265
UPPER,1min,1777017715,2026-04-24 13:46,2026-04-24,208.6,208.6,208.6,208.6,10
UPPER,1min,1777017747,2026-04-24 13:47,2026-04-24,208.6,209,208.6,209,10
UPPER,1min,1777017829,2026-04-24 13:48,2026-04-24,209,209,209,209,480
UPPER,1min,1777017869,2026-04-24 13:49,2026-04-24,209,209,209,209,138
UPPER,1min,1777017949,2026-04-24 13:50,2026-04-24,209,209,209,209,1080
UPPER,1min,1777017986,2026-04-24 13:51,2026-04-24,209,209,209,209,121
UPPER,1min,1777018049,2026-04-24 13:52,2026-04-24,209,209,209,209,100
UPPER,1min,1777018128,2026-04-24 13:53,2026-04-24,209,209,207.5,207.5,4534
UPPER,1min,1777018195,2026-04-24 13:54,2026-04-24,207.5,208,207.5,208,443
UPPER,1min,1777018251,2026-04-24 13:55,2026-04-24,208,208,207.5,207.6,913
UPPER,1min,1777018294,2026-04-24 13:56,2026-04-24,207.6,208,207.6,208,30
UPPER,1min,1777018361,2026-04-24 13:57,2026-04-24,208,208,207,207,3955
UPPER,1min,1777018429,2026-04-24 13:58,2026-04-24,207,207,206.8,207,90
UPPER,1min,1777018478,2026-04-24 13:59,2026-04-24,207,207,207,207,100
UPPER,1min,1777018545,2026-04-24 14:00,2026-04-24,207,207,207,207,100
UPPER,1min,1777018590,2026-04-24 14:01,2026-04-24,207,207,207,207,0
UPPER,1min,1777018656,2026-04-24 14:02,2026-04-24,207,207,206.7,207,1174
UPPER,1min,1777018731,2026-04-24 14:03,2026-04-24,207,208.9,207,208.9,97
UPPER,1min,1777018830,2026-04-24 14:05,2026-04-24,208.9,208.9,208,208,125
UPPER,1min,1777018896,2026-04-24 14:06,2026-04-24,208,208,207.2,207.2,20
UPPER,1min,1777018948,2026-04-24 14:07,2026-04-24,207.2,207.2,207,207,1280
UPPER,1min,1777019011,2026-04-24 14:08,2026-04-24,207,208,207,207,430
UPPER,1min,1777019053,2026-04-24 14:09,2026-04-24,207,208,207,208,190
UPPER,1min,1777019203,2026-04-24 14:11,2026-04-24,208,208,208,208,210
UPPER,1min,1777019256,2026-04-24 14:12,2026-04-24,208,208,208,208,50
UPPER,1min,1777019334,2026-04-24 14:13,2026-04-24,208,208,207,207,78
UPPER,1min,1777019365,2026-04-24 14:14,2026-04-24,207,207,207,207,850
UPPER,1min,1777019452,2026-04-24 14:15,2026-04-24,207,207,207,207,241
UPPER,1min,1777019460,2026-04-24 14:16,2026-04-24,207,207,207,207,50
UPPER,1min,1777019625,2026-04-24 14:18,2026-04-24,207,208,207,208,10
UPPER,1min,1777019672,2026-04-24 14:19,2026-04-24,208,208,207.2,207.2,530
UPPER,1min,1777019737,2026-04-24 14:20,2026-04-24,207.2,207.5,207.1,207.5,120
UPPER,1min,1777019938,2026-04-24 14:23,2026-04-24,207.5,208,207.5,208,560
UPPER,1min,1777019966,2026-04-24 14:24,2026-04-24,208,208,208,208,0
UPPER,1min,1777020045,2026-04-24 14:25,2026-04-24,208,208,207.1,207.1,364
UPPER,1min,1777020164,2026-04-24 14:27,2026-04-24,207.1,207.1,207.1,207.1,70
UPPER,1min,1777020188,2026-04-24 14:28,2026-04-24,207.1,207.1,207.1,207.1,0
UPPER,1min,1777020281,2026-04-24 14:29,2026-04-24,207.1,207.1,207.1,207.1,570
UPPER,1min,1777020357,2026-04-24 14:30,2026-04-24,207.1,207.2,207.1,207.2,2163
UPPER,1min,1777020425,2026-04-24 14:32,2026-04-24,207.2,207.2,207.1,207.1,1000
UPPER,1min,1777020585,2026-04-24 14:34,2026-04-24,207.1,208,207.1,208,214
UPPER,1min,1777020621,2026-04-24 14:35,2026-04-24,208,208,207.9,207.9,240
UPPER,1min,1777020676,2026-04-24 14:36,2026-04-24,207.9,207.9,207.5,207.5,60
UPPER,1min,1777020755,2026-04-24 14:37,2026-04-24,207.5,207.5,207.5,207.5,270
UPPER,1min,1777020890,2026-04-24 14:39,2026-04-24,207.5,207.5,207,207,2420
UPPER,1min,1777020970,2026-04-24 14:41,2026-04-24,207,207,207,207,2000
UPPER,1min,1777021038,2026-04-24 14:42,2026-04-24,207,207.5,207,207.5,150
UPPER,1min,1777021132,2026-04-24 14:43,2026-04-24,207.5,207.5,207.5,207.5,0
UPPER,1min,1777021194,2026-04-24 14:44,2026-04-24,207.5,207.5,207,207,2125
UPPER,1min,1777021232,2026-04-24 14:45,2026-04-24,207,207.5,207,207.1,259
UPPER,1min,1777021288,2026-04-24 14:46,2026-04-24,207.1,207.5,207.1,207.1,664
UPPER,1min,1777021368,2026-04-24 14:47,2026-04-24,207.1,207.1,207.1,207.1,773
UPPER,1min,1777021416,2026-04-24 14:48,2026-04-24,207.1,207.5,207.1,207.5,4310
UPPER,1min,1777021491,2026-04-24 14:49,2026-04-24,207.5,207.5,207,207,2210
UPPER,1min,1777021530,2026-04-24 14:50,2026-04-24,207,207.4,207,207.4,240
UPPER,1min,1777021600,2026-04-24 14:51,2026-04-24,207.4,207.6,207.4,207.6,280
UPPER,1min,1777021670,2026-04-24 14:52,2026-04-24,207.6,207.9,207,207,2550
UPPER,1min,1777021711,2026-04-24 14:53,2026-04-24,207,208,207,208,710
UPPER,1min,1777021798,2026-04-24 14:54,2026-04-24,208,208,208,208,2208
UPPER,1min,1777021821,2026-04-24 14:55,2026-04-24,208,208.5,208,208.5,0
UPPER,1min,1777021913,2026-04-24 14:56,2026-04-24,208.5,208.5,208,208,1224
UPPER,1min,1777021941,2026-04-24 14:57,2026-04-24,208,208,207,207,4810
UPPER,1min,1777022035,2026-04-24 14:58,2026-04-24,207,207.9,207,207.9,2210
UPPER,1min,1777022099,2026-04-24 14:59,2026-04-24,207.9,207.9,207,207.5,3963
