symbol,resolution,ts,datetime_np,date_np,open,high,low,close,volume
AKPL,1min,1774343699,2026-03-24 14:59,2026-03-24,308,309,307.3,308,9545
AKPL,1min,1774415889,2026-03-25 11:03,2026-03-25,309.9,309.9,309.9,309.9,155
AKPL,1min,1774415994,2026-03-25 11:04,2026-03-25,309.9,309.9,305,305,2542
AKPL,1min,1774416052,2026-03-25 11:05,2026-03-25,305,306,305,306,787
AKPL,1min,1774416108,2026-03-25 11:06,2026-03-25,306,306,305.2,305.2,684
AKPL,1min,1774416169,2026-03-25 11:07,2026-03-25,305.2,306,305.2,305.3,700
AKPL,1min,1774416208,2026-03-25 11:08,2026-03-25,305.3,306,305.3,306,129
AKPL,1min,1774416270,2026-03-25 11:09,2026-03-25,306,306,305.5,305.5,810
AKPL,1min,1774416346,2026-03-25 11:10,2026-03-25,305.5,305.5,305,305,6200
AKPL,1min,1774416408,2026-03-25 11:11,2026-03-25,305,306.1,305,306.1,1405
AKPL,1min,1774416475,2026-03-25 11:12,2026-03-25,306.1,308,306.1,308,250
AKPL,1min,1774416509,2026-03-25 11:13,2026-03-25,308,308,306.1,306.1,161
AKPL,1min,1774416542,2026-03-25 11:14,2026-03-25,306.1,308,306.1,308,1000
AKPL,1min,1774416629,2026-03-25 11:15,2026-03-25,308,308,307.4,307.4,650
AKPL,1min,1774416715,2026-03-25 11:16,2026-03-25,307.4,307.4,307,307,17
AKPL,1min,1774416774,2026-03-25 11:17,2026-03-25,307,307,306.3,307,821
AKPL,1min,1774416838,2026-03-25 11:18,2026-03-25,307,307,306,306.3,814
AKPL,1min,1774416894,2026-03-25 11:19,2026-03-25,306.3,307,306,307,1868
AKPL,1min,1774416953,2026-03-25 11:20,2026-03-25,307,307,306.1,306.1,200
AKPL,1min,1774417010,2026-03-25 11:21,2026-03-25,306.1,306.1,306,306,3049
AKPL,1min,1774417064,2026-03-25 11:22,2026-03-25,306,306,305.5,306,2116
AKPL,1min,1774417113,2026-03-25 11:23,2026-03-25,306,306,306,306,1120
AKPL,1min,1774417249,2026-03-25 11:25,2026-03-25,306,306,305.6,305.6,1510
AKPL,1min,1774417314,2026-03-25 11:26,2026-03-25,305.6,306,305.3,306,5200
AKPL,1min,1774417378,2026-03-25 11:27,2026-03-25,306,307,305.1,307,8100
AKPL,1min,1774417434,2026-03-25 11:28,2026-03-25,307,307,305.1,305.1,0
AKPL,1min,1774417472,2026-03-25 11:29,2026-03-25,305.1,306.9,305.1,306.9,283
AKPL,1min,1774417557,2026-03-25 11:30,2026-03-25,306.9,306.9,305.5,306,1762
AKPL,1min,1774417591,2026-03-25 11:31,2026-03-25,306,307,306,307,65
AKPL,1min,1774417727,2026-03-25 11:33,2026-03-25,307,307,307,307,842
AKPL,1min,1774417773,2026-03-25 11:34,2026-03-25,307,307,306,306,10
AKPL,1min,1774417829,2026-03-25 11:35,2026-03-25,306,306,306,306,293
AKPL,1min,1774417888,2026-03-25 11:36,2026-03-25,306,307,306,306.1,1160
AKPL,1min,1774418087,2026-03-25 11:39,2026-03-25,306.1,306.5,306.1,306.5,1575
AKPL,1min,1774418133,2026-03-25 11:40,2026-03-25,306.5,306.9,306.5,306.9,1111
AKPL,1min,1774418209,2026-03-25 11:41,2026-03-25,306.9,306.9,306.1,306.1,1116
AKPL,1min,1774418267,2026-03-25 11:42,2026-03-25,306.1,306.1,306,306,301
AKPL,1min,1774418296,2026-03-25 11:43,2026-03-25,306,306,305.1,306,1500
AKPL,1min,1774418391,2026-03-25 11:44,2026-03-25,306,306,306,306,1100
AKPL,1min,1774418417,2026-03-25 11:45,2026-03-25,306,306,306,306,5338
AKPL,1min,1774418507,2026-03-25 11:46,2026-03-25,306,306,306,306,1010
AKPL,1min,1774418575,2026-03-25 11:47,2026-03-25,306,306,305,305,2317
AKPL,1min,1774418603,2026-03-25 11:48,2026-03-25,305,305,305,305,5415
AKPL,1min,1774418693,2026-03-25 11:49,2026-03-25,305,305,305,305,2641
AKPL,1min,1774418744,2026-03-25 11:50,2026-03-25,305,305,304.1,304.1,220
AKPL,1min,1774418811,2026-03-25 11:51,2026-03-25,304.1,305,304.1,305,2205
AKPL,1min,1774418879,2026-03-25 11:52,2026-03-25,305,305,303,303,0
AKPL,1min,1774418903,2026-03-25 11:53,2026-03-25,303,304.1,303,304.1,6690
AKPL,1min,1774418991,2026-03-25 11:54,2026-03-25,304.1,304.1,304,304,142
AKPL,1min,1774419032,2026-03-25 11:55,2026-03-25,304,304.1,304,304,1845
AKPL,1min,1774419104,2026-03-25 11:56,2026-03-25,304,304,303,303,3580
AKPL,1min,1774419132,2026-03-25 11:57,2026-03-25,303,303,303,303,120
AKPL,1min,1774419223,2026-03-25 11:58,2026-03-25,303,303,303,303,28
AKPL,1min,1774419297,2026-03-25 11:59,2026-03-25,303,303,303,303,760
AKPL,1min,1774419326,2026-03-25 12:00,2026-03-25,303,303,302,302,6000
AKPL,1min,1774419419,2026-03-25 12:01,2026-03-25,302,302.1,302,302,1870
AKPL,1min,1774419479,2026-03-25 12:02,2026-03-25,302,303,302,303,2155
AKPL,1min,1774419538,2026-03-25 12:03,2026-03-25,303,303,303,303,2025
AKPL,1min,1774419550,2026-03-25 12:04,2026-03-25,303,303,301.1,301.1,9085
AKPL,1min,1774419603,2026-03-25 12:05,2026-03-25,301.1,302.1,301.1,302.1,200
AKPL,1min,1774419697,2026-03-25 12:06,2026-03-25,302.1,303,302.1,303,0
AKPL,1min,1774419779,2026-03-25 12:07,2026-03-25,303,304,303,303,3400
AKPL,1min,1774419828,2026-03-25 12:08,2026-03-25,303,303,303,303,250
AKPL,1min,1774419896,2026-03-25 12:09,2026-03-25,303,303,302.2,303,617
AKPL,1min,1774419926,2026-03-25 12:10,2026-03-25,303,303,301.5,301.5,2000
AKPL,1min,1774419972,2026-03-25 12:11,2026-03-25,301.5,301.5,301.5,301.5,450
AKPL,1min,1774420134,2026-03-25 12:13,2026-03-25,301.5,303.9,301.5,303.9,0
AKPL,1min,1774420187,2026-03-25 12:14,2026-03-25,303.9,304,303.9,304,630
AKPL,1min,1774420211,2026-03-25 12:15,2026-03-25,304,304,302,302,570
AKPL,1min,1774420343,2026-03-25 12:17,2026-03-25,302,303.9,302,303.9,400
AKPL,1min,1774420404,2026-03-25 12:18,2026-03-25,303.9,304,303.9,304,100
AKPL,1min,1774420499,2026-03-25 12:19,2026-03-25,304,304,302.7,303,1175
AKPL,1min,1774420551,2026-03-25 12:20,2026-03-25,303,303,302.8,303,871
AKPL,1min,1774420619,2026-03-25 12:21,2026-03-25,303,304,303,304,1200
AKPL,1min,1774420676,2026-03-25 12:22,2026-03-25,304,304,303.2,304,1175
AKPL,1min,1774420727,2026-03-25 12:23,2026-03-25,304,304.9,304,304.9,265
AKPL,1min,1774420762,2026-03-25 12:24,2026-03-25,304.9,304.9,304.1,304.1,2522
AKPL,1min,1774420829,2026-03-25 12:25,2026-03-25,304.1,305,304.1,304.3,890
AKPL,1min,1774420913,2026-03-25 12:26,2026-03-25,304.3,305,304.3,304.5,2491
AKPL,1min,1774421033,2026-03-25 12:28,2026-03-25,304.5,304.6,304.5,304.5,1793
AKPL,1min,1774421063,2026-03-25 12:29,2026-03-25,304.5,304.9,304,304.9,5910
AKPL,1min,1774421212,2026-03-25 12:31,2026-03-25,304.9,304.9,304,304,1223
AKPL,1min,1774421255,2026-03-25 12:32,2026-03-25,304,304,302.8,302.8,5881
AKPL,1min,1774421304,2026-03-25 12:33,2026-03-25,302.8,302.8,302.7,302.7,716
AKPL,1min,1774421385,2026-03-25 12:34,2026-03-25,302.7,302.8,302.7,302.8,358
AKPL,1min,1774421439,2026-03-25 12:35,2026-03-25,302.8,303,302.8,302.8,652
AKPL,1min,1774421511,2026-03-25 12:36,2026-03-25,302.8,302.8,302.5,302.5,750
AKPL,1min,1774421543,2026-03-25 12:37,2026-03-25,302.5,302.8,302.5,302.8,100
AKPL,1min,1774421629,2026-03-25 12:38,2026-03-25,302.8,302.8,302.4,302.4,308
AKPL,1min,1774421738,2026-03-25 12:40,2026-03-25,302.4,303,302.4,303,800
AKPL,1min,1774421835,2026-03-25 12:42,2026-03-25,303,303,302.5,302.5,10
AKPL,1min,1774421931,2026-03-25 12:43,2026-03-25,302.5,303,302.5,303,1550
AKPL,1min,1774421971,2026-03-25 12:44,2026-03-25,303,303.7,303,303.7,300
AKPL,1min,1774422116,2026-03-25 12:46,2026-03-25,303.7,303.8,303.7,303.8,3060
AKPL,1min,1774422175,2026-03-25 12:47,2026-03-25,303.8,304,303.1,304,2250
AKPL,1min,1774422282,2026-03-25 12:49,2026-03-25,304,304,304,304,115
AKPL,1min,1774422345,2026-03-25 12:50,2026-03-25,304,304,304,304,45
AKPL,1min,1774422442,2026-03-25 12:52,2026-03-25,304,304,304,304,100
AKPL,1min,1774422699,2026-03-25 12:56,2026-03-25,304,304,303,303,2625
AKPL,1min,1774422775,2026-03-25 12:57,2026-03-25,303,303,303,303,200
AKPL,1min,1774422808,2026-03-25 12:58,2026-03-25,303,303,303,303,3652
AKPL,1min,1774422883,2026-03-25 12:59,2026-03-25,303,303,303,303,620
AKPL,1min,1774422940,2026-03-25 13:00,2026-03-25,303,303,303,303,1090
AKPL,1min,1774423059,2026-03-25 13:02,2026-03-25,303,303.3,303,303.3,0
AKPL,1min,1774423193,2026-03-25 13:04,2026-03-25,303.3,303.9,303.3,303.9,1230
AKPL,1min,1774423297,2026-03-25 13:06,2026-03-25,303.9,303.9,303.5,303.5,1200
AKPL,1min,1774423332,2026-03-25 13:07,2026-03-25,303.5,303.5,303.2,303.2,30
AKPL,1min,1774423417,2026-03-25 13:08,2026-03-25,303.2,303.9,303.1,303.9,1590
AKPL,1min,1774423486,2026-03-25 13:09,2026-03-25,303.9,304,303.9,304,0
AKPL,1min,1774423521,2026-03-25 13:10,2026-03-25,304,304,303.4,303.4,0
AKPL,1min,1774423607,2026-03-25 13:11,2026-03-25,303.4,304,303.4,304,2065
AKPL,1min,1774423813,2026-03-25 13:15,2026-03-25,304,304,303.5,303.5,200
AKPL,1min,1774423913,2026-03-25 13:16,2026-03-25,303.5,304,303.5,304,238
AKPL,1min,1774423958,2026-03-25 13:17,2026-03-25,304,304,304,304,50
AKPL,1min,1774424002,2026-03-25 13:18,2026-03-25,304,304.1,303.5,304,1600
AKPL,1min,1774424099,2026-03-25 13:19,2026-03-25,304,304.1,304,304.1,1200
AKPL,1min,1774424209,2026-03-25 13:21,2026-03-25,304.1,304.5,304.1,304.5,214
AKPL,1min,1774424279,2026-03-25 13:22,2026-03-25,304.5,304.8,304.5,304.8,1162
AKPL,1min,1774424325,2026-03-25 13:23,2026-03-25,304.8,305,304.1,305,9080
AKPL,1min,1774424356,2026-03-25 13:24,2026-03-25,305,305,305,305,500
AKPL,1min,1774424450,2026-03-25 13:25,2026-03-25,305,305,304.3,304.3,200
AKPL,1min,1774424501,2026-03-25 13:26,2026-03-25,304.3,305,304.3,305,100
AKPL,1min,1774424576,2026-03-25 13:27,2026-03-25,305,305,304.1,304.1,3086
AKPL,1min,1774424630,2026-03-25 13:28,2026-03-25,304.1,305,304,304,1149
AKPL,1min,1774424670,2026-03-25 13:29,2026-03-25,304,304,304,304,431
AKPL,1min,1774424715,2026-03-25 13:30,2026-03-25,304,304,303.6,303.6,332
AKPL,1min,1774424808,2026-03-25 13:31,2026-03-25,303.6,304,303.6,304,50
AKPL,1min,1774424902,2026-03-25 13:33,2026-03-25,304,304.2,304,304.2,150
AKPL,1min,1774424996,2026-03-25 13:34,2026-03-25,304.2,305,304.2,305,1232
AKPL,1min,1774425020,2026-03-25 13:35,2026-03-25,305,305.8,305,305.8,150
AKPL,1min,1774425095,2026-03-25 13:36,2026-03-25,305.8,306,305.8,306,0
AKPL,1min,1774425175,2026-03-25 13:37,2026-03-25,306,306,305,305,10100
AKPL,1min,1774425297,2026-03-25 13:39,2026-03-25,305,306,305,306,1515
AKPL,1min,1774425313,2026-03-25 13:40,2026-03-25,306,306,306,306,1350
AKPL,1min,1774425408,2026-03-25 13:41,2026-03-25,306,306,305.1,305.1,683
AKPL,1min,1774425477,2026-03-25 13:42,2026-03-25,305.1,306,305.1,306,100
AKPL,1min,1774425532,2026-03-25 13:43,2026-03-25,306,306,306,306,4806
AKPL,1min,1774425593,2026-03-25 13:44,2026-03-25,306,306,306,306,194
AKPL,1min,1774425657,2026-03-25 13:45,2026-03-25,306,306,305.4,305.4,2678
AKPL,1min,1774425770,2026-03-25 13:47,2026-03-25,305.4,305.4,305,305,6000
AKPL,1min,1774425833,2026-03-25 13:48,2026-03-25,305,305,305,305,4400
AKPL,1min,1774425871,2026-03-25 13:49,2026-03-25,305,305,304,304,6989
AKPL,1min,1774425997,2026-03-25 13:51,2026-03-25,304,304,304,304,750
AKPL,1min,1774426064,2026-03-25 13:52,2026-03-25,304,304,304,304,1571
AKPL,1min,1774426165,2026-03-25 13:54,2026-03-25,304,304.1,304,304.1,690
AKPL,1min,1774426219,2026-03-25 13:55,2026-03-25,304.1,304.1,304.1,304.1,114
AKPL,1min,1774426318,2026-03-25 13:56,2026-03-25,304.1,305,304.1,305,310
AKPL,1min,1774426454,2026-03-25 13:59,2026-03-25,305,305,305,305,300
AKPL,1min,1774426566,2026-03-25 14:01,2026-03-25,305,305.9,305,305.9,10
AKPL,1min,1774426663,2026-03-25 14:02,2026-03-25,305.9,305.9,305.1,305.1,130
AKPL,1min,1774426689,2026-03-25 14:03,2026-03-25,305.1,305.1,305.1,305.1,10
AKPL,1min,1774426887,2026-03-25 14:06,2026-03-25,305.1,305.5,305.1,305.5,870
AKPL,1min,1774427072,2026-03-25 14:09,2026-03-25,305.5,306,305.5,306,900
AKPL,1min,1774427113,2026-03-25 14:10,2026-03-25,306,306,306,306,300
AKPL,1min,1774427218,2026-03-25 14:11,2026-03-25,306,306,305.1,305.1,92
AKPL,1min,1774427267,2026-03-25 14:12,2026-03-25,305.1,305.1,305.1,305.1,1500
AKPL,1min,1774427333,2026-03-25 14:13,2026-03-25,305.1,306,305,305,1473
AKPL,1min,1774427388,2026-03-25 14:14,2026-03-25,305,305,304,304,7070
AKPL,1min,1774427459,2026-03-25 14:15,2026-03-25,304,304,303.6,303.6,510
AKPL,1min,1774427504,2026-03-25 14:16,2026-03-25,303.6,303.6,303.1,303.1,1437
AKPL,1min,1774427578,2026-03-25 14:17,2026-03-25,303.1,303.1,302.5,302.5,22069
AKPL,1min,1774427689,2026-03-25 14:19,2026-03-25,302.5,303,302.5,303,1064
AKPL,1min,1774427734,2026-03-25 14:20,2026-03-25,303,303,303,303,460
AKPL,1min,1774427768,2026-03-25 14:21,2026-03-25,303,303,302.1,302.1,4000
AKPL,1min,1774427876,2026-03-25 14:22,2026-03-25,302.1,302.2,302,302.2,4050
AKPL,1min,1774427934,2026-03-25 14:23,2026-03-25,302.2,302.2,302,302,15200
AKPL,1min,1774427990,2026-03-25 14:24,2026-03-25,302,303.8,302,303,1040
AKPL,1min,1774428168,2026-03-25 14:27,2026-03-25,303,303,302.4,302.4,52
AKPL,1min,1774428231,2026-03-25 14:28,2026-03-25,302.4,302.4,302.1,302.1,1731
AKPL,1min,1774428352,2026-03-25 14:30,2026-03-25,302.1,302.1,302,302,2000
AKPL,1min,1774428388,2026-03-25 14:31,2026-03-25,302,302,302,302,3400
AKPL,1min,1774428471,2026-03-25 14:32,2026-03-25,302,302,302,302,840
AKPL,1min,1774428503,2026-03-25 14:33,2026-03-25,302,302,301.7,301.7,1770
AKPL,1min,1774428598,2026-03-25 14:34,2026-03-25,301.7,303,301.5,303,6200
AKPL,1min,1774428645,2026-03-25 14:35,2026-03-25,303,303,301.5,302,1105
AKPL,1min,1774428709,2026-03-25 14:36,2026-03-25,302,302,301.6,302,1010
AKPL,1min,1774428769,2026-03-25 14:37,2026-03-25,302,302,301.5,302,6941
AKPL,1min,1774428832,2026-03-25 14:38,2026-03-25,302,302,301.2,301.2,1000
AKPL,1min,1774428878,2026-03-25 14:39,2026-03-25,301.2,301.3,301.2,301.3,200
AKPL,1min,1774428951,2026-03-25 14:40,2026-03-25,301.3,301.5,301.3,301.5,0
AKPL,1min,1774428985,2026-03-25 14:41,2026-03-25,301.5,302,301.3,302,1425
AKPL,1min,1774429057,2026-03-25 14:42,2026-03-25,302,302,301.3,301.3,970
AKPL,1min,1774429126,2026-03-25 14:43,2026-03-25,301.3,301.3,301.2,301.2,3210
AKPL,1min,1774429187,2026-03-25 14:44,2026-03-25,301.2,301.3,301.1,301.1,5116
AKPL,1min,1774429257,2026-03-25 14:45,2026-03-25,301.1,301.9,301,301,7120
AKPL,1min,1774429300,2026-03-25 14:46,2026-03-25,301,301,300.9,300.9,16375
AKPL,1min,1774429377,2026-03-25 14:47,2026-03-25,300.9,300.9,300.1,300.2,6210
AKPL,1min,1774429439,2026-03-25 14:48,2026-03-25,300.2,300.2,300,300,14121
AKPL,1min,1774429494,2026-03-25 14:49,2026-03-25,300,300.9,299.1,299.1,47057
AKPL,1min,1774429545,2026-03-25 14:50,2026-03-25,299.1,300,299,299,4210
AKPL,1min,1774429604,2026-03-25 14:51,2026-03-25,299,300,299,299.5,1854
AKPL,1min,1774429674,2026-03-25 14:52,2026-03-25,299.5,300,299.2,300,1900
AKPL,1min,1774429733,2026-03-25 14:53,2026-03-25,300,300,299.3,300,4380
AKPL,1min,1774429784,2026-03-25 14:54,2026-03-25,300,300,299.2,300,6141
AKPL,1min,1774429852,2026-03-25 14:55,2026-03-25,300,300,299.1,300,5764
AKPL,1min,1774429912,2026-03-25 14:56,2026-03-25,300,300.9,299.2,300.9,1760
AKPL,1min,1774429975,2026-03-25 14:57,2026-03-25,300.9,301,300,301,13599
AKPL,1min,1774430037,2026-03-25 14:58,2026-03-25,301,301.8,301,301,1418
AKPL,1min,1774430099,2026-03-25 14:59,2026-03-25,301,302,300.5,302,9951
AKPL,1min,1774502156,2026-03-26 11:00,2026-03-26,296,301.9,296,301.9,10
AKPL,1min,1774502184,2026-03-26 11:01,2026-03-26,301.9,301.9,300,300,1500
AKPL,1min,1774502249,2026-03-26 11:02,2026-03-26,300,301.9,300,301,1212
AKPL,1min,1774502319,2026-03-26 11:03,2026-03-26,301,301.5,301,301.5,2974
AKPL,1min,1774502375,2026-03-26 11:04,2026-03-26,301.5,301.5,300,300,5087
AKPL,1min,1774502450,2026-03-26 11:05,2026-03-26,300,300,297,297,1000
AKPL,1min,1774502503,2026-03-26 11:06,2026-03-26,297,298,297,298,7845
AKPL,1min,1774502530,2026-03-26 11:07,2026-03-26,298,298,298,298,310
AKPL,1min,1774502637,2026-03-26 11:08,2026-03-26,298,298,298,298,1010
AKPL,1min,1774502675,2026-03-26 11:09,2026-03-26,298,298,297.3,297.3,600
AKPL,1min,1774502758,2026-03-26 11:10,2026-03-26,297.3,298.1,297.3,298.1,210
AKPL,1min,1774502805,2026-03-26 11:11,2026-03-26,298.1,299,298,299,1338
AKPL,1min,1774502879,2026-03-26 11:12,2026-03-26,299,299.9,299,299,899
AKPL,1min,1774502912,2026-03-26 11:13,2026-03-26,299,299.9,299,299.9,500
AKPL,1min,1774502985,2026-03-26 11:14,2026-03-26,299.9,300,299.9,300,1075
AKPL,1min,1774503049,2026-03-26 11:15,2026-03-26,300,300,300,300,650
AKPL,1min,1774503108,2026-03-26 11:16,2026-03-26,300,300,299.9,299.9,1201
AKPL,1min,1774503179,2026-03-26 11:17,2026-03-26,299.9,300,299.9,300,5524
AKPL,1min,1774503230,2026-03-26 11:18,2026-03-26,300,300,299,300,7064
AKPL,1min,1774503253,2026-03-26 11:19,2026-03-26,300,300,300,300,1064
AKPL,1min,1774503356,2026-03-26 11:20,2026-03-26,300,301,300,301,700
AKPL,1min,1774503402,2026-03-26 11:21,2026-03-26,301,302,301,302,4650
AKPL,1min,1774503457,2026-03-26 11:22,2026-03-26,302,302,301,301,93
AKPL,1min,1774503518,2026-03-26 11:23,2026-03-26,301,301,300.2,300.2,350
AKPL,1min,1774503583,2026-03-26 11:24,2026-03-26,300.2,301,300.2,301,2670
AKPL,1min,1774503650,2026-03-26 11:25,2026-03-26,301,301,300,300,7685
AKPL,1min,1774503690,2026-03-26 11:26,2026-03-26,300,300,299,299,3602
AKPL,1min,1774503811,2026-03-26 11:28,2026-03-26,299,299,298.1,298.1,1000
AKPL,1min,1774503885,2026-03-26 11:29,2026-03-26,298.1,298.4,298,298.1,1190
AKPL,1min,1774503954,2026-03-26 11:30,2026-03-26,298.1,298.1,297.5,298.1,3169
AKPL,1min,1774504013,2026-03-26 11:31,2026-03-26,298.1,298.1,298.1,298.1,180
AKPL,1min,1774504066,2026-03-26 11:32,2026-03-26,298.1,299,297.1,297.1,3700
AKPL,1min,1774504285,2026-03-26 11:36,2026-03-26,297.1,298.2,297.1,298.2,0
AKPL,1min,1774504329,2026-03-26 11:37,2026-03-26,298.2,298.2,298.2,298.2,3291
AKPL,1min,1774504492,2026-03-26 11:39,2026-03-26,298.2,298.4,298.2,298.4,550
AKPL,1min,1774504532,2026-03-26 11:40,2026-03-26,298.4,298.4,298,298,70
AKPL,1min,1774504586,2026-03-26 11:41,2026-03-26,298,298,298,298,12317
AKPL,1min,1774504658,2026-03-26 11:42,2026-03-26,298,298,298,298,130
AKPL,1min,1774504711,2026-03-26 11:43,2026-03-26,298,298,297,297,8650
AKPL,1min,1774504746,2026-03-26 11:44,2026-03-26,297,298,297,298,116
AKPL,1min,1774504875,2026-03-26 11:46,2026-03-26,298,298.5,298,298.5,200
AKPL,1min,1774504965,2026-03-26 11:47,2026-03-26,298.5,298.5,298.2,298.5,310
AKPL,1min,1774505029,2026-03-26 11:48,2026-03-26,298.5,298.5,298.5,298.5,500
AKPL,1min,1774505081,2026-03-26 11:49,2026-03-26,298.5,299,298.5,299,1510
AKPL,1min,1774505147,2026-03-26 11:50,2026-03-26,299,301,299,299,15690
AKPL,1min,1774505218,2026-03-26 11:51,2026-03-26,299,299,299,299,55
AKPL,1min,1774505273,2026-03-26 11:52,2026-03-26,299,299,298.5,298.5,0
AKPL,1min,1774505334,2026-03-26 11:53,2026-03-26,298.5,300.5,298.5,300.5,630
AKPL,1min,1774505394,2026-03-26 11:54,2026-03-26,300.5,300.5,300,300,55
AKPL,1min,1774505444,2026-03-26 11:55,2026-03-26,300,301.9,300,301.9,662
AKPL,1min,1774505574,2026-03-26 11:57,2026-03-26,301.9,301.9,300,300,25
AKPL,1min,1774505665,2026-03-26 11:59,2026-03-26,300,300,300,300,0
AKPL,1min,1774505775,2026-03-26 12:01,2026-03-26,300,300.2,300,300.2,723
AKPL,1min,1774505873,2026-03-26 12:02,2026-03-26,300.2,300.2,300,300,2997
AKPL,1min,1774505904,2026-03-26 12:03,2026-03-26,300,300,300,300,200
AKPL,1min,1774505992,2026-03-26 12:04,2026-03-26,300,300,299.4,299.4,19
AKPL,1min,1774506053,2026-03-26 12:05,2026-03-26,299.4,299.4,299.1,299.1,288
AKPL,1min,1774506173,2026-03-26 12:07,2026-03-26,299.1,300,299,300,4900
AKPL,1min,1774506237,2026-03-26 12:08,2026-03-26,300,300,298.4,299.5,1000
AKPL,1min,1774506275,2026-03-26 12:09,2026-03-26,299.5,300,299,299,2000
AKPL,1min,1774506342,2026-03-26 12:10,2026-03-26,299,299,299,299,200
AKPL,1min,1774506397,2026-03-26 12:11,2026-03-26,299,299,299,299,610
AKPL,1min,1774506472,2026-03-26 12:12,2026-03-26,299,300,299,299,646
AKPL,1min,1774506532,2026-03-26 12:13,2026-03-26,299,299,299,299,490
AKPL,1min,1774506592,2026-03-26 12:14,2026-03-26,299,299,299,299,100
AKPL,1min,1774506995,2026-03-26 12:21,2026-03-26,299,300,298.6,300,1699
AKPL,1min,1774507067,2026-03-26 12:22,2026-03-26,300,300,299,299,0
AKPL,1min,1774507111,2026-03-26 12:23,2026-03-26,299,299,298.3,298.3,9232
AKPL,1min,1774507190,2026-03-26 12:24,2026-03-26,298.3,299,298.3,299,0
AKPL,1min,1774507255,2026-03-26 12:25,2026-03-26,299,300.6,298.6,300.6,18708
AKPL,1min,1774507296,2026-03-26 12:26,2026-03-26,300.6,300.6,300.6,300.6,183
AKPL,1min,1774507369,2026-03-26 12:27,2026-03-26,300.6,300.7,300.6,300.7,33
AKPL,1min,1774507425,2026-03-26 12:28,2026-03-26,300.7,300.7,300.6,300.6,533
AKPL,1min,1774507442,2026-03-26 12:29,2026-03-26,300.6,300.6,300.6,300.6,200
AKPL,1min,1774507507,2026-03-26 12:30,2026-03-26,300.6,300.6,300.6,300.6,17
AKPL,1min,1774507564,2026-03-26 12:31,2026-03-26,300.6,300.9,300.6,300.9,20
AKPL,1min,1774507664,2026-03-26 12:32,2026-03-26,300.9,300.9,300.6,300.6,2090
AKPL,1min,1774507732,2026-03-26 12:33,2026-03-26,300.6,300.6,300,300,401
AKPL,1min,1774507850,2026-03-26 12:35,2026-03-26,300,300,300,300,1200
AKPL,1min,1774507909,2026-03-26 12:36,2026-03-26,300,300,300,300,100
AKPL,1min,1774507973,2026-03-26 12:37,2026-03-26,300,300,299.2,299.2,225
AKPL,1min,1774508037,2026-03-26 12:38,2026-03-26,299.2,300,299,299.3,1320
AKPL,1min,1774508093,2026-03-26 12:39,2026-03-26,299.3,299.3,299.3,299.3,40
AKPL,1min,1774508135,2026-03-26 12:40,2026-03-26,299.3,299.3,299,299,290
AKPL,1min,1774508164,2026-03-26 12:41,2026-03-26,299,299,299,299,100
AKPL,1min,1774508248,2026-03-26 12:42,2026-03-26,299,301,299,301,3000
AKPL,1min,1774508379,2026-03-26 12:44,2026-03-26,301,301,300,301,4030
AKPL,1min,1774508421,2026-03-26 12:45,2026-03-26,301,301,301,301,100
AKPL,1min,1774508574,2026-03-26 12:47,2026-03-26,301,301.5,300.1,300.1,676
AKPL,1min,1774508616,2026-03-26 12:48,2026-03-26,300.1,302,300.1,302,8000
AKPL,1min,1774508722,2026-03-26 12:50,2026-03-26,302,302,301,301,1330
AKPL,1min,1774508810,2026-03-26 12:51,2026-03-26,301,301,301,301,614
AKPL,1min,1774508838,2026-03-26 12:52,2026-03-26,301,302,301,301,210
AKPL,1min,1774508912,2026-03-26 12:53,2026-03-26,301,302.8,301,302.8,300
AKPL,1min,1774508983,2026-03-26 12:54,2026-03-26,302.8,302.9,302.8,302.9,700
AKPL,1min,1774509046,2026-03-26 12:55,2026-03-26,302.9,302.9,302,302.1,300
AKPL,1min,1774509173,2026-03-26 12:57,2026-03-26,302.1,303,302.1,303,351
AKPL,1min,1774509227,2026-03-26 12:58,2026-03-26,303,303,303,303,429
AKPL,1min,1774509295,2026-03-26 12:59,2026-03-26,303,303,303,303,1200
AKPL,1min,1774509357,2026-03-26 13:00,2026-03-26,303,303,302.5,302.5,300
AKPL,1min,1774509396,2026-03-26 13:01,2026-03-26,302.5,302.5,302.5,302.5,50
AKPL,1min,1774509446,2026-03-26 13:02,2026-03-26,302.5,303,302.5,303,924
AKPL,1min,1774509483,2026-03-26 13:03,2026-03-26,303,303,302,302,374
AKPL,1min,1774509596,2026-03-26 13:04,2026-03-26,302,303,302,303,2416
AKPL,1min,1774509637,2026-03-26 13:05,2026-03-26,303,303,303,303,338
AKPL,1min,1774509710,2026-03-26 13:06,2026-03-26,303,304.6,303,304.6,7782
AKPL,1min,1774509749,2026-03-26 13:07,2026-03-26,304.6,304.9,304.6,304.9,438
AKPL,1min,1774509834,2026-03-26 13:08,2026-03-26,304.9,304.9,304.5,304.5,184
AKPL,1min,1774509896,2026-03-26 13:09,2026-03-26,304.5,305,304,304,1835
AKPL,1min,1774509927,2026-03-26 13:10,2026-03-26,304,305,304,305,1100
AKPL,1min,1774509975,2026-03-26 13:11,2026-03-26,305,305,305,305,1338
AKPL,1min,1774510075,2026-03-26 13:12,2026-03-26,305,305,304,304,3110
AKPL,1min,1774510128,2026-03-26 13:13,2026-03-26,304,305,302.1,305,5000
AKPL,1min,1774510152,2026-03-26 13:14,2026-03-26,305,305,305,305,0
AKPL,1min,1774510218,2026-03-26 13:15,2026-03-26,305,305,305,305,1500
AKPL,1min,1774510374,2026-03-26 13:17,2026-03-26,305,305,302.1,302.1,2400
AKPL,1min,1774510416,2026-03-26 13:18,2026-03-26,302.1,302.2,302.1,302.2,50
AKPL,1min,1774510488,2026-03-26 13:19,2026-03-26,302.2,302.3,301.1,301.1,4774
AKPL,1min,1774510540,2026-03-26 13:20,2026-03-26,301.1,301.1,301,301,2000
AKPL,1min,1774510566,2026-03-26 13:21,2026-03-26,301,301,301,301,200
AKPL,1min,1774510696,2026-03-26 13:23,2026-03-26,301,301,301,301,875
AKPL,1min,1774510893,2026-03-26 13:26,2026-03-26,301,301,300.6,301,1048
AKPL,1min,1774510963,2026-03-26 13:27,2026-03-26,301,301,300.6,301,2787
AKPL,1min,1774511067,2026-03-26 13:29,2026-03-26,301,301,300.7,300.7,67
AKPL,1min,1774511157,2026-03-26 13:30,2026-03-26,300.7,301,300.7,301,510
AKPL,1min,1774511210,2026-03-26 13:31,2026-03-26,301,301.1,301,301.1,185
AKPL,1min,1774511271,2026-03-26 13:32,2026-03-26,301.1,301.9,301,301.9,1075
AKPL,1min,1774511307,2026-03-26 13:33,2026-03-26,301.9,301.9,301,301,2000
AKPL,1min,1774511451,2026-03-26 13:35,2026-03-26,301,301,301,301,618
AKPL,1min,1774511480,2026-03-26 13:36,2026-03-26,301,301,301,301,1005
AKPL,1min,1774511546,2026-03-26 13:37,2026-03-26,301,301,300.1,300.1,10000
AKPL,1min,1774511699,2026-03-26 13:39,2026-03-26,300.1,301,300.1,301,180
AKPL,1min,1774511809,2026-03-26 13:41,2026-03-26,301,301,301,301,850
AKPL,1min,1774512027,2026-03-26 13:45,2026-03-26,301,301.3,301,301.3,600
AKPL,1min,1774512152,2026-03-26 13:47,2026-03-26,301.3,301.8,301.3,301.8,30
AKPL,1min,1774512222,2026-03-26 13:48,2026-03-26,301.8,302,301.8,302,3400
AKPL,1min,1774512276,2026-03-26 13:49,2026-03-26,302,302,302,302,1858
AKPL,1min,1774512319,2026-03-26 13:50,2026-03-26,302,302,302,302,697
AKPL,1min,1774512373,2026-03-26 13:51,2026-03-26,302,303,302,302,1040
AKPL,1min,1774512466,2026-03-26 13:52,2026-03-26,302,303,302,303,550
AKPL,1min,1774512530,2026-03-26 13:53,2026-03-26,303,303.9,303,303.9,1020
AKPL,1min,1774512570,2026-03-26 13:54,2026-03-26,303.9,303.9,302,302,0
AKPL,1min,1774512607,2026-03-26 13:55,2026-03-26,302,302,302,302,3300
AKPL,1min,1774512701,2026-03-26 13:56,2026-03-26,302,303,302,303,1000
AKPL,1min,1774512787,2026-03-26 13:58,2026-03-26,303,303,301.2,301.2,2000
AKPL,1min,1774512957,2026-03-26 14:00,2026-03-26,301.2,303,301.2,303,400
AKPL,1min,1774513053,2026-03-26 14:02,2026-03-26,303,303,302,302,700
AKPL,1min,1774513109,2026-03-26 14:03,2026-03-26,302,302,302,302,300
AKPL,1min,1774513246,2026-03-26 14:05,2026-03-26,302,302.9,302,302.9,50
AKPL,1min,1774513269,2026-03-26 14:06,2026-03-26,302.9,302.9,302,302,2320
AKPL,1min,1774513343,2026-03-26 14:07,2026-03-26,302,302,301.5,301.5,815
AKPL,1min,1774513414,2026-03-26 14:08,2026-03-26,301.5,301.5,301.5,301.5,51
AKPL,1min,1774513458,2026-03-26 14:09,2026-03-26,301.5,301.5,301.3,301.3,632
AKPL,1min,1774513501,2026-03-26 14:10,2026-03-26,301.3,301.5,301.3,301.5,0
AKPL,1min,1774513575,2026-03-26 14:11,2026-03-26,301.5,301.5,301.3,301.3,14
AKPL,1min,1774513733,2026-03-26 14:13,2026-03-26,301.3,301.3,301.2,301.3,1487
AKPL,1min,1774513769,2026-03-26 14:14,2026-03-26,301.3,301.3,301,301,3136
AKPL,1min,1774513858,2026-03-26 14:15,2026-03-26,301,301.5,301,301.5,267
AKPL,1min,1774513966,2026-03-26 14:17,2026-03-26,301.5,301.8,301.5,301.8,80
AKPL,1min,1774514125,2026-03-26 14:20,2026-03-26,301.8,301.8,300.3,300.3,100
AKPL,1min,1774514201,2026-03-26 14:21,2026-03-26,300.3,301.5,300.1,301.5,3345
AKPL,1min,1774514310,2026-03-26 14:23,2026-03-26,301.5,301.5,301.5,301.5,365
AKPL,1min,1774514390,2026-03-26 14:24,2026-03-26,301.5,302,301.5,302,1050
AKPL,1min,1774514503,2026-03-26 14:26,2026-03-26,302,302.9,302,302.9,2362
AKPL,1min,1774514577,2026-03-26 14:27,2026-03-26,302.9,302.9,302,302,621
AKPL,1min,1774514632,2026-03-26 14:28,2026-03-26,302,302,301.5,301.5,353
AKPL,1min,1774514687,2026-03-26 14:29,2026-03-26,301.5,301.5,301.1,301.1,20
AKPL,1min,1774514720,2026-03-26 14:30,2026-03-26,301.1,301.2,301.1,301.2,21
AKPL,1min,1774514786,2026-03-26 14:31,2026-03-26,301.2,302,301.2,301.2,1579
AKPL,1min,1774514854,2026-03-26 14:32,2026-03-26,301.2,301.2,301.2,301.2,636
AKPL,1min,1774514915,2026-03-26 14:33,2026-03-26,301.2,302,301.2,301.2,3913
AKPL,1min,1774514984,2026-03-26 14:34,2026-03-26,301.2,303,301.2,303,1010
AKPL,1min,1774515017,2026-03-26 14:35,2026-03-26,303,303,302.1,303,673
AKPL,1min,1774515072,2026-03-26 14:36,2026-03-26,303,303,303,303,425
AKPL,1min,1774515173,2026-03-26 14:37,2026-03-26,303,303,302.9,302.9,0
AKPL,1min,1774515230,2026-03-26 14:38,2026-03-26,302.9,302.9,302.1,302.5,541
AKPL,1min,1774515290,2026-03-26 14:39,2026-03-26,302.5,303,302.5,303,3000
AKPL,1min,1774515339,2026-03-26 14:40,2026-03-26,303,303,303,303,2365
AKPL,1min,1774515403,2026-03-26 14:41,2026-03-26,303,303,303,303,600
AKPL,1min,1774515463,2026-03-26 14:42,2026-03-26,303,303,302.5,302.9,3785
AKPL,1min,1774515538,2026-03-26 14:43,2026-03-26,302.9,302.9,302.2,302.9,5700
AKPL,1min,1774515585,2026-03-26 14:44,2026-03-26,302.9,302.9,302,302,500
AKPL,1min,1774515658,2026-03-26 14:45,2026-03-26,302,302,301.1,301.9,9213
AKPL,1min,1774515708,2026-03-26 14:46,2026-03-26,301.9,302,301,302,742
AKPL,1min,1774515776,2026-03-26 14:47,2026-03-26,302,302,302,302,8270
AKPL,1min,1774515831,2026-03-26 14:48,2026-03-26,302,303,302,303,3678
AKPL,1min,1774515889,2026-03-26 14:49,2026-03-26,303,303,302.1,303,3400
AKPL,1min,1774515944,2026-03-26 14:50,2026-03-26,303,303,302.1,302.1,900
AKPL,1min,1774516000,2026-03-26 14:51,2026-03-26,302.1,302.5,302,302.5,9990
AKPL,1min,1774516057,2026-03-26 14:52,2026-03-26,302.5,303,302.5,303,2020
AKPL,1min,1774516139,2026-03-26 14:53,2026-03-26,303,303,302.6,303,3424
AKPL,1min,1774516198,2026-03-26 14:54,2026-03-26,303,303,302.7,302.7,3620
AKPL,1min,1774516247,2026-03-26 14:55,2026-03-26,302.7,302.9,302.6,302.9,3623
AKPL,1min,1774516314,2026-03-26 14:56,2026-03-26,302.9,303,302.9,303,3755
AKPL,1min,1774516372,2026-03-26 14:57,2026-03-26,303,303,302.7,303,11260
AKPL,1min,1774516431,2026-03-26 14:58,2026-03-26,303,303,302,302,17572
AKPL,1min,1774516499,2026-03-26 14:59,2026-03-26,302,304.9,301.8,304.9,15946
AKPL,1min,1774761300,2026-03-29 11:00,2026-03-29,304.9,304.9,304.9,304.9,2160
AKPL,1min,1774761416,2026-03-29 11:01,2026-03-29,304.9,304.9,300,300,7174
AKPL,1min,1774761479,2026-03-29 11:02,2026-03-29,300,300,298.9,298.9,4000
AKPL,1min,1774761535,2026-03-29 11:03,2026-03-29,298.9,299,298.1,299,4436
AKPL,1min,1774761579,2026-03-29 11:04,2026-03-29,299,299,296,296,2294
AKPL,1min,1774761647,2026-03-29 11:05,2026-03-29,296,299,296,299,7400
AKPL,1min,1774761719,2026-03-29 11:06,2026-03-29,299,301,299,301,9527
AKPL,1min,1774761755,2026-03-29 11:07,2026-03-29,301,302,301,302,323
AKPL,1min,1774761829,2026-03-29 11:08,2026-03-29,302,304,302,303,5940
AKPL,1min,1774761895,2026-03-29 11:09,2026-03-29,303,305,303,305,8564
AKPL,1min,1774761946,2026-03-29 11:10,2026-03-29,305,305,304,304,340
AKPL,1min,1774762049,2026-03-29 11:12,2026-03-29,304,304,302.1,302.1,4860
AKPL,1min,1774762134,2026-03-29 11:13,2026-03-29,302.1,302.1,301.1,301.1,1628
AKPL,1min,1774762189,2026-03-29 11:14,2026-03-29,301.1,302,301,301,7475
AKPL,1min,1774762247,2026-03-29 11:15,2026-03-29,301,302.1,300.1,300.1,3166
AKPL,1min,1774762280,2026-03-29 11:16,2026-03-29,300.1,300.2,300.1,300.2,500
AKPL,1min,1774762375,2026-03-29 11:17,2026-03-29,300.2,300.2,300.1,300.1,2750
AKPL,1min,1774762422,2026-03-29 11:18,2026-03-29,300.1,300.1,300.1,300.1,2430
AKPL,1min,1774762486,2026-03-29 11:19,2026-03-29,300.1,300.1,300,300,3980
AKPL,1min,1774762552,2026-03-29 11:20,2026-03-29,300,300,299.3,299.3,1073
AKPL,1min,1774762574,2026-03-29 11:21,2026-03-29,299.3,300,299.3,300,50
AKPL,1min,1774762676,2026-03-29 11:22,2026-03-29,300,300,299.3,299.3,1620
AKPL,1min,1774762734,2026-03-29 11:23,2026-03-29,299.3,299.5,299.3,299.3,1190
AKPL,1min,1774762794,2026-03-29 11:24,2026-03-29,299.3,299.3,299,299,3949
AKPL,1min,1774762913,2026-03-29 11:26,2026-03-29,299,299,299,299,1428
AKPL,1min,1774762945,2026-03-29 11:27,2026-03-29,299,299,299,299,0
AKPL,1min,1774763015,2026-03-29 11:28,2026-03-29,299,299.9,299,299.9,4870
AKPL,1min,1774763055,2026-03-29 11:29,2026-03-29,299.9,299.9,299.1,299.1,1140
AKPL,1min,1774763137,2026-03-29 11:30,2026-03-29,299.1,300,299.1,300,500
AKPL,1min,1774763178,2026-03-29 11:31,2026-03-29,300,300,299.9,299.9,3282
AKPL,1min,1774763259,2026-03-29 11:32,2026-03-29,299.9,300,299.9,300,150
AKPL,1min,1774763306,2026-03-29 11:33,2026-03-29,300,300,300,300,150
AKPL,1min,1774763389,2026-03-29 11:34,2026-03-29,300,300,299.2,299.2,395
AKPL,1min,1774763518,2026-03-29 11:36,2026-03-29,299.2,299.9,299.2,299.9,217
AKPL,1min,1774763574,2026-03-29 11:37,2026-03-29,299.9,299.9,299.5,299.9,100
AKPL,1min,1774763636,2026-03-29 11:38,2026-03-29,299.9,299.9,299.9,299.9,691
AKPL,1min,1774763693,2026-03-29 11:39,2026-03-29,299.9,299.9,299,299,4585
AKPL,1min,1774763866,2026-03-29 11:42,2026-03-29,299,299.2,299,299,6028
AKPL,1min,1774763929,2026-03-29 11:43,2026-03-29,299,299,299,299,3390
AKPL,1min,1774763997,2026-03-29 11:44,2026-03-29,299,299,299,299,100
AKPL,1min,1774764054,2026-03-29 11:45,2026-03-29,299,299,299,299,600
AKPL,1min,1774764117,2026-03-29 11:46,2026-03-29,299,299,298.5,298.5,0
AKPL,1min,1774764157,2026-03-29 11:47,2026-03-29,298.5,298.5,298.5,298.5,512
AKPL,1min,1774764222,2026-03-29 11:48,2026-03-29,298.5,298.5,298.5,298.5,721
AKPL,1min,1774764253,2026-03-29 11:49,2026-03-29,298.5,298.5,298.4,298.4,100
AKPL,1min,1774764354,2026-03-29 11:50,2026-03-29,298.4,298.4,298.3,298.3,1500
AKPL,1min,1774764412,2026-03-29 11:51,2026-03-29,298.3,298.4,298.3,298.4,99
AKPL,1min,1774764448,2026-03-29 11:52,2026-03-29,298.4,298.5,298.4,298.5,1010
AKPL,1min,1774764532,2026-03-29 11:53,2026-03-29,298.5,298.5,298.2,298.2,683
AKPL,1min,1774764591,2026-03-29 11:54,2026-03-29,298.2,298.4,298.2,298.2,1200
AKPL,1min,1774764607,2026-03-29 11:55,2026-03-29,298.2,298.2,298.1,298.1,820
AKPL,1min,1774764718,2026-03-29 11:56,2026-03-29,298.1,298.1,298,298,3522
AKPL,1min,1774764774,2026-03-29 11:57,2026-03-29,298,298.5,298,298,3105
AKPL,1min,1774764816,2026-03-29 11:58,2026-03-29,298,298,298,298,1420
AKPL,1min,1774764896,2026-03-29 11:59,2026-03-29,298,298,297.5,297.5,212
AKPL,1min,1774764937,2026-03-29 12:00,2026-03-29,297.5,297.5,297.3,297.3,281
AKPL,1min,1774765009,2026-03-29 12:01,2026-03-29,297.3,297.3,297,297,2489
AKPL,1min,1774765078,2026-03-29 12:02,2026-03-29,297,297.1,296.5,296.5,5009
AKPL,1min,1774765134,2026-03-29 12:03,2026-03-29,296.5,297,296.5,297,30
AKPL,1min,1774765199,2026-03-29 12:04,2026-03-29,297,297,296.2,297,2566
AKPL,1min,1774765248,2026-03-29 12:05,2026-03-29,297,297,297,297,840
AKPL,1min,1774765378,2026-03-29 12:07,2026-03-29,297,297,296.3,296.3,2005
AKPL,1min,1774765439,2026-03-29 12:08,2026-03-29,296.3,296.3,296,296,2625
AKPL,1min,1774765478,2026-03-29 12:09,2026-03-29,296,296.1,295.1,295.1,10622
AKPL,1min,1774765522,2026-03-29 12:10,2026-03-29,295.1,296,295.1,296,115
AKPL,1min,1774765613,2026-03-29 12:11,2026-03-29,296,296,295.2,295.3,3038
AKPL,1min,1774765674,2026-03-29 12:12,2026-03-29,295.3,295.3,295.2,295.2,61
AKPL,1min,1774765726,2026-03-29 12:13,2026-03-29,295.2,295.2,295.1,295.1,2119
AKPL,1min,1774765797,2026-03-29 12:14,2026-03-29,295.1,295.3,295.1,295.3,301
AKPL,1min,1774765846,2026-03-29 12:15,2026-03-29,295.3,295.3,295.2,295.2,1000
AKPL,1min,1774765915,2026-03-29 12:16,2026-03-29,295.2,295.3,295.2,295.2,2570
AKPL,1min,1774765978,2026-03-29 12:17,2026-03-29,295.2,295.3,295,295.1,9570
AKPL,1min,1774766028,2026-03-29 12:18,2026-03-29,295.1,296,295.1,295.5,4235
AKPL,1min,1774766095,2026-03-29 12:19,2026-03-29,295.5,297,295.5,297,4604
AKPL,1min,1774766155,2026-03-29 12:20,2026-03-29,297,297.3,297,297.3,2850
AKPL,1min,1774766210,2026-03-29 12:21,2026-03-29,297.3,298.2,297.3,298.2,801
AKPL,1min,1774766274,2026-03-29 12:22,2026-03-29,298.2,299.1,298.2,299.1,2638
AKPL,1min,1774766330,2026-03-29 12:23,2026-03-29,299.1,299.6,299.1,299.6,650
AKPL,1min,1774766394,2026-03-29 12:24,2026-03-29,299.6,299.6,299.3,299.3,882
AKPL,1min,1774766459,2026-03-29 12:25,2026-03-29,299.3,299.3,298.6,298.6,4418
AKPL,1min,1774766518,2026-03-29 12:26,2026-03-29,298.6,299,298.6,299,5000
AKPL,1min,1774766550,2026-03-29 12:27,2026-03-29,299,299,298,298,1000
AKPL,1min,1774766636,2026-03-29 12:28,2026-03-29,298,299.5,298,298,1521
AKPL,1min,1774766690,2026-03-29 12:29,2026-03-29,298,298,298,298,2869
AKPL,1min,1774766758,2026-03-29 12:30,2026-03-29,298,298,296.1,296.1,8040
AKPL,1min,1774766815,2026-03-29 12:31,2026-03-29,296.1,296.1,296,296,8340
AKPL,1min,1774766869,2026-03-29 12:32,2026-03-29,296,297,296,296.2,2010
AKPL,1min,1774766915,2026-03-29 12:33,2026-03-29,296.2,297,296.1,297,2500
AKPL,1min,1774766978,2026-03-29 12:34,2026-03-29,297,297,296.1,296.1,0
AKPL,1min,1774767033,2026-03-29 12:35,2026-03-29,296.1,297,296.1,297,5600
AKPL,1min,1774767084,2026-03-29 12:36,2026-03-29,297,297,297,297,100
AKPL,1min,1774767265,2026-03-29 12:39,2026-03-29,297,297,296.1,296.1,300
AKPL,1min,1774767359,2026-03-29 12:40,2026-03-29,296.1,296.1,296,296,180
AKPL,1min,1774767417,2026-03-29 12:41,2026-03-29,296,296,296,296,5525
AKPL,1min,1774767434,2026-03-29 12:42,2026-03-29,296,296,295.5,295.5,844
AKPL,1min,1774767517,2026-03-29 12:43,2026-03-29,295.5,296.5,295.5,296.5,18620
AKPL,1min,1774767566,2026-03-29 12:44,2026-03-29,296.5,296.5,296,296,286
AKPL,1min,1774767640,2026-03-29 12:45,2026-03-29,296,296.4,295.1,296.4,5300
AKPL,1min,1774767696,2026-03-29 12:46,2026-03-29,296.4,296.4,296.4,296.4,240
AKPL,1min,1774767828,2026-03-29 12:48,2026-03-29,296.4,296.4,295.2,295.2,500
AKPL,1min,1774767890,2026-03-29 12:49,2026-03-29,295.2,295.2,295.2,295.2,3920
AKPL,1min,1774767948,2026-03-29 12:50,2026-03-29,295.2,296,295.2,296,2480
AKPL,1min,1774767994,2026-03-29 12:51,2026-03-29,296,296,295.2,295.3,2865
AKPL,1min,1774768073,2026-03-29 12:52,2026-03-29,295.3,295.8,295.3,295.8,100
AKPL,1min,1774768113,2026-03-29 12:53,2026-03-29,295.8,295.8,295.5,295.5,500
AKPL,1min,1774768193,2026-03-29 12:54,2026-03-29,295.5,296.3,295.5,296.3,957
AKPL,1min,1774768345,2026-03-29 12:57,2026-03-29,296.3,297,296.3,297,750
AKPL,1min,1774768383,2026-03-29 12:58,2026-03-29,297,297,297,297,50
AKPL,1min,1774768527,2026-03-29 13:00,2026-03-29,297,297.6,297,297.6,590
AKPL,1min,1774768579,2026-03-29 13:01,2026-03-29,297.6,297.6,297.6,297.6,50
AKPL,1min,1774768671,2026-03-29 13:02,2026-03-29,297.6,297.6,296.3,296.3,6888
AKPL,1min,1774768731,2026-03-29 13:03,2026-03-29,296.3,297.5,296.3,297,500
AKPL,1min,1774768790,2026-03-29 13:04,2026-03-29,297,297,296.6,296.6,2170
AKPL,1min,1774768845,2026-03-29 13:05,2026-03-29,296.6,296.6,296,296,3190
AKPL,1min,1774768881,2026-03-29 13:06,2026-03-29,296,296,295.5,295.5,846
AKPL,1min,1774768951,2026-03-29 13:07,2026-03-29,295.5,296,295.5,296,150
AKPL,1min,1774769028,2026-03-29 13:08,2026-03-29,296,296,295.6,295.6,1410
AKPL,1min,1774769094,2026-03-29 13:09,2026-03-29,295.6,295.8,295.6,295.8,60
AKPL,1min,1774769247,2026-03-29 13:12,2026-03-29,295.8,296,295.8,296,1000
AKPL,1min,1774769318,2026-03-29 13:13,2026-03-29,296,296,296,296,140
AKPL,1min,1774769371,2026-03-29 13:14,2026-03-29,296,296,296,296,0
AKPL,1min,1774769500,2026-03-29 13:16,2026-03-29,296,296.9,296,296.1,1662
AKPL,1min,1774769628,2026-03-29 13:18,2026-03-29,296.1,296.5,296.1,296.5,50
AKPL,1min,1774769692,2026-03-29 13:19,2026-03-29,296.5,296.7,296,296,3611
AKPL,1min,1774769819,2026-03-29 13:21,2026-03-29,296,296,295.9,296,1947
AKPL,1min,1774769833,2026-03-29 13:22,2026-03-29,296,296,296,296,500
AKPL,1min,1774769917,2026-03-29 13:23,2026-03-29,296,296,296,296,2107
AKPL,1min,1774769988,2026-03-29 13:24,2026-03-29,296,296,296,296,1000
AKPL,1min,1774770054,2026-03-29 13:25,2026-03-29,296,296,295.8,295.8,848
AKPL,1min,1774770079,2026-03-29 13:26,2026-03-29,295.8,295.9,295.8,295.9,200
AKPL,1min,1774770166,2026-03-29 13:27,2026-03-29,295.9,295.9,295.6,295.6,5100
AKPL,1min,1774770239,2026-03-29 13:28,2026-03-29,295.6,295.8,295.5,295.6,2190
AKPL,1min,1774770289,2026-03-29 13:29,2026-03-29,295.6,295.6,295.2,295.5,7100
AKPL,1min,1774770334,2026-03-29 13:30,2026-03-29,295.5,295.5,295.1,295.1,1000
AKPL,1min,1774770376,2026-03-29 13:31,2026-03-29,295.1,295.1,295.1,295.1,1700
AKPL,1min,1774770471,2026-03-29 13:32,2026-03-29,295.1,295.3,295.1,295.3,0
AKPL,1min,1774770532,2026-03-29 13:33,2026-03-29,295.3,295.3,295.3,295.3,4720
AKPL,1min,1774770557,2026-03-29 13:34,2026-03-29,295.3,295.3,295.2,295.2,948
AKPL,1min,1774770645,2026-03-29 13:35,2026-03-29,295.2,295.2,295,295.2,17490
AKPL,1min,1774770708,2026-03-29 13:36,2026-03-29,295.2,295.6,295,295.6,9540
AKPL,1min,1774770773,2026-03-29 13:37,2026-03-29,295.6,295.6,294.7,295,6690
AKPL,1min,1774770834,2026-03-29 13:38,2026-03-29,295,295,294.7,294.7,3465
AKPL,1min,1774770898,2026-03-29 13:39,2026-03-29,294.7,294.7,294.1,294.1,2300
AKPL,1min,1774770950,2026-03-29 13:40,2026-03-29,294.1,294.1,294.1,294.1,908
AKPL,1min,1774771011,2026-03-29 13:41,2026-03-29,294.1,295,294,295,6789
AKPL,1min,1774771079,2026-03-29 13:42,2026-03-29,295,295,294,294,4091
AKPL,1min,1774771105,2026-03-29 13:43,2026-03-29,294,295,294,295,1200
AKPL,1min,1774771171,2026-03-29 13:44,2026-03-29,295,295,293.5,293.5,350
AKPL,1min,1774771239,2026-03-29 13:45,2026-03-29,293.5,293.6,293.5,293.6,25
AKPL,1min,1774771314,2026-03-29 13:46,2026-03-29,293.6,294,293.6,294,899
AKPL,1min,1774771374,2026-03-29 13:47,2026-03-29,294,294,293.7,293.7,326
AKPL,1min,1774771429,2026-03-29 13:48,2026-03-29,293.7,294,293.7,294,2650
AKPL,1min,1774771557,2026-03-29 13:50,2026-03-29,294,294,294,294,1824
AKPL,1min,1774771580,2026-03-29 13:51,2026-03-29,294,294,294,294,457
AKPL,1min,1774771670,2026-03-29 13:52,2026-03-29,294,294.4,293.1,293.1,500
AKPL,1min,1774771712,2026-03-29 13:53,2026-03-29,293.1,296,293.1,296,12923
AKPL,1min,1774771788,2026-03-29 13:54,2026-03-29,296,296,296,296,500
AKPL,1min,1774771872,2026-03-29 13:56,2026-03-29,296,296,296,296,600
AKPL,1min,1774771938,2026-03-29 13:57,2026-03-29,296,296,295,295,500
AKPL,1min,1774772039,2026-03-29 13:58,2026-03-29,295,295,295,295,2560
AKPL,1min,1774772072,2026-03-29 13:59,2026-03-29,295,295,295,295,500
AKPL,1min,1774772153,2026-03-29 14:00,2026-03-29,295,296,295,296,890
AKPL,1min,1774772211,2026-03-29 14:01,2026-03-29,296,296,296,296,0
AKPL,1min,1774772265,2026-03-29 14:02,2026-03-29,296,296,296,296,233
AKPL,1min,1774772325,2026-03-29 14:03,2026-03-29,296,296,296,296,852
AKPL,1min,1774772376,2026-03-29 14:04,2026-03-29,296,296,296,296,148
AKPL,1min,1774772453,2026-03-29 14:05,2026-03-29,296,296.4,295.1,296.4,3689
AKPL,1min,1774772478,2026-03-29 14:06,2026-03-29,296.4,296.4,295.2,295.2,400
AKPL,1min,1774772573,2026-03-29 14:07,2026-03-29,295.2,295.2,295.2,295.2,12
AKPL,1min,1774772622,2026-03-29 14:08,2026-03-29,295.2,295.2,295,295,2575
AKPL,1min,1774772696,2026-03-29 14:09,2026-03-29,295,296.3,295,296.3,10
AKPL,1min,1774772754,2026-03-29 14:10,2026-03-29,296.3,296.3,294,294,6796
AKPL,1min,1774772817,2026-03-29 14:11,2026-03-29,294,294,294,294,5950
AKPL,1min,1774772873,2026-03-29 14:12,2026-03-29,294,294.7,294,294,1600
AKPL,1min,1774772892,2026-03-29 14:13,2026-03-29,294,294,293.3,293.3,1100
AKPL,1min,1774772996,2026-03-29 14:14,2026-03-29,293.3,293.3,293.1,293.3,3590
AKPL,1min,1774773057,2026-03-29 14:15,2026-03-29,293.3,293.3,293.1,293.2,2925
AKPL,1min,1774773116,2026-03-29 14:16,2026-03-29,293.2,293.2,293.1,293.2,1200
AKPL,1min,1774773137,2026-03-29 14:17,2026-03-29,293.2,293.3,293.2,293.3,1320
AKPL,1min,1774773235,2026-03-29 14:18,2026-03-29,293.3,294,293.3,294,100
AKPL,1min,1774773289,2026-03-29 14:19,2026-03-29,294,294,293.5,293.5,110
AKPL,1min,1774773338,2026-03-29 14:20,2026-03-29,293.5,293.5,293.5,293.5,300
AKPL,1min,1774773409,2026-03-29 14:21,2026-03-29,293.5,293.6,293.5,293.6,0
AKPL,1min,1774773430,2026-03-29 14:22,2026-03-29,293.6,294,293.6,294,278
AKPL,1min,1774773537,2026-03-29 14:23,2026-03-29,294,295,294,295,570
AKPL,1min,1774773564,2026-03-29 14:24,2026-03-29,295,295,294,294,60
AKPL,1min,1774773618,2026-03-29 14:25,2026-03-29,294,294,293.7,293.7,289
AKPL,1min,1774773681,2026-03-29 14:26,2026-03-29,293.7,294,293.7,293.7,741
AKPL,1min,1774773747,2026-03-29 14:27,2026-03-29,293.7,294,293.6,293.6,2150
AKPL,1min,1774773814,2026-03-29 14:28,2026-03-29,293.6,293.7,293.5,293.5,1495
AKPL,1min,1774773861,2026-03-29 14:29,2026-03-29,293.5,294.9,293.5,294.9,3670
AKPL,1min,1774774004,2026-03-29 14:31,2026-03-29,294.9,294.9,294,294,542
AKPL,1min,1774774053,2026-03-29 14:32,2026-03-29,294,294,294,294,500
AKPL,1min,1774774154,2026-03-29 14:34,2026-03-29,294,294,294,294,250
AKPL,1min,1774774225,2026-03-29 14:35,2026-03-29,294,294,293.8,294,1400
AKPL,1min,1774774308,2026-03-29 14:36,2026-03-29,294,294,293.8,293.8,2020
AKPL,1min,1774774366,2026-03-29 14:37,2026-03-29,293.8,293.8,293.5,293.5,5407
AKPL,1min,1774774430,2026-03-29 14:38,2026-03-29,293.5,293.5,292.8,292.8,20093
AKPL,1min,1774774472,2026-03-29 14:39,2026-03-29,292.8,293.8,292.6,292.6,2040
AKPL,1min,1774774537,2026-03-29 14:40,2026-03-29,292.6,293.5,292,292,415
AKPL,1min,1774774597,2026-03-29 14:41,2026-03-29,292,292,292,292,9546
AKPL,1min,1774774671,2026-03-29 14:42,2026-03-29,292,293,292,293,1110
AKPL,1min,1774774719,2026-03-29 14:43,2026-03-29,293,293,292.5,292.5,45
AKPL,1min,1774774798,2026-03-29 14:44,2026-03-29,292.5,292.5,292,292,5590
AKPL,1min,1774774846,2026-03-29 14:45,2026-03-29,292,292,292,292,120
AKPL,1min,1774774919,2026-03-29 14:46,2026-03-29,292,292,291.5,291.6,4365
AKPL,1min,1774774979,2026-03-29 14:47,2026-03-29,291.6,292,291.5,291.5,3950
AKPL,1min,1774775039,2026-03-29 14:48,2026-03-29,291.5,292,291.5,292,845
AKPL,1min,1774775098,2026-03-29 14:49,2026-03-29,292,293,292,292.1,5273
AKPL,1min,1774775139,2026-03-29 14:50,2026-03-29,292.1,292.1,291.2,291.2,12075
AKPL,1min,1774775202,2026-03-29 14:51,2026-03-29,291.2,292,291.2,292,307
AKPL,1min,1774775267,2026-03-29 14:52,2026-03-29,292,292,292,292,1722
AKPL,1min,1774775332,2026-03-29 14:53,2026-03-29,292,292,291.5,291.5,581
AKPL,1min,1774775386,2026-03-29 14:54,2026-03-29,291.5,292.9,291.5,292.7,1090
AKPL,1min,1774775458,2026-03-29 14:55,2026-03-29,292.7,292.7,292.1,292.1,2620
AKPL,1min,1774775515,2026-03-29 14:56,2026-03-29,292.1,292.7,292,292.5,420
AKPL,1min,1774775563,2026-03-29 14:57,2026-03-29,292.5,292.7,292.5,292.5,1677
AKPL,1min,1774775639,2026-03-29 14:58,2026-03-29,292.5,292.5,291.6,292,9707
AKPL,1min,1774775699,2026-03-29 14:59,2026-03-29,292,292,291.6,291.9,6192
AKPL,1min,1774847810,2026-03-30 11:01,2026-03-30,292.1,292.1,292.1,292.1,1335
AKPL,1min,1774847875,2026-03-30 11:02,2026-03-30,292.1,293,292.1,293,600
AKPL,1min,1774847934,2026-03-30 11:03,2026-03-30,293,293,292.1,292.1,720
AKPL,1min,1774847989,2026-03-30 11:04,2026-03-30,292.1,292.1,290,290,3605
AKPL,1min,1774848030,2026-03-30 11:05,2026-03-30,290,290,288,288,8200
AKPL,1min,1774848109,2026-03-30 11:06,2026-03-30,288,290,286.1,288,5121
AKPL,1min,1774848177,2026-03-30 11:07,2026-03-30,288,289,287,289,285
AKPL,1min,1774848209,2026-03-30 11:08,2026-03-30,289,289,286.3,286.3,1000
AKPL,1min,1774848295,2026-03-30 11:09,2026-03-30,286.3,289.7,286.3,288,640
AKPL,1min,1774848351,2026-03-30 11:10,2026-03-30,288,288,286.7,288,1190
AKPL,1min,1774848378,2026-03-30 11:11,2026-03-30,288,288,287,287,1100
AKPL,1min,1774848473,2026-03-30 11:12,2026-03-30,287,288,287,288,3150
AKPL,1min,1774848533,2026-03-30 11:13,2026-03-30,288,289,288,289,1281
AKPL,1min,1774848583,2026-03-30 11:14,2026-03-30,289,290,289,289.6,3669
AKPL,1min,1774848653,2026-03-30 11:15,2026-03-30,289.6,291,289,291,9397
AKPL,1min,1774848707,2026-03-30 11:16,2026-03-30,291,292,291,292,4090
AKPL,1min,1774848824,2026-03-30 11:18,2026-03-30,292,293,292,293,2091
AKPL,1min,1774848850,2026-03-30 11:19,2026-03-30,293,293,292.1,292.1,1000
AKPL,1min,1774848946,2026-03-30 11:20,2026-03-30,292.1,294,292.1,293,3401
AKPL,1min,1774849008,2026-03-30 11:21,2026-03-30,293,295,293,294,1125
AKPL,1min,1774849022,2026-03-30 11:22,2026-03-30,294,294,294,294,689
AKPL,1min,1774849134,2026-03-30 11:23,2026-03-30,294,294.9,293.2,293.2,270
AKPL,1min,1774849179,2026-03-30 11:24,2026-03-30,293.2,294,293,293,833
AKPL,1min,1774849284,2026-03-30 11:26,2026-03-30,293,293,293,293,4030
AKPL,1min,1774849344,2026-03-30 11:27,2026-03-30,293,294,293,294,2000
AKPL,1min,1774849439,2026-03-30 11:28,2026-03-30,294,294,292,292,5709
AKPL,1min,1774849458,2026-03-30 11:29,2026-03-30,292,292,291.1,291.1,51
AKPL,1min,1774849526,2026-03-30 11:30,2026-03-30,291.1,292,291,291,3200
AKPL,1min,1774849614,2026-03-30 11:31,2026-03-30,291,291,289.1,289.1,6387
AKPL,1min,1774849646,2026-03-30 11:32,2026-03-30,289.1,290,289.1,290,0
AKPL,1min,1774849694,2026-03-30 11:33,2026-03-30,290,290,290,290,120
AKPL,1min,1774849821,2026-03-30 11:35,2026-03-30,290,290,290,290,2932
AKPL,1min,1774849892,2026-03-30 11:36,2026-03-30,290,290,290,290,1289
AKPL,1min,1774849943,2026-03-30 11:37,2026-03-30,290,290.9,290,290.9,235
AKPL,1min,1774849992,2026-03-30 11:38,2026-03-30,290.9,290.9,290.8,290.8,0
AKPL,1min,1774850077,2026-03-30 11:39,2026-03-30,290.8,290.8,290,290,876
AKPL,1min,1774850151,2026-03-30 11:40,2026-03-30,290,290.2,290,290.2,2800
AKPL,1min,1774850195,2026-03-30 11:41,2026-03-30,290.2,290.2,289,290,1846
AKPL,1min,1774850338,2026-03-30 11:43,2026-03-30,290,290,289,289,1900
AKPL,1min,1774850361,2026-03-30 11:44,2026-03-30,289,289,289,289,67
AKPL,1min,1774850470,2026-03-30 11:46,2026-03-30,289,289,288.1,288.1,810
AKPL,1min,1774850564,2026-03-30 11:47,2026-03-30,288.1,290,288.1,290,600
AKPL,1min,1774850635,2026-03-30 11:48,2026-03-30,290,290.8,290,290,3211
AKPL,1min,1774850684,2026-03-30 11:49,2026-03-30,290,291,290,290,4447
AKPL,1min,1774850727,2026-03-30 11:50,2026-03-30,290,290.5,290,290.5,300
AKPL,1min,1774850779,2026-03-30 11:51,2026-03-30,290.5,291,290.5,291,1195
AKPL,1min,1774850870,2026-03-30 11:52,2026-03-30,291,291.8,291,291,635
AKPL,1min,1774850924,2026-03-30 11:53,2026-03-30,291,291,290,290,7060
AKPL,1min,1774850940,2026-03-30 11:54,2026-03-30,290,290.1,290,290.1,30
AKPL,1min,1774851080,2026-03-30 11:56,2026-03-30,290.1,291.8,290.1,291.8,17
AKPL,1min,1774851174,2026-03-30 11:57,2026-03-30,291.8,291.8,291,291,1346
AKPL,1min,1774851224,2026-03-30 11:58,2026-03-30,291,291.7,291,291.7,160
AKPL,1min,1774851279,2026-03-30 11:59,2026-03-30,291.7,291.8,291.2,291.8,7196
AKPL,1min,1774851343,2026-03-30 12:00,2026-03-30,291.8,291.8,291.8,291.8,164
AKPL,1min,1774851377,2026-03-30 12:01,2026-03-30,291.8,291.8,291.8,291.8,3600
AKPL,1min,1774851468,2026-03-30 12:02,2026-03-30,291.8,292,291.7,291.7,540
AKPL,1min,1774851528,2026-03-30 12:03,2026-03-30,291.7,292,291.7,292,937
AKPL,1min,1774851597,2026-03-30 12:04,2026-03-30,292,292.9,292,292.9,1000
AKPL,1min,1774851715,2026-03-30 12:06,2026-03-30,292.9,293,292.9,293,1525
AKPL,1min,1774851769,2026-03-30 12:07,2026-03-30,293,293,293,293,551
AKPL,1min,1774851837,2026-03-30 12:08,2026-03-30,293,293.8,293,293.8,1270
AKPL,1min,1774851889,2026-03-30 12:09,2026-03-30,293.8,293.8,293.5,293.5,100
AKPL,1min,1774852015,2026-03-30 12:11,2026-03-30,293.5,293.9,293.5,293.9,60
AKPL,1min,1774852034,2026-03-30 12:12,2026-03-30,293.9,294,293.9,294,1230
AKPL,1min,1774852090,2026-03-30 12:13,2026-03-30,294,294,294,294,345
AKPL,1min,1774852173,2026-03-30 12:14,2026-03-30,294,294.5,294,294,1975
AKPL,1min,1774852248,2026-03-30 12:15,2026-03-30,294,294,294,294,1436
AKPL,1min,1774852277,2026-03-30 12:16,2026-03-30,294,294,294,294,75
AKPL,1min,1774852365,2026-03-30 12:17,2026-03-30,294,294.9,294,294.9,3300
AKPL,1min,1774852409,2026-03-30 12:18,2026-03-30,294.9,294.9,294.9,294.9,1650
AKPL,1min,1774852494,2026-03-30 12:19,2026-03-30,294.9,295,294.9,295,1665
AKPL,1min,1774852551,2026-03-30 12:20,2026-03-30,295,295,294.9,294.9,1310
AKPL,1min,1774852579,2026-03-30 12:21,2026-03-30,294.9,294.9,294.9,294.9,427
AKPL,1min,1774852656,2026-03-30 12:22,2026-03-30,294.9,294.9,294.2,294.2,573
AKPL,1min,1774852730,2026-03-30 12:23,2026-03-30,294.2,294.2,294,294,150
AKPL,1min,1774852804,2026-03-30 12:25,2026-03-30,294,294.5,294,294.5,500
AKPL,1min,1774852904,2026-03-30 12:26,2026-03-30,294.5,294.5,294.2,294.2,43
AKPL,1min,1774852974,2026-03-30 12:27,2026-03-30,294.2,294.9,294.2,294.9,200
AKPL,1min,1774853038,2026-03-30 12:28,2026-03-30,294.9,294.9,294.5,294.5,1170
AKPL,1min,1774853088,2026-03-30 12:29,2026-03-30,294.5,295,294.5,295,2200
AKPL,1min,1774853154,2026-03-30 12:30,2026-03-30,295,295.1,295,295.1,6411
AKPL,1min,1774853169,2026-03-30 12:31,2026-03-30,295.1,295.1,295,295,500
AKPL,1min,1774853278,2026-03-30 12:32,2026-03-30,295,295,293.5,293.5,2000
AKPL,1min,1774853344,2026-03-30 12:34,2026-03-30,293.5,295,293.5,295,250
AKPL,1min,1774853439,2026-03-30 12:35,2026-03-30,295,295,293.1,293.1,3500
AKPL,1min,1774853483,2026-03-30 12:36,2026-03-30,293.1,294.7,293.1,293.1,1250
AKPL,1min,1774853538,2026-03-30 12:37,2026-03-30,293.1,293.1,293.1,293.1,250
AKPL,1min,1774853621,2026-03-30 12:38,2026-03-30,293.1,293.1,293.1,293.1,39
AKPL,1min,1774853674,2026-03-30 12:39,2026-03-30,293.1,293.1,293.1,293.1,1085
AKPL,1min,1774853741,2026-03-30 12:40,2026-03-30,293.1,293.1,292.2,292.2,7000
AKPL,1min,1774853766,2026-03-30 12:41,2026-03-30,292.2,292.2,292.2,292.2,800
AKPL,1min,1774853856,2026-03-30 12:42,2026-03-30,292.2,292.2,292,292,2650
AKPL,1min,1774853896,2026-03-30 12:43,2026-03-30,292,292,292,292,0
AKPL,1min,1774854035,2026-03-30 12:45,2026-03-30,292,292,292,292,2262
AKPL,1min,1774854102,2026-03-30 12:46,2026-03-30,292,292,291.9,291.9,510
AKPL,1min,1774854169,2026-03-30 12:47,2026-03-30,291.9,291.9,291,291,1165
AKPL,1min,1774854227,2026-03-30 12:48,2026-03-30,291,291.1,291,291.1,370
AKPL,1min,1774854290,2026-03-30 12:49,2026-03-30,291.1,291.9,291.1,291.9,443
AKPL,1min,1774854349,2026-03-30 12:50,2026-03-30,291.9,292,291.9,292,550
AKPL,1min,1774854402,2026-03-30 12:51,2026-03-30,292,292,292,292,450
AKPL,1min,1774854498,2026-03-30 12:53,2026-03-30,292,292,292,292,200
AKPL,1min,1774854560,2026-03-30 12:54,2026-03-30,292,292.5,292,292.5,130
AKPL,1min,1774854682,2026-03-30 12:56,2026-03-30,292.5,292.5,292,292,0
AKPL,1min,1774854748,2026-03-30 12:57,2026-03-30,292,292,291.9,291.9,1500
AKPL,1min,1774854994,2026-03-30 13:01,2026-03-30,291.9,292.1,291.9,292.1,447
AKPL,1min,1774855106,2026-03-30 13:03,2026-03-30,292.1,293,292.1,293,500
AKPL,1min,1774855164,2026-03-30 13:04,2026-03-30,293,293,292.3,292.3,519
AKPL,1min,1774855241,2026-03-30 13:05,2026-03-30,292.3,293.8,292.3,293.8,2088
AKPL,1min,1774855309,2026-03-30 13:06,2026-03-30,293.8,293.8,293,293,2267
AKPL,1min,1774855387,2026-03-30 13:08,2026-03-30,293,293,293,293,2788
AKPL,1min,1774855608,2026-03-30 13:11,2026-03-30,293,293,293,293,1680
AKPL,1min,1774855758,2026-03-30 13:14,2026-03-30,293,293.1,293,293.1,100
AKPL,1min,1774855854,2026-03-30 13:15,2026-03-30,293.1,293.1,293,293,1050
AKPL,1min,1774855884,2026-03-30 13:16,2026-03-30,293,293,292,292,9102
AKPL,1min,1774855976,2026-03-30 13:17,2026-03-30,292,293,292,293,450
AKPL,1min,1774856034,2026-03-30 13:18,2026-03-30,293,293,291.9,291.9,1305
AKPL,1min,1774856048,2026-03-30 13:19,2026-03-30,291.9,292,291.9,292,457
AKPL,1min,1774856218,2026-03-30 13:21,2026-03-30,292,292,292,292,1000
AKPL,1min,1774856277,2026-03-30 13:22,2026-03-30,292,292.5,292,292,2071
AKPL,1min,1774856422,2026-03-30 13:25,2026-03-30,292,292,291.2,291.2,1500
AKPL,1min,1774856475,2026-03-30 13:26,2026-03-30,291.2,291.4,291.2,291.2,2505
AKPL,1min,1774856565,2026-03-30 13:27,2026-03-30,291.2,291.2,291.1,291.1,3820
AKPL,1min,1774856636,2026-03-30 13:28,2026-03-30,291.1,291.2,291.1,291.2,573
AKPL,1min,1774856688,2026-03-30 13:29,2026-03-30,291.2,291.2,291,291,3416
AKPL,1min,1774856740,2026-03-30 13:30,2026-03-30,291,291,290.6,291,522
AKPL,1min,1774856819,2026-03-30 13:31,2026-03-30,291,291,290,290,12800
AKPL,1min,1774856832,2026-03-30 13:32,2026-03-30,290,290,289.1,289.1,1000
AKPL,1min,1774856899,2026-03-30 13:33,2026-03-30,289.1,291,289.1,291,0
AKPL,1min,1774857165,2026-03-30 13:37,2026-03-30,291,291,289.6,289.6,126
AKPL,1min,1774857232,2026-03-30 13:38,2026-03-30,289.6,289.6,289.6,289.6,200
AKPL,1min,1774857266,2026-03-30 13:39,2026-03-30,289.6,290,289.6,290,315
AKPL,1min,1774857331,2026-03-30 13:40,2026-03-30,290,290,290,290,0
AKPL,1min,1774857400,2026-03-30 13:41,2026-03-30,290,290.9,290,290.9,295
AKPL,1min,1774857482,2026-03-30 13:43,2026-03-30,290.9,290.9,290,290,0
AKPL,1min,1774857640,2026-03-30 13:45,2026-03-30,290,291,289.9,289.9,1950
AKPL,1min,1774857724,2026-03-30 13:47,2026-03-30,289.9,290,289.9,290,100
AKPL,1min,1774857816,2026-03-30 13:48,2026-03-30,290,290,289.7,289.7,611
AKPL,1min,1774857931,2026-03-30 13:50,2026-03-30,289.7,290.8,289.7,290.8,4015
AKPL,1min,1774857974,2026-03-30 13:51,2026-03-30,290.8,290.8,290.8,290.8,1000
AKPL,1min,1774858052,2026-03-30 13:52,2026-03-30,290.8,290.8,289.5,289.5,3101
AKPL,1min,1774858118,2026-03-30 13:53,2026-03-30,289.5,289.5,289.5,289.5,400
AKPL,1min,1774858171,2026-03-30 13:54,2026-03-30,289.5,289.5,289.2,289.2,770
AKPL,1min,1774858219,2026-03-30 13:55,2026-03-30,289.2,289.2,289.2,289.2,1200
AKPL,1min,1774858302,2026-03-30 13:56,2026-03-30,289.2,289.8,289.2,289.8,100
AKPL,1min,1774858357,2026-03-30 13:57,2026-03-30,289.8,290,289.3,290,1100
AKPL,1min,1774858436,2026-03-30 13:58,2026-03-30,290,290,289,289,12713
AKPL,1min,1774858468,2026-03-30 13:59,2026-03-30,289,289,288.5,288.5,360
AKPL,1min,1774858546,2026-03-30 14:00,2026-03-30,288.5,289,288.3,288.3,520
AKPL,1min,1774858619,2026-03-30 14:01,2026-03-30,288.3,288.3,288,288,5000
AKPL,1min,1774858689,2026-03-30 14:03,2026-03-30,288,288.2,288,288.2,200
AKPL,1min,1774858796,2026-03-30 14:04,2026-03-30,288.2,288.2,288.2,288.2,2500
AKPL,1min,1774858849,2026-03-30 14:05,2026-03-30,288.2,288.5,287.9,288.5,18155
AKPL,1min,1774858896,2026-03-30 14:06,2026-03-30,288.5,288.5,287.3,288,3550
AKPL,1min,1774858969,2026-03-30 14:07,2026-03-30,288,288,287.2,288,1500
AKPL,1min,1774859027,2026-03-30 14:08,2026-03-30,288,288,287.1,287.1,650
AKPL,1min,1774859093,2026-03-30 14:09,2026-03-30,287.1,287.3,286,286,33855
AKPL,1min,1774859124,2026-03-30 14:10,2026-03-30,286,287,286,287,3055
AKPL,1min,1774859231,2026-03-30 14:12,2026-03-30,287,287,287,287,1000
AKPL,1min,1774859330,2026-03-30 14:13,2026-03-30,287,287,286.2,286.2,651
AKPL,1min,1774859399,2026-03-30 14:14,2026-03-30,286.2,286.2,286.1,286.1,6024
AKPL,1min,1774859423,2026-03-30 14:15,2026-03-30,286.1,286.1,286,286,4582
AKPL,1min,1774859509,2026-03-30 14:16,2026-03-30,286,286,285.3,285.4,1052
AKPL,1min,1774859575,2026-03-30 14:17,2026-03-30,285.4,285.5,285.2,285.2,8900
AKPL,1min,1774859618,2026-03-30 14:18,2026-03-30,285.2,285.3,285.2,285.3,5437
AKPL,1min,1774859694,2026-03-30 14:19,2026-03-30,285.3,285.4,285.1,285.4,6130
AKPL,1min,1774859758,2026-03-30 14:20,2026-03-30,285.4,285.4,285.1,285.1,7300
AKPL,1min,1774859815,2026-03-30 14:21,2026-03-30,285.1,285.1,285.1,285.1,1311
AKPL,1min,1774859867,2026-03-30 14:22,2026-03-30,285.1,285.2,285,285,4092
AKPL,1min,1774859929,2026-03-30 14:23,2026-03-30,285,285.1,285,285,1441
AKPL,1min,1774859972,2026-03-30 14:24,2026-03-30,285,285.1,285,285.1,215
AKPL,1min,1774860049,2026-03-30 14:25,2026-03-30,285.1,285.1,284.2,284.2,10034
AKPL,1min,1774860107,2026-03-30 14:26,2026-03-30,284.2,284.9,284.2,284.5,525
AKPL,1min,1774860169,2026-03-30 14:27,2026-03-30,284.5,284.5,284.1,284.1,3800
AKPL,1min,1774860238,2026-03-30 14:28,2026-03-30,284.1,284.1,283.4,283.4,19573
AKPL,1min,1774860284,2026-03-30 14:29,2026-03-30,283.4,284,283.3,283.3,2430
AKPL,1min,1774860354,2026-03-30 14:30,2026-03-30,283.3,283.3,283.1,283.3,4281
AKPL,1min,1774860407,2026-03-30 14:31,2026-03-30,283.3,284,283.3,284,150
AKPL,1min,1774860421,2026-03-30 14:32,2026-03-30,284,284.9,284,284.9,5600
AKPL,1min,1774860493,2026-03-30 14:33,2026-03-30,284.9,286,284.9,286,10000
AKPL,1min,1774860658,2026-03-30 14:35,2026-03-30,286,286,285,286,184
AKPL,1min,1774860687,2026-03-30 14:36,2026-03-30,286,286,285,285,500
AKPL,1min,1774860767,2026-03-30 14:37,2026-03-30,285,286,285,285.1,1404
AKPL,1min,1774860830,2026-03-30 14:38,2026-03-30,285.1,285.1,285,285,1275
AKPL,1min,1774860883,2026-03-30 14:39,2026-03-30,285,285,284.2,285,2215
AKPL,1min,1774860955,2026-03-30 14:40,2026-03-30,285,285,284.1,284.5,2446
AKPL,1min,1774861010,2026-03-30 14:41,2026-03-30,284.5,284.5,284.1,284.1,2671
AKPL,1min,1774861054,2026-03-30 14:42,2026-03-30,284.1,284.2,284.1,284.2,2992
AKPL,1min,1774861134,2026-03-30 14:43,2026-03-30,284.2,285,284.2,285,3163
AKPL,1min,1774861192,2026-03-30 14:44,2026-03-30,285,286,284.2,286,4000
AKPL,1min,1774861234,2026-03-30 14:45,2026-03-30,286,286,284.2,284.2,1920
AKPL,1min,1774861301,2026-03-30 14:46,2026-03-30,284.2,284.2,284.2,284.2,2267
AKPL,1min,1774861367,2026-03-30 14:47,2026-03-30,284.2,284.3,284.1,284.1,4802
AKPL,1min,1774861434,2026-03-30 14:48,2026-03-30,284.1,284.5,284,284,5174
AKPL,1min,1774861493,2026-03-30 14:49,2026-03-30,284,284,283,283.5,11470
AKPL,1min,1774861544,2026-03-30 14:50,2026-03-30,283.5,284,282.1,284,4360
AKPL,1min,1774861611,2026-03-30 14:51,2026-03-30,284,284,283,283,608
AKPL,1min,1774861673,2026-03-30 14:52,2026-03-30,283,283,282.2,282.3,1270
AKPL,1min,1774861739,2026-03-30 14:53,2026-03-30,282.3,283.2,282.3,283,3295
AKPL,1min,1774861792,2026-03-30 14:54,2026-03-30,283,283,282.7,283,2300
AKPL,1min,1774861851,2026-03-30 14:55,2026-03-30,283,283,282.7,282.7,2672
AKPL,1min,1774861908,2026-03-30 14:56,2026-03-30,282.7,283.2,282.7,283,4586
AKPL,1min,1774861963,2026-03-30 14:57,2026-03-30,283,283.5,283,283.5,6552
AKPL,1min,1774862028,2026-03-30 14:58,2026-03-30,283.5,284.4,283,283,13332
AKPL,1min,1774862099,2026-03-30 14:59,2026-03-30,283,284,283,283.6,8895
AKPL,1min,1774934100,2026-03-31 11:00,2026-03-31,285,285,285,285,500
AKPL,1min,1774934205,2026-03-31 11:01,2026-03-31,285,285,280,280,510
AKPL,1min,1774934276,2026-03-31 11:02,2026-03-31,280,282,280,282,220
AKPL,1min,1774934323,2026-03-31 11:03,2026-03-31,282,283,280.1,283,3800
AKPL,1min,1774934371,2026-03-31 11:04,2026-03-31,283,283,280,280,8700
AKPL,1min,1774934452,2026-03-31 11:05,2026-03-31,280,281.5,280,281.5,864
AKPL,1min,1774934513,2026-03-31 11:06,2026-03-31,281.5,281.9,281.5,281.9,998
AKPL,1min,1774934578,2026-03-31 11:07,2026-03-31,281.9,283,281.9,282,2300
AKPL,1min,1774934620,2026-03-31 11:08,2026-03-31,282,283,282,283,7079
AKPL,1min,1774934666,2026-03-31 11:09,2026-03-31,283,284,283,284,850
AKPL,1min,1774934751,2026-03-31 11:10,2026-03-31,284,285.5,284,285.5,2310
AKPL,1min,1774934765,2026-03-31 11:11,2026-03-31,285.5,287,285.5,287,1500
AKPL,1min,1774934861,2026-03-31 11:12,2026-03-31,287,287,285,286.9,9320
AKPL,1min,1774934933,2026-03-31 11:13,2026-03-31,286.9,287,286.9,287,2370
AKPL,1min,1774934969,2026-03-31 11:14,2026-03-31,287,287,286.8,286.8,1955
AKPL,1min,1774935053,2026-03-31 11:15,2026-03-31,286.8,286.8,283,283,1120
AKPL,1min,1774935078,2026-03-31 11:16,2026-03-31,283,283,282,282,3000
AKPL,1min,1774935169,2026-03-31 11:17,2026-03-31,282,285.5,282,282,718
AKPL,1min,1774935342,2026-03-31 11:20,2026-03-31,282,282.1,282,282,3091
AKPL,1min,1774935413,2026-03-31 11:21,2026-03-31,282,282,282,282,934
AKPL,1min,1774935429,2026-03-31 11:22,2026-03-31,282,282,281.9,281.9,75
AKPL,1min,1774935480,2026-03-31 11:23,2026-03-31,281.9,282.1,281.9,282.1,100
AKPL,1min,1774935598,2026-03-31 11:24,2026-03-31,282.1,283,282.1,283,1177
AKPL,1min,1774935647,2026-03-31 11:25,2026-03-31,283,283,282,282,1020
AKPL,1min,1774935702,2026-03-31 11:26,2026-03-31,282,282,282,282,410
AKPL,1min,1774935760,2026-03-31 11:27,2026-03-31,282,282,282,282,600
AKPL,1min,1774935813,2026-03-31 11:28,2026-03-31,282,282,281.5,282,316
AKPL,1min,1774935860,2026-03-31 11:29,2026-03-31,282,282,281.4,281.4,500
AKPL,1min,1774935950,2026-03-31 11:30,2026-03-31,281.4,281.4,280.2,280.2,3530
AKPL,1min,1774936016,2026-03-31 11:31,2026-03-31,280.2,280.3,280.2,280.3,800
AKPL,1min,1774936033,2026-03-31 11:32,2026-03-31,280.3,280.4,280.3,280.4,0
AKPL,1min,1774936107,2026-03-31 11:33,2026-03-31,280.4,280.5,280.4,280.5,140
AKPL,1min,1774936231,2026-03-31 11:35,2026-03-31,280.5,281,280.4,280.4,100
AKPL,1min,1774936316,2026-03-31 11:36,2026-03-31,280.4,281,280.3,280.3,500
AKPL,1min,1774936361,2026-03-31 11:37,2026-03-31,280.3,280.3,280.3,280.3,3220
AKPL,1min,1774936423,2026-03-31 11:38,2026-03-31,280.3,281,280.2,280.2,2936
AKPL,1min,1774936495,2026-03-31 11:39,2026-03-31,280.2,280.2,280.2,280.2,1870
AKPL,1min,1774936617,2026-03-31 11:41,2026-03-31,280.2,280.2,280.2,280.2,900
AKPL,1min,1774936670,2026-03-31 11:42,2026-03-31,280.2,280.2,279.2,279.2,14729
AKPL,1min,1774936732,2026-03-31 11:43,2026-03-31,279.2,279.2,279.1,279.1,695
AKPL,1min,1774936792,2026-03-31 11:44,2026-03-31,279.1,279.1,279,279,4800
AKPL,1min,1774936811,2026-03-31 11:45,2026-03-31,279,279,279,279,0
AKPL,1min,1774936907,2026-03-31 11:46,2026-03-31,279,279,278.8,278.8,601
AKPL,1min,1774936974,2026-03-31 11:47,2026-03-31,278.8,278.8,278.2,278.5,1184
AKPL,1min,1774937038,2026-03-31 11:48,2026-03-31,278.5,278.9,278.3,278.5,1232
AKPL,1min,1774937085,2026-03-31 11:49,2026-03-31,278.5,278.5,278.4,278.4,0
AKPL,1min,1774937152,2026-03-31 11:50,2026-03-31,278.4,278.4,278.3,278.4,2321
AKPL,1min,1774937216,2026-03-31 11:51,2026-03-31,278.4,278.4,278.4,278.4,510
AKPL,1min,1774937257,2026-03-31 11:52,2026-03-31,278.4,278.9,278.4,278.9,600
AKPL,1min,1774937335,2026-03-31 11:53,2026-03-31,278.9,278.9,278.4,278.4,2280
AKPL,1min,1774937346,2026-03-31 11:54,2026-03-31,278.4,278.5,278.4,278.5,32
AKPL,1min,1774937443,2026-03-31 11:55,2026-03-31,278.5,278.5,278.3,278.3,5333
AKPL,1min,1774937504,2026-03-31 11:56,2026-03-31,278.3,279,278.3,279,5000
AKPL,1min,1774937569,2026-03-31 11:57,2026-03-31,279,279,278.4,278.5,2900
AKPL,1min,1774937631,2026-03-31 11:58,2026-03-31,278.5,279,278.4,278.4,2350
AKPL,1min,1774937693,2026-03-31 11:59,2026-03-31,278.4,278.4,278.4,278.4,520
AKPL,1min,1774937735,2026-03-31 12:00,2026-03-31,278.4,278.5,278.4,278.5,100
AKPL,1min,1774937803,2026-03-31 12:01,2026-03-31,278.5,278.5,278.5,278.5,710
AKPL,1min,1774937849,2026-03-31 12:02,2026-03-31,278.5,279,278.5,279,1000
AKPL,1min,1774937938,2026-03-31 12:03,2026-03-31,279,279,278.4,279,2847
AKPL,1min,1774937986,2026-03-31 12:04,2026-03-31,279,279,278.3,278.3,3000
AKPL,1min,1774938056,2026-03-31 12:05,2026-03-31,278.3,279.9,278.3,278.3,1826
AKPL,1min,1774938119,2026-03-31 12:06,2026-03-31,278.3,278.4,278.3,278.4,3880
AKPL,1min,1774938164,2026-03-31 12:07,2026-03-31,278.4,278.8,278.4,278.8,133
AKPL,1min,1774938232,2026-03-31 12:08,2026-03-31,278.8,279,278.3,279,11967
AKPL,1min,1774938290,2026-03-31 12:09,2026-03-31,279,280,279,280,4070
AKPL,1min,1774938356,2026-03-31 12:10,2026-03-31,280,280,280,280,7050
AKPL,1min,1774938382,2026-03-31 12:11,2026-03-31,280,281,280,281,1265
AKPL,1min,1774938442,2026-03-31 12:12,2026-03-31,281,281.7,281,281,776
AKPL,1min,1774938526,2026-03-31 12:13,2026-03-31,281,281.7,281,281.7,1800
AKPL,1min,1774938568,2026-03-31 12:14,2026-03-31,281.7,281.7,281.6,281.6,510
AKPL,1min,1774938614,2026-03-31 12:15,2026-03-31,281.6,281.6,281.6,281.6,579
AKPL,1min,1774938700,2026-03-31 12:16,2026-03-31,281.6,281.8,281.6,281.8,600
AKPL,1min,1774938770,2026-03-31 12:17,2026-03-31,281.8,282,281.8,282,5040
AKPL,1min,1774938867,2026-03-31 12:19,2026-03-31,282,282,281,281,2080
AKPL,1min,1774938955,2026-03-31 12:20,2026-03-31,281,281.2,280,280,5944
AKPL,1min,1774939016,2026-03-31 12:21,2026-03-31,280,281,279,279,6995
AKPL,1min,1774939054,2026-03-31 12:22,2026-03-31,279,279,279,279,500
AKPL,1min,1774939131,2026-03-31 12:23,2026-03-31,279,279,278.2,278.2,0
AKPL,1min,1774939182,2026-03-31 12:24,2026-03-31,278.2,278.2,278.2,278.2,4920
AKPL,1min,1774939304,2026-03-31 12:26,2026-03-31,278.2,278.3,278.2,278.3,1053
AKPL,1min,1774939379,2026-03-31 12:27,2026-03-31,278.3,279,278.3,279,318
AKPL,1min,1774939494,2026-03-31 12:29,2026-03-31,279,279,279,279,192
AKPL,1min,1774939547,2026-03-31 12:30,2026-03-31,279,279,278.3,279,1348
AKPL,1min,1774939618,2026-03-31 12:31,2026-03-31,279,279,278.4,279,1123
AKPL,1min,1774939630,2026-03-31 12:32,2026-03-31,279,280,279,280,595
AKPL,1min,1774939722,2026-03-31 12:33,2026-03-31,280,280,280,280,510
AKPL,1min,1774939772,2026-03-31 12:34,2026-03-31,280,281,280,281,910
AKPL,1min,1774939856,2026-03-31 12:35,2026-03-31,281,282,281,282,530
AKPL,1min,1774939958,2026-03-31 12:37,2026-03-31,282,282,282,282,300
AKPL,1min,1774940014,2026-03-31 12:38,2026-03-31,282,282,282,282,170
AKPL,1min,1774940047,2026-03-31 12:39,2026-03-31,282,282,282,282,33
AKPL,1min,1774940110,2026-03-31 12:40,2026-03-31,282,282,282,282,10
AKPL,1min,1774940219,2026-03-31 12:41,2026-03-31,282,282,282,282,1087
AKPL,1min,1774940276,2026-03-31 12:42,2026-03-31,282,282,281.3,281.3,0
AKPL,1min,1774940296,2026-03-31 12:43,2026-03-31,281.3,282,281.3,282,648
AKPL,1min,1774940398,2026-03-31 12:44,2026-03-31,282,282,282,282,200
AKPL,1min,1774940439,2026-03-31 12:45,2026-03-31,282,282,282,282,347
AKPL,1min,1774940506,2026-03-31 12:46,2026-03-31,282,282,282,282,216
AKPL,1min,1774940569,2026-03-31 12:47,2026-03-31,282,282.9,282,282,749
AKPL,1min,1774940625,2026-03-31 12:48,2026-03-31,282,282.9,281.5,282.9,1078
AKPL,1min,1774940692,2026-03-31 12:49,2026-03-31,282.9,283,281.6,283,1355
AKPL,1min,1774940817,2026-03-31 12:51,2026-03-31,283,283,283,283,100
AKPL,1min,1774940847,2026-03-31 12:52,2026-03-31,283,283,282,283,256
AKPL,1min,1774940904,2026-03-31 12:53,2026-03-31,283,283.8,283,283.8,500
AKPL,1min,1774940991,2026-03-31 12:54,2026-03-31,283.8,283.9,283.8,283.9,530
AKPL,1min,1774941050,2026-03-31 12:55,2026-03-31,283.9,284,283.9,284,0
AKPL,1min,1774941091,2026-03-31 12:56,2026-03-31,284,284,284,284,790
AKPL,1min,1774941172,2026-03-31 12:57,2026-03-31,284,284,283.9,284,2970
AKPL,1min,1774941210,2026-03-31 12:58,2026-03-31,284,284,283.9,283.9,2250
AKPL,1min,1774941292,2026-03-31 12:59,2026-03-31,283.9,284.5,283.9,284.5,580
AKPL,1min,1774941344,2026-03-31 13:00,2026-03-31,284.5,285,284.5,285,0
AKPL,1min,1774941409,2026-03-31 13:01,2026-03-31,285,285,285,285,910
AKPL,1min,1774941452,2026-03-31 13:02,2026-03-31,285,285,285,285,700
AKPL,1min,1774941528,2026-03-31 13:03,2026-03-31,285,285,284,284.9,1910
AKPL,1min,1774941589,2026-03-31 13:04,2026-03-31,284.9,284.9,284.8,284.8,500
AKPL,1min,1774941654,2026-03-31 13:05,2026-03-31,284.8,286,284.8,286,2602
AKPL,1min,1774941773,2026-03-31 13:07,2026-03-31,286,286,286,286,1730
AKPL,1min,1774941837,2026-03-31 13:08,2026-03-31,286,286.5,286,286.5,1000
AKPL,1min,1774941882,2026-03-31 13:09,2026-03-31,286.5,286.5,286,286,1520
AKPL,1min,1774941956,2026-03-31 13:10,2026-03-31,286,286,284,284,11128
AKPL,1min,1774942018,2026-03-31 13:11,2026-03-31,284,284,282.5,282.5,2083
AKPL,1min,1774942046,2026-03-31 13:12,2026-03-31,282.5,284,282.5,284,300
AKPL,1min,1774942121,2026-03-31 13:13,2026-03-31,284,284,280.2,280.2,5000
AKPL,1min,1774942342,2026-03-31 13:17,2026-03-31,280.2,283,280.2,283,40
AKPL,1min,1774942488,2026-03-31 13:19,2026-03-31,283,283,282,282,257
AKPL,1min,1774942579,2026-03-31 13:21,2026-03-31,282,283,282,283,43
AKPL,1min,1774942684,2026-03-31 13:23,2026-03-31,283,283,283,283,0
AKPL,1min,1774942798,2026-03-31 13:24,2026-03-31,283,283,282,282,88
AKPL,1min,1774942842,2026-03-31 13:25,2026-03-31,282,283,282,283,81
AKPL,1min,1774942913,2026-03-31 13:26,2026-03-31,283,283,283,283,500
AKPL,1min,1774942930,2026-03-31 13:27,2026-03-31,283,283,283,283,120
AKPL,1min,1774943089,2026-03-31 13:29,2026-03-31,283,283,283,283,1252
AKPL,1min,1774943150,2026-03-31 13:30,2026-03-31,283,283.8,283,283.8,3000
AKPL,1min,1774943208,2026-03-31 13:31,2026-03-31,283.8,283.9,283.8,283.9,1000
AKPL,1min,1774943269,2026-03-31 13:32,2026-03-31,283.9,284,283.9,284,200
AKPL,1min,1774943301,2026-03-31 13:33,2026-03-31,284,284,284,284,1050
AKPL,1min,1774943386,2026-03-31 13:34,2026-03-31,284,284,284,284,310
AKPL,1min,1774943452,2026-03-31 13:35,2026-03-31,284,284,284,284,490
AKPL,1min,1774943474,2026-03-31 13:36,2026-03-31,284,284.9,284,284.9,0
AKPL,1min,1774943572,2026-03-31 13:37,2026-03-31,284.9,286,284.9,286,5500
AKPL,1min,1774943639,2026-03-31 13:38,2026-03-31,286,286,286,286,3103
AKPL,1min,1774943672,2026-03-31 13:39,2026-03-31,286,286.9,286,286.9,1397
AKPL,1min,1774943926,2026-03-31 13:43,2026-03-31,286.9,286.9,286,286.7,50
AKPL,1min,1774944048,2026-03-31 13:45,2026-03-31,286.7,286.7,286,286.5,835
AKPL,1min,1774944166,2026-03-31 13:47,2026-03-31,286.5,286.5,286,286,80
AKPL,1min,1774944224,2026-03-31 13:48,2026-03-31,286,286.5,286,286,1090
AKPL,1min,1774944278,2026-03-31 13:49,2026-03-31,286,286,285,285,815
AKPL,1min,1774944351,2026-03-31 13:50,2026-03-31,285,285,285,285,550
AKPL,1min,1774944405,2026-03-31 13:51,2026-03-31,285,285,284,284,2100
AKPL,1min,1774944467,2026-03-31 13:52,2026-03-31,284,285,284,285,0
AKPL,1min,1774944481,2026-03-31 13:53,2026-03-31,285,285,284,284,0
AKPL,1min,1774944563,2026-03-31 13:54,2026-03-31,284,284,284,284,1080
AKPL,1min,1774944872,2026-03-31 13:59,2026-03-31,284,284.8,284,284.8,1000
AKPL,1min,1774944956,2026-03-31 14:00,2026-03-31,284.8,284.8,283.6,284,1271
AKPL,1min,1774945071,2026-03-31 14:02,2026-03-31,284,284,284,284,1136
AKPL,1min,1774945106,2026-03-31 14:03,2026-03-31,284,284,283.6,283.6,500
AKPL,1min,1774945175,2026-03-31 14:04,2026-03-31,283.6,284,283.6,284,100
AKPL,1min,1774945240,2026-03-31 14:05,2026-03-31,284,284,284,284,500
AKPL,1min,1774945279,2026-03-31 14:06,2026-03-31,284,284,284,284,397
AKPL,1min,1774945348,2026-03-31 14:07,2026-03-31,284,284.9,284,284.9,500
AKPL,1min,1774945437,2026-03-31 14:08,2026-03-31,284.9,284.9,284.8,284.8,1889
AKPL,1min,1774945497,2026-03-31 14:09,2026-03-31,284.8,284.8,284.8,284.8,10
AKPL,1min,1774945707,2026-03-31 14:13,2026-03-31,284.8,284.8,284.8,284.8,290
AKPL,1min,1774945756,2026-03-31 14:14,2026-03-31,284.8,284.9,284.8,284.8,150
AKPL,1min,1774945851,2026-03-31 14:15,2026-03-31,284.8,284.9,284.8,284.9,205
AKPL,1min,1774945869,2026-03-31 14:16,2026-03-31,284.9,285,284.9,285,441
AKPL,1min,1774945970,2026-03-31 14:17,2026-03-31,285,285,285,285,1000
AKPL,1min,1774946078,2026-03-31 14:19,2026-03-31,285,285,285,285,259
AKPL,1min,1774946155,2026-03-31 14:20,2026-03-31,285,285.2,285,285.2,64
AKPL,1min,1774946219,2026-03-31 14:21,2026-03-31,285.2,285.4,285,285,1829
AKPL,1min,1774946333,2026-03-31 14:23,2026-03-31,285,285.9,285,285.9,1021
AKPL,1min,1774946369,2026-03-31 14:24,2026-03-31,285.9,286,285.9,286,0
AKPL,1min,1774946430,2026-03-31 14:25,2026-03-31,286,286.1,286,286.1,900
AKPL,1min,1774946511,2026-03-31 14:26,2026-03-31,286.1,286.1,286,286,0
AKPL,1min,1774946625,2026-03-31 14:28,2026-03-31,286,286.5,286,286.5,3500
AKPL,1min,1774946695,2026-03-31 14:29,2026-03-31,286.5,286.5,286.2,286.2,750
AKPL,1min,1774946759,2026-03-31 14:30,2026-03-31,286.2,286.5,286.1,286.5,3370
AKPL,1min,1774946819,2026-03-31 14:31,2026-03-31,286.5,287,286.5,287,13301
AKPL,1min,1774946879,2026-03-31 14:32,2026-03-31,287,287,286,286,4000
AKPL,1min,1774946933,2026-03-31 14:33,2026-03-31,286,287,286,287,106
AKPL,1min,1774946992,2026-03-31 14:34,2026-03-31,287,288.9,287,288.9,11745
AKPL,1min,1774947056,2026-03-31 14:35,2026-03-31,288.9,289.6,288.9,289.6,2982
AKPL,1min,1774947115,2026-03-31 14:36,2026-03-31,289.6,289.6,289,289,640
AKPL,1min,1774947140,2026-03-31 14:37,2026-03-31,289,289.5,289,289.5,1150
AKPL,1min,1774947224,2026-03-31 14:38,2026-03-31,289.5,289.5,289,289,100
AKPL,1min,1774947275,2026-03-31 14:39,2026-03-31,289,289,289,289,500
AKPL,1min,1774947346,2026-03-31 14:40,2026-03-31,289,289.4,288.3,289.4,825
AKPL,1min,1774947458,2026-03-31 14:42,2026-03-31,289.4,289.4,289,289.4,130
AKPL,1min,1774947530,2026-03-31 14:43,2026-03-31,289.4,289.5,289.4,289.5,5644
AKPL,1min,1774947550,2026-03-31 14:44,2026-03-31,289.5,289.6,289.5,289.6,1000
AKPL,1min,1774947649,2026-03-31 14:45,2026-03-31,289.6,290,289.6,290,2618
AKPL,1min,1774947711,2026-03-31 14:46,2026-03-31,290,290,290,290,7025
AKPL,1min,1774947778,2026-03-31 14:47,2026-03-31,290,290,289.9,289.9,1064
AKPL,1min,1774947813,2026-03-31 14:48,2026-03-31,289.9,290,289.9,290,5900
AKPL,1min,1774947885,2026-03-31 14:49,2026-03-31,290,290,290,290,77
AKPL,1min,1774947959,2026-03-31 14:50,2026-03-31,290,290.6,290,290.6,10030
AKPL,1min,1774948012,2026-03-31 14:51,2026-03-31,290.6,290.7,290,290.7,6560
AKPL,1min,1774948060,2026-03-31 14:52,2026-03-31,290.7,290.7,290,290,750
AKPL,1min,1774948133,2026-03-31 14:53,2026-03-31,290,290,288,288,9165
AKPL,1min,1774948156,2026-03-31 14:54,2026-03-31,288,290,288,290,1350
AKPL,1min,1774948249,2026-03-31 14:55,2026-03-31,290,290,289.9,289.9,2071
AKPL,1min,1774948275,2026-03-31 14:56,2026-03-31,289.9,290,288,288,1614
AKPL,1min,1774948375,2026-03-31 14:57,2026-03-31,288,288,287.1,288,1855
AKPL,1min,1774948429,2026-03-31 14:58,2026-03-31,288,288,285,285,25909
AKPL,1min,1774948499,2026-03-31 14:59,2026-03-31,285,285,284,285,3934
AKPL,1min,1775020558,2026-04-01 11:00,2026-04-01,282,282,280.2,280.2,1510
AKPL,1min,1775020590,2026-04-01 11:01,2026-04-01,280.2,282,280,280,5200
AKPL,1min,1775020734,2026-04-01 11:03,2026-04-01,280,285,280,284.9,27
AKPL,1min,1775020822,2026-04-01 11:05,2026-04-01,284.9,284.9,284.8,284.8,10
AKPL,1min,1775020898,2026-04-01 11:06,2026-04-01,284.8,284.8,282,282,500
AKPL,1min,1775020994,2026-04-01 11:08,2026-04-01,282,284.9,282,284.9,10
AKPL,1min,1775021082,2026-04-01 11:09,2026-04-01,284.9,284.9,283,283,800
AKPL,1min,1775021130,2026-04-01 11:10,2026-04-01,283,283,283,283,2050
AKPL,1min,1775021332,2026-04-01 11:13,2026-04-01,283,283,283,283,25
AKPL,1min,1775021457,2026-04-01 11:15,2026-04-01,283,283.8,282.1,282.1,4078
AKPL,1min,1775021496,2026-04-01 11:16,2026-04-01,282.1,282.1,281.9,281.9,6074
AKPL,1min,1775021562,2026-04-01 11:17,2026-04-01,281.9,281.9,280.1,280.1,2683
AKPL,1min,1775021719,2026-04-01 11:20,2026-04-01,280.1,282,280.1,282,2100
AKPL,1min,1775021776,2026-04-01 11:21,2026-04-01,282,282,281.9,281.9,30
AKPL,1min,1775021936,2026-04-01 11:23,2026-04-01,281.9,281.9,281,281.9,1000
AKPL,1min,1775021958,2026-04-01 11:24,2026-04-01,281.9,281.9,280.9,280.9,500
AKPL,1min,1775022032,2026-04-01 11:25,2026-04-01,280.9,281.9,280.9,281.9,1700
AKPL,1min,1775022163,2026-04-01 11:27,2026-04-01,281.9,281.9,281,281,1500
AKPL,1min,1775022228,2026-04-01 11:28,2026-04-01,281,281,281,281,820
AKPL,1min,1775022291,2026-04-01 11:29,2026-04-01,281,281,280.9,281,1660
AKPL,1min,1775022309,2026-04-01 11:30,2026-04-01,281,281,280.7,280.7,500
AKPL,1min,1775022386,2026-04-01 11:31,2026-04-01,280.7,281,280.5,281,1701
AKPL,1min,1775022459,2026-04-01 11:32,2026-04-01,281,281.9,281,281.9,1400
AKPL,1min,1775022521,2026-04-01 11:33,2026-04-01,281.9,281.9,281.9,281.9,500
AKPL,1min,1775022716,2026-04-01 11:36,2026-04-01,281.9,281.9,281.9,281.9,0
AKPL,1min,1775022776,2026-04-01 11:37,2026-04-01,281.9,281.9,281.5,281.5,1673
AKPL,1min,1775022835,2026-04-01 11:38,2026-04-01,281.5,281.9,281.5,281.9,0
AKPL,1min,1775022895,2026-04-01 11:39,2026-04-01,281.9,282,281.1,281.1,5703
AKPL,1min,1775022931,2026-04-01 11:40,2026-04-01,281.1,282,281.1,282,0
AKPL,1min,1775023014,2026-04-01 11:41,2026-04-01,282,282,282,282,1100
AKPL,1min,1775023052,2026-04-01 11:42,2026-04-01,282,282,282,282,3400
AKPL,1min,1775023107,2026-04-01 11:43,2026-04-01,282,282,282,282,32
AKPL,1min,1775023245,2026-04-01 11:45,2026-04-01,282,282,281.1,281.1,820
AKPL,1min,1775023322,2026-04-01 11:47,2026-04-01,281.1,282,281.1,282,0
AKPL,1min,1775023380,2026-04-01 11:48,2026-04-01,282,282,281,281,1250
AKPL,1min,1775023496,2026-04-01 11:49,2026-04-01,281,281,281,281,0
AKPL,1min,1775023577,2026-04-01 11:51,2026-04-01,281,281,281,281,1368
AKPL,1min,1775023651,2026-04-01 11:52,2026-04-01,281,281,280,280,23334
AKPL,1min,1775023682,2026-04-01 11:53,2026-04-01,280,280,280,280,50
AKPL,1min,1775023845,2026-04-01 11:55,2026-04-01,280,280,278.1,278.1,1000
AKPL,1min,1775023918,2026-04-01 11:56,2026-04-01,278.1,280,278.1,280,325
AKPL,1min,1775023971,2026-04-01 11:57,2026-04-01,280,280,280,280,0
AKPL,1min,1775023988,2026-04-01 11:58,2026-04-01,280,280,280,280,260
AKPL,1min,1775024041,2026-04-01 11:59,2026-04-01,280,280,278.3,278.3,400
AKPL,1min,1775024161,2026-04-01 12:01,2026-04-01,278.3,280,278.3,280,168
AKPL,1min,1775024261,2026-04-01 12:02,2026-04-01,280,280,279,280,310
AKPL,1min,1775024348,2026-04-01 12:04,2026-04-01,280,280,278.1,278.1,5000
AKPL,1min,1775024428,2026-04-01 12:05,2026-04-01,278.1,278.2,278.1,278.2,1000
AKPL,1min,1775024636,2026-04-01 12:08,2026-04-01,278.2,279.9,278.2,279.9,0
AKPL,1min,1775024685,2026-04-01 12:09,2026-04-01,279.9,279.9,279.9,279.9,1300
AKPL,1min,1775024733,2026-04-01 12:10,2026-04-01,279.9,279.9,279.9,279.9,420
AKPL,1min,1775024872,2026-04-01 12:12,2026-04-01,279.9,279.9,279.9,279.9,410
AKPL,1min,1775025050,2026-04-01 12:15,2026-04-01,279.9,279.9,279.9,279.9,600
AKPL,1min,1775025098,2026-04-01 12:16,2026-04-01,279.9,279.9,279.6,279.6,340
AKPL,1min,1775025210,2026-04-01 12:18,2026-04-01,279.6,279.9,279.5,279.5,200
AKPL,1min,1775025357,2026-04-01 12:20,2026-04-01,279.5,279.5,279,279,1500
AKPL,1min,1775025383,2026-04-01 12:21,2026-04-01,279,279,279,279,2000
AKPL,1min,1775025451,2026-04-01 12:22,2026-04-01,279,279,278.2,278.2,2000
AKPL,1min,1775025533,2026-04-01 12:23,2026-04-01,278.2,278.2,278.2,278.2,1500
AKPL,1min,1775025653,2026-04-01 12:25,2026-04-01,278.2,278.2,278.1,278.1,5000
AKPL,1min,1775025770,2026-04-01 12:27,2026-04-01,278.1,279,278.1,279,1600
AKPL,1min,1775025866,2026-04-01 12:29,2026-04-01,279,279.9,279,279.9,1510
AKPL,1min,1775025948,2026-04-01 12:30,2026-04-01,279.9,279.9,279,279,1000
AKPL,1min,1775026056,2026-04-01 12:32,2026-04-01,279,279,278,278,23752
AKPL,1min,1775026097,2026-04-01 12:33,2026-04-01,278,278,278,278,248
AKPL,1min,1775026258,2026-04-01 12:35,2026-04-01,278,278,278,278,2000
AKPL,1min,1775026283,2026-04-01 12:36,2026-04-01,278,278,278,278,429
AKPL,1min,1775026378,2026-04-01 12:37,2026-04-01,278,278,278,278,10
AKPL,1min,1775026438,2026-04-01 12:38,2026-04-01,278,278,278,278,731
AKPL,1min,1775026478,2026-04-01 12:39,2026-04-01,278,278,278,278,10
AKPL,1min,1775026567,2026-04-01 12:41,2026-04-01,278,278.2,278,278.2,345
AKPL,1min,1775026670,2026-04-01 12:42,2026-04-01,278.2,278.2,278.2,278.2,2155
AKPL,1min,1775026736,2026-04-01 12:43,2026-04-01,278.2,278.2,278,278,2310
AKPL,1min,1775026775,2026-04-01 12:44,2026-04-01,278,278.1,278,278,2750
AKPL,1min,1775026826,2026-04-01 12:45,2026-04-01,278,278.2,278,278.2,10
AKPL,1min,1775026912,2026-04-01 12:46,2026-04-01,278.2,278.2,278.2,278.2,625
AKPL,1min,1775027011,2026-04-01 12:48,2026-04-01,278.2,278.2,278.2,278.2,2060
AKPL,1min,1775027095,2026-04-01 12:49,2026-04-01,278.2,279,278.2,279,1760
AKPL,1min,1775027156,2026-04-01 12:50,2026-04-01,279,279,279,279,788
AKPL,1min,1775027213,2026-04-01 12:51,2026-04-01,279,279,279,279,1350
AKPL,1min,1775027250,2026-04-01 12:52,2026-04-01,279,279,279,279,362
AKPL,1min,1775027306,2026-04-01 12:53,2026-04-01,279,279.8,279,279.8,1973
AKPL,1min,1775027392,2026-04-01 12:54,2026-04-01,279.8,279.8,279.1,279.1,1000
AKPL,1min,1775027449,2026-04-01 12:55,2026-04-01,279.1,279.1,278.3,278.3,1000
AKPL,1min,1775027477,2026-04-01 12:56,2026-04-01,278.3,278.3,278.1,278.3,1500
AKPL,1min,1775027558,2026-04-01 12:57,2026-04-01,278.3,278.3,278.3,278.3,0
AKPL,1min,1775027637,2026-04-01 12:58,2026-04-01,278.3,278.4,278.3,278.4,1705
AKPL,1min,1775027724,2026-04-01 13:00,2026-04-01,278.4,278.5,278.2,278.2,1000
AKPL,1min,1775027778,2026-04-01 13:01,2026-04-01,278.2,279.9,278.2,279.9,6600
AKPL,1min,1775027967,2026-04-01 13:04,2026-04-01,279.9,279.9,278.3,278.3,400
AKPL,1min,1775028016,2026-04-01 13:05,2026-04-01,278.3,278.3,278.1,278.1,1500
AKPL,1min,1775028108,2026-04-01 13:06,2026-04-01,278.1,278.1,278,278,2724
AKPL,1min,1775028161,2026-04-01 13:07,2026-04-01,278,278,277.1,277.1,2493
AKPL,1min,1775028285,2026-04-01 13:09,2026-04-01,277.1,277.2,277.1,277.1,2500
AKPL,1min,1775028311,2026-04-01 13:10,2026-04-01,277.1,278,277.1,278,1500
AKPL,1min,1775028425,2026-04-01 13:12,2026-04-01,278,278,276.5,276.5,9000
AKPL,1min,1775028497,2026-04-01 13:13,2026-04-01,276.5,276.5,276.1,276.1,654
AKPL,1min,1775028551,2026-04-01 13:14,2026-04-01,276.1,276.1,276.1,276.1,999
AKPL,1min,1775028659,2026-04-01 13:15,2026-04-01,276.1,276.1,276,276,5900
AKPL,1min,1775028690,2026-04-01 13:16,2026-04-01,276,278,276,278,300
AKPL,1min,1775028740,2026-04-01 13:17,2026-04-01,278,278,278,278,10
AKPL,1min,1775028786,2026-04-01 13:18,2026-04-01,278,278,277.9,277.9,50
AKPL,1min,1775028940,2026-04-01 13:20,2026-04-01,277.9,277.9,276.6,276.6,100
AKPL,1min,1775029009,2026-04-01 13:21,2026-04-01,276.6,276.6,276.6,276.6,600
AKPL,1min,1775029199,2026-04-01 13:24,2026-04-01,276.6,278,276.6,277,2520
AKPL,1min,1775029419,2026-04-01 13:28,2026-04-01,277,277.2,277,277.2,50
AKPL,1min,1775029489,2026-04-01 13:29,2026-04-01,277.2,277.2,277.2,277.2,120
AKPL,1min,1775029553,2026-04-01 13:30,2026-04-01,277.2,277.2,277.2,277.2,30
AKPL,1min,1775029588,2026-04-01 13:31,2026-04-01,277.2,277.2,277.2,277.2,80
AKPL,1min,1775029674,2026-04-01 13:32,2026-04-01,277.2,277.2,277.1,277.1,40
AKPL,1min,1775029839,2026-04-01 13:35,2026-04-01,277.1,277.2,277.1,277.2,700
AKPL,1min,1775029917,2026-04-01 13:36,2026-04-01,277.2,277.2,277.2,277.2,1000
AKPL,1min,1775029978,2026-04-01 13:37,2026-04-01,277.2,278,277,278,2210
AKPL,1min,1775030080,2026-04-01 13:39,2026-04-01,278,278,277.2,278,330
AKPL,1min,1775030152,2026-04-01 13:40,2026-04-01,278,278,277.3,277.3,70
AKPL,1min,1775030204,2026-04-01 13:41,2026-04-01,277.3,277.3,277,277,1450
AKPL,1min,1775030279,2026-04-01 13:42,2026-04-01,277,277.3,277,277,1432
AKPL,1min,1775030328,2026-04-01 13:43,2026-04-01,277,277,277,277,2333
AKPL,1min,1775030388,2026-04-01 13:44,2026-04-01,277,277,276.6,276.6,425
AKPL,1min,1775030440,2026-04-01 13:45,2026-04-01,276.6,276.6,276.1,276.1,860
AKPL,1min,1775030469,2026-04-01 13:46,2026-04-01,276.1,276.1,276,276,600
AKPL,1min,1775030551,2026-04-01 13:47,2026-04-01,276,276,276,276,6454
AKPL,1min,1775030631,2026-04-01 13:48,2026-04-01,276,276,275.9,275.9,40
AKPL,1min,1775030684,2026-04-01 13:49,2026-04-01,275.9,276,275.3,275.4,2050
AKPL,1min,1775030742,2026-04-01 13:50,2026-04-01,275.4,275.5,275.4,275.5,400
AKPL,1min,1775030879,2026-04-01 13:52,2026-04-01,275.5,275.5,275.3,275.3,1000
AKPL,1min,1775030914,2026-04-01 13:53,2026-04-01,275.3,275.3,275.1,275.1,4001
AKPL,1min,1775030946,2026-04-01 13:54,2026-04-01,275.1,275.3,275.1,275.3,0
AKPL,1min,1775031048,2026-04-01 13:55,2026-04-01,275.3,275.3,275.1,275.1,215
AKPL,1min,1775031091,2026-04-01 13:56,2026-04-01,275.1,275.2,275,275,4470
AKPL,1min,1775031140,2026-04-01 13:57,2026-04-01,275,275,275,275,11380
AKPL,1min,1775031239,2026-04-01 13:58,2026-04-01,275,276,275,276,3260
AKPL,1min,1775031273,2026-04-01 13:59,2026-04-01,276,276,275,276,2500
AKPL,1min,1775031348,2026-04-01 14:00,2026-04-01,276,276,275.1,275.1,2000
AKPL,1min,1775031412,2026-04-01 14:01,2026-04-01,275.1,276,275,276,11167
AKPL,1min,1775031469,2026-04-01 14:02,2026-04-01,276,276,275,275,4600
AKPL,1min,1775031568,2026-04-01 14:04,2026-04-01,275,275,275,275,1441
AKPL,1min,1775031641,2026-04-01 14:05,2026-04-01,275,275,274.7,274.7,330
AKPL,1min,1775031701,2026-04-01 14:06,2026-04-01,274.7,275,274.6,274.6,700
AKPL,1min,1775031768,2026-04-01 14:07,2026-04-01,274.6,275,274.5,275,4330
AKPL,1min,1775031801,2026-04-01 14:08,2026-04-01,275,275,274.4,274.4,2230
AKPL,1min,1775031897,2026-04-01 14:09,2026-04-01,274.4,274.4,274,274.1,8600
AKPL,1min,1775031945,2026-04-01 14:10,2026-04-01,274.1,274.1,274,274,4951
AKPL,1min,1775031989,2026-04-01 14:11,2026-04-01,274,274,273,274,6200
AKPL,1min,1775032078,2026-04-01 14:12,2026-04-01,274,274,273,273,3470
AKPL,1min,1775032127,2026-04-01 14:13,2026-04-01,273,273,272.9,272.9,400
AKPL,1min,1775032171,2026-04-01 14:14,2026-04-01,272.9,273,272.9,273,1044
AKPL,1min,1775032245,2026-04-01 14:15,2026-04-01,273,274,273,273,1750
AKPL,1min,1775032303,2026-04-01 14:16,2026-04-01,273,273.1,273,273.1,140
AKPL,1min,1775032351,2026-04-01 14:17,2026-04-01,273.1,273.1,273.1,273.1,179
AKPL,1min,1775032420,2026-04-01 14:18,2026-04-01,273.1,273.1,273,273,2386
AKPL,1min,1775032444,2026-04-01 14:19,2026-04-01,273,273,273,273,0
AKPL,1min,1775032551,2026-04-01 14:20,2026-04-01,273,273,272.9,273,6769
AKPL,1min,1775032589,2026-04-01 14:21,2026-04-01,273,273,273,273,1632
AKPL,1min,1775032670,2026-04-01 14:22,2026-04-01,273,273.2,272.5,272.5,3466
AKPL,1min,1775032732,2026-04-01 14:23,2026-04-01,272.5,272.5,272,272,1800
AKPL,1min,1775032794,2026-04-01 14:24,2026-04-01,272,273,272,272.1,2600
AKPL,1min,1775032853,2026-04-01 14:25,2026-04-01,272.1,272.2,272,272.2,2715
AKPL,1min,1775032917,2026-04-01 14:26,2026-04-01,272.2,272.3,272,272,3027
AKPL,1min,1775032976,2026-04-01 14:27,2026-04-01,272,272,271,272,4110
AKPL,1min,1775033035,2026-04-01 14:28,2026-04-01,272,272,271,271,2980
AKPL,1min,1775033091,2026-04-01 14:29,2026-04-01,271,271.1,271,271.1,4981
AKPL,1min,1775033121,2026-04-01 14:30,2026-04-01,271.1,272,271.1,272,1208
AKPL,1min,1775033194,2026-04-01 14:31,2026-04-01,272,273,272,272,4430
AKPL,1min,1775033247,2026-04-01 14:32,2026-04-01,272,275,272,275,14838
AKPL,1min,1775033315,2026-04-01 14:33,2026-04-01,275,275,275,275,1215
AKPL,1min,1775033398,2026-04-01 14:34,2026-04-01,275,275.5,275,275.5,1890
AKPL,1min,1775033437,2026-04-01 14:35,2026-04-01,275.5,275.5,272.1,272.1,2347
AKPL,1min,1775033552,2026-04-01 14:37,2026-04-01,272.1,275,272.1,275,110
AKPL,1min,1775033638,2026-04-01 14:38,2026-04-01,275,275,275,275,2360
AKPL,1min,1775033696,2026-04-01 14:39,2026-04-01,275,275,275,275,3676
AKPL,1min,1775033742,2026-04-01 14:40,2026-04-01,275,275,274,275,2259
AKPL,1min,1775033811,2026-04-01 14:41,2026-04-01,275,275,274,275,2800
AKPL,1min,1775033877,2026-04-01 14:42,2026-04-01,275,275,274.1,274.1,570
AKPL,1min,1775033905,2026-04-01 14:43,2026-04-01,274.1,275,274.1,275,768
AKPL,1min,1775033992,2026-04-01 14:44,2026-04-01,275,275,275,275,2945
AKPL,1min,1775034047,2026-04-01 14:45,2026-04-01,275,275,275,275,2980
AKPL,1min,1775034112,2026-04-01 14:46,2026-04-01,275,275,275,275,2020
AKPL,1min,1775034166,2026-04-01 14:47,2026-04-01,275,275,275,275,2904
AKPL,1min,1775034238,2026-04-01 14:48,2026-04-01,275,275,274,274.5,338
AKPL,1min,1775034297,2026-04-01 14:49,2026-04-01,274.5,275,274.1,274.1,800
AKPL,1min,1775034349,2026-04-01 14:50,2026-04-01,274.1,274.1,274,274,1676
AKPL,1min,1775034412,2026-04-01 14:51,2026-04-01,274,274,273,273,6452
AKPL,1min,1775034469,2026-04-01 14:52,2026-04-01,273,273.4,273,273,2808
AKPL,1min,1775034524,2026-04-01 14:53,2026-04-01,273,273,272,272,5392
AKPL,1min,1775034595,2026-04-01 14:54,2026-04-01,272,272,270,270,18278
AKPL,1min,1775034652,2026-04-01 14:55,2026-04-01,270,271.1,270,270.1,5150
AKPL,1min,1775034713,2026-04-01 14:56,2026-04-01,270.1,270.5,270.1,270.1,6440
AKPL,1min,1775034761,2026-04-01 14:57,2026-04-01,270.1,271,270.1,271,15291
AKPL,1min,1775034811,2026-04-01 14:58,2026-04-01,271,272,271,272,1385
AKPL,1min,1775034899,2026-04-01 14:59,2026-04-01,272,272,271,272,8320
AKPL,1min,1775106944,2026-04-02 11:00,2026-04-02,270,270,270,270,10
AKPL,1min,1775107019,2026-04-02 11:01,2026-04-02,270,270,267.5,268,2461
AKPL,1min,1775107066,2026-04-02 11:02,2026-04-02,268,268,266,266,11059
AKPL,1min,1775107118,2026-04-02 11:03,2026-04-02,266,266,265,266,2811
AKPL,1min,1775107189,2026-04-02 11:04,2026-04-02,266,267,266,267,1845
AKPL,1min,1775107250,2026-04-02 11:05,2026-04-02,267,267.1,267,267.1,2180
AKPL,1min,1775107289,2026-04-02 11:06,2026-04-02,267.1,269.9,267.1,269.9,150
AKPL,1min,1775107372,2026-04-02 11:07,2026-04-02,269.9,269.9,267.1,267.1,710
AKPL,1min,1775107430,2026-04-02 11:08,2026-04-02,267.1,267.1,267.1,267.1,1500
AKPL,1min,1775107447,2026-04-02 11:09,2026-04-02,267.1,269,267.1,267.1,1010
AKPL,1min,1775107518,2026-04-02 11:10,2026-04-02,267.1,268,267.1,268,1400
AKPL,1min,1775107606,2026-04-02 11:11,2026-04-02,268,269,268,268.1,4102
AKPL,1min,1775107673,2026-04-02 11:12,2026-04-02,268.1,268.2,268.1,268.2,1255
AKPL,1min,1775107733,2026-04-02 11:13,2026-04-02,268.2,269,268.1,269,5795
AKPL,1min,1775107769,2026-04-02 11:14,2026-04-02,269,270,269,270,8300
AKPL,1min,1775107842,2026-04-02 11:15,2026-04-02,270,270,269.5,269.5,111
AKPL,1min,1775107913,2026-04-02 11:16,2026-04-02,269.5,269.5,269,269,800
AKPL,1min,1775107964,2026-04-02 11:17,2026-04-02,269,269.5,269,269.5,1618
AKPL,1min,1775108034,2026-04-02 11:18,2026-04-02,269.5,270,269.5,270,2822
AKPL,1min,1775108054,2026-04-02 11:19,2026-04-02,270,270,269,269.1,1900
AKPL,1min,1775108140,2026-04-02 11:20,2026-04-02,269.1,271,269.1,271,1440
AKPL,1min,1775108200,2026-04-02 11:21,2026-04-02,271,273,271,273,1068
AKPL,1min,1775108278,2026-04-02 11:22,2026-04-02,273,274.3,273,274.3,950
AKPL,1min,1775108335,2026-04-02 11:23,2026-04-02,274.3,274.3,273.1,274.3,500
AKPL,1min,1775108384,2026-04-02 11:24,2026-04-02,274.3,275.2,274.3,275.2,2130
AKPL,1min,1775108429,2026-04-02 11:25,2026-04-02,275.2,275.2,275.2,275.2,815
AKPL,1min,1775108515,2026-04-02 11:26,2026-04-02,275.2,275.2,273,274,2003
AKPL,1min,1775108561,2026-04-02 11:27,2026-04-02,274,275,274,275,200
AKPL,1min,1775108619,2026-04-02 11:28,2026-04-02,275,275,274,274,662
AKPL,1min,1775108651,2026-04-02 11:29,2026-04-02,274,274,274,274,50
AKPL,1min,1775108749,2026-04-02 11:30,2026-04-02,274,274.9,274,274.9,1100
AKPL,1min,1775108812,2026-04-02 11:31,2026-04-02,274.9,274.9,274,274,1948
AKPL,1min,1775108853,2026-04-02 11:32,2026-04-02,274,274,270,270,9459
AKPL,1min,1775108930,2026-04-02 11:33,2026-04-02,270,270,269.5,269.5,4032
AKPL,1min,1775108997,2026-04-02 11:34,2026-04-02,269.5,269.5,269,269,7078
AKPL,1min,1775109058,2026-04-02 11:35,2026-04-02,269,270,268.2,270,7113
AKPL,1min,1775109094,2026-04-02 11:36,2026-04-02,270,270,268.2,268.2,150
AKPL,1min,1775109163,2026-04-02 11:37,2026-04-02,268.2,269.5,268,269.5,9455
AKPL,1min,1775109222,2026-04-02 11:38,2026-04-02,269.5,269.5,267.2,267.2,2810
AKPL,1min,1775109282,2026-04-02 11:39,2026-04-02,267.2,269,267.2,269,540
AKPL,1min,1775109390,2026-04-02 11:41,2026-04-02,269,269.5,269,269.5,50
AKPL,1min,1775109469,2026-04-02 11:42,2026-04-02,269.5,269.8,269.5,269.8,695
AKPL,1min,1775109538,2026-04-02 11:43,2026-04-02,269.8,271,269.8,271,1160
AKPL,1min,1775109650,2026-04-02 11:45,2026-04-02,271,271,271,271,1800
AKPL,1min,1775109711,2026-04-02 11:46,2026-04-02,271,271,271,271,633
AKPL,1min,1775109757,2026-04-02 11:47,2026-04-02,271,272,271,271,1335
AKPL,1min,1775109838,2026-04-02 11:48,2026-04-02,271,273,271,273,749
AKPL,1min,1775109882,2026-04-02 11:49,2026-04-02,273,273,272,272,10
AKPL,1min,1775109947,2026-04-02 11:50,2026-04-02,272,273,272,273,314
AKPL,1min,1775110032,2026-04-02 11:52,2026-04-02,273,273,273,273,436
AKPL,1min,1775110129,2026-04-02 11:53,2026-04-02,273,273,273,273,900
AKPL,1min,1775110163,2026-04-02 11:54,2026-04-02,273,273.5,273,273.5,257
AKPL,1min,1775110207,2026-04-02 11:55,2026-04-02,273.5,273.5,273.5,273.5,15
AKPL,1min,1775110312,2026-04-02 11:56,2026-04-02,273.5,273.5,273.3,273.3,1309
AKPL,1min,1775110375,2026-04-02 11:57,2026-04-02,273.3,274,273.1,274,1640
AKPL,1min,1775110439,2026-04-02 11:58,2026-04-02,274,274.3,274,274.3,295
AKPL,1min,1775110497,2026-04-02 11:59,2026-04-02,274.3,274.3,274.2,274.2,500
AKPL,1min,1775110557,2026-04-02 12:00,2026-04-02,274.2,274.3,274.2,274.3,135
AKPL,1min,1775110614,2026-04-02 12:01,2026-04-02,274.3,274.3,274.1,274.1,130
AKPL,1min,1775110676,2026-04-02 12:02,2026-04-02,274.1,274.1,272,272,5120
AKPL,1min,1775110738,2026-04-02 12:03,2026-04-02,272,272,271.6,271.6,1273
AKPL,1min,1775111153,2026-04-02 12:10,2026-04-02,271.6,271.6,270,270,12654
AKPL,1min,1775111218,2026-04-02 12:11,2026-04-02,270,270,270,270,345
AKPL,1min,1775111301,2026-04-02 12:13,2026-04-02,270,270.1,270,270.1,500
AKPL,1min,1775111478,2026-04-02 12:16,2026-04-02,270.1,273,270.1,273,250
AKPL,1min,1775111578,2026-04-02 12:17,2026-04-02,273,273.5,273,273.5,1030
AKPL,1min,1775111621,2026-04-02 12:18,2026-04-02,273.5,273.5,273.5,273.5,0
AKPL,1min,1775111745,2026-04-02 12:20,2026-04-02,273.5,274,273,273,20
AKPL,1min,1775111799,2026-04-02 12:21,2026-04-02,273,274,273,273,3703
AKPL,1min,1775111847,2026-04-02 12:22,2026-04-02,273,274,273,274,1600
AKPL,1min,1775111910,2026-04-02 12:23,2026-04-02,274,274.1,274,274.1,500
AKPL,1min,1775111988,2026-04-02 12:24,2026-04-02,274.1,274.1,273,273,3000
AKPL,1min,1775112026,2026-04-02 12:25,2026-04-02,273,274,273,273.9,690
AKPL,1min,1775112115,2026-04-02 12:26,2026-04-02,273.9,273.9,273.9,273.9,775
AKPL,1min,1775112158,2026-04-02 12:27,2026-04-02,273.9,273.9,273,273,5336
AKPL,1min,1775112352,2026-04-02 12:30,2026-04-02,273,273,272,273,475
AKPL,1min,1775112407,2026-04-02 12:31,2026-04-02,273,273,273,273,25
AKPL,1min,1775112462,2026-04-02 12:32,2026-04-02,273,273,272,272,99
AKPL,1min,1775112504,2026-04-02 12:33,2026-04-02,272,273.9,272,273.9,20
AKPL,1min,1775112654,2026-04-02 12:35,2026-04-02,273.9,273.9,273.5,273.5,200
AKPL,1min,1775112705,2026-04-02 12:36,2026-04-02,273.5,274.6,273.5,274.6,5000
AKPL,1min,1775112740,2026-04-02 12:37,2026-04-02,274.6,274.6,273,273,550
AKPL,1min,1775112863,2026-04-02 12:39,2026-04-02,273,273,273,273,100
AKPL,1min,1775112951,2026-04-02 12:40,2026-04-02,273,273.8,273,273.8,0
AKPL,1min,1775112986,2026-04-02 12:41,2026-04-02,273.8,273.8,273,273,90
AKPL,1min,1775113057,2026-04-02 12:42,2026-04-02,273,273,273,273,100
AKPL,1min,1775113154,2026-04-02 12:44,2026-04-02,273,273,273,273,400
AKPL,1min,1775113381,2026-04-02 12:48,2026-04-02,273,274,273,274,1500
AKPL,1min,1775113485,2026-04-02 12:49,2026-04-02,274,274,274,274,1000
AKPL,1min,1775113534,2026-04-02 12:50,2026-04-02,274,274,274,274,0
AKPL,1min,1775113591,2026-04-02 12:51,2026-04-02,274,274,274,274,2500
AKPL,1min,1775113665,2026-04-02 12:52,2026-04-02,274,274,273.9,273.9,520
AKPL,1min,1775113738,2026-04-02 12:53,2026-04-02,273.9,274.1,273.9,274.1,305
AKPL,1min,1775113779,2026-04-02 12:54,2026-04-02,274.1,275,274.1,275,5000
AKPL,1min,1775113916,2026-04-02 12:56,2026-04-02,275,275,275,275,5287
AKPL,1min,1775113974,2026-04-02 12:57,2026-04-02,275,275.2,275,275.2,500
AKPL,1min,1775114124,2026-04-02 13:00,2026-04-02,275.2,275.7,275.2,275.7,100
AKPL,1min,1775114210,2026-04-02 13:01,2026-04-02,275.7,276,275.7,276,705
AKPL,1min,1775114229,2026-04-02 13:02,2026-04-02,276,276,276,276,100
AKPL,1min,1775114317,2026-04-02 13:03,2026-04-02,276,276,276,276,500
AKPL,1min,1775114366,2026-04-02 13:04,2026-04-02,276,276,275.8,275.8,1970
AKPL,1min,1775114455,2026-04-02 13:05,2026-04-02,275.8,276,275.8,276,300
AKPL,1min,1775114495,2026-04-02 13:06,2026-04-02,276,276.7,276,276.7,434
AKPL,1min,1775114576,2026-04-02 13:07,2026-04-02,276.7,277,276.7,277,5100
AKPL,1min,1775114632,2026-04-02 13:08,2026-04-02,277,278.4,277,278.4,7150
AKPL,1min,1775114672,2026-04-02 13:09,2026-04-02,278.4,278.4,277.2,277.2,120
AKPL,1min,1775114738,2026-04-02 13:10,2026-04-02,277.2,278.3,277.2,278.3,700
AKPL,1min,1775114809,2026-04-02 13:11,2026-04-02,278.3,278.3,276,276,277
AKPL,1min,1775114876,2026-04-02 13:12,2026-04-02,276,277.9,276,276.9,2918
AKPL,1min,1775114933,2026-04-02 13:13,2026-04-02,276.9,276.9,275,275,2811
AKPL,1min,1775114998,2026-04-02 13:14,2026-04-02,275,275,275,275,1049
AKPL,1min,1775115049,2026-04-02 13:15,2026-04-02,275,275,275,275,100
AKPL,1min,1775115100,2026-04-02 13:16,2026-04-02,275,275,275,275,224
AKPL,1min,1775115167,2026-04-02 13:17,2026-04-02,275,275,274,274,0
AKPL,1min,1775115197,2026-04-02 13:18,2026-04-02,274,274,274,274,0
AKPL,1min,1775115273,2026-04-02 13:19,2026-04-02,274,274,273,273,5528
AKPL,1min,1775115324,2026-04-02 13:20,2026-04-02,273,275,273,274.5,201
AKPL,1min,1775115419,2026-04-02 13:21,2026-04-02,274.5,275,274.5,275,200
AKPL,1min,1775115468,2026-04-02 13:22,2026-04-02,275,275,274.5,274.5,380
AKPL,1min,1775115576,2026-04-02 13:24,2026-04-02,274.5,275,274.5,275,1920
AKPL,1min,1775115636,2026-04-02 13:25,2026-04-02,275,275,275,275,1000
AKPL,1min,1775115673,2026-04-02 13:26,2026-04-02,275,276.8,275,276.8,2179
AKPL,1min,1775115818,2026-04-02 13:28,2026-04-02,276.8,276.8,276.8,276.8,10
AKPL,1min,1775115956,2026-04-02 13:30,2026-04-02,276.8,276.8,276,276,300
AKPL,1min,1775116073,2026-04-02 13:32,2026-04-02,276,276,276,276,0
AKPL,1min,1775116137,2026-04-02 13:33,2026-04-02,276,276,276,276,229
AKPL,1min,1775116168,2026-04-02 13:34,2026-04-02,276,276.8,276,276.8,50
AKPL,1min,1775116296,2026-04-02 13:36,2026-04-02,276.8,277,276.8,276.8,840
AKPL,1min,1775116374,2026-04-02 13:37,2026-04-02,276.8,277,276.8,277,692
AKPL,1min,1775116388,2026-04-02 13:38,2026-04-02,277,277,277,277,908
AKPL,1min,1775116483,2026-04-02 13:39,2026-04-02,277,277,276.8,277,200
AKPL,1min,1775116615,2026-04-02 13:41,2026-04-02,277,277,276.5,276.8,270
AKPL,1min,1775116636,2026-04-02 13:42,2026-04-02,276.8,277,276.8,277,2597
AKPL,1min,1775116718,2026-04-02 13:43,2026-04-02,277,277.4,277,277.4,250
AKPL,1min,1775116769,2026-04-02 13:44,2026-04-02,277.4,277.5,277,277,2416
AKPL,1min,1775116852,2026-04-02 13:45,2026-04-02,277,277.5,277,277,899
AKPL,1min,1775116914,2026-04-02 13:46,2026-04-02,277,277,277,277,0
AKPL,1min,1775116927,2026-04-02 13:47,2026-04-02,277,277,277,277,460
AKPL,1min,1775117097,2026-04-02 13:49,2026-04-02,277,277,276.5,276.5,4380
AKPL,1min,1775117155,2026-04-02 13:50,2026-04-02,276.5,276.5,276,276,1891
AKPL,1min,1775117191,2026-04-02 13:51,2026-04-02,276,276,275.5,276,64
AKPL,1min,1775117236,2026-04-02 13:52,2026-04-02,276,276,276,276,80
AKPL,1min,1775117303,2026-04-02 13:53,2026-04-02,276,276,275.5,275.5,100
AKPL,1min,1775117352,2026-04-02 13:54,2026-04-02,275.5,276,275.5,276,100
AKPL,1min,1775117451,2026-04-02 13:55,2026-04-02,276,276,275,275,6374
AKPL,1min,1775117507,2026-04-02 13:56,2026-04-02,275,275,274.9,274.9,1073
AKPL,1min,1775117633,2026-04-02 13:58,2026-04-02,274.9,274.9,274.7,274.7,800
AKPL,1min,1775117651,2026-04-02 13:59,2026-04-02,274.7,274.7,274.5,274.5,1500
AKPL,1min,1775117741,2026-04-02 14:00,2026-04-02,274.5,274.9,274.5,274.9,1300
AKPL,1min,1775117845,2026-04-02 14:02,2026-04-02,274.9,274.9,274,274,500
AKPL,1min,1775117938,2026-04-02 14:03,2026-04-02,274,274.1,274,274.1,1350
AKPL,1min,1775117959,2026-04-02 14:04,2026-04-02,274.1,274.2,274.1,274.2,0
AKPL,1min,1775118009,2026-04-02 14:05,2026-04-02,274.2,274.2,273,273,5100
AKPL,1min,1775118087,2026-04-02 14:06,2026-04-02,273,273,273,273,4950
AKPL,1min,1775118163,2026-04-02 14:07,2026-04-02,273,273,273,273,237
AKPL,1min,1775118203,2026-04-02 14:08,2026-04-02,273,273,273,273,1500
AKPL,1min,1775118274,2026-04-02 14:09,2026-04-02,273,274,273,274,20
AKPL,1min,1775118360,2026-04-02 14:11,2026-04-02,274,274,273,273,1270
AKPL,1min,1775118479,2026-04-02 14:12,2026-04-02,273,273,273,273,2000
AKPL,1min,1775118539,2026-04-02 14:13,2026-04-02,273,274,273,273,1710
AKPL,1min,1775118575,2026-04-02 14:14,2026-04-02,273,273,273,273,255
AKPL,1min,1775118649,2026-04-02 14:15,2026-04-02,273,273,271.5,271.5,2745
AKPL,1min,1775118763,2026-04-02 14:17,2026-04-02,271.5,272,271.5,272,57
AKPL,1min,1775118890,2026-04-02 14:19,2026-04-02,272,272,272,272,912
AKPL,1min,1775118902,2026-04-02 14:20,2026-04-02,272,272,272,272,54
AKPL,1min,1775118979,2026-04-02 14:21,2026-04-02,272,273,272,273,1000
AKPL,1min,1775119035,2026-04-02 14:22,2026-04-02,273,273,272.1,272.1,700
AKPL,1min,1775119226,2026-04-02 14:25,2026-04-02,272.1,274,272.1,274,200
AKPL,1min,1775119288,2026-04-02 14:26,2026-04-02,274,274,274,274,530
AKPL,1min,1775119349,2026-04-02 14:27,2026-04-02,274,274,273.9,273.9,15
AKPL,1min,1775119416,2026-04-02 14:28,2026-04-02,273.9,273.9,273.9,273.9,395
AKPL,1min,1775119473,2026-04-02 14:29,2026-04-02,273.9,274,273.9,274,600
AKPL,1min,1775119509,2026-04-02 14:30,2026-04-02,274,274,274,274,200
AKPL,1min,1775119613,2026-04-02 14:31,2026-04-02,274,274.9,274,274.9,140
AKPL,1min,1775119644,2026-04-02 14:32,2026-04-02,274.9,274.9,274.9,274.9,1000
AKPL,1min,1775119737,2026-04-02 14:33,2026-04-02,274.9,275,274.9,275,16
AKPL,1min,1775119766,2026-04-02 14:34,2026-04-02,275,275,275,275,925
AKPL,1min,1775119840,2026-04-02 14:35,2026-04-02,275,275,275,275,200
AKPL,1min,1775119908,2026-04-02 14:36,2026-04-02,275,275,275,275,239
AKPL,1min,1775119973,2026-04-02 14:37,2026-04-02,275,275,275,275,1000
AKPL,1min,1775119988,2026-04-02 14:38,2026-04-02,275,275,275,275,851
AKPL,1min,1775120050,2026-04-02 14:39,2026-04-02,275,275,274.5,274.5,1000
AKPL,1min,1775120147,2026-04-02 14:40,2026-04-02,274.5,274.5,274.5,274.5,70
AKPL,1min,1775120174,2026-04-02 14:41,2026-04-02,274.5,275,274.5,275,0
AKPL,1min,1775120327,2026-04-02 14:43,2026-04-02,275,275,274.5,274.5,940
AKPL,1min,1775120384,2026-04-02 14:44,2026-04-02,274.5,274.5,274,274,2536
AKPL,1min,1775120431,2026-04-02 14:45,2026-04-02,274,274,273,273,1200
AKPL,1min,1775120501,2026-04-02 14:46,2026-04-02,273,273,273,273,0
AKPL,1min,1775120573,2026-04-02 14:47,2026-04-02,273,273,272.2,272.2,3180
AKPL,1min,1775120598,2026-04-02 14:48,2026-04-02,272.2,272.5,272,272.5,2855
AKPL,1min,1775120681,2026-04-02 14:49,2026-04-02,272.5,272.5,272,272,150
AKPL,1min,1775120721,2026-04-02 14:50,2026-04-02,272,272.5,272,272.5,440
AKPL,1min,1775120791,2026-04-02 14:51,2026-04-02,272.5,272.5,272.1,272.1,702
AKPL,1min,1775120820,2026-04-02 14:52,2026-04-02,272.1,272.5,272.1,272.5,250
AKPL,1min,1775120926,2026-04-02 14:53,2026-04-02,272.5,272.9,272.5,272.9,80
AKPL,1min,1775120983,2026-04-02 14:54,2026-04-02,272.9,272.9,272,272,3300
AKPL,1min,1775121054,2026-04-02 14:55,2026-04-02,272,272.1,272,272.1,300
AKPL,1min,1775121104,2026-04-02 14:56,2026-04-02,272.1,272.9,272.1,272.6,1500
AKPL,1min,1775121174,2026-04-02 14:57,2026-04-02,272.6,273,272.6,272.6,4525
AKPL,1min,1775121228,2026-04-02 14:58,2026-04-02,272.6,273,272.6,273,2008
AKPL,1min,1775121299,2026-04-02 14:59,2026-04-02,273,273,271.9,271.9,6999
AKPL,1min,1775366156,2026-04-05 11:00,2026-04-05,272,272,268,268,5036
AKPL,1min,1775366195,2026-04-05 11:01,2026-04-05,268,268,265.1,265.1,5800
AKPL,1min,1775366264,2026-04-05 11:02,2026-04-05,265.1,265.1,264.7,265,2664
AKPL,1min,1775366328,2026-04-05 11:03,2026-04-05,265,265,264,264,12546
AKPL,1min,1775366398,2026-04-05 11:04,2026-04-05,264,264,262.8,264,2733
AKPL,1min,1775366453,2026-04-05 11:05,2026-04-05,264,264,260.4,260.6,6400
AKPL,1min,1775366518,2026-04-05 11:06,2026-04-05,260.6,263,260.5,263,1533
AKPL,1min,1775366571,2026-04-05 11:07,2026-04-05,263,263,260.7,262,5167
AKPL,1min,1775366635,2026-04-05 11:08,2026-04-05,262,262,262,262,1679
AKPL,1min,1775366692,2026-04-05 11:09,2026-04-05,262,262,261.1,262,4075
AKPL,1min,1775366759,2026-04-05 11:10,2026-04-05,262,263.9,260.7,263.9,7830
AKPL,1min,1775366879,2026-04-05 11:12,2026-04-05,263.9,263.9,263,263.9,1180
AKPL,1min,1775366936,2026-04-05 11:13,2026-04-05,263.9,264,263.9,264,4850
AKPL,1min,1775366984,2026-04-05 11:14,2026-04-05,264,264,263.5,263.5,1030
AKPL,1min,1775367054,2026-04-05 11:15,2026-04-05,263.5,263.5,263,263,1012
AKPL,1min,1775367069,2026-04-05 11:16,2026-04-05,263,263,262.5,262.5,0
AKPL,1min,1775367175,2026-04-05 11:17,2026-04-05,262.5,263.5,262.5,263,1794
AKPL,1min,1775367233,2026-04-05 11:18,2026-04-05,263,264,263,263.1,2485
AKPL,1min,1775367298,2026-04-05 11:19,2026-04-05,263.1,263.9,263.1,263.1,5370
AKPL,1min,1775367354,2026-04-05 11:20,2026-04-05,263.1,264,263.1,264,3453
AKPL,1min,1775367419,2026-04-05 11:21,2026-04-05,264,264.6,264,264.6,2138
AKPL,1min,1775367473,2026-04-05 11:22,2026-04-05,264.6,265,264.6,264.9,1400
AKPL,1min,1775367537,2026-04-05 11:23,2026-04-05,264.9,266,264.9,266,3583
AKPL,1min,1775367599,2026-04-05 11:24,2026-04-05,266,266,264.5,266,305
AKPL,1min,1775367653,2026-04-05 11:25,2026-04-05,266,266,264.5,265,4049
AKPL,1min,1775367707,2026-04-05 11:26,2026-04-05,265,265,264.5,265,2995
AKPL,1min,1775367776,2026-04-05 11:27,2026-04-05,265,265.8,265,265.1,2777
AKPL,1min,1775367830,2026-04-05 11:28,2026-04-05,265.1,265.1,265,265,504
AKPL,1min,1775367890,2026-04-05 11:29,2026-04-05,265,265,263.3,263.3,9500
AKPL,1min,1775367939,2026-04-05 11:30,2026-04-05,263.3,263.3,263,263,5753
AKPL,1min,1775367995,2026-04-05 11:31,2026-04-05,263,263,262.5,263,2960
AKPL,1min,1775368062,2026-04-05 11:32,2026-04-05,263,263,261.1,261.1,13310
AKPL,1min,1775368133,2026-04-05 11:33,2026-04-05,261.1,262.1,261.1,262.1,252
AKPL,1min,1775368212,2026-04-05 11:35,2026-04-05,262.1,262.2,262.1,262.2,850
AKPL,1min,1775368302,2026-04-05 11:36,2026-04-05,262.2,263.5,262.2,263,450
AKPL,1min,1775368345,2026-04-05 11:37,2026-04-05,263,263,263,263,500
AKPL,1min,1775368431,2026-04-05 11:38,2026-04-05,263,263,262.3,262.3,935
AKPL,1min,1775368465,2026-04-05 11:39,2026-04-05,262.3,262.3,262.2,262.2,1500
AKPL,1min,1775368554,2026-04-05 11:40,2026-04-05,262.2,263,261.1,261.1,4150
AKPL,1min,1775368612,2026-04-05 11:41,2026-04-05,261.1,262,261.1,262,12550
AKPL,1min,1775368620,2026-04-05 11:42,2026-04-05,262,262,261.1,261.1,3272
AKPL,1min,1775368734,2026-04-05 11:43,2026-04-05,261.1,261.3,261.1,261.3,4000
AKPL,1min,1775368771,2026-04-05 11:44,2026-04-05,261.3,263,261.3,263,20
AKPL,1min,1775368899,2026-04-05 11:46,2026-04-05,263,263,261.5,261.5,1275
AKPL,1min,1775368926,2026-04-05 11:47,2026-04-05,261.5,261.5,261.5,261.5,100
AKPL,1min,1775369001,2026-04-05 11:48,2026-04-05,261.5,262.5,261.5,262.5,10
AKPL,1min,1775369079,2026-04-05 11:49,2026-04-05,262.5,262.5,262.5,262.5,90
AKPL,1min,1775369149,2026-04-05 11:50,2026-04-05,262.5,262.5,262,262,754
AKPL,1min,1775369202,2026-04-05 11:51,2026-04-05,262,263,262,263,1010
AKPL,1min,1775369272,2026-04-05 11:52,2026-04-05,263,263,262,262,3230
AKPL,1min,1775369327,2026-04-05 11:53,2026-04-05,262,262.9,261.9,262,2770
AKPL,1min,1775369346,2026-04-05 11:54,2026-04-05,262,262,262,262,2000
AKPL,1min,1775369470,2026-04-05 11:56,2026-04-05,262,262.9,262,262.9,87
AKPL,1min,1775369561,2026-04-05 11:57,2026-04-05,262.9,262.9,262.3,262.9,224
AKPL,1min,1775369622,2026-04-05 11:58,2026-04-05,262.9,262.9,262.9,262.9,1080
AKPL,1min,1775369686,2026-04-05 11:59,2026-04-05,262.9,263,262.9,263,1761
AKPL,1min,1775369811,2026-04-05 12:01,2026-04-05,263,264.2,263,263,1300
AKPL,1min,1775369847,2026-04-05 12:02,2026-04-05,263,264.3,263,264.3,47
AKPL,1min,1775369928,2026-04-05 12:03,2026-04-05,264.3,267,264.3,266,10225
AKPL,1min,1775369987,2026-04-05 12:04,2026-04-05,266,266,266,266,3350
AKPL,1min,1775370049,2026-04-05 12:05,2026-04-05,266,267,266,266,1120
AKPL,1min,1775370109,2026-04-05 12:06,2026-04-05,266,266,266,266,1500
AKPL,1min,1775370150,2026-04-05 12:07,2026-04-05,266,266,265,265,200
AKPL,1min,1775370231,2026-04-05 12:08,2026-04-05,265,266,265,265,2170
AKPL,1min,1775370405,2026-04-05 12:11,2026-04-05,265,266,265,266,30
AKPL,1min,1775370528,2026-04-05 12:13,2026-04-05,266,266,265,265,500
AKPL,1min,1775370571,2026-04-05 12:14,2026-04-05,265,265,265,265,548
AKPL,1min,1775370607,2026-04-05 12:15,2026-04-05,265,265,265,265,10
AKPL,1min,1775370755,2026-04-05 12:17,2026-04-05,265,265,264.5,264.5,100
AKPL,1min,1775370849,2026-04-05 12:19,2026-04-05,264.5,264.5,264.3,264.3,10
AKPL,1min,1775371008,2026-04-05 12:21,2026-04-05,264.3,264.3,264.1,264.1,30
AKPL,1min,1775371032,2026-04-05 12:22,2026-04-05,264.1,264.1,264,264,70
AKPL,1min,1775371134,2026-04-05 12:23,2026-04-05,264,264.5,264,264.5,10
AKPL,1min,1775371160,2026-04-05 12:24,2026-04-05,264.5,264.5,263.2,263.2,230
AKPL,1min,1775371230,2026-04-05 12:25,2026-04-05,263.2,264.5,263.2,263.2,1145
AKPL,1min,1775371302,2026-04-05 12:26,2026-04-05,263.2,263.2,263.2,263.2,20
AKPL,1min,1775371365,2026-04-05 12:27,2026-04-05,263.2,264,263.2,264,460
AKPL,1min,1775371494,2026-04-05 12:29,2026-04-05,264,264,263.5,263.5,180
AKPL,1min,1775371553,2026-04-05 12:30,2026-04-05,263.5,264,263.2,263.2,2522
AKPL,1min,1775371609,2026-04-05 12:31,2026-04-05,263.2,263.2,263.2,263.2,310
AKPL,1min,1775371664,2026-04-05 12:32,2026-04-05,263.2,263.2,263,263,1580
AKPL,1min,1775371692,2026-04-05 12:33,2026-04-05,263,263,263,263,482
AKPL,1min,1775371787,2026-04-05 12:34,2026-04-05,263,263,263,263,130
AKPL,1min,1775371853,2026-04-05 12:35,2026-04-05,263,263,262.9,262.9,10
AKPL,1min,1775371919,2026-04-05 12:36,2026-04-05,262.9,262.9,262.5,262.5,880
AKPL,1min,1775371962,2026-04-05 12:37,2026-04-05,262.5,262.5,262.5,262.5,15
AKPL,1min,1775372037,2026-04-05 12:38,2026-04-05,262.5,262.5,262,262,1195
AKPL,1min,1775372081,2026-04-05 12:39,2026-04-05,262,262,262,262,810
AKPL,1min,1775372110,2026-04-05 12:40,2026-04-05,262,262,261.4,261.4,151
AKPL,1min,1775372210,2026-04-05 12:41,2026-04-05,261.4,262,261.1,261.1,11271
AKPL,1min,1775372273,2026-04-05 12:42,2026-04-05,261.1,262,261.1,262,10
AKPL,1min,1775372377,2026-04-05 12:44,2026-04-05,262,262,261,261,460
AKPL,1min,1775372446,2026-04-05 12:45,2026-04-05,261,262,261,262,13683
AKPL,1min,1775372518,2026-04-05 12:46,2026-04-05,262,262,261,262,2760
AKPL,1min,1775372579,2026-04-05 12:47,2026-04-05,262,262,261.1,261.8,730
AKPL,1min,1775372593,2026-04-05 12:48,2026-04-05,261.8,261.8,261.8,261.8,1500
AKPL,1min,1775372644,2026-04-05 12:49,2026-04-05,261.8,261.8,261.1,261.1,623
AKPL,1min,1775372731,2026-04-05 12:50,2026-04-05,261.1,261.6,261,261.6,1600
AKPL,1min,1775372799,2026-04-05 12:51,2026-04-05,261.6,261.6,261,261,1200
AKPL,1min,1775372874,2026-04-05 12:52,2026-04-05,261,261.9,261,261.9,1582
AKPL,1min,1775372918,2026-04-05 12:53,2026-04-05,261.9,261.9,261.1,261.9,2250
AKPL,1min,1775372971,2026-04-05 12:54,2026-04-05,261.9,261.9,261.9,261.9,40
AKPL,1min,1775373057,2026-04-05 12:55,2026-04-05,261.9,261.9,261.3,261.3,25
AKPL,1min,1775373116,2026-04-05 12:56,2026-04-05,261.3,263,261.3,263,2465
AKPL,1min,1775373251,2026-04-05 12:59,2026-04-05,263,263,261.3,262,2202
AKPL,1min,1775373426,2026-04-05 13:02,2026-04-05,262,262,262,262,613
AKPL,1min,1775373578,2026-04-05 13:04,2026-04-05,262,262.9,262,262.9,25
AKPL,1min,1775373613,2026-04-05 13:05,2026-04-05,262.9,263,262,262,2100
AKPL,1min,1775373689,2026-04-05 13:06,2026-04-05,262,262,262,262,200
AKPL,1min,1775373771,2026-04-05 13:07,2026-04-05,262,262,261,261,3087
AKPL,1min,1775373823,2026-04-05 13:08,2026-04-05,261,261,261,261,1220
AKPL,1min,1775373921,2026-04-05 13:10,2026-04-05,261,261.8,261,261.8,500
AKPL,1min,1775374004,2026-04-05 13:11,2026-04-05,261.8,261.8,261,261,2000
AKPL,1min,1775374077,2026-04-05 13:12,2026-04-05,261,261,261,261,4353
AKPL,1min,1775374129,2026-04-05 13:13,2026-04-05,261,261.2,261,261,3326
AKPL,1min,1775374191,2026-04-05 13:14,2026-04-05,261,261,261,261,250
AKPL,1min,1775374312,2026-04-05 13:16,2026-04-05,261,261,260.8,260.8,2370
AKPL,1min,1775374366,2026-04-05 13:17,2026-04-05,260.8,260.8,260.8,260.8,260
AKPL,1min,1775374392,2026-04-05 13:18,2026-04-05,260.8,261,260.8,261,135
AKPL,1min,1775374546,2026-04-05 13:20,2026-04-05,261,261,261,261,336
AKPL,1min,1775374611,2026-04-05 13:21,2026-04-05,261,261,260.7,260.7,3117
AKPL,1min,1775374658,2026-04-05 13:22,2026-04-05,260.7,260.7,260,260,15518
AKPL,1min,1775374731,2026-04-05 13:23,2026-04-05,260,260,260,260,8300
AKPL,1min,1775374791,2026-04-05 13:24,2026-04-05,260,261,260,261,1811
AKPL,1min,1775374809,2026-04-05 13:25,2026-04-05,261,261,261,261,310
AKPL,1min,1775374911,2026-04-05 13:26,2026-04-05,261,261,260.1,260.1,1580
AKPL,1min,1775374944,2026-04-05 13:27,2026-04-05,260.1,260.1,260.1,260.1,100
AKPL,1min,1775374981,2026-04-05 13:28,2026-04-05,260.1,260.1,260.1,260.1,464
AKPL,1min,1775375060,2026-04-05 13:29,2026-04-05,260.1,260.1,260,260,5036
AKPL,1min,1775375153,2026-04-05 13:30,2026-04-05,260,261,260,261,1570
AKPL,1min,1775375217,2026-04-05 13:31,2026-04-05,261,261,259.9,259.9,25462
AKPL,1min,1775375271,2026-04-05 13:32,2026-04-05,259.9,260,259.8,259.8,500
AKPL,1min,1775375325,2026-04-05 13:33,2026-04-05,259.8,260,259.7,260,5932
AKPL,1min,1775375385,2026-04-05 13:34,2026-04-05,260,260,259.1,259.9,763
AKPL,1min,1775375446,2026-04-05 13:35,2026-04-05,259.9,260,259.1,260,5500
AKPL,1min,1775375491,2026-04-05 13:36,2026-04-05,260,260,259,259,40
AKPL,1min,1775375558,2026-04-05 13:37,2026-04-05,259,260,259,260,2346
AKPL,1min,1775375592,2026-04-05 13:38,2026-04-05,260,260,259,259,0
AKPL,1min,1775375754,2026-04-05 13:40,2026-04-05,259,259.9,259,259.1,3339
AKPL,1min,1775375810,2026-04-05 13:41,2026-04-05,259.1,259.7,259.1,259.7,480
AKPL,1min,1775375854,2026-04-05 13:42,2026-04-05,259.7,261,259.7,261,2035
AKPL,1min,1775375937,2026-04-05 13:43,2026-04-05,261,261,261,261,2997
AKPL,1min,1775375975,2026-04-05 13:44,2026-04-05,261,261.5,261,261.5,1143
AKPL,1min,1775376048,2026-04-05 13:45,2026-04-05,261.5,262,261.5,262,3590
AKPL,1min,1775376235,2026-04-05 13:48,2026-04-05,262,263,262,262.2,200
AKPL,1min,1775376271,2026-04-05 13:49,2026-04-05,262.2,265,262.2,265,5531
AKPL,1min,1775376419,2026-04-05 13:51,2026-04-05,265,265,263,263,1000
AKPL,1min,1775376475,2026-04-05 13:52,2026-04-05,263,263,260,260,10505
AKPL,1min,1775376521,2026-04-05 13:53,2026-04-05,260,260,260,260,3540
AKPL,1min,1775376587,2026-04-05 13:54,2026-04-05,260,264,260,264,2570
AKPL,1min,1775376605,2026-04-05 13:55,2026-04-05,264,264,264,264,300
AKPL,1min,1775376758,2026-04-05 13:57,2026-04-05,264,264,261.5,261.5,1015
AKPL,1min,1775376820,2026-04-05 13:58,2026-04-05,261.5,261.5,260,260,10000
AKPL,1min,1775376955,2026-04-05 14:00,2026-04-05,260,261,260,261,1000
AKPL,1min,1775377013,2026-04-05 14:01,2026-04-05,261,263,261,263,100
AKPL,1min,1775377052,2026-04-05 14:02,2026-04-05,263,263,262,262,200
AKPL,1min,1775377100,2026-04-05 14:03,2026-04-05,262,262,261,261,56
AKPL,1min,1775377198,2026-04-05 14:04,2026-04-05,261,261,261,261,0
AKPL,1min,1775377250,2026-04-05 14:05,2026-04-05,261,261,260.1,260.1,1554
AKPL,1min,1775377301,2026-04-05 14:06,2026-04-05,260.1,260.1,260,260,183
AKPL,1min,1775377334,2026-04-05 14:07,2026-04-05,260,260,260,260,1258
AKPL,1min,1775377460,2026-04-05 14:09,2026-04-05,260,260,260,260,112
AKPL,1min,1775377608,2026-04-05 14:11,2026-04-05,260,260.1,260,260,2240
AKPL,1min,1775377645,2026-04-05 14:12,2026-04-05,260,260,260,260,3545
AKPL,1min,1775377729,2026-04-05 14:13,2026-04-05,260,260,259.7,260,1043
AKPL,1min,1775377794,2026-04-05 14:14,2026-04-05,260,260.1,260,260.1,1957
AKPL,1min,1775377855,2026-04-05 14:15,2026-04-05,260.1,260.1,260,260,350
AKPL,1min,1775377912,2026-04-05 14:16,2026-04-05,260,260,260,260,38
AKPL,1min,1775377942,2026-04-05 14:17,2026-04-05,260,260,260,260,10
AKPL,1min,1775378031,2026-04-05 14:18,2026-04-05,260,260,259.7,259.8,476
AKPL,1min,1775378075,2026-04-05 14:19,2026-04-05,259.8,260,259.8,260,100
AKPL,1min,1775378198,2026-04-05 14:21,2026-04-05,260,260,260,260,141
AKPL,1min,1775378278,2026-04-05 14:22,2026-04-05,260,261,260,260,600
AKPL,1min,1775378312,2026-04-05 14:23,2026-04-05,260,261,260,261,900
AKPL,1min,1775378389,2026-04-05 14:24,2026-04-05,261,261,261,261,200
AKPL,1min,1775378496,2026-04-05 14:26,2026-04-05,261,261,260,261,1080
AKPL,1min,1775378638,2026-04-05 14:28,2026-04-05,261,261,260,260,1150
AKPL,1min,1775378674,2026-04-05 14:29,2026-04-05,260,262,260,262,1720
AKPL,1min,1775378723,2026-04-05 14:30,2026-04-05,262,262,260,260,315
AKPL,1min,1775378761,2026-04-05 14:31,2026-04-05,260,261,260,261,170
AKPL,1min,1775378849,2026-04-05 14:32,2026-04-05,261,261,260.1,260.1,500
AKPL,1min,1775378911,2026-04-05 14:33,2026-04-05,260.1,260.2,260.1,260.2,1440
AKPL,1min,1775378990,2026-04-05 14:34,2026-04-05,260.2,261,260.2,261,555
AKPL,1min,1775379025,2026-04-05 14:35,2026-04-05,261,261,260,260,6597
AKPL,1min,1775379138,2026-04-05 14:37,2026-04-05,260,260.8,260,260.8,50
AKPL,1min,1775379235,2026-04-05 14:38,2026-04-05,260.8,260.8,259.7,259.7,183
AKPL,1min,1775379269,2026-04-05 14:39,2026-04-05,259.7,259.7,259.7,259.7,1682
AKPL,1min,1775379311,2026-04-05 14:40,2026-04-05,259.7,259.9,259.7,259.9,400
AKPL,1min,1775379393,2026-04-05 14:41,2026-04-05,259.9,259.9,259.7,259.9,85
AKPL,1min,1775379467,2026-04-05 14:42,2026-04-05,259.9,259.9,259,259.9,7100
AKPL,1min,1775379532,2026-04-05 14:43,2026-04-05,259.9,259.9,259,259,65
AKPL,1min,1775379567,2026-04-05 14:44,2026-04-05,259,259.8,259,259.8,190
AKPL,1min,1775379659,2026-04-05 14:45,2026-04-05,259.8,259.9,259.8,259.9,550
AKPL,1min,1775379716,2026-04-05 14:46,2026-04-05,259.9,259.9,259,259,3108
AKPL,1min,1775379740,2026-04-05 14:47,2026-04-05,259,259,259,259,256
AKPL,1min,1775379837,2026-04-05 14:48,2026-04-05,259,259,258.8,258.8,700
AKPL,1min,1775379858,2026-04-05 14:49,2026-04-05,258.8,258.8,258.8,258.8,400
AKPL,1min,1775379939,2026-04-05 14:50,2026-04-05,258.8,258.8,258.3,258.8,700
AKPL,1min,1775380007,2026-04-05 14:51,2026-04-05,258.8,258.9,258.2,258.2,2400
AKPL,1min,1775380062,2026-04-05 14:52,2026-04-05,258.2,258.8,258.2,258.7,1952
AKPL,1min,1775380137,2026-04-05 14:53,2026-04-05,258.7,258.7,258.7,258.7,100
AKPL,1min,1775380197,2026-04-05 14:54,2026-04-05,258.7,258.7,258.1,258.7,5700
AKPL,1min,1775380248,2026-04-05 14:55,2026-04-05,258.7,258.7,258,258,5650
AKPL,1min,1775380306,2026-04-05 14:56,2026-04-05,258,258.7,258,258.7,1125
AKPL,1min,1775380379,2026-04-05 14:57,2026-04-05,258.7,258.7,258,258,3650
AKPL,1min,1775380432,2026-04-05 14:58,2026-04-05,258,258.7,258,258.5,3655
AKPL,1min,1775380499,2026-04-05 14:59,2026-04-05,258.5,258.5,257.9,257.9,13770
AKPL,1min,1775452550,2026-04-06 11:00,2026-04-06,253,257.9,253,257.9,165
AKPL,1min,1775452573,2026-04-06 11:01,2026-04-06,257.9,258,257.9,258,520
AKPL,1min,1775452669,2026-04-06 11:02,2026-04-06,258,259,258,259,774
AKPL,1min,1775452693,2026-04-06 11:03,2026-04-06,259,259,259,259,50
AKPL,1min,1775452791,2026-04-06 11:04,2026-04-06,259,259,258,258,1038
AKPL,1min,1775452809,2026-04-06 11:05,2026-04-06,258,258,257,257,1000
AKPL,1min,1775452917,2026-04-06 11:06,2026-04-06,257,261.9,257,261.9,2134
AKPL,1min,1775452971,2026-04-06 11:07,2026-04-06,261.9,263,261.9,263,2440
AKPL,1min,1775453008,2026-04-06 11:08,2026-04-06,263,263.1,261,263.1,1560
AKPL,1min,1775453158,2026-04-06 11:10,2026-04-06,263.1,264,263,264,1400
AKPL,1min,1775453197,2026-04-06 11:11,2026-04-06,264,264.1,264,264.1,2110
AKPL,1min,1775453264,2026-04-06 11:12,2026-04-06,264.1,264.1,264,264,1160
AKPL,1min,1775453334,2026-04-06 11:13,2026-04-06,264,264,264,264,1788
AKPL,1min,1775453386,2026-04-06 11:14,2026-04-06,264,264.9,264,264,0
AKPL,1min,1775453449,2026-04-06 11:15,2026-04-06,264,264,263.1,264,2756
AKPL,1min,1775453518,2026-04-06 11:16,2026-04-06,264,264,262,262,4045
AKPL,1min,1775453568,2026-04-06 11:17,2026-04-06,262,262.1,262,262,2062
AKPL,1min,1775453636,2026-04-06 11:18,2026-04-06,262,262,260,260,11098
AKPL,1min,1775453695,2026-04-06 11:19,2026-04-06,260,261,260,261,3300
AKPL,1min,1775453758,2026-04-06 11:20,2026-04-06,261,261,259.2,260,2350
AKPL,1min,1775453817,2026-04-06 11:21,2026-04-06,260,262,260,262,5504
AKPL,1min,1775453874,2026-04-06 11:22,2026-04-06,262,262,259.1,260,1166
AKPL,1min,1775453912,2026-04-06 11:23,2026-04-06,260,260,259.3,259.3,10
AKPL,1min,1775453997,2026-04-06 11:24,2026-04-06,259.3,259.3,259.1,259.1,3398
AKPL,1min,1775454046,2026-04-06 11:25,2026-04-06,259.1,261,259.1,261,3621
AKPL,1min,1775454159,2026-04-06 11:27,2026-04-06,261,261.2,261,261.2,200
AKPL,1min,1775454235,2026-04-06 11:28,2026-04-06,261.2,263,261.2,263,944
AKPL,1min,1775454281,2026-04-06 11:29,2026-04-06,263,263,262.1,262.1,1000
AKPL,1min,1775454325,2026-04-06 11:30,2026-04-06,262.1,262.9,262.1,262.9,625
AKPL,1min,1775454414,2026-04-06 11:31,2026-04-06,262.9,263,262.9,263,625
AKPL,1min,1775454457,2026-04-06 11:32,2026-04-06,263,263,263,263,465
AKPL,1min,1775454534,2026-04-06 11:33,2026-04-06,263,264,263,264,1916
AKPL,1min,1775454597,2026-04-06 11:34,2026-04-06,264,264.7,264,264,2234
AKPL,1min,1775454655,2026-04-06 11:35,2026-04-06,264,264,263,263,5000
AKPL,1min,1775454690,2026-04-06 11:36,2026-04-06,263,263,263,263,494
AKPL,1min,1775454776,2026-04-06 11:37,2026-04-06,263,263.9,263,263.9,200
AKPL,1min,1775454810,2026-04-06 11:38,2026-04-06,263.9,263.9,263,263,600
AKPL,1min,1775455019,2026-04-06 11:41,2026-04-06,263,264.6,263,264.5,2498
AKPL,1min,1775455043,2026-04-06 11:42,2026-04-06,264.5,264.5,264.4,264.4,280
AKPL,1min,1775455102,2026-04-06 11:43,2026-04-06,264.4,264.4,264.4,264.4,67
AKPL,1min,1775455179,2026-04-06 11:44,2026-04-06,264.4,264.4,264.1,264.2,2513
AKPL,1min,1775455245,2026-04-06 11:45,2026-04-06,264.2,264.4,264.2,264.4,2020
AKPL,1min,1775455297,2026-04-06 11:46,2026-04-06,264.4,264.4,264,264,3022
AKPL,1min,1775455376,2026-04-06 11:47,2026-04-06,264,264.1,263.1,264,3050
AKPL,1min,1775455438,2026-04-06 11:48,2026-04-06,264,264.1,264,264.1,528
AKPL,1min,1775455487,2026-04-06 11:49,2026-04-06,264.1,264.5,264.1,264.5,1342
AKPL,1min,1775455538,2026-04-06 11:50,2026-04-06,264.5,264.5,264.1,264.5,2450
AKPL,1min,1775455593,2026-04-06 11:51,2026-04-06,264.5,264.6,264.5,264.6,1730
AKPL,1min,1775455674,2026-04-06 11:52,2026-04-06,264.6,264.6,264.1,264.5,3500
AKPL,1min,1775455717,2026-04-06 11:53,2026-04-06,264.5,264.5,264.5,264.5,1200
AKPL,1min,1775455799,2026-04-06 11:54,2026-04-06,264.5,264.7,264.5,264.7,1156
AKPL,1min,1775455844,2026-04-06 11:55,2026-04-06,264.7,264.7,264.7,264.7,3670
AKPL,1min,1775455917,2026-04-06 11:56,2026-04-06,264.7,265,264.7,265,2400
AKPL,1min,1775455979,2026-04-06 11:57,2026-04-06,265,265,265,265,1484
AKPL,1min,1775455992,2026-04-06 11:58,2026-04-06,265,265,265,265,516
AKPL,1min,1775456073,2026-04-06 11:59,2026-04-06,265,265.8,265,265.5,900
AKPL,1min,1775456153,2026-04-06 12:00,2026-04-06,265.5,265.5,264.8,264.8,7880
AKPL,1min,1775456213,2026-04-06 12:01,2026-04-06,264.8,264.8,264,264,1399
AKPL,1min,1775456256,2026-04-06 12:02,2026-04-06,264,264.8,264,264.8,1005
AKPL,1min,1775456328,2026-04-06 12:03,2026-04-06,264.8,264.8,264,264,2818
AKPL,1min,1775456369,2026-04-06 12:04,2026-04-06,264,264,263,263,2182
AKPL,1min,1775456455,2026-04-06 12:05,2026-04-06,263,264.6,263,264.6,1100
AKPL,1min,1775456501,2026-04-06 12:06,2026-04-06,264.6,264.6,263,263,2180
AKPL,1min,1775456540,2026-04-06 12:07,2026-04-06,263,263,263,263,430
AKPL,1min,1775456626,2026-04-06 12:08,2026-04-06,263,263,263,263,30
AKPL,1min,1775456666,2026-04-06 12:09,2026-04-06,263,264.7,263,264.7,23
AKPL,1min,1775456757,2026-04-06 12:10,2026-04-06,264.7,264.7,264.7,264.7,250
AKPL,1min,1775456817,2026-04-06 12:11,2026-04-06,264.7,264.7,264,264,475
AKPL,1min,1775456862,2026-04-06 12:12,2026-04-06,264,264,263.6,263.7,460
AKPL,1min,1775456897,2026-04-06 12:13,2026-04-06,263.7,264.7,263.7,264.7,36
AKPL,1min,1775456990,2026-04-06 12:14,2026-04-06,264.7,264.9,264.7,264.9,409
AKPL,1min,1775457174,2026-04-06 12:17,2026-04-06,264.9,265,264.8,265,1230
AKPL,1min,1775457272,2026-04-06 12:19,2026-04-06,265,265.5,265,265,816
AKPL,1min,1775457382,2026-04-06 12:21,2026-04-06,265,265.9,265,265.9,2290
AKPL,1min,1775457424,2026-04-06 12:22,2026-04-06,265.9,265.9,265.8,265.8,100
AKPL,1min,1775457489,2026-04-06 12:23,2026-04-06,265.8,265.9,265.8,265.9,100
AKPL,1min,1775457575,2026-04-06 12:24,2026-04-06,265.9,265.9,265.5,265.5,90
AKPL,1min,1775457678,2026-04-06 12:26,2026-04-06,265.5,265.5,265.5,265.5,200
AKPL,1min,1775457894,2026-04-06 12:29,2026-04-06,265.5,265.5,265.3,265.3,100
AKPL,1min,1775457942,2026-04-06 12:30,2026-04-06,265.3,265.3,265.2,265.2,525
AKPL,1min,1775458060,2026-04-06 12:32,2026-04-06,265.2,265.5,265.2,265.5,20
AKPL,1min,1775458131,2026-04-06 12:33,2026-04-06,265.5,265.8,265.5,265.8,800
AKPL,1min,1775458197,2026-04-06 12:34,2026-04-06,265.8,265.9,265,265.9,4300
AKPL,1min,1775458259,2026-04-06 12:35,2026-04-06,265.9,265.9,265.8,265.8,50
AKPL,1min,1775458275,2026-04-06 12:36,2026-04-06,265.8,266,265.8,266,2500
AKPL,1min,1775458364,2026-04-06 12:37,2026-04-06,266,266,265,265,4000
AKPL,1min,1775458495,2026-04-06 12:39,2026-04-06,265,265,264.1,264.1,2498
AKPL,1min,1775458621,2026-04-06 12:42,2026-04-06,264.1,264.9,264.1,264.9,35
AKPL,1min,1775458877,2026-04-06 12:46,2026-04-06,264.9,264.9,264,264.9,4000
AKPL,1min,1775458950,2026-04-06 12:47,2026-04-06,264.9,264.9,264,264,688
AKPL,1min,1775459093,2026-04-06 12:49,2026-04-06,264,264,263.8,264,3200
AKPL,1min,1775459159,2026-04-06 12:50,2026-04-06,264,264,263.7,264,222
AKPL,1min,1775459161,2026-04-06 12:51,2026-04-06,264,264,264,264,1402
AKPL,1min,1775459243,2026-04-06 12:52,2026-04-06,264,264,264,264,55
AKPL,1min,1775459330,2026-04-06 12:53,2026-04-06,264,264,264,264,535
AKPL,1min,1775459449,2026-04-06 12:55,2026-04-06,264,264,264,264,30
AKPL,1min,1775459573,2026-04-06 12:57,2026-04-06,264,264.9,264,264.9,2040
AKPL,1min,1775459631,2026-04-06 12:58,2026-04-06,264.9,264.9,263.7,263.7,500
AKPL,1min,1775459656,2026-04-06 12:59,2026-04-06,263.7,263.7,263.7,263.7,25
AKPL,1min,1775459756,2026-04-06 13:00,2026-04-06,263.7,263.8,263.7,263.8,500
AKPL,1min,1775459816,2026-04-06 13:01,2026-04-06,263.8,264,263.8,264,1000
AKPL,1min,1775459855,2026-04-06 13:02,2026-04-06,264,264.9,263.9,263.9,1800
AKPL,1min,1775459929,2026-04-06 13:03,2026-04-06,263.9,264.9,263.9,264.9,926
AKPL,1min,1775459980,2026-04-06 13:04,2026-04-06,264.9,264.9,264,264,724
AKPL,1min,1775460054,2026-04-06 13:05,2026-04-06,264,264,263.8,263.8,660
AKPL,1min,1775460117,2026-04-06 13:06,2026-04-06,263.8,263.9,263.7,263.7,1546
AKPL,1min,1775460169,2026-04-06 13:07,2026-04-06,263.7,263.7,263.7,263.7,1000
AKPL,1min,1775460230,2026-04-06 13:08,2026-04-06,263.7,263.7,263.7,263.7,2208
AKPL,1min,1775460254,2026-04-06 13:09,2026-04-06,263.7,263.7,263.6,263.6,92
AKPL,1min,1775460312,2026-04-06 13:10,2026-04-06,263.6,263.6,263.6,263.6,100
AKPL,1min,1775460418,2026-04-06 13:11,2026-04-06,263.6,263.6,263.1,263.1,2918
AKPL,1min,1775460476,2026-04-06 13:12,2026-04-06,263.1,263.1,263,263,1212
AKPL,1min,1775460543,2026-04-06 13:14,2026-04-06,263,263.1,263,263.1,33
AKPL,1min,1775460636,2026-04-06 13:15,2026-04-06,263.1,263.9,263.1,263.9,10
AKPL,1min,1775460716,2026-04-06 13:16,2026-04-06,263.9,264,263.1,264,0
AKPL,1min,1775461014,2026-04-06 13:21,2026-04-06,264,264,263.5,264,1131
AKPL,1min,1775461031,2026-04-06 13:22,2026-04-06,264,264,263.2,263.2,200
AKPL,1min,1775461133,2026-04-06 13:23,2026-04-06,263.2,265,263.2,265,7000
AKPL,1min,1775461278,2026-04-06 13:26,2026-04-06,265,265,265,265,1185
AKPL,1min,1775461349,2026-04-06 13:27,2026-04-06,265,265,265,265,0
AKPL,1min,1775461432,2026-04-06 13:28,2026-04-06,265,265,265,265,306
AKPL,1min,1775461613,2026-04-06 13:31,2026-04-06,265,265,264.9,264.9,874
AKPL,1min,1775461643,2026-04-06 13:32,2026-04-06,264.9,264.9,264.9,264.9,162
AKPL,1min,1775461774,2026-04-06 13:34,2026-04-06,264.9,264.9,264.8,264.8,1335
AKPL,1min,1775461821,2026-04-06 13:35,2026-04-06,264.8,264.8,264.8,264.8,115
AKPL,1min,1775461905,2026-04-06 13:36,2026-04-06,264.8,264.8,264,264,200
AKPL,1min,1775461931,2026-04-06 13:37,2026-04-06,264,264.8,264,264.8,12
AKPL,1min,1775462088,2026-04-06 13:39,2026-04-06,264.8,264.8,264.8,264.8,319
AKPL,1min,1775462197,2026-04-06 13:41,2026-04-06,264.8,265,264.8,265,263
AKPL,1min,1775462266,2026-04-06 13:42,2026-04-06,265,265.8,265,265.8,1100
AKPL,1min,1775462328,2026-04-06 13:43,2026-04-06,265.8,265.9,265.8,265.9,2100
AKPL,1min,1775462346,2026-04-06 13:44,2026-04-06,265.9,265.9,265.9,265.9,351
AKPL,1min,1775462576,2026-04-06 13:47,2026-04-06,265.9,266,265.9,266,3489
AKPL,1min,1775462615,2026-04-06 13:48,2026-04-06,266,266,266,266,0
AKPL,1min,1775462673,2026-04-06 13:49,2026-04-06,266,266,266,266,3022
AKPL,1min,1775462786,2026-04-06 13:51,2026-04-06,266,266.2,266,266.2,500
AKPL,1min,1775462877,2026-04-06 13:52,2026-04-06,266.2,267,266.2,267,2970
AKPL,1min,1775462934,2026-04-06 13:53,2026-04-06,267,267,266.5,267,2259
AKPL,1min,1775462966,2026-04-06 13:54,2026-04-06,267,267,267,267,212
AKPL,1min,1775463041,2026-04-06 13:55,2026-04-06,267,267,267,267,1683
AKPL,1min,1775463074,2026-04-06 13:56,2026-04-06,267,267.2,267,267.2,732
AKPL,1min,1775463165,2026-04-06 13:57,2026-04-06,267.2,267.2,267.2,267.2,268
AKPL,1min,1775463229,2026-04-06 13:58,2026-04-06,267.2,268,267.2,267.2,2897
AKPL,1min,1775463288,2026-04-06 13:59,2026-04-06,267.2,268,267.2,268,1780
AKPL,1min,1775463348,2026-04-06 14:00,2026-04-06,268,269,268,269,2562
AKPL,1min,1775463415,2026-04-06 14:01,2026-04-06,269,269,268.9,268.9,2010
AKPL,1min,1775463464,2026-04-06 14:02,2026-04-06,268.9,268.9,268.2,268.9,230
AKPL,1min,1775463483,2026-04-06 14:03,2026-04-06,268.9,268.9,268.9,268.9,0
AKPL,1min,1775463584,2026-04-06 14:04,2026-04-06,268.9,268.9,268.9,268.9,900
AKPL,1min,1775463657,2026-04-06 14:05,2026-04-06,268.9,269,268.9,269,294
AKPL,1min,1775463699,2026-04-06 14:06,2026-04-06,269,269.2,269,269.2,1517
AKPL,1min,1775463775,2026-04-06 14:07,2026-04-06,269.2,269.6,269.2,269.6,298
AKPL,1min,1775463826,2026-04-06 14:08,2026-04-06,269.6,269.9,269.6,269.9,7696
AKPL,1min,1775463887,2026-04-06 14:09,2026-04-06,269.9,271,269.9,271,3500
AKPL,1min,1775463955,2026-04-06 14:10,2026-04-06,271,271,270.9,270.9,200
AKPL,1min,1775464009,2026-04-06 14:11,2026-04-06,270.9,271.2,270.9,271.2,1646
AKPL,1min,1775464062,2026-04-06 14:12,2026-04-06,271.2,272,271,272,3114
AKPL,1min,1775464096,2026-04-06 14:13,2026-04-06,272,272,271.8,271.8,500
AKPL,1min,1775464187,2026-04-06 14:14,2026-04-06,271.8,272,271.8,272,1196
AKPL,1min,1775464256,2026-04-06 14:15,2026-04-06,272,272,272,272,3170
AKPL,1min,1775464278,2026-04-06 14:16,2026-04-06,272,272.3,272,272.3,100
AKPL,1min,1775464378,2026-04-06 14:17,2026-04-06,272.3,273,272,273,3055
AKPL,1min,1775464439,2026-04-06 14:18,2026-04-06,273,273,273,273,1955
AKPL,1min,1775464482,2026-04-06 14:19,2026-04-06,273,273,273,273,1255
AKPL,1min,1775464514,2026-04-06 14:20,2026-04-06,273,273,273,273,1200
AKPL,1min,1775464604,2026-04-06 14:21,2026-04-06,273,273,273,273,0
AKPL,1min,1775464634,2026-04-06 14:22,2026-04-06,273,273,273,273,2570
AKPL,1min,1775464705,2026-04-06 14:23,2026-04-06,273,273.8,273,273.8,5000
AKPL,1min,1775464796,2026-04-06 14:24,2026-04-06,273.8,273.9,273.3,273.9,900
AKPL,1min,1775464852,2026-04-06 14:25,2026-04-06,273.9,274,273.9,273.9,2110
AKPL,1min,1775464905,2026-04-06 14:26,2026-04-06,273.9,274,273.8,274,5150
AKPL,1min,1775464962,2026-04-06 14:27,2026-04-06,274,274.2,273.9,273.9,4562
AKPL,1min,1775465028,2026-04-06 14:28,2026-04-06,273.9,273.9,273.9,273.9,820
AKPL,1min,1775465075,2026-04-06 14:29,2026-04-06,273.9,275,273.9,275,3443
AKPL,1min,1775465157,2026-04-06 14:30,2026-04-06,275,275.6,275,275.6,3060
AKPL,1min,1775465219,2026-04-06 14:31,2026-04-06,275.6,276,275,276,8733
AKPL,1min,1775465265,2026-04-06 14:32,2026-04-06,276,277,276,277,2200
AKPL,1min,1775465323,2026-04-06 14:33,2026-04-06,277,277,275.5,275.5,4982
AKPL,1min,1775465390,2026-04-06 14:34,2026-04-06,275.5,276.9,275,275,4842
AKPL,1min,1775465456,2026-04-06 14:35,2026-04-06,275,275,274,275,1957
AKPL,1min,1775465505,2026-04-06 14:36,2026-04-06,275,275,274,274,1420
AKPL,1min,1775465564,2026-04-06 14:37,2026-04-06,274,274,273.1,273.1,1470
AKPL,1min,1775465631,2026-04-06 14:38,2026-04-06,273.1,273.1,273,273,3311
AKPL,1min,1775465693,2026-04-06 14:39,2026-04-06,273,273,272.1,272.1,1257
AKPL,1min,1775465757,2026-04-06 14:40,2026-04-06,272.1,272.1,271.5,271.5,8367
AKPL,1min,1775465809,2026-04-06 14:41,2026-04-06,271.5,271.5,269,269,4694
AKPL,1min,1775465878,2026-04-06 14:42,2026-04-06,269,270,268.5,268.5,1440
AKPL,1min,1775465930,2026-04-06 14:43,2026-04-06,268.5,268.5,268,268,3300
AKPL,1min,1775466048,2026-04-06 14:45,2026-04-06,268,269,268,269,1300
AKPL,1min,1775466094,2026-04-06 14:46,2026-04-06,269,269.9,268.2,268.2,1148
AKPL,1min,1775466138,2026-04-06 14:47,2026-04-06,268.2,269,268.2,269,800
AKPL,1min,1775466237,2026-04-06 14:48,2026-04-06,269,269.9,269,269.9,700
AKPL,1min,1775466287,2026-04-06 14:49,2026-04-06,269.9,271,269.9,271,1435
AKPL,1min,1775466349,2026-04-06 14:50,2026-04-06,271,272,271,272,5355
AKPL,1min,1775466386,2026-04-06 14:51,2026-04-06,272,272,270,270,4100
AKPL,1min,1775466467,2026-04-06 14:52,2026-04-06,270,270.1,270,270.1,325
AKPL,1min,1775466532,2026-04-06 14:53,2026-04-06,270.1,272,270.1,272,300
AKPL,1min,1775466589,2026-04-06 14:54,2026-04-06,272,272,270.2,272,400
AKPL,1min,1775466651,2026-04-06 14:55,2026-04-06,272,272,270.2,272,1300
AKPL,1min,1775466709,2026-04-06 14:56,2026-04-06,272,272,271.1,271.1,4060
AKPL,1min,1775466762,2026-04-06 14:57,2026-04-06,271.1,273,271.1,272,1741
AKPL,1min,1775466833,2026-04-06 14:58,2026-04-06,272,273,272,273,275
AKPL,1min,1775466899,2026-04-06 14:59,2026-04-06,273,273,272,272,8222
AKPL,1min,1775538924,2026-04-07 11:00,2026-04-07,275,275,275,275,810
AKPL,1min,1775539005,2026-04-07 11:01,2026-04-07,275,276,275,276,1499
AKPL,1min,1775539075,2026-04-07 11:02,2026-04-07,276,277,276,277,9520
AKPL,1min,1775539134,2026-04-07 11:03,2026-04-07,277,277,277,277,4059
AKPL,1min,1775539191,2026-04-07 11:04,2026-04-07,277,277,276.2,276.2,1156
AKPL,1min,1775539245,2026-04-07 11:05,2026-04-07,276.2,277,276.2,277,3750
AKPL,1min,1775539291,2026-04-07 11:06,2026-04-07,277,277,277,277,1825
AKPL,1min,1775539377,2026-04-07 11:07,2026-04-07,277,277,276,276,1552
AKPL,1min,1775539438,2026-04-07 11:08,2026-04-07,276,276,275,275,2794
AKPL,1min,1775539495,2026-04-07 11:09,2026-04-07,275,276,275,276,2800
AKPL,1min,1775539554,2026-04-07 11:10,2026-04-07,276,276,275,275,3497
AKPL,1min,1775539613,2026-04-07 11:11,2026-04-07,275,275.9,274.1,275,1931
AKPL,1min,1775539677,2026-04-07 11:12,2026-04-07,275,275,274.1,274.1,3260
AKPL,1min,1775539738,2026-04-07 11:13,2026-04-07,274.1,274.1,273,274,3900
AKPL,1min,1775539780,2026-04-07 11:14,2026-04-07,274,274,273,273,7070
AKPL,1min,1775539838,2026-04-07 11:15,2026-04-07,273,273,273,273,1450
AKPL,1min,1775539907,2026-04-07 11:16,2026-04-07,273,274.1,273,274,0
AKPL,1min,1775539970,2026-04-07 11:17,2026-04-07,274,274,272.7,272.7,10150
AKPL,1min,1775540029,2026-04-07 11:18,2026-04-07,272.7,273,272.7,273,10900
AKPL,1min,1775540067,2026-04-07 11:19,2026-04-07,273,273,272.7,273,1834
AKPL,1min,1775540139,2026-04-07 11:20,2026-04-07,273,273.9,273,273.9,813
AKPL,1min,1775540182,2026-04-07 11:21,2026-04-07,273.9,273.9,273,273,900
AKPL,1min,1775540270,2026-04-07 11:22,2026-04-07,273,274,273,274,150
AKPL,1min,1775540395,2026-04-07 11:24,2026-04-07,274,275,274,274,4900
AKPL,1min,1775540450,2026-04-07 11:25,2026-04-07,274,276,274,276,7074
AKPL,1min,1775540493,2026-04-07 11:26,2026-04-07,276,276,274.3,274.3,0
AKPL,1min,1775540579,2026-04-07 11:27,2026-04-07,274.3,274.6,274.3,274.6,1672
AKPL,1min,1775540593,2026-04-07 11:28,2026-04-07,274.6,274.6,274.6,274.6,300
AKPL,1min,1775540659,2026-04-07 11:29,2026-04-07,274.6,276,274.6,276,3017
AKPL,1min,1775540701,2026-04-07 11:30,2026-04-07,276,276,276,276,0
AKPL,1min,1775540854,2026-04-07 11:32,2026-04-07,276,276,275,275,1872
AKPL,1min,1775540911,2026-04-07 11:33,2026-04-07,275,276,275,276,0
AKPL,1min,1775541045,2026-04-07 11:35,2026-04-07,276,276,276,276,1933
AKPL,1min,1775541093,2026-04-07 11:36,2026-04-07,276,276.9,276,276.9,939
AKPL,1min,1775541163,2026-04-07 11:37,2026-04-07,276.9,277,276.9,277,1785
AKPL,1min,1775541235,2026-04-07 11:38,2026-04-07,277,277.4,277,277.4,400
AKPL,1min,1775541261,2026-04-07 11:39,2026-04-07,277.4,277.4,277,277,1194
AKPL,1min,1775541331,2026-04-07 11:40,2026-04-07,277,277,277,277,856
AKPL,1min,1775541391,2026-04-07 11:41,2026-04-07,277,277,276.1,276.1,100
AKPL,1min,1775541450,2026-04-07 11:42,2026-04-07,276.1,276.1,276,276,0
AKPL,1min,1775541528,2026-04-07 11:43,2026-04-07,276,277.8,276,277.8,1500
AKPL,1min,1775541551,2026-04-07 11:44,2026-04-07,277.8,277.9,277.8,277.9,550
AKPL,1min,1775541628,2026-04-07 11:45,2026-04-07,277.9,277.9,277.9,277.9,500
AKPL,1min,1775541708,2026-04-07 11:46,2026-04-07,277.9,277.9,277.8,277.8,773
AKPL,1min,1775541752,2026-04-07 11:47,2026-04-07,277.8,277.8,277.8,277.8,0
AKPL,1min,1775541814,2026-04-07 11:48,2026-04-07,277.8,277.8,277,277,680
AKPL,1min,1775541895,2026-04-07 11:49,2026-04-07,277,277,277,277,595
AKPL,1min,1775541931,2026-04-07 11:50,2026-04-07,277,277,276,276,2010
AKPL,1min,1775542001,2026-04-07 11:51,2026-04-07,276,277,276,276,1122
AKPL,1min,1775542021,2026-04-07 11:52,2026-04-07,276,276,276,276,500
AKPL,1min,1775542118,2026-04-07 11:53,2026-04-07,276,276,276,276,50
AKPL,1min,1775542175,2026-04-07 11:54,2026-04-07,276,276.1,275,276.1,3750
AKPL,1min,1775542249,2026-04-07 11:55,2026-04-07,276.1,276.1,274,274,2900
AKPL,1min,1775542312,2026-04-07 11:56,2026-04-07,274,275,274,275,570
AKPL,1min,1775542374,2026-04-07 11:57,2026-04-07,275,275,273.1,273.1,2100
AKPL,1min,1775542394,2026-04-07 11:58,2026-04-07,273.1,276,273.1,276,0
AKPL,1min,1775542463,2026-04-07 11:59,2026-04-07,276,276,274.9,275,5050
AKPL,1min,1775542550,2026-04-07 12:00,2026-04-07,275,275,273.5,273.5,20
AKPL,1min,1775542567,2026-04-07 12:01,2026-04-07,273.5,275,273.5,275,22
AKPL,1min,1775542625,2026-04-07 12:02,2026-04-07,275,275,274,274,50
AKPL,1min,1775542696,2026-04-07 12:03,2026-04-07,274,274,274,274,20
AKPL,1min,1775542919,2026-04-07 12:06,2026-04-07,274,275,274,275,513
AKPL,1min,1775542969,2026-04-07 12:07,2026-04-07,275,275.8,275,275.8,500
AKPL,1min,1775543201,2026-04-07 12:11,2026-04-07,275.8,275.9,275.8,275.9,500
AKPL,1min,1775543253,2026-04-07 12:12,2026-04-07,275.9,275.9,275.8,275.8,1000
AKPL,1min,1775543287,2026-04-07 12:13,2026-04-07,275.8,275.8,275,275,937
AKPL,1min,1775543388,2026-04-07 12:14,2026-04-07,275,275,274.1,274.1,1037
AKPL,1min,1775543645,2026-04-07 12:19,2026-04-07,274.1,274.1,274.1,274.1,0
AKPL,1min,1775543747,2026-04-07 12:20,2026-04-07,274.1,274.1,274,274,405
AKPL,1min,1775543811,2026-04-07 12:21,2026-04-07,274,274,273.7,273.7,10
AKPL,1min,1775543834,2026-04-07 12:22,2026-04-07,273.7,273.7,273.4,273.4,605
AKPL,1min,1775543939,2026-04-07 12:23,2026-04-07,273.4,273.4,273.2,273.2,1130
AKPL,1min,1775543978,2026-04-07 12:24,2026-04-07,273.2,273.2,273.1,273.1,0
AKPL,1min,1775544059,2026-04-07 12:25,2026-04-07,273.1,274.9,273,273,2675
AKPL,1min,1775544113,2026-04-07 12:26,2026-04-07,273,273,273,273,2390
AKPL,1min,1775544158,2026-04-07 12:27,2026-04-07,273,275,273,273,5450
AKPL,1min,1775544191,2026-04-07 12:28,2026-04-07,273,273,272.7,272.7,90
AKPL,1min,1775544282,2026-04-07 12:29,2026-04-07,272.7,272.7,272.7,272.7,0
AKPL,1min,1775544345,2026-04-07 12:30,2026-04-07,272.7,272.7,272.1,272.1,966
AKPL,1min,1775544376,2026-04-07 12:31,2026-04-07,272.1,272.1,272,272,2308
AKPL,1min,1775544458,2026-04-07 12:32,2026-04-07,272,272,271,271,3300
AKPL,1min,1775544527,2026-04-07 12:33,2026-04-07,271,271,269,271,15024
AKPL,1min,1775544558,2026-04-07 12:34,2026-04-07,271,271,269.1,269.1,0
AKPL,1min,1775544665,2026-04-07 12:36,2026-04-07,269.1,269.1,269,269,0
AKPL,1min,1775544869,2026-04-07 12:39,2026-04-07,269,269,269,269,998
AKPL,1min,1775544956,2026-04-07 12:40,2026-04-07,269,270,269,270,100
AKPL,1min,1775545006,2026-04-07 12:41,2026-04-07,270,270.1,270,270.1,5612
AKPL,1min,1775545024,2026-04-07 12:42,2026-04-07,270.1,271,270.1,271,733
AKPL,1min,1775545084,2026-04-07 12:43,2026-04-07,271,271.8,271,271.8,0
AKPL,1min,1775545199,2026-04-07 12:44,2026-04-07,271.8,271.8,271.8,271.8,200
AKPL,1min,1775545215,2026-04-07 12:45,2026-04-07,271.8,271.8,271.8,271.8,500
AKPL,1min,1775545303,2026-04-07 12:46,2026-04-07,271.8,273,271.8,273,1510
AKPL,1min,1775545350,2026-04-07 12:47,2026-04-07,273,273,273,273,122
AKPL,1min,1775545493,2026-04-07 12:49,2026-04-07,273,273,272.1,272.1,169
AKPL,1min,1775545576,2026-04-07 12:51,2026-04-07,272.1,274.9,272.1,274.9,467
AKPL,1min,1775545620,2026-04-07 12:52,2026-04-07,274.9,275,274.9,275,0
AKPL,1min,1775545856,2026-04-07 12:55,2026-04-07,275,275,272.2,272.2,12980
AKPL,1min,1775545919,2026-04-07 12:56,2026-04-07,272.2,272.2,271.2,271.2,0
AKPL,1min,1775545953,2026-04-07 12:57,2026-04-07,271.2,271.2,271.2,271.2,2000
AKPL,1min,1775546063,2026-04-07 12:59,2026-04-07,271.2,271.2,270,270,1130
AKPL,1min,1775546150,2026-04-07 13:00,2026-04-07,270,271.2,270,271.2,400
AKPL,1min,1775546271,2026-04-07 13:02,2026-04-07,271.2,271.2,270,270,2001
AKPL,1min,1775546322,2026-04-07 13:03,2026-04-07,270,270,270,270,50
AKPL,1min,1775546447,2026-04-07 13:05,2026-04-07,270,270,270,270,70
AKPL,1min,1775546644,2026-04-07 13:09,2026-04-07,270,271,270,271,20
AKPL,1min,1775546740,2026-04-07 13:10,2026-04-07,271,273,271,273,500
AKPL,1min,1775546768,2026-04-07 13:11,2026-04-07,273,274.2,273,274.2,1150
AKPL,1min,1775547139,2026-04-07 13:17,2026-04-07,274.2,274.2,271,271,299
AKPL,1min,1775547231,2026-04-07 13:18,2026-04-07,271,271,271,271,250
AKPL,1min,1775547258,2026-04-07 13:19,2026-04-07,271,271,271,271,50
AKPL,1min,1775547386,2026-04-07 13:21,2026-04-07,271,271,271,271,44
AKPL,1min,1775547456,2026-04-07 13:22,2026-04-07,271,271,271,271,37
AKPL,1min,1775547489,2026-04-07 13:23,2026-04-07,271,271,271,271,463
AKPL,1min,1775547679,2026-04-07 13:26,2026-04-07,271,271,271,271,97
AKPL,1min,1775548055,2026-04-07 13:32,2026-04-07,271,272,271,272,20
AKPL,1min,1775548083,2026-04-07 13:33,2026-04-07,272,272,272,272,50
AKPL,1min,1775548301,2026-04-07 13:36,2026-04-07,272,273.5,272,273.5,105
AKPL,1min,1775548374,2026-04-07 13:37,2026-04-07,273.5,273.5,273.5,273.5,1395
AKPL,1min,1775548432,2026-04-07 13:38,2026-04-07,273.5,273.8,273.5,273.5,403
AKPL,1min,1775548472,2026-04-07 13:39,2026-04-07,273.5,273.9,273.5,273.9,1770
AKPL,1min,1775548521,2026-04-07 13:40,2026-04-07,273.9,274,273.9,274,80
AKPL,1min,1775548564,2026-04-07 13:41,2026-04-07,274,274,274,274,1400
AKPL,1min,1775548713,2026-04-07 13:43,2026-04-07,274,274,274,274,916
AKPL,1min,1775549030,2026-04-07 13:48,2026-04-07,274,275,274,275,3924
AKPL,1min,1775549049,2026-04-07 13:49,2026-04-07,275,276,275,276,996
AKPL,1min,1775549161,2026-04-07 13:51,2026-04-07,276,276,275,275,300
AKPL,1min,1775549234,2026-04-07 13:52,2026-04-07,275,275,275,275,1066
AKPL,1min,1775549284,2026-04-07 13:53,2026-04-07,275,275,274,274,1000
AKPL,1min,1775549500,2026-04-07 13:56,2026-04-07,274,274.8,274,274.8,2734
AKPL,1min,1775549537,2026-04-07 13:57,2026-04-07,274.8,274.8,274,274,1280
AKPL,1min,1775549584,2026-04-07 13:58,2026-04-07,274,274,274,274,2000
AKPL,1min,1775549758,2026-04-07 14:00,2026-04-07,274,274,272.6,272.6,0
AKPL,1min,1775549842,2026-04-07 14:02,2026-04-07,272.6,272.6,272.6,272.6,3010
AKPL,1min,1775549949,2026-04-07 14:04,2026-04-07,272.6,272.6,272.2,272.2,1000
AKPL,1min,1775550055,2026-04-07 14:05,2026-04-07,272.2,272.2,272,272,2396
AKPL,1min,1775550101,2026-04-07 14:06,2026-04-07,272,272,271.4,271.4,300
AKPL,1min,1775550186,2026-04-07 14:08,2026-04-07,271.4,272,271.4,272,104
AKPL,1min,1775550322,2026-04-07 14:10,2026-04-07,272,272,272,272,100
AKPL,1min,1775550404,2026-04-07 14:11,2026-04-07,272,273,272,273,30
AKPL,1min,1775550507,2026-04-07 14:13,2026-04-07,273,273,272,272,351
AKPL,1min,1775550575,2026-04-07 14:14,2026-04-07,272,272,271,271,7000
AKPL,1min,1775550707,2026-04-07 14:16,2026-04-07,271,272,270.8,272,561
AKPL,1min,1775550874,2026-04-07 14:19,2026-04-07,272,272,270.7,270.7,1038
AKPL,1min,1775550945,2026-04-07 14:20,2026-04-07,270.7,270.7,270.6,270.6,500
AKPL,1min,1775551015,2026-04-07 14:21,2026-04-07,270.6,270.6,270,270,2104
AKPL,1min,1775551076,2026-04-07 14:22,2026-04-07,270,270,270,270,5029
AKPL,1min,1775551131,2026-04-07 14:23,2026-04-07,270,270,270,270,1400
AKPL,1min,1775551143,2026-04-07 14:24,2026-04-07,270,270,270,270,50
AKPL,1min,1775551249,2026-04-07 14:25,2026-04-07,270,271,270,270,2660
AKPL,1min,1775551399,2026-04-07 14:28,2026-04-07,270,270.1,270,270.1,0
AKPL,1min,1775551486,2026-04-07 14:29,2026-04-07,270.1,271,270.1,271,702
AKPL,1min,1775551618,2026-04-07 14:31,2026-04-07,271,271,270.2,270.2,1100
AKPL,1min,1775551674,2026-04-07 14:32,2026-04-07,270.2,270.2,269.2,269.2,5500
AKPL,1min,1775551717,2026-04-07 14:33,2026-04-07,269.2,271,269.2,271,110
AKPL,1min,1775551796,2026-04-07 14:34,2026-04-07,271,271,269.3,269.3,140
AKPL,1min,1775551898,2026-04-07 14:36,2026-04-07,269.3,269.9,269.3,269.9,0
AKPL,1min,1775551958,2026-04-07 14:37,2026-04-07,269.9,270,269.7,270,834
AKPL,1min,1775552018,2026-04-07 14:38,2026-04-07,270,270,270,270,0
AKPL,1min,1775552052,2026-04-07 14:39,2026-04-07,270,271,270,271,796
AKPL,1min,1775552147,2026-04-07 14:40,2026-04-07,271,271,270.3,270.3,461
AKPL,1min,1775552272,2026-04-07 14:42,2026-04-07,270.3,270.3,270.3,270.3,600
AKPL,1min,1775552305,2026-04-07 14:43,2026-04-07,270.3,270.4,270.3,270.4,300
AKPL,1min,1775552367,2026-04-07 14:44,2026-04-07,270.4,270.5,270.4,270.5,0
AKPL,1min,1775552440,2026-04-07 14:45,2026-04-07,270.5,270.6,270.5,270.6,1000
AKPL,1min,1775552633,2026-04-07 14:48,2026-04-07,270.6,271,270.5,270.5,1136
AKPL,1min,1775552691,2026-04-07 14:49,2026-04-07,270.5,270.5,270.3,270.3,761
AKPL,1min,1775552758,2026-04-07 14:50,2026-04-07,270.3,270.5,270.3,270.3,203
AKPL,1min,1775552791,2026-04-07 14:51,2026-04-07,270.3,270.5,270.3,270.5,500
AKPL,1min,1775552852,2026-04-07 14:52,2026-04-07,270.5,270.5,270.1,270.1,250
AKPL,1min,1775552926,2026-04-07 14:53,2026-04-07,270.1,270.5,270.1,270.5,1550
AKPL,1min,1775552982,2026-04-07 14:54,2026-04-07,270.5,270.5,270.1,270.1,1450
AKPL,1min,1775553014,2026-04-07 14:55,2026-04-07,270.1,270.5,270.1,270.5,1736
AKPL,1min,1775553104,2026-04-07 14:56,2026-04-07,270.5,271,270.4,270.5,12570
AKPL,1min,1775553147,2026-04-07 14:57,2026-04-07,270.5,270.5,270,270,2935
AKPL,1min,1775553238,2026-04-07 14:58,2026-04-07,270,270,270,270,1310
AKPL,1min,1775553299,2026-04-07 14:59,2026-04-07,270,270,269.2,270,8988
AKPL,1min,1775625300,2026-04-08 11:00,2026-04-08,275,275,275,275,210
AKPL,1min,1775625368,2026-04-08 11:01,2026-04-08,275,275,272,272,95
AKPL,1min,1775625449,2026-04-08 11:02,2026-04-08,272,274,272,274,1690
AKPL,1min,1775625527,2026-04-08 11:03,2026-04-08,274,274,274,274,3620
AKPL,1min,1775625599,2026-04-08 11:04,2026-04-08,274,274,272.2,272.2,1000
AKPL,1min,1775625713,2026-04-08 11:06,2026-04-08,272.2,273.5,272,272,210
AKPL,1min,1775625882,2026-04-08 11:09,2026-04-08,272,273.5,272,273.5,990
AKPL,1min,1775626069,2026-04-08 11:12,2026-04-08,273.5,273.5,273.5,273.5,30
AKPL,1min,1775626153,2026-04-08 11:14,2026-04-08,273.5,273.5,273,273,150
AKPL,1min,1775626259,2026-04-08 11:15,2026-04-08,273,273.7,273,273.7,1090
AKPL,1min,1775626309,2026-04-08 11:16,2026-04-08,273.7,273.7,273.7,273.7,460
AKPL,1min,1775626372,2026-04-08 11:17,2026-04-08,273.7,273.7,272.4,272.4,1000
AKPL,1min,1775626433,2026-04-08 11:18,2026-04-08,272.4,272.8,272.3,272.8,1770
AKPL,1min,1775626493,2026-04-08 11:19,2026-04-08,272.8,273,272.8,273,3930
AKPL,1min,1775626553,2026-04-08 11:20,2026-04-08,273,273.7,273,273,270
AKPL,1min,1775626673,2026-04-08 11:22,2026-04-08,273,273,273,273,300
AKPL,1min,1775626703,2026-04-08 11:23,2026-04-08,273,273,273,273,198
AKPL,1min,1775626748,2026-04-08 11:24,2026-04-08,273,273.8,273,273.8,230
AKPL,1min,1775627096,2026-04-08 11:29,2026-04-08,273.8,273.9,273,273,2559
AKPL,1min,1775627151,2026-04-08 11:30,2026-04-08,273,273,272,272,3962
AKPL,1min,1775627241,2026-04-08 11:32,2026-04-08,272,273,272,273,2900
AKPL,1min,1775627566,2026-04-08 11:37,2026-04-08,273,273.1,273,273.1,150
AKPL,1min,1775627623,2026-04-08 11:38,2026-04-08,273.1,273.8,273.1,273.8,1271
AKPL,1min,1775627663,2026-04-08 11:39,2026-04-08,273.8,273.8,273.2,273.2,1304
AKPL,1min,1775627717,2026-04-08 11:40,2026-04-08,273.2,273.9,272,272,817
AKPL,1min,1775627798,2026-04-08 11:41,2026-04-08,272,272,272,272,228
AKPL,1min,1775627868,2026-04-08 11:42,2026-04-08,272,272,272,272,200
AKPL,1min,1775627928,2026-04-08 11:43,2026-04-08,272,273,272,272.1,30
AKPL,1min,1775627956,2026-04-08 11:44,2026-04-08,272.1,272.1,272.1,272.1,490
AKPL,1min,1775628205,2026-04-08 11:48,2026-04-08,272.1,272.1,272.1,272.1,10
AKPL,1min,1775628245,2026-04-08 11:49,2026-04-08,272.1,273,272.1,273,300
AKPL,1min,1775628409,2026-04-08 11:51,2026-04-08,273,273,273,273,200
AKPL,1min,1775628617,2026-04-08 11:55,2026-04-08,273,273,273,273,100
AKPL,1min,1775629017,2026-04-08 12:01,2026-04-08,273,273,272.9,272.9,0
AKPL,1min,1775629249,2026-04-08 12:05,2026-04-08,272.9,272.9,272.9,272.9,610
AKPL,1min,1775629261,2026-04-08 12:06,2026-04-08,272.9,272.9,272.9,272.9,207
AKPL,1min,1775629340,2026-04-08 12:07,2026-04-08,272.9,272.9,272.2,272.2,33
AKPL,1min,1775629492,2026-04-08 12:09,2026-04-08,272.2,272.8,272.2,272.8,10
AKPL,1min,1775629559,2026-04-08 12:10,2026-04-08,272.8,272.9,272.8,272.9,783
AKPL,1min,1775629598,2026-04-08 12:11,2026-04-08,272.9,273,272.9,272.9,223
AKPL,1min,1775629655,2026-04-08 12:12,2026-04-08,272.9,273.7,272.9,273.7,554
AKPL,1min,1775629856,2026-04-08 12:15,2026-04-08,273.7,273.9,273.7,273.9,500
AKPL,1min,1775629917,2026-04-08 12:16,2026-04-08,273.9,274,273.1,274,333
AKPL,1min,1775629938,2026-04-08 12:17,2026-04-08,274,274,274,274,550
AKPL,1min,1775630022,2026-04-08 12:18,2026-04-08,274,274,273.1,273.1,360
AKPL,1min,1775630096,2026-04-08 12:19,2026-04-08,273.1,274,273.1,274,600
AKPL,1min,1775630105,2026-04-08 12:20,2026-04-08,274,274,274,274,900
AKPL,1min,1775630339,2026-04-08 12:23,2026-04-08,274,274,272.6,272.6,4790
AKPL,1min,1775630591,2026-04-08 12:28,2026-04-08,272.6,272.6,272.1,272.1,315
AKPL,1min,1775630644,2026-04-08 12:29,2026-04-08,272.1,272.1,272.1,272.1,246
AKPL,1min,1775630752,2026-04-08 12:30,2026-04-08,272.1,272.1,272.1,272.1,910
AKPL,1min,1775630929,2026-04-08 12:33,2026-04-08,272.1,272.1,272,272.1,2091
AKPL,1min,1775630996,2026-04-08 12:34,2026-04-08,272.1,272.1,272,272.1,1010
AKPL,1min,1775631113,2026-04-08 12:36,2026-04-08,272.1,272.1,272.1,272.1,1298
AKPL,1min,1775631345,2026-04-08 12:40,2026-04-08,272.1,273.9,272.1,273.9,134
AKPL,1min,1775631389,2026-04-08 12:41,2026-04-08,273.9,273.9,273.8,273.8,0
AKPL,1min,1775631538,2026-04-08 12:43,2026-04-08,273.8,273.9,273.8,273.9,906
AKPL,1min,1775631593,2026-04-08 12:44,2026-04-08,273.9,274,273.9,274,270
AKPL,1min,1775631603,2026-04-08 12:45,2026-04-08,274,274,274,274,1000
AKPL,1min,1775631695,2026-04-08 12:46,2026-04-08,274,274,273.9,273.9,490
AKPL,1min,1775631763,2026-04-08 12:47,2026-04-08,273.9,273.9,273.2,273.2,530
AKPL,1min,1775631797,2026-04-08 12:48,2026-04-08,273.2,273.5,273.2,273.5,500
AKPL,1min,1775631880,2026-04-08 12:49,2026-04-08,273.5,274,273.5,274,1650
AKPL,1min,1775631959,2026-04-08 12:50,2026-04-08,274,274,274,274,300
AKPL,1min,1775632046,2026-04-08 12:52,2026-04-08,274,276,274,276,14265
AKPL,1min,1775632083,2026-04-08 12:53,2026-04-08,276,277.7,276,277.7,10000
AKPL,1min,1775632191,2026-04-08 12:54,2026-04-08,277.7,277.7,277,277,350
AKPL,1min,1775632281,2026-04-08 12:56,2026-04-08,277,277,275.1,275.1,100
AKPL,1min,1775632355,2026-04-08 12:57,2026-04-08,275.1,277.6,275.1,277.6,160
AKPL,1min,1775632432,2026-04-08 12:58,2026-04-08,277.6,277.6,277.6,277.6,2500
AKPL,1min,1775632494,2026-04-08 12:59,2026-04-08,277.6,277.7,277.6,277.7,244
AKPL,1min,1775632610,2026-04-08 13:01,2026-04-08,277.7,277.7,277,277,550
AKPL,1min,1775632694,2026-04-08 13:03,2026-04-08,277,277,276.1,276.1,25
AKPL,1min,1775632851,2026-04-08 13:05,2026-04-08,276.1,276.9,276.1,276.9,940
AKPL,1min,1775632893,2026-04-08 13:06,2026-04-08,276.9,276.9,275.5,275.5,1970
AKPL,1min,1775632925,2026-04-08 13:07,2026-04-08,275.5,275.5,275.3,275.3,500
AKPL,1min,1775633019,2026-04-08 13:08,2026-04-08,275.3,276,275.3,276,1000
AKPL,1min,1775633099,2026-04-08 13:09,2026-04-08,276,276,275,275,6500
AKPL,1min,1775633123,2026-04-08 13:10,2026-04-08,275,275,275,275,1925
AKPL,1min,1775633209,2026-04-08 13:11,2026-04-08,275,275.9,275,275.9,724
AKPL,1min,1775633276,2026-04-08 13:12,2026-04-08,275.9,275.9,274.2,274.2,1022
AKPL,1min,1775633403,2026-04-08 13:15,2026-04-08,274.2,274.3,274.2,274.3,400
AKPL,1min,1775633479,2026-04-08 13:16,2026-04-08,274.3,274.3,274.3,274.3,0
AKPL,1min,1775633699,2026-04-08 13:19,2026-04-08,274.3,275,274.3,275,1620
AKPL,1min,1775633727,2026-04-08 13:20,2026-04-08,275,275,275,275,2000
AKPL,1min,1775633774,2026-04-08 13:21,2026-04-08,275,275,275,275,1000
AKPL,1min,1775633836,2026-04-08 13:22,2026-04-08,275,275,275,275,0
AKPL,1min,1775633937,2026-04-08 13:23,2026-04-08,275,275.5,274.5,275,1580
AKPL,1min,1775633974,2026-04-08 13:24,2026-04-08,275,275.5,275,275.4,953
AKPL,1min,1775634033,2026-04-08 13:25,2026-04-08,275.4,275.8,275.4,275.8,800
AKPL,1min,1775634098,2026-04-08 13:26,2026-04-08,275.8,275.8,275,275,1000
AKPL,1min,1775634139,2026-04-08 13:27,2026-04-08,275,275,275,275,980
AKPL,1min,1775634237,2026-04-08 13:28,2026-04-08,275,276,275,276,3060
AKPL,1min,1775634466,2026-04-08 13:32,2026-04-08,276,276,275,275,500
AKPL,1min,1775634531,2026-04-08 13:33,2026-04-08,275,275,275,275,73
AKPL,1min,1775634587,2026-04-08 13:34,2026-04-08,275,275.8,275,275,510
AKPL,1min,1775634626,2026-04-08 13:35,2026-04-08,275,275.7,275,275.7,10
AKPL,1min,1775634679,2026-04-08 13:36,2026-04-08,275.7,275.7,275,275,127
AKPL,1min,1775634735,2026-04-08 13:37,2026-04-08,275,275.5,275,275.5,0
AKPL,1min,1775635196,2026-04-08 13:44,2026-04-08,275.5,275.5,275,275,340
AKPL,1min,1775635207,2026-04-08 13:45,2026-04-08,275,275,275,275,200
AKPL,1min,1775635301,2026-04-08 13:46,2026-04-08,275,275,275,275,500
AKPL,1min,1775635377,2026-04-08 13:47,2026-04-08,275,275,275,275,182
AKPL,1min,1775635414,2026-04-08 13:48,2026-04-08,275,275,274.5,274.5,0
AKPL,1min,1775635492,2026-04-08 13:49,2026-04-08,274.5,274.8,274,274,8818
AKPL,1min,1775635539,2026-04-08 13:50,2026-04-08,274,274,274,274,1000
AKPL,1min,1775635591,2026-04-08 13:51,2026-04-08,274,274,274,274,100
AKPL,1min,1775635674,2026-04-08 13:52,2026-04-08,274,274,274,274,66
AKPL,1min,1775635706,2026-04-08 13:53,2026-04-08,274,274,274,274,350
AKPL,1min,1775635802,2026-04-08 13:55,2026-04-08,274,274,274,274,384
AKPL,1min,1775635915,2026-04-08 13:56,2026-04-08,274,274,273,273,3982
AKPL,1min,1775635977,2026-04-08 13:57,2026-04-08,273,274,273,274,100
AKPL,1min,1775636196,2026-04-08 14:01,2026-04-08,274,274.7,274,274.7,520
AKPL,1min,1775636249,2026-04-08 14:02,2026-04-08,274.7,274.9,274.7,274.9,500
AKPL,1min,1775636476,2026-04-08 14:06,2026-04-08,274.9,274.9,274.9,274.9,1033
AKPL,1min,1775636615,2026-04-08 14:08,2026-04-08,274.9,274.9,274,274,0
AKPL,1min,1775636684,2026-04-08 14:09,2026-04-08,274,274,273,273,3967
AKPL,1min,1775636737,2026-04-08 14:10,2026-04-08,273,274,273,274,80
AKPL,1min,1775637055,2026-04-08 14:15,2026-04-08,274,274,273,273,0
AKPL,1min,1775637291,2026-04-08 14:19,2026-04-08,273,273.1,273,273.1,169
AKPL,1min,1775637312,2026-04-08 14:20,2026-04-08,273.1,273.1,273,273,0
AKPL,1min,1775637419,2026-04-08 14:21,2026-04-08,273,274,273,274,1210
AKPL,1min,1775637525,2026-04-08 14:23,2026-04-08,274,274,274,274,1000
AKPL,1min,1775637711,2026-04-08 14:26,2026-04-08,274,274,273,273,691
AKPL,1min,1775637771,2026-04-08 14:27,2026-04-08,273,274,273,274,2200
AKPL,1min,1775637812,2026-04-08 14:28,2026-04-08,274,274,274,274,53
AKPL,1min,1775637845,2026-04-08 14:29,2026-04-08,274,274,274,274,47
AKPL,1min,1775638374,2026-04-08 14:37,2026-04-08,274,274.5,273,273,7052
AKPL,1min,1775638427,2026-04-08 14:38,2026-04-08,273,273,273,273,0
AKPL,1min,1775638472,2026-04-08 14:39,2026-04-08,273,273,273,273,3044
AKPL,1min,1775638609,2026-04-08 14:41,2026-04-08,273,274.5,273,274.5,1027
AKPL,1min,1775638673,2026-04-08 14:42,2026-04-08,274.5,275,274.5,275,2643
AKPL,1min,1775638722,2026-04-08 14:43,2026-04-08,275,275.2,275,275,270
AKPL,1min,1775638794,2026-04-08 14:44,2026-04-08,275,275.4,275,275.4,500
AKPL,1min,1775638852,2026-04-08 14:45,2026-04-08,275.4,275.4,275.4,275.4,1090
AKPL,1min,1775638903,2026-04-08 14:46,2026-04-08,275.4,275.6,275.4,275.6,1210
AKPL,1min,1775638967,2026-04-08 14:47,2026-04-08,275.6,275.6,275.6,275.6,20
AKPL,1min,1775639033,2026-04-08 14:48,2026-04-08,275.6,275.7,275.2,275.2,1215
AKPL,1min,1775639065,2026-04-08 14:49,2026-04-08,275.2,275.7,275.2,275.7,50
AKPL,1min,1775639156,2026-04-08 14:50,2026-04-08,275.7,275.7,275.4,275.4,2370
AKPL,1min,1775639211,2026-04-08 14:51,2026-04-08,275.4,276,275.4,276,4151
AKPL,1min,1775639265,2026-04-08 14:52,2026-04-08,276,277.9,276,277.9,0
AKPL,1min,1775639315,2026-04-08 14:53,2026-04-08,277.9,277.9,277,277,10881
AKPL,1min,1775639398,2026-04-08 14:54,2026-04-08,277,278,277,278,2530
AKPL,1min,1775639515,2026-04-08 14:56,2026-04-08,278,278,277.8,278,5010
AKPL,1min,1775639563,2026-04-08 14:57,2026-04-08,278,278,278,278,1650
AKPL,1min,1775639635,2026-04-08 14:58,2026-04-08,278,278,277.9,278,1610
AKPL,1min,1775639699,2026-04-08 14:59,2026-04-08,278,278,277.5,277.5,7612
AKPL,1min,1775711724,2026-04-09 11:00,2026-04-09,278,278,278,278,250
AKPL,1min,1775711814,2026-04-09 11:01,2026-04-09,278,278,275,275,10
AKPL,1min,1775711919,2026-04-09 11:03,2026-04-09,275,278,275,278,350
AKPL,1min,1775711986,2026-04-09 11:04,2026-04-09,278,278,277,277,536
AKPL,1min,1775712227,2026-04-09 11:08,2026-04-09,277,277,276.5,276.5,5969
AKPL,1min,1775712289,2026-04-09 11:09,2026-04-09,276.5,276.5,276.1,276.1,700
AKPL,1min,1775712406,2026-04-09 11:11,2026-04-09,276.1,276.2,276.1,276.2,500
AKPL,1min,1775712472,2026-04-09 11:12,2026-04-09,276.2,276.2,276,276,2095
AKPL,1min,1775712598,2026-04-09 11:14,2026-04-09,276,276,276,276,1400
AKPL,1min,1775712639,2026-04-09 11:15,2026-04-09,276,276,276,276,74
AKPL,1min,1775712762,2026-04-09 11:17,2026-04-09,276,277.5,276,277.5,500
AKPL,1min,1775712951,2026-04-09 11:20,2026-04-09,277.5,277.5,277,277,500
AKPL,1min,1775713023,2026-04-09 11:22,2026-04-09,277,278,277,278,10
AKPL,1min,1775713122,2026-04-09 11:23,2026-04-09,278,278,277.9,277.9,19
AKPL,1min,1775713184,2026-04-09 11:24,2026-04-09,277.9,279.5,277,277,2271
AKPL,1min,1775713255,2026-04-09 11:25,2026-04-09,277,279.4,277,278,2200
AKPL,1min,1775713319,2026-04-09 11:26,2026-04-09,278,278,278,278,306
AKPL,1min,1775713332,2026-04-09 11:27,2026-04-09,278,278,277,277,2500
AKPL,1min,1775713483,2026-04-09 11:29,2026-04-09,277,278,276.9,276.9,816
AKPL,1min,1775713618,2026-04-09 11:31,2026-04-09,276.9,278.9,276.9,278.9,99
AKPL,1min,1775713622,2026-04-09 11:32,2026-04-09,278.9,278.9,278.9,278.9,404
AKPL,1min,1775713693,2026-04-09 11:33,2026-04-09,278.9,279,278.9,279,200
AKPL,1min,1775713772,2026-04-09 11:34,2026-04-09,279,279,275.2,275.2,6500
AKPL,1min,1775713813,2026-04-09 11:35,2026-04-09,275.2,277,275.2,277,850
AKPL,1min,1775713865,2026-04-09 11:36,2026-04-09,277,277,277,277,36
AKPL,1min,1775714099,2026-04-09 11:39,2026-04-09,277,279.8,277,279.8,2193
AKPL,1min,1775714131,2026-04-09 11:40,2026-04-09,279.8,280,279.8,279.9,520
AKPL,1min,1775714215,2026-04-09 11:41,2026-04-09,279.9,280,279.9,280,4765
AKPL,1min,1775714239,2026-04-09 11:42,2026-04-09,280,280,280,280,300
AKPL,1min,1775714333,2026-04-09 11:43,2026-04-09,280,280,279.8,280,21
AKPL,1min,1775714392,2026-04-09 11:44,2026-04-09,280,281,280,281,1215
AKPL,1min,1775714430,2026-04-09 11:45,2026-04-09,281,281,281,281,42
AKPL,1min,1775714464,2026-04-09 11:46,2026-04-09,281,281,280,280,50
AKPL,1min,1775714579,2026-04-09 11:47,2026-04-09,280,280.9,280,280,120
AKPL,1min,1775714605,2026-04-09 11:48,2026-04-09,280,280,280,280,467
AKPL,1min,1775714691,2026-04-09 11:49,2026-04-09,280,280,280,280,500
AKPL,1min,1775714722,2026-04-09 11:50,2026-04-09,280,280.9,280,280.9,1000
AKPL,1min,1775714801,2026-04-09 11:51,2026-04-09,280.9,281,280.1,281,510
AKPL,1min,1775714835,2026-04-09 11:52,2026-04-09,281,281,280.9,280.9,300
AKPL,1min,1775714931,2026-04-09 11:53,2026-04-09,280.9,280.9,280,280,2045
AKPL,1min,1775714943,2026-04-09 11:54,2026-04-09,280,280,280,280,40
AKPL,1min,1775715059,2026-04-09 11:55,2026-04-09,280,280.9,280,280.9,1600
AKPL,1min,1775715091,2026-04-09 11:56,2026-04-09,280.9,280.9,280.9,280.9,1500
AKPL,1min,1775715135,2026-04-09 11:57,2026-04-09,280.9,280.9,279.1,280.9,400
AKPL,1min,1775715236,2026-04-09 11:58,2026-04-09,280.9,280.9,278,278,6100
AKPL,1min,1775715257,2026-04-09 11:59,2026-04-09,278,280,278,280,500
AKPL,1min,1775715332,2026-04-09 12:00,2026-04-09,280,280,280,280,230
AKPL,1min,1775715404,2026-04-09 12:01,2026-04-09,280,280,280,280,425
AKPL,1min,1775715507,2026-04-09 12:03,2026-04-09,280,280,280,280,1050
AKPL,1min,1775715579,2026-04-09 12:04,2026-04-09,280,280,280,280,72
AKPL,1min,1775715694,2026-04-09 12:06,2026-04-09,280,280,280,280,1358
AKPL,1min,1775715775,2026-04-09 12:07,2026-04-09,280,280.9,280,280.9,865
AKPL,1min,1775715907,2026-04-09 12:10,2026-04-09,280.9,280.9,280,280,2575
AKPL,1min,1775716016,2026-04-09 12:11,2026-04-09,280,280,280,280,1000
AKPL,1min,1775716075,2026-04-09 12:12,2026-04-09,280,280,280,280,529
AKPL,1min,1775716119,2026-04-09 12:13,2026-04-09,280,280,280,280,1646
AKPL,1min,1775716195,2026-04-09 12:14,2026-04-09,280,280,280,280,1569
AKPL,1min,1775716249,2026-04-09 12:15,2026-04-09,280,280,280,280,0
AKPL,1min,1775716267,2026-04-09 12:16,2026-04-09,280,280,280,280,866
AKPL,1min,1775716376,2026-04-09 12:17,2026-04-09,280,280.7,280,280.7,156
AKPL,1min,1775716430,2026-04-09 12:18,2026-04-09,280.7,281,280.7,281,5879
AKPL,1min,1775716440,2026-04-09 12:19,2026-04-09,281,281,281,281,300
AKPL,1min,1775716553,2026-04-09 12:20,2026-04-09,281,281.5,281,281,825
AKPL,1min,1775716616,2026-04-09 12:21,2026-04-09,281,281.5,281,281.5,2385
AKPL,1min,1775716679,2026-04-09 12:22,2026-04-09,281.5,281.5,281.5,281.5,100
AKPL,1min,1775716722,2026-04-09 12:23,2026-04-09,281.5,281.6,281,281,1650
AKPL,1min,1775716776,2026-04-09 12:24,2026-04-09,281,281.6,281,281.6,0
AKPL,1min,1775716824,2026-04-09 12:25,2026-04-09,281.6,281.6,281.6,281.6,460
AKPL,1min,1775716912,2026-04-09 12:26,2026-04-09,281.6,281.9,281.4,281.4,560
AKPL,1min,1775717030,2026-04-09 12:28,2026-04-09,281.4,283,281.4,283,2850
AKPL,1min,1775717113,2026-04-09 12:30,2026-04-09,283,283,283,283,7000
AKPL,1min,1775717183,2026-04-09 12:31,2026-04-09,283,283,282,282,0
AKPL,1min,1775717267,2026-04-09 12:32,2026-04-09,282,282,280.2,280.2,5639
AKPL,1min,1775717311,2026-04-09 12:33,2026-04-09,280.2,280.2,280,280,1133
AKPL,1min,1775717383,2026-04-09 12:34,2026-04-09,280,281,280,280,2500
AKPL,1min,1775717424,2026-04-09 12:35,2026-04-09,280,280,280,280,59
AKPL,1min,1775717575,2026-04-09 12:37,2026-04-09,280,280,280,280,1013
AKPL,1min,1775717639,2026-04-09 12:38,2026-04-09,280,281.5,280,281.5,420
AKPL,1min,1775717725,2026-04-09 12:40,2026-04-09,281.5,281.5,279.6,279.6,2000
AKPL,1min,1775717936,2026-04-09 12:43,2026-04-09,279.6,280,279.5,279.5,515
AKPL,1min,1775717966,2026-04-09 12:44,2026-04-09,279.5,280,279.5,280,285
AKPL,1min,1775718057,2026-04-09 12:45,2026-04-09,280,280,279.7,280,1800
AKPL,1min,1775718100,2026-04-09 12:46,2026-04-09,280,280.3,280,280.3,900
AKPL,1min,1775718176,2026-04-09 12:47,2026-04-09,280.3,281.9,280.3,281.9,817
AKPL,1min,1775718231,2026-04-09 12:48,2026-04-09,281.9,281.9,281.9,281.9,324
AKPL,1min,1775718297,2026-04-09 12:49,2026-04-09,281.9,282,281.9,282,219
AKPL,1min,1775718321,2026-04-09 12:50,2026-04-09,282,282,282,282,2312
AKPL,1min,1775718592,2026-04-09 12:54,2026-04-09,282,282,282,282,300
AKPL,1min,1775718630,2026-04-09 12:55,2026-04-09,282,282,282,282,291
AKPL,1min,1775718690,2026-04-09 12:56,2026-04-09,282,282.8,282,282.8,300
AKPL,1min,1775718777,2026-04-09 12:57,2026-04-09,282.8,282.9,282.8,282.9,3400
AKPL,1min,1775718835,2026-04-09 12:58,2026-04-09,282.9,282.9,282,282,2050
AKPL,1min,1775718871,2026-04-09 12:59,2026-04-09,282,282,281.1,281.1,1500
AKPL,1min,1775718993,2026-04-09 13:01,2026-04-09,281.1,281.5,281.1,281.5,500
AKPL,1min,1775719124,2026-04-09 13:03,2026-04-09,281.5,282.7,281.3,282.7,360
AKPL,1min,1775719242,2026-04-09 13:05,2026-04-09,282.7,282.7,282.7,282.7,400
AKPL,1min,1775719276,2026-04-09 13:06,2026-04-09,282.7,282.7,282.1,282.7,37
AKPL,1min,1775719371,2026-04-09 13:07,2026-04-09,282.7,282.7,282,282,640
AKPL,1min,1775719434,2026-04-09 13:08,2026-04-09,282,282.1,281.6,281.6,1060
AKPL,1min,1775719491,2026-04-09 13:09,2026-04-09,281.6,282,281.6,281.8,1320
AKPL,1min,1775719558,2026-04-09 13:10,2026-04-09,281.8,282,281.8,282,931
AKPL,1min,1775719641,2026-04-09 13:12,2026-04-09,282,282.5,282,282.5,25
AKPL,1min,1775719718,2026-04-09 13:13,2026-04-09,282.5,283,282.2,282.2,1260
AKPL,1min,1775719792,2026-04-09 13:14,2026-04-09,282.2,282.9,282.2,282.9,80
AKPL,1min,1775719849,2026-04-09 13:15,2026-04-09,282.9,282.9,282.1,282.1,912
AKPL,1min,1775719882,2026-04-09 13:16,2026-04-09,282.1,282.1,282,282,1100
AKPL,1min,1775719955,2026-04-09 13:17,2026-04-09,282,282,282,282,530
AKPL,1min,1775720014,2026-04-09 13:18,2026-04-09,282,282,281.9,282,1118
AKPL,1min,1775720149,2026-04-09 13:20,2026-04-09,282,282.4,282,282.2,980
AKPL,1min,1775720212,2026-04-09 13:21,2026-04-09,282.2,282.2,282.1,282.1,1110
AKPL,1min,1775720237,2026-04-09 13:22,2026-04-09,282.1,282.1,282,282,1057
AKPL,1min,1775720338,2026-04-09 13:23,2026-04-09,282,282,281,281,1800
AKPL,1min,1775720390,2026-04-09 13:24,2026-04-09,281,281,281,281,680
AKPL,1min,1775720444,2026-04-09 13:25,2026-04-09,281,281,280,280,9590
AKPL,1min,1775720463,2026-04-09 13:26,2026-04-09,280,282,280,282,180
AKPL,1min,1775720711,2026-04-09 13:30,2026-04-09,282,282,281.8,281.8,100
AKPL,1min,1775720790,2026-04-09 13:31,2026-04-09,281.8,281.8,280.4,280.4,1000
AKPL,1min,1775721030,2026-04-09 13:35,2026-04-09,280.4,280.5,280.4,280.5,10
AKPL,1min,1775721165,2026-04-09 13:37,2026-04-09,280.5,281,280.5,281,290
AKPL,1min,1775721205,2026-04-09 13:38,2026-04-09,281,281,281,281,0
AKPL,1min,1775721266,2026-04-09 13:39,2026-04-09,281,281,281,281,11
AKPL,1min,1775721468,2026-04-09 13:42,2026-04-09,281,281.5,281,281.5,2603
AKPL,1min,1775721534,2026-04-09 13:43,2026-04-09,281.5,281.5,281.1,281.1,1600
AKPL,1min,1775721586,2026-04-09 13:44,2026-04-09,281.1,282,281.1,282,133
AKPL,1min,1775721649,2026-04-09 13:45,2026-04-09,282,282,282,282,200
AKPL,1min,1775721661,2026-04-09 13:46,2026-04-09,282,282,282,282,74
AKPL,1min,1775721897,2026-04-09 13:49,2026-04-09,282,282,281.3,281.3,123
AKPL,1min,1775722070,2026-04-09 13:52,2026-04-09,281.3,281.9,281.3,281.9,199
AKPL,1min,1775722110,2026-04-09 13:53,2026-04-09,281.9,282,281.9,282,477
AKPL,1min,1775722252,2026-04-09 13:55,2026-04-09,282,282,281.9,281.9,1100
AKPL,1min,1775722361,2026-04-09 13:57,2026-04-09,281.9,282,281.2,282,1020
AKPL,1min,1775722408,2026-04-09 13:58,2026-04-09,282,282,282,282,2899
AKPL,1min,1775722496,2026-04-09 13:59,2026-04-09,282,282.7,282,282,1700
AKPL,1min,1775722561,2026-04-09 14:01,2026-04-09,282,282,281.3,281.3,540
AKPL,1min,1775722639,2026-04-09 14:02,2026-04-09,281.3,282.5,281.3,282.5,175
AKPL,1min,1775722709,2026-04-09 14:03,2026-04-09,282.5,282.5,281.1,281.1,1021
AKPL,1min,1775722962,2026-04-09 14:07,2026-04-09,281.1,282.4,281.1,282,993
AKPL,1min,1775723081,2026-04-09 14:09,2026-04-09,282,282,282,282,0
AKPL,1min,1775723133,2026-04-09 14:10,2026-04-09,282,282,281.1,282,2176
AKPL,1min,1775723209,2026-04-09 14:11,2026-04-09,282,282,281,281,1325
AKPL,1min,1775723310,2026-04-09 14:13,2026-04-09,281,281,281,281,28
AKPL,1min,1775723405,2026-04-09 14:15,2026-04-09,281,282,281,282,0
AKPL,1min,1775723470,2026-04-09 14:16,2026-04-09,282,282,282,282,1300
AKPL,1min,1775723575,2026-04-09 14:17,2026-04-09,282,282.5,282,282.5,2237
AKPL,1min,1775723626,2026-04-09 14:18,2026-04-09,282.5,282.9,282,282.9,4530
AKPL,1min,1775723656,2026-04-09 14:19,2026-04-09,282.9,283,282.9,283,2000
AKPL,1min,1775723743,2026-04-09 14:20,2026-04-09,283,283.1,281.5,281.5,5622
AKPL,1min,1775723818,2026-04-09 14:21,2026-04-09,281.5,282,281.5,282,2388
AKPL,1min,1775723914,2026-04-09 14:23,2026-04-09,282,282,281.7,282,310
AKPL,1min,1775724058,2026-04-09 14:25,2026-04-09,282,282,282,282,100
AKPL,1min,1775724082,2026-04-09 14:26,2026-04-09,282,282,281.6,281.6,100
AKPL,1min,1775724165,2026-04-09 14:27,2026-04-09,281.6,283,281.6,283,1967
AKPL,1min,1775724201,2026-04-09 14:28,2026-04-09,283,283.1,283,283.1,1520
AKPL,1min,1775724290,2026-04-09 14:29,2026-04-09,283.1,283.4,283.1,283.4,708
AKPL,1min,1775724353,2026-04-09 14:30,2026-04-09,283.4,283.5,283.4,283.5,1790
AKPL,1min,1775724382,2026-04-09 14:31,2026-04-09,283.5,283.9,283.5,283.9,1300
AKPL,1min,1775724471,2026-04-09 14:32,2026-04-09,283.9,283.9,283.8,283.8,572
AKPL,1min,1775724546,2026-04-09 14:34,2026-04-09,283.8,283.8,283.8,283.8,197
AKPL,1min,1775724643,2026-04-09 14:35,2026-04-09,283.8,284,283.8,284,1509
AKPL,1min,1775724682,2026-04-09 14:36,2026-04-09,284,284,284,284,2125
AKPL,1min,1775724760,2026-04-09 14:37,2026-04-09,284,284,283.9,283.9,541
AKPL,1min,1775724823,2026-04-09 14:38,2026-04-09,283.9,283.9,283.9,283.9,1800
AKPL,1min,1775724895,2026-04-09 14:39,2026-04-09,283.9,284,283.9,284,320
AKPL,1min,1775724917,2026-04-09 14:40,2026-04-09,284,284,284,284,1070
AKPL,1min,1775724998,2026-04-09 14:41,2026-04-09,284,285,284,284,7846
AKPL,1min,1775725060,2026-04-09 14:42,2026-04-09,284,284.9,284,284.4,0
AKPL,1min,1775725112,2026-04-09 14:43,2026-04-09,284.4,284.8,284.4,284.8,990
AKPL,1min,1775725153,2026-04-09 14:44,2026-04-09,284.8,284.8,284.8,284.8,5000
AKPL,1min,1775725257,2026-04-09 14:45,2026-04-09,284.8,284.8,284,284,235
AKPL,1min,1775725315,2026-04-09 14:46,2026-04-09,284,284.8,284,284.8,5125
AKPL,1min,1775725368,2026-04-09 14:47,2026-04-09,284.8,285,284,284,8060
AKPL,1min,1775725437,2026-04-09 14:48,2026-04-09,284,285,284,284.9,10350
AKPL,1min,1775725486,2026-04-09 14:49,2026-04-09,284.9,284.9,284.1,284.1,1240
AKPL,1min,1775725540,2026-04-09 14:50,2026-04-09,284.1,284.8,284,284.8,500
AKPL,1min,1775725605,2026-04-09 14:51,2026-04-09,284.8,284.8,284,284,535
AKPL,1min,1775725672,2026-04-09 14:52,2026-04-09,284,284,283.5,283.5,20
AKPL,1min,1775725721,2026-04-09 14:53,2026-04-09,283.5,283.9,283.4,283.4,2999
AKPL,1min,1775725784,2026-04-09 14:54,2026-04-09,283.4,284,283.4,283.5,4660
AKPL,1min,1775725854,2026-04-09 14:55,2026-04-09,283.5,283.5,283,283.3,8610
AKPL,1min,1775725918,2026-04-09 14:56,2026-04-09,283.3,283.3,283,283.1,4420
AKPL,1min,1775725971,2026-04-09 14:57,2026-04-09,283.1,283.2,283.1,283.2,1236
AKPL,1min,1775726009,2026-04-09 14:58,2026-04-09,283.2,283.2,281,283,7390
AKPL,1min,1775726099,2026-04-09 14:59,2026-04-09,283,283,281.2,282,2086
AKPL,1min,1775798189,2026-04-10 11:01,2026-04-10,280,280,280,280,641
AKPL,1min,1775798328,2026-04-10 11:03,2026-04-10,280,283.5,280,283.5,800
AKPL,1min,1775798456,2026-04-10 11:05,2026-04-10,283.5,283.5,283,283,1000
AKPL,1min,1775798511,2026-04-10 11:06,2026-04-10,283,283,283,283,1200
AKPL,1min,1775798546,2026-04-10 11:07,2026-04-10,283,283,283,283,1700
AKPL,1min,1775798595,2026-04-10 11:08,2026-04-10,283,283.2,283,283,600
AKPL,1min,1775798671,2026-04-10 11:09,2026-04-10,283,284,283,284,1827
AKPL,1min,1775798744,2026-04-10 11:10,2026-04-10,284,284,283,283.9,629
AKPL,1min,1775798933,2026-04-10 11:13,2026-04-10,283.9,283.9,281.1,281.1,2210
AKPL,1min,1775798969,2026-04-10 11:14,2026-04-10,281.1,282,281.1,282,1600
AKPL,1min,1775799053,2026-04-10 11:15,2026-04-10,282,283.9,282,283.9,487
AKPL,1min,1775799079,2026-04-10 11:16,2026-04-10,283.9,284,283.9,284,523
AKPL,1min,1775799248,2026-04-10 11:19,2026-04-10,284,284,281.2,281.2,300
AKPL,1min,1775799413,2026-04-10 11:21,2026-04-10,281.2,281.2,280.3,280.3,1950
AKPL,1min,1775799452,2026-04-10 11:22,2026-04-10,280.3,280.3,280.3,280.3,12
AKPL,1min,1775799537,2026-04-10 11:23,2026-04-10,280.3,280.3,280,280,1250
AKPL,1min,1775799594,2026-04-10 11:24,2026-04-10,280,280,280,280,1663
AKPL,1min,1775799613,2026-04-10 11:25,2026-04-10,280,280,279,279,430
AKPL,1min,1775799672,2026-04-10 11:26,2026-04-10,279,279.1,279,279,1152
AKPL,1min,1775799764,2026-04-10 11:27,2026-04-10,279,280,279,280,450
AKPL,1min,1775799812,2026-04-10 11:28,2026-04-10,280,280,280,280,2500
AKPL,1min,1775799891,2026-04-10 11:29,2026-04-10,280,282,280,280.2,795
AKPL,1min,1775799906,2026-04-10 11:30,2026-04-10,280.2,282,280.2,282,81
AKPL,1min,1775800059,2026-04-10 11:32,2026-04-10,282,283,282,283,730
AKPL,1min,1775800131,2026-04-10 11:33,2026-04-10,283,283.5,283,283.5,889
AKPL,1min,1775800175,2026-04-10 11:34,2026-04-10,283.5,283.5,283,283,586
AKPL,1min,1775800253,2026-04-10 11:35,2026-04-10,283,283,283,283,325
AKPL,1min,1775800297,2026-04-10 11:36,2026-04-10,283,283,283,283,425
AKPL,1min,1775800368,2026-04-10 11:37,2026-04-10,283,283.4,282,282,200
AKPL,1min,1775800474,2026-04-10 11:39,2026-04-10,282,282,280,280,2700
AKPL,1min,1775800543,2026-04-10 11:40,2026-04-10,280,280,279.5,280,11361
AKPL,1min,1775800585,2026-04-10 11:41,2026-04-10,280,280,279.3,279.3,10
AKPL,1min,1775800678,2026-04-10 11:42,2026-04-10,279.3,280,279.3,279.4,56
AKPL,1min,1775800707,2026-04-10 11:43,2026-04-10,279.4,280,279.4,280,2829
AKPL,1min,1775800783,2026-04-10 11:44,2026-04-10,280,280,280,280,1195
AKPL,1min,1775800833,2026-04-10 11:45,2026-04-10,280,280,280,280,5183
AKPL,1min,1775800955,2026-04-10 11:47,2026-04-10,280,283,280,283,0
AKPL,1min,1775801157,2026-04-10 11:50,2026-04-10,283,283,283,283,550
AKPL,1min,1775801306,2026-04-10 11:53,2026-04-10,283,283,282.9,282.9,10
AKPL,1min,1775801416,2026-04-10 11:55,2026-04-10,282.9,282.9,282,282,50
AKPL,1min,1775801511,2026-04-10 11:56,2026-04-10,282,282,280.7,280.8,600
AKPL,1min,1775801697,2026-04-10 11:59,2026-04-10,280.8,281,280.8,281,0
AKPL,1min,1775801718,2026-04-10 12:00,2026-04-10,281,282,281,282,210
AKPL,1min,1775801818,2026-04-10 12:01,2026-04-10,282,282,281,281,2440
AKPL,1min,1775801828,2026-04-10 12:02,2026-04-10,281,281,281,281,10
AKPL,1min,1775801934,2026-04-10 12:03,2026-04-10,281,281.1,281,281.1,1800
AKPL,1min,1775801995,2026-04-10 12:04,2026-04-10,281.1,281.1,281.1,281.1,480
AKPL,1min,1775802021,2026-04-10 12:05,2026-04-10,281.1,281.1,281,281,1000
AKPL,1min,1775802203,2026-04-10 12:08,2026-04-10,281,281,280.6,280.6,1000
AKPL,1min,1775802352,2026-04-10 12:10,2026-04-10,280.6,280.6,280.1,280.1,0
AKPL,1min,1775802399,2026-04-10 12:11,2026-04-10,280.1,280.1,280,280,6400
AKPL,1min,1775802453,2026-04-10 12:12,2026-04-10,280,280,280,280,497
AKPL,1min,1775802532,2026-04-10 12:13,2026-04-10,280,280,279.3,279.3,4310
AKPL,1min,1775802573,2026-04-10 12:14,2026-04-10,279.3,279.3,279.3,279.3,2090
AKPL,1min,1775802611,2026-04-10 12:15,2026-04-10,279.3,279.3,279.3,279.3,500
AKPL,1min,1775802697,2026-04-10 12:16,2026-04-10,279.3,279.3,279,279,4930
AKPL,1min,1775802767,2026-04-10 12:17,2026-04-10,279,279,278,278,1373
AKPL,1min,1775802798,2026-04-10 12:18,2026-04-10,278,278,278,278,40
AKPL,1min,1775802895,2026-04-10 12:19,2026-04-10,278,278,277.4,277.4,3380
AKPL,1min,1775802951,2026-04-10 12:20,2026-04-10,277.4,277.4,277,277,3177
AKPL,1min,1775803019,2026-04-10 12:21,2026-04-10,277,277,277,277,1000
AKPL,1min,1775803112,2026-04-10 12:23,2026-04-10,277,277,277,277,2715
AKPL,1min,1775803148,2026-04-10 12:24,2026-04-10,277,277,277,277,1490
AKPL,1min,1775803251,2026-04-10 12:25,2026-04-10,277,277,276.5,276.5,311
AKPL,1min,1775803308,2026-04-10 12:26,2026-04-10,276.5,277,276.5,277,350
AKPL,1min,1775803364,2026-04-10 12:27,2026-04-10,277,277.4,277,277.4,440
AKPL,1min,1775803389,2026-04-10 12:28,2026-04-10,277.4,278,277.4,278,0
AKPL,1min,1775803453,2026-04-10 12:29,2026-04-10,278,278,278,278,545
AKPL,1min,1775803544,2026-04-10 12:30,2026-04-10,278,279.9,278,279.9,550
AKPL,1min,1775803615,2026-04-10 12:31,2026-04-10,279.9,279.9,279.9,279.9,292
AKPL,1min,1775803626,2026-04-10 12:32,2026-04-10,279.9,279.9,279.1,279.1,300
AKPL,1min,1775803722,2026-04-10 12:33,2026-04-10,279.1,280,279,280,2625
AKPL,1min,1775803791,2026-04-10 12:34,2026-04-10,280,280,279.5,280,310
AKPL,1min,1775803819,2026-04-10 12:35,2026-04-10,280,280,280,280,25
AKPL,1min,1775803875,2026-04-10 12:36,2026-04-10,280,280,279.5,279.5,50
AKPL,1min,1775803945,2026-04-10 12:37,2026-04-10,279.5,279.5,278,278,1215
AKPL,1min,1775804015,2026-04-10 12:38,2026-04-10,278,278,278,278,1962
AKPL,1min,1775804087,2026-04-10 12:39,2026-04-10,278,278,277.2,277.2,310
AKPL,1min,1775804162,2026-04-10 12:41,2026-04-10,277.2,278,277.2,278,22
AKPL,1min,1775804431,2026-04-10 12:45,2026-04-10,278,279,278,279,10
AKPL,1min,1775804569,2026-04-10 12:47,2026-04-10,279,279,277.2,277.2,700
AKPL,1min,1775804637,2026-04-10 12:48,2026-04-10,277.2,278,277.2,278,25
AKPL,1min,1775804850,2026-04-10 12:52,2026-04-10,278,278,278,278,40
AKPL,1min,1775805165,2026-04-10 12:57,2026-04-10,278,278,277.2,277.2,489
AKPL,1min,1775805203,2026-04-10 12:58,2026-04-10,277.2,277.2,277.2,277.2,76
AKPL,1min,1775805348,2026-04-10 13:00,2026-04-10,277.2,277.5,277.2,277.5,500
AKPL,1min,1775805399,2026-04-10 13:01,2026-04-10,277.5,277.5,277.5,277.5,235
AKPL,1min,1775805440,2026-04-10 13:02,2026-04-10,277.5,279,277.5,279,1000
AKPL,1min,1775805639,2026-04-10 13:05,2026-04-10,279,279,278,278,1000
AKPL,1min,1775805673,2026-04-10 13:06,2026-04-10,278,278,278,278,200
AKPL,1min,1775805724,2026-04-10 13:07,2026-04-10,278,279,278,279,1000
AKPL,1min,1775806226,2026-04-10 13:15,2026-04-10,279,279.8,279,279.8,1000
AKPL,1min,1775806290,2026-04-10 13:16,2026-04-10,279.8,279.8,278,278,25
AKPL,1min,1775806551,2026-04-10 13:20,2026-04-10,278,279.8,278,279.8,52
AKPL,1min,1775806720,2026-04-10 13:23,2026-04-10,279.8,281,279.8,281,1916
AKPL,1min,1775806777,2026-04-10 13:24,2026-04-10,281,281,281,281,360
AKPL,1min,1775806833,2026-04-10 13:25,2026-04-10,281,281.9,281,281.9,3190
AKPL,1min,1775806989,2026-04-10 13:28,2026-04-10,281.9,281.9,280,280,710
AKPL,1min,1775807056,2026-04-10 13:29,2026-04-10,280,280,280,280,500
AKPL,1min,1775807163,2026-04-10 13:31,2026-04-10,280,280,280,280,500
AKPL,1min,1775807327,2026-04-10 13:33,2026-04-10,280,280,280,280,70
AKPL,1min,1775807553,2026-04-10 13:37,2026-04-10,280,281.2,280,281.2,188
AKPL,1min,1775807606,2026-04-10 13:38,2026-04-10,281.2,281.2,280.1,281,1000
AKPL,1min,1775807687,2026-04-10 13:39,2026-04-10,281,281.5,281,281,511
AKPL,1min,1775807741,2026-04-10 13:40,2026-04-10,281,281,281,281,100
AKPL,1min,1775807806,2026-04-10 13:41,2026-04-10,281,281,281,281,1000
AKPL,1min,1775807867,2026-04-10 13:42,2026-04-10,281,281.5,281,281.5,1000
AKPL,1min,1775807948,2026-04-10 13:44,2026-04-10,281.5,281.5,281.5,281.5,100
AKPL,1min,1775808063,2026-04-10 13:46,2026-04-10,281.5,281.7,281.5,281.7,2000
AKPL,1min,1775808181,2026-04-10 13:48,2026-04-10,281.7,282,281.7,282,4487
AKPL,1min,1775808273,2026-04-10 13:49,2026-04-10,282,282,282,282,523
AKPL,1min,1775808321,2026-04-10 13:50,2026-04-10,282,282,282,282,0
AKPL,1min,1775808419,2026-04-10 13:51,2026-04-10,282,282.1,282,282.1,859
AKPL,1min,1775808465,2026-04-10 13:52,2026-04-10,282.1,282.1,282.1,282.1,0
AKPL,1min,1775808626,2026-04-10 13:55,2026-04-10,282.1,282.1,281.1,281.1,1849
AKPL,1min,1775808704,2026-04-10 13:56,2026-04-10,281.1,281.1,281,281,1625
AKPL,1min,1775808760,2026-04-10 13:57,2026-04-10,281,281,280.4,280.4,385
AKPL,1min,1775808831,2026-04-10 13:58,2026-04-10,280.4,280.4,279,279,4976
AKPL,1min,1775808868,2026-04-10 13:59,2026-04-10,279,279,279,279,2657
AKPL,1min,1775809043,2026-04-10 14:02,2026-04-10,279,279,278,278,1206
AKPL,1min,1775809417,2026-04-10 14:08,2026-04-10,278,278.3,278,278.3,100
AKPL,1min,1775809482,2026-04-10 14:09,2026-04-10,278.3,280,278.3,280,200
AKPL,1min,1775809595,2026-04-10 14:11,2026-04-10,280,280,280,280,150
AKPL,1min,1775809745,2026-04-10 14:14,2026-04-10,280,281,280,281,500
AKPL,1min,1775809887,2026-04-10 14:16,2026-04-10,281,281,280.1,280.1,30
AKPL,1min,1775810249,2026-04-10 14:22,2026-04-10,280.1,280.9,280.1,280.9,1010
AKPL,1min,1775810394,2026-04-10 14:24,2026-04-10,280.9,280.9,278.4,278.4,3050
AKPL,1min,1775810589,2026-04-10 14:28,2026-04-10,278.4,278.4,278.4,278.4,800
AKPL,1min,1775810698,2026-04-10 14:29,2026-04-10,278.4,278.4,278,278,1975
AKPL,1min,1775810728,2026-04-10 14:30,2026-04-10,278,278,277.6,278,50
AKPL,1min,1775810980,2026-04-10 14:34,2026-04-10,278,279.5,278,279.5,500
AKPL,1min,1775811059,2026-04-10 14:35,2026-04-10,279.5,280,279.5,280,730
AKPL,1min,1775811107,2026-04-10 14:36,2026-04-10,280,280,280,280,30
AKPL,1min,1775811142,2026-04-10 14:37,2026-04-10,280,280,278.7,280,93
AKPL,1min,1775811194,2026-04-10 14:38,2026-04-10,280,280,279,279,231
AKPL,1min,1775811295,2026-04-10 14:39,2026-04-10,279,279,278.9,278.9,500
AKPL,1min,1775811473,2026-04-10 14:42,2026-04-10,278.9,278.9,278.1,278.8,0
AKPL,1min,1775811524,2026-04-10 14:43,2026-04-10,278.8,278.8,278,278.2,1160
AKPL,1min,1775811587,2026-04-10 14:44,2026-04-10,278.2,278.2,278.2,278.2,1920
AKPL,1min,1775811652,2026-04-10 14:45,2026-04-10,278.2,278.2,277,277,5000
AKPL,1min,1775811696,2026-04-10 14:46,2026-04-10,277,277,276,276,10129
AKPL,1min,1775811721,2026-04-10 14:47,2026-04-10,276,277.1,276,277.1,0
AKPL,1min,1775811834,2026-04-10 14:48,2026-04-10,277.1,277.1,275.1,277.1,4850
AKPL,1min,1775811892,2026-04-10 14:49,2026-04-10,277.1,277.1,275.7,276,300
AKPL,1min,1775811949,2026-04-10 14:50,2026-04-10,276,276.1,275.2,276.1,12460
AKPL,1min,1775812005,2026-04-10 14:51,2026-04-10,276.1,277,276,277,630
AKPL,1min,1775812058,2026-04-10 14:52,2026-04-10,277,277,275.1,275.1,2490
AKPL,1min,1775812129,2026-04-10 14:53,2026-04-10,275.1,275.2,275.1,275.2,190
AKPL,1min,1775812184,2026-04-10 14:54,2026-04-10,275.2,276.5,275.2,276.5,400
AKPL,1min,1775812232,2026-04-10 14:55,2026-04-10,276.5,276.5,276.5,276.5,0
AKPL,1min,1775812303,2026-04-10 14:56,2026-04-10,276.5,277,276,276,2560
AKPL,1min,1775812372,2026-04-10 14:57,2026-04-10,276,276,275,276,15021
AKPL,1min,1775812432,2026-04-10 14:58,2026-04-10,276,276,274,274.1,14946
AKPL,1min,1775812499,2026-04-10 14:59,2026-04-10,274.1,276,274.1,276,6058
AKPL,1min,1776057357,2026-04-13 11:00,2026-04-13,275,275,275,275,100
AKPL,1min,1776057454,2026-04-13 11:02,2026-04-13,275,275,272,272,0
AKPL,1min,1776057597,2026-04-13 11:04,2026-04-13,272,273.3,272,273.3,97
AKPL,1min,1776057649,2026-04-13 11:05,2026-04-13,273.3,273.3,273.2,273.2,236
AKPL,1min,1776057705,2026-04-13 11:06,2026-04-13,273.2,274,273.2,274,2150
AKPL,1min,1776057727,2026-04-13 11:07,2026-04-13,274,275,274,275,100
AKPL,1min,1776057827,2026-04-13 11:08,2026-04-13,275,277,275,277,1436
AKPL,1min,1776057886,2026-04-13 11:09,2026-04-13,277,277.3,277,277,2370
AKPL,1min,1776057912,2026-04-13 11:10,2026-04-13,277,277,277,277,408
AKPL,1min,1776057976,2026-04-13 11:11,2026-04-13,277,277.3,277,277.3,500
AKPL,1min,1776058059,2026-04-13 11:12,2026-04-13,277.3,277.3,277,277,110
AKPL,1min,1776058115,2026-04-13 11:13,2026-04-13,277,277,276,276,92
AKPL,1min,1776058142,2026-04-13 11:14,2026-04-13,276,277,276,277,108
AKPL,1min,1776058242,2026-04-13 11:15,2026-04-13,277,277,276,276.9,386
AKPL,1min,1776058261,2026-04-13 11:16,2026-04-13,276.9,276.9,275,275,0
AKPL,1min,1776058429,2026-04-13 11:18,2026-04-13,275,279.2,275,275.1,412
AKPL,1min,1776058452,2026-04-13 11:19,2026-04-13,275.1,275.2,275.1,275.2,33
AKPL,1min,1776058522,2026-04-13 11:20,2026-04-13,275.2,275.4,275.2,275.4,10
AKPL,1min,1776058675,2026-04-13 11:22,2026-04-13,275.4,278,275.4,277,3240
AKPL,1min,1776058889,2026-04-13 11:26,2026-04-13,277,277,276.1,276.1,33
AKPL,1min,1776058951,2026-04-13 11:27,2026-04-13,276.1,276.1,275.6,275.6,3000
AKPL,1min,1776059093,2026-04-13 11:29,2026-04-13,275.6,275.6,275.6,275.6,50
AKPL,1min,1776059150,2026-04-13 11:30,2026-04-13,275.6,275.6,275.6,275.6,200
AKPL,1min,1776059269,2026-04-13 11:32,2026-04-13,275.6,275.7,275.6,275.7,30
AKPL,1min,1776059322,2026-04-13 11:33,2026-04-13,275.7,275.9,275.7,275.9,180
AKPL,1min,1776059450,2026-04-13 11:35,2026-04-13,275.9,276,275.9,276,233
AKPL,1min,1776059478,2026-04-13 11:36,2026-04-13,276,276,276,276,60
AKPL,1min,1776059636,2026-04-13 11:38,2026-04-13,276,278,276,278,315
AKPL,1min,1776059757,2026-04-13 11:40,2026-04-13,278,278,278,278,30
AKPL,1min,1776059977,2026-04-13 11:44,2026-04-13,278,278,275.6,275.6,2916
AKPL,1min,1776060056,2026-04-13 11:45,2026-04-13,275.6,276,275.6,276,10
AKPL,1min,1776060114,2026-04-13 11:46,2026-04-13,276,277,276,277,50
AKPL,1min,1776060210,2026-04-13 11:48,2026-04-13,277,277,277,277,50
AKPL,1min,1776060295,2026-04-13 11:49,2026-04-13,277,278,277,278,100
AKPL,1min,1776060594,2026-04-13 11:54,2026-04-13,278,278,276.3,278,237
AKPL,1min,1776060674,2026-04-13 11:56,2026-04-13,278,278,278,278,1000
AKPL,1min,1776060769,2026-04-13 11:57,2026-04-13,278,278,277,277,35
AKPL,1min,1776060837,2026-04-13 11:58,2026-04-13,277,277,275.5,275.5,6168
AKPL,1min,1776060879,2026-04-13 11:59,2026-04-13,275.5,275.5,275.5,275.5,215
AKPL,1min,1776060903,2026-04-13 12:00,2026-04-13,275.5,275.5,275.5,275.5,10
AKPL,1min,1776061022,2026-04-13 12:02,2026-04-13,275.5,276,275.5,276,332
AKPL,1min,1776061185,2026-04-13 12:04,2026-04-13,276,277.6,276,277.6,120
AKPL,1min,1776061215,2026-04-13 12:05,2026-04-13,277.6,277.9,277.6,277.9,500
AKPL,1min,1776061490,2026-04-13 12:09,2026-04-13,277.9,277.9,277.9,277.9,1000
AKPL,1min,1776061526,2026-04-13 12:10,2026-04-13,277.9,278,277.9,278,580
AKPL,1min,1776061575,2026-04-13 12:11,2026-04-13,278,278,277,277,0
AKPL,1min,1776061632,2026-04-13 12:12,2026-04-13,277,278,277,278,200
AKPL,1min,1776061763,2026-04-13 12:14,2026-04-13,278,278,278,278,1382
AKPL,1min,1776061940,2026-04-13 12:17,2026-04-13,278,278,276.2,276.2,49
AKPL,1min,1776062000,2026-04-13 12:18,2026-04-13,276.2,278,276.2,278,0
AKPL,1min,1776062210,2026-04-13 12:21,2026-04-13,278,278,277,277,2600
AKPL,1min,1776062224,2026-04-13 12:22,2026-04-13,277,277,277,277,500
AKPL,1min,1776062403,2026-04-13 12:25,2026-04-13,277,278,277,278,35
AKPL,1min,1776062483,2026-04-13 12:26,2026-04-13,278,278,278,278,615
AKPL,1min,1776062558,2026-04-13 12:27,2026-04-13,278,278.6,278,278.6,237
AKPL,1min,1776062594,2026-04-13 12:28,2026-04-13,278.6,278.6,278.6,278.6,500
AKPL,1min,1776062687,2026-04-13 12:29,2026-04-13,278.6,278.6,278,278,1200
AKPL,1min,1776062729,2026-04-13 12:30,2026-04-13,278,278,278,278,47
AKPL,1min,1776062779,2026-04-13 12:31,2026-04-13,278,278,277,277,10
AKPL,1min,1776062839,2026-04-13 12:32,2026-04-13,277,277,277,277,2000
AKPL,1min,1776062917,2026-04-13 12:33,2026-04-13,277,277,277,277,101
AKPL,1min,1776063062,2026-04-13 12:36,2026-04-13,277,277,277,277,0
AKPL,1min,1776063177,2026-04-13 12:37,2026-04-13,277,277,277,277,789
AKPL,1min,1776063442,2026-04-13 12:42,2026-04-13,277,277,276,276,810
AKPL,1min,1776063626,2026-04-13 12:45,2026-04-13,276,276.2,276,276.2,200
AKPL,1min,1776063693,2026-04-13 12:46,2026-04-13,276.2,276.2,276,276,223
AKPL,1min,1776063827,2026-04-13 12:48,2026-04-13,276,276,276,276,50
AKPL,1min,1776063856,2026-04-13 12:49,2026-04-13,276,276,276,276,570
AKPL,1min,1776063941,2026-04-13 12:50,2026-04-13,276,277,276,277,110
AKPL,1min,1776064013,2026-04-13 12:51,2026-04-13,277,277,277,277,56
AKPL,1min,1776064190,2026-04-13 12:54,2026-04-13,277,277,277,277,449
AKPL,1min,1776064276,2026-04-13 12:56,2026-04-13,277,277,276,276,0
AKPL,1min,1776064367,2026-04-13 12:57,2026-04-13,276,276,276,276,5503
AKPL,1min,1776064420,2026-04-13 12:58,2026-04-13,276,276,276,276,310
AKPL,1min,1776064467,2026-04-13 12:59,2026-04-13,276,276,276,276,717
AKPL,1min,1776064725,2026-04-13 13:03,2026-04-13,276,276,275.5,275.5,1700
AKPL,1min,1776064758,2026-04-13 13:04,2026-04-13,275.5,275.5,275.5,275.5,50
AKPL,1min,1776064800,2026-04-13 13:05,2026-04-13,275.5,275.5,275.5,275.5,10
AKPL,1min,1776065064,2026-04-13 13:09,2026-04-13,275.5,276,275.5,276,1000
AKPL,1min,1776065105,2026-04-13 13:10,2026-04-13,276,276,276,276,200
AKPL,1min,1776065212,2026-04-13 13:11,2026-04-13,276,276,276,276,300
AKPL,1min,1776065221,2026-04-13 13:12,2026-04-13,276,276,276,276,144
AKPL,1min,1776065578,2026-04-13 13:17,2026-04-13,276,277.9,276,277.9,1810
AKPL,1min,1776065666,2026-04-13 13:19,2026-04-13,277.9,277.9,277.9,277.9,0
AKPL,1min,1776065799,2026-04-13 13:21,2026-04-13,277.9,278,277.9,278,6349
AKPL,1min,1776065854,2026-04-13 13:22,2026-04-13,278,278,278,278,1600
AKPL,1min,1776065918,2026-04-13 13:23,2026-04-13,278,278,278,278,276
AKPL,1min,1776066054,2026-04-13 13:25,2026-04-13,278,278,276.1,276.1,124
AKPL,1min,1776066071,2026-04-13 13:26,2026-04-13,276.1,277.9,276.1,277.9,800
AKPL,1min,1776066292,2026-04-13 13:29,2026-04-13,277.9,277.9,277.9,277.9,0
AKPL,1min,1776066426,2026-04-13 13:32,2026-04-13,277.9,277.9,277.9,277.9,1500
AKPL,1min,1776066554,2026-04-13 13:34,2026-04-13,277.9,277.9,277.9,277.9,10
AKPL,1min,1776066978,2026-04-13 13:41,2026-04-13,277.9,277.9,276.8,276.8,30
AKPL,1min,1776067124,2026-04-13 13:43,2026-04-13,276.8,277.5,276.8,277.5,25
AKPL,1min,1776067217,2026-04-13 13:45,2026-04-13,277.5,277.8,277.5,277.8,1880
AKPL,1min,1776067268,2026-04-13 13:46,2026-04-13,277.8,277.9,277.8,277.9,120
AKPL,1min,1776067377,2026-04-13 13:47,2026-04-13,277.9,277.9,276.8,277.9,502
AKPL,1min,1776067430,2026-04-13 13:48,2026-04-13,277.9,277.9,277.9,277.9,860
AKPL,1min,1776067907,2026-04-13 13:56,2026-04-13,277.9,277.9,277.8,277.8,835
AKPL,1min,1776067965,2026-04-13 13:57,2026-04-13,277.8,277.8,277.8,277.8,53
AKPL,1min,1776068097,2026-04-13 13:59,2026-04-13,277.8,277.8,277.8,277.8,2020
AKPL,1min,1776068217,2026-04-13 14:01,2026-04-13,277.8,277.8,277.7,277.7,1376
AKPL,1min,1776068250,2026-04-13 14:02,2026-04-13,277.7,277.7,277,277,0
AKPL,1min,1776068326,2026-04-13 14:03,2026-04-13,277,277,277,277,783
AKPL,1min,1776068513,2026-04-13 14:06,2026-04-13,277,277,276,276,55
AKPL,1min,1776068561,2026-04-13 14:07,2026-04-13,276,276,276,276,4349
AKPL,1min,1776068677,2026-04-13 14:09,2026-04-13,276,276,275.7,275.7,2000
AKPL,1min,1776068759,2026-04-13 14:10,2026-04-13,275.7,275.7,275.5,275.5,2894
AKPL,1min,1776068792,2026-04-13 14:11,2026-04-13,275.5,276,275.5,276,29
AKPL,1min,1776068863,2026-04-13 14:12,2026-04-13,276,276,275.5,275.5,850
AKPL,1min,1776068981,2026-04-13 14:14,2026-04-13,275.5,275.6,275.5,275.6,30
AKPL,1min,1776069040,2026-04-13 14:15,2026-04-13,275.6,276,275.6,276,100
AKPL,1min,1776069107,2026-04-13 14:16,2026-04-13,276,276,275.8,275.8,67
AKPL,1min,1776069194,2026-04-13 14:18,2026-04-13,275.8,276,275.8,276,10
AKPL,1min,1776069252,2026-04-13 14:19,2026-04-13,276,276,276,276,110
AKPL,1min,1776069343,2026-04-13 14:20,2026-04-13,276,276,276,276,0
AKPL,1min,1776069522,2026-04-13 14:23,2026-04-13,276,276,276,276,133
AKPL,1min,1776069567,2026-04-13 14:24,2026-04-13,276,277.6,276,277.6,5600
AKPL,1min,1776069717,2026-04-13 14:26,2026-04-13,277.6,277.9,277.6,277.9,5111
AKPL,1min,1776069776,2026-04-13 14:27,2026-04-13,277.9,277.9,277.5,277.5,20
AKPL,1min,1776069790,2026-04-13 14:28,2026-04-13,277.5,277.5,276.2,276.2,3000
AKPL,1min,1776069885,2026-04-13 14:29,2026-04-13,276.2,276.4,276.2,276.4,150
AKPL,1min,1776069947,2026-04-13 14:30,2026-04-13,276.4,277,276.4,277,825
AKPL,1min,1776069992,2026-04-13 14:31,2026-04-13,277,277.8,277,277,1695
AKPL,1min,1776070063,2026-04-13 14:32,2026-04-13,277,277,277,277,580
AKPL,1min,1776070114,2026-04-13 14:33,2026-04-13,277,277.7,277,277.7,112
AKPL,1min,1776070180,2026-04-13 14:34,2026-04-13,277.7,277.7,276.3,276.3,500
AKPL,1min,1776070220,2026-04-13 14:35,2026-04-13,276.3,276.3,276.3,276.3,237
AKPL,1min,1776070431,2026-04-13 14:38,2026-04-13,276.3,276.4,276.3,276.4,680
AKPL,1min,1776070493,2026-04-13 14:39,2026-04-13,276.4,276.4,276.3,276.3,1776
AKPL,1min,1776070529,2026-04-13 14:40,2026-04-13,276.3,276.3,276,276,101
AKPL,1min,1776070613,2026-04-13 14:41,2026-04-13,276,276.3,276,276.3,4651
AKPL,1min,1776070678,2026-04-13 14:42,2026-04-13,276.3,281,276.3,281,30000
AKPL,1min,1776070720,2026-04-13 14:43,2026-04-13,281,281,276,280,436
AKPL,1min,1776071029,2026-04-13 14:48,2026-04-13,280,280,277.1,279,360
AKPL,1min,1776071102,2026-04-13 14:50,2026-04-13,279,279,279,279,600
AKPL,1min,1776071191,2026-04-13 14:51,2026-04-13,279,279,278.9,278.9,350
AKPL,1min,1776071279,2026-04-13 14:52,2026-04-13,278.9,278.9,277,277,4215
AKPL,1min,1776071333,2026-04-13 14:53,2026-04-13,277,278,277,278,3315
AKPL,1min,1776071358,2026-04-13 14:54,2026-04-13,278,278,278,278,490
AKPL,1min,1776071453,2026-04-13 14:55,2026-04-13,278,278,278,278,1010
AKPL,1min,1776071516,2026-04-13 14:56,2026-04-13,278,279,278,279,975
AKPL,1min,1776071563,2026-04-13 14:57,2026-04-13,279,279,277,277,4515
AKPL,1min,1776071619,2026-04-13 14:58,2026-04-13,277,278.5,277,277.1,1110
AKPL,1min,1776071699,2026-04-13 14:59,2026-04-13,277.1,278,277.1,278,2422
AKPL,1min,1776230377,2026-04-15 11:04,2026-04-15,279,279,278.3,278.3,1000
AKPL,1min,1776230405,2026-04-15 11:05,2026-04-15,278.3,279,278.3,279,0
AKPL,1min,1776230512,2026-04-15 11:06,2026-04-15,279,280,279,279.9,355
AKPL,1min,1776230571,2026-04-15 11:07,2026-04-15,279.9,280,279.9,280,1050
AKPL,1min,1776230608,2026-04-15 11:08,2026-04-15,280,280,280,280,1152
AKPL,1min,1776230666,2026-04-15 11:09,2026-04-15,280,280,280,280,0
AKPL,1min,1776230730,2026-04-15 11:10,2026-04-15,280,280,280,280,198
AKPL,1min,1776230797,2026-04-15 11:11,2026-04-15,280,282,280,282,7510
AKPL,1min,1776230865,2026-04-15 11:12,2026-04-15,282,282,281.9,282,535
AKPL,1min,1776230909,2026-04-15 11:13,2026-04-15,282,282,280,280,6385
AKPL,1min,1776230969,2026-04-15 11:14,2026-04-15,280,280,280,280,1170
AKPL,1min,1776231107,2026-04-15 11:16,2026-04-15,280,280,279.1,279.1,200
AKPL,1min,1776231171,2026-04-15 11:17,2026-04-15,279.1,280.6,279.1,279.8,4500
AKPL,1min,1776231229,2026-04-15 11:18,2026-04-15,279.8,280.6,279.8,280.6,100
AKPL,1min,1776231294,2026-04-15 11:19,2026-04-15,280.6,283.5,280.6,280.6,10918
AKPL,1min,1776231358,2026-04-15 11:20,2026-04-15,280.6,284,280.6,284,5400
AKPL,1min,1776231417,2026-04-15 11:21,2026-04-15,284,284,283,283,500
AKPL,1min,1776231529,2026-04-15 11:23,2026-04-15,283,283,282.8,282.8,200
AKPL,1min,1776231559,2026-04-15 11:24,2026-04-15,282.8,282.9,282.8,282.9,80
AKPL,1min,1776231655,2026-04-15 11:25,2026-04-15,282.9,282.9,281,281,1368
AKPL,1min,1776231706,2026-04-15 11:26,2026-04-15,281,281,281,281,67
AKPL,1min,1776231772,2026-04-15 11:27,2026-04-15,281,282.7,281,282.7,200
AKPL,1min,1776231816,2026-04-15 11:28,2026-04-15,282.7,282.7,282,282,100
AKPL,1min,1776231854,2026-04-15 11:29,2026-04-15,282,282.7,282,282.7,10
AKPL,1min,1776231978,2026-04-15 11:31,2026-04-15,282.7,282.7,282.7,282.7,400
AKPL,1min,1776232062,2026-04-15 11:32,2026-04-15,282.7,282.7,281.6,282.7,132
AKPL,1min,1776232135,2026-04-15 11:33,2026-04-15,282.7,283,282.7,283,1900
AKPL,1min,1776232187,2026-04-15 11:34,2026-04-15,283,283.8,283,283.8,450
AKPL,1min,1776232247,2026-04-15 11:35,2026-04-15,283.8,283.8,283.7,283.8,2690
AKPL,1min,1776232282,2026-04-15 11:36,2026-04-15,283.8,283.8,283,283,1000
AKPL,1min,1776232364,2026-04-15 11:37,2026-04-15,283,284,282.7,284,1380
AKPL,1min,1776232423,2026-04-15 11:38,2026-04-15,284,284,284,284,2000
AKPL,1min,1776232499,2026-04-15 11:39,2026-04-15,284,284,284,284,500
AKPL,1min,1776232541,2026-04-15 11:40,2026-04-15,284,284,284,284,900
AKPL,1min,1776232618,2026-04-15 11:41,2026-04-15,284,284,284,284,507
AKPL,1min,1776232676,2026-04-15 11:42,2026-04-15,284,284,283.3,284,100
AKPL,1min,1776232711,2026-04-15 11:43,2026-04-15,284,285,284,285,4800
AKPL,1min,1776232767,2026-04-15 11:44,2026-04-15,285,285,285,285,4858
AKPL,1min,1776232849,2026-04-15 11:45,2026-04-15,285,285,284.1,285,3500
AKPL,1min,1776232916,2026-04-15 11:46,2026-04-15,285,285.3,285,285.3,3405
AKPL,1min,1776232963,2026-04-15 11:47,2026-04-15,285.3,287,285.3,287,7278
AKPL,1min,1776233026,2026-04-15 11:48,2026-04-15,287,287,286.9,286.9,0
AKPL,1min,1776233097,2026-04-15 11:49,2026-04-15,286.9,286.9,286,286,3012
AKPL,1min,1776233136,2026-04-15 11:50,2026-04-15,286,287,286,287,2401
AKPL,1min,1776233191,2026-04-15 11:51,2026-04-15,287,287.5,287,287.5,200
AKPL,1min,1776233233,2026-04-15 11:52,2026-04-15,287.5,287.5,287.5,287.5,10
AKPL,1min,1776233333,2026-04-15 11:53,2026-04-15,287.5,287.5,287,287,3610
AKPL,1min,1776233392,2026-04-15 11:54,2026-04-15,287,287.5,287,287.5,1958
AKPL,1min,1776233410,2026-04-15 11:55,2026-04-15,287.5,287.5,287,287,620
AKPL,1min,1776233503,2026-04-15 11:56,2026-04-15,287,287,287,287,316
AKPL,1min,1776233572,2026-04-15 11:57,2026-04-15,287,287,287,287,930
AKPL,1min,1776233697,2026-04-15 11:59,2026-04-15,287,287.2,287,287.1,2360
AKPL,1min,1776233749,2026-04-15 12:00,2026-04-15,287.1,287.1,286,286,1050
AKPL,1min,1776233792,2026-04-15 12:01,2026-04-15,286,287.1,286,287,550
AKPL,1min,1776233878,2026-04-15 12:02,2026-04-15,287,287,286,287,1114
AKPL,1min,1776233898,2026-04-15 12:03,2026-04-15,287,287.1,287,287.1,30
AKPL,1min,1776233985,2026-04-15 12:04,2026-04-15,287.1,287.1,286,286,951
AKPL,1min,1776234048,2026-04-15 12:05,2026-04-15,286,286,285.9,286,607
AKPL,1min,1776234101,2026-04-15 12:06,2026-04-15,286,286,285.8,286,3093
AKPL,1min,1776234169,2026-04-15 12:07,2026-04-15,286,286,285.7,285.7,4147
AKPL,1min,1776234228,2026-04-15 12:08,2026-04-15,285.7,285.9,285.1,285.1,3050
AKPL,1min,1776234290,2026-04-15 12:09,2026-04-15,285.1,285.1,285.1,285.1,1000
AKPL,1min,1776234345,2026-04-15 12:10,2026-04-15,285.1,285.9,285.1,285.9,459
AKPL,1min,1776234395,2026-04-15 12:11,2026-04-15,285.9,285.9,285.9,285.9,172
AKPL,1min,1776234533,2026-04-15 12:13,2026-04-15,285.9,285.9,285.3,285.3,1400
AKPL,1min,1776234596,2026-04-15 12:14,2026-04-15,285.3,285.3,285.3,285.3,684
AKPL,1min,1776234772,2026-04-15 12:17,2026-04-15,285.3,286.1,285.3,286.1,1646
AKPL,1min,1776234837,2026-04-15 12:18,2026-04-15,286.1,286.1,286,286,1354
AKPL,1min,1776234877,2026-04-15 12:19,2026-04-15,286,287,286,287,600
AKPL,1min,1776234921,2026-04-15 12:20,2026-04-15,287,287,287,287,736
AKPL,1min,1776235016,2026-04-15 12:21,2026-04-15,287,287.2,287,287.1,1594
AKPL,1min,1776235066,2026-04-15 12:22,2026-04-15,287.1,287.1,287,287,500
AKPL,1min,1776235112,2026-04-15 12:23,2026-04-15,287,287.3,287,287.3,110
AKPL,1min,1776235193,2026-04-15 12:24,2026-04-15,287.3,287.4,287.2,287.4,1927
AKPL,1min,1776235250,2026-04-15 12:25,2026-04-15,287.4,289,287.4,289,13975
AKPL,1min,1776235313,2026-04-15 12:26,2026-04-15,289,289,288,289,922
AKPL,1min,1776235365,2026-04-15 12:27,2026-04-15,289,289.1,289,289.1,570
AKPL,1min,1776235435,2026-04-15 12:28,2026-04-15,289.1,289.1,288,288,2449
AKPL,1min,1776235495,2026-04-15 12:29,2026-04-15,288,289,288,288,10
AKPL,1min,1776235555,2026-04-15 12:30,2026-04-15,288,289,288,288,2460
AKPL,1min,1776235612,2026-04-15 12:31,2026-04-15,288,288,287.8,287.8,1100
AKPL,1min,1776235675,2026-04-15 12:32,2026-04-15,287.8,288.9,287.8,287.8,3575
AKPL,1min,1776235735,2026-04-15 12:33,2026-04-15,287.8,289.9,287.1,289.9,11050
AKPL,1min,1776235759,2026-04-15 12:34,2026-04-15,289.9,290.5,288,288,20050
AKPL,1min,1776235859,2026-04-15 12:35,2026-04-15,288,289.9,288,289.9,56
AKPL,1min,1776235919,2026-04-15 12:36,2026-04-15,289.9,289.9,288.1,288.1,202
AKPL,1min,1776235936,2026-04-15 12:37,2026-04-15,288.1,290,288.1,288.2,2023
AKPL,1min,1776236008,2026-04-15 12:38,2026-04-15,288.2,290,288.2,289.9,2570
AKPL,1min,1776236092,2026-04-15 12:39,2026-04-15,289.9,289.9,289,289,1517
AKPL,1min,1776236148,2026-04-15 12:40,2026-04-15,289,290.5,289,290.5,5050
AKPL,1min,1776236208,2026-04-15 12:41,2026-04-15,290.5,290.5,290,290.5,5030
AKPL,1min,1776236274,2026-04-15 12:42,2026-04-15,290.5,291,290.5,291,3757
AKPL,1min,1776236301,2026-04-15 12:43,2026-04-15,291,291,291,291,2640
AKPL,1min,1776236345,2026-04-15 12:44,2026-04-15,291,291,290,290,100
AKPL,1min,1776236455,2026-04-15 12:45,2026-04-15,290,290,289,289,2025
AKPL,1min,1776236509,2026-04-15 12:46,2026-04-15,289,289,289,289,500
AKPL,1min,1776236576,2026-04-15 12:47,2026-04-15,289,289,288.9,289,5870
AKPL,1min,1776236600,2026-04-15 12:48,2026-04-15,289,289,289,289,755
AKPL,1min,1776236657,2026-04-15 12:49,2026-04-15,289,290,289,290,1001
AKPL,1min,1776236751,2026-04-15 12:50,2026-04-15,290,290,289.1,290,2461
AKPL,1min,1776236847,2026-04-15 12:52,2026-04-15,290,290,289.1,289.1,100
AKPL,1min,1776236925,2026-04-15 12:53,2026-04-15,289.1,289.2,289.1,289.2,0
AKPL,1min,1776236949,2026-04-15 12:54,2026-04-15,289.2,289.2,289,289,50
AKPL,1min,1776237030,2026-04-15 12:55,2026-04-15,289,289.9,289,289,1268
AKPL,1min,1776237085,2026-04-15 12:56,2026-04-15,289,289.9,289,289.9,500
AKPL,1min,1776237174,2026-04-15 12:57,2026-04-15,289.9,290,289.5,289.9,1280
AKPL,1min,1776237202,2026-04-15 12:58,2026-04-15,289.9,289.9,289.5,289.5,515
AKPL,1min,1776237275,2026-04-15 12:59,2026-04-15,289.5,289.5,289,289,85
AKPL,1min,1776237339,2026-04-15 13:00,2026-04-15,289,289,289,289,600
AKPL,1min,1776237390,2026-04-15 13:01,2026-04-15,289,289.5,289,289.5,0
AKPL,1min,1776237462,2026-04-15 13:02,2026-04-15,289.5,289.8,289,289.8,1368
AKPL,1min,1776237539,2026-04-15 13:03,2026-04-15,289.8,290,289.8,289.9,2420
AKPL,1min,1776237595,2026-04-15 13:04,2026-04-15,289.9,290,289.9,290,0
AKPL,1min,1776237635,2026-04-15 13:05,2026-04-15,290,290,289.9,289.9,280
AKPL,1min,1776237712,2026-04-15 13:06,2026-04-15,289.9,290,289.9,289.9,634
AKPL,1min,1776237758,2026-04-15 13:07,2026-04-15,289.9,290,289,289,5861
AKPL,1min,1776237812,2026-04-15 13:08,2026-04-15,289,289,289,289,520
AKPL,1min,1776237866,2026-04-15 13:09,2026-04-15,289,289,288.6,288.6,37
AKPL,1min,1776237916,2026-04-15 13:10,2026-04-15,288.6,288.6,288.6,288.6,10
AKPL,1min,1776238072,2026-04-15 13:12,2026-04-15,288.6,290,288.6,290,10000
AKPL,1min,1776238182,2026-04-15 13:14,2026-04-15,290,290,288.5,288.5,2600
AKPL,1min,1776238232,2026-04-15 13:15,2026-04-15,288.5,289,288,288,5948
AKPL,1min,1776238289,2026-04-15 13:16,2026-04-15,288,288,288,288,0
AKPL,1min,1776238485,2026-04-15 13:19,2026-04-15,288,288,287.2,287.2,782
AKPL,1min,1776238546,2026-04-15 13:20,2026-04-15,287.2,290,287.2,290,9373
AKPL,1min,1776238571,2026-04-15 13:21,2026-04-15,290,290,287.1,287.1,285
AKPL,1min,1776238625,2026-04-15 13:22,2026-04-15,287.1,287.1,287,287,8000
AKPL,1min,1776238698,2026-04-15 13:23,2026-04-15,287,287,287,287,4500
AKPL,1min,1776238783,2026-04-15 13:24,2026-04-15,287,287.1,287,287.1,200
AKPL,1min,1776238966,2026-04-15 13:27,2026-04-15,287.1,287.1,287,287,1040
AKPL,1min,1776239054,2026-04-15 13:29,2026-04-15,287,287,287,287,200
AKPL,1min,1776239277,2026-04-15 13:32,2026-04-15,287,287.1,287,287.1,400
AKPL,1min,1776239291,2026-04-15 13:33,2026-04-15,287.1,287.1,287,287,1700
AKPL,1min,1776239378,2026-04-15 13:34,2026-04-15,287,287,287,287,85
AKPL,1min,1776239504,2026-04-15 13:36,2026-04-15,287,287,287,287,990
AKPL,1min,1776239620,2026-04-15 13:38,2026-04-15,287,287,287,287,71
AKPL,1min,1776239692,2026-04-15 13:39,2026-04-15,287,287,287,287,500
AKPL,1min,1776239706,2026-04-15 13:40,2026-04-15,287,287,287,287,108
AKPL,1min,1776239861,2026-04-15 13:42,2026-04-15,287,287,287,287,2407
AKPL,1min,1776239986,2026-04-15 13:44,2026-04-15,287,288,287,288,550
AKPL,1min,1776240002,2026-04-15 13:45,2026-04-15,288,288,288,288,250
AKPL,1min,1776240099,2026-04-15 13:46,2026-04-15,288,288,287.2,287.2,1151
AKPL,1min,1776240144,2026-04-15 13:47,2026-04-15,287.2,287.3,287.2,287.3,85
AKPL,1min,1776240188,2026-04-15 13:48,2026-04-15,287.3,287.3,287.3,287.3,115
AKPL,1min,1776240299,2026-04-15 13:49,2026-04-15,287.3,287.3,287.3,287.3,420
AKPL,1min,1776240316,2026-04-15 13:50,2026-04-15,287.3,288,287.3,288,50
AKPL,1min,1776240405,2026-04-15 13:51,2026-04-15,288,288.8,288,288.8,290
AKPL,1min,1776240489,2026-04-15 13:53,2026-04-15,288.8,288.9,288.8,288.9,0
AKPL,1min,1776240557,2026-04-15 13:54,2026-04-15,288.9,288.9,288.9,288.9,950
AKPL,1min,1776240621,2026-04-15 13:55,2026-04-15,288.9,289,288.9,289,1250
AKPL,1min,1776240701,2026-04-15 13:56,2026-04-15,289,289,288.9,288.9,500
AKPL,1min,1776240723,2026-04-15 13:57,2026-04-15,288.9,288.9,288.1,288.1,30
AKPL,1min,1776240886,2026-04-15 13:59,2026-04-15,288.1,288.9,288,288.9,1826
AKPL,1min,1776240976,2026-04-15 14:01,2026-04-15,288.9,288.9,288.9,288.9,10
AKPL,1min,1776241025,2026-04-15 14:02,2026-04-15,288.9,288.9,288,288,100
AKPL,1min,1776241139,2026-04-15 14:03,2026-04-15,288,288.9,288,288,1438
AKPL,1min,1776241176,2026-04-15 14:04,2026-04-15,288,288.9,287.4,287.4,520
AKPL,1min,1776241676,2026-04-15 14:12,2026-04-15,287.4,288,287.4,288,45
AKPL,1min,1776241730,2026-04-15 14:13,2026-04-15,288,288,288,288,30
AKPL,1min,1776241853,2026-04-15 14:15,2026-04-15,288,288,287,287,3098
AKPL,1min,1776241869,2026-04-15 14:16,2026-04-15,287,287,287,287,600
AKPL,1min,1776241945,2026-04-15 14:17,2026-04-15,287,288,287,287,79
AKPL,1min,1776242082,2026-04-15 14:19,2026-04-15,287,287,287,287,1742
AKPL,1min,1776242126,2026-04-15 14:20,2026-04-15,287,287,287,287,200
AKPL,1min,1776242204,2026-04-15 14:21,2026-04-15,287,287,287,287,11361
AKPL,1min,1776242257,2026-04-15 14:22,2026-04-15,287,287,287,287,100
AKPL,1min,1776242394,2026-04-15 14:24,2026-04-15,287,287,286.1,286.1,2267
AKPL,1min,1776242447,2026-04-15 14:25,2026-04-15,286.1,286.1,286,286,1500
AKPL,1min,1776242516,2026-04-15 14:26,2026-04-15,286,286.1,286,286,1762
AKPL,1min,1776242548,2026-04-15 14:27,2026-04-15,286,286,286,286,3100
AKPL,1min,1776242613,2026-04-15 14:28,2026-04-15,286,286,285.1,285.1,160
AKPL,1min,1776242680,2026-04-15 14:29,2026-04-15,285.1,285.1,285,285,2414
AKPL,1min,1776242741,2026-04-15 14:30,2026-04-15,285,285,285,285,1490
AKPL,1min,1776242814,2026-04-15 14:31,2026-04-15,285,285,285,285,291
AKPL,1min,1776242867,2026-04-15 14:32,2026-04-15,285,285.1,285,285.1,11950
AKPL,1min,1776242931,2026-04-15 14:33,2026-04-15,285.1,285.1,284,284,2500
AKPL,1min,1776242981,2026-04-15 14:34,2026-04-15,284,284,284,284,700
AKPL,1min,1776243055,2026-04-15 14:35,2026-04-15,284,284,283.1,283.1,16542
AKPL,1min,1776243064,2026-04-15 14:36,2026-04-15,283.1,284,283.1,284,56
AKPL,1min,1776243190,2026-04-15 14:38,2026-04-15,284,284,283.2,283.2,144
AKPL,1min,1776243289,2026-04-15 14:39,2026-04-15,283.2,284,283.2,284,1130
AKPL,1min,1776243347,2026-04-15 14:40,2026-04-15,284,284,283.3,284,1594
AKPL,1min,1776243394,2026-04-15 14:41,2026-04-15,284,284,284,284,0
AKPL,1min,1776243469,2026-04-15 14:42,2026-04-15,284,284,284,284,351
AKPL,1min,1776243519,2026-04-15 14:43,2026-04-15,284,285,284,284.5,767
AKPL,1min,1776243557,2026-04-15 14:44,2026-04-15,284.5,284.5,284.1,284.1,2383
AKPL,1min,1776243635,2026-04-15 14:45,2026-04-15,284.1,285,284.1,284.2,4175
AKPL,1min,1776243714,2026-04-15 14:46,2026-04-15,284.2,286,284.2,286,220
AKPL,1min,1776243790,2026-04-15 14:48,2026-04-15,286,286,284.7,284.7,187
AKPL,1min,1776243888,2026-04-15 14:49,2026-04-15,284.7,286.8,284.7,286.8,850
AKPL,1min,1776243957,2026-04-15 14:50,2026-04-15,286.8,286.8,285,285.1,500
AKPL,1min,1776244059,2026-04-15 14:52,2026-04-15,285.1,286.7,285,285,3076
AKPL,1min,1776244106,2026-04-15 14:53,2026-04-15,285,286.5,285,286.5,1040
AKPL,1min,1776244192,2026-04-15 14:54,2026-04-15,286.5,286.5,286,286,695
AKPL,1min,1776244250,2026-04-15 14:55,2026-04-15,286,286.7,286,286,231
AKPL,1min,1776244310,2026-04-15 14:56,2026-04-15,286,287,286,287,1719
AKPL,1min,1776244366,2026-04-15 14:57,2026-04-15,287,287,286.9,286.9,3424
AKPL,1min,1776244406,2026-04-15 14:58,2026-04-15,286.9,287,286.9,287,696
AKPL,1min,1776244499,2026-04-15 14:59,2026-04-15,287,287,286.4,286.5,7948
AKPL,1min,1776316500,2026-04-16 11:00,2026-04-16,292.2,292.2,292.2,292.2,0
AKPL,1min,1776316605,2026-04-16 11:01,2026-04-16,292.2,292.2,286.5,286.5,1132
AKPL,1min,1776316803,2026-04-16 11:05,2026-04-16,286.5,286.5,285.4,285.4,200
AKPL,1min,1776316898,2026-04-16 11:06,2026-04-16,285.4,285.4,282.5,282.5,195
AKPL,1min,1776316979,2026-04-16 11:07,2026-04-16,282.5,283,282.5,283,1450
AKPL,1min,1776317096,2026-04-16 11:09,2026-04-16,283,284.5,283,284,2913
AKPL,1min,1776317210,2026-04-16 11:11,2026-04-16,284,284,282.7,282.7,2882
AKPL,1min,1776317233,2026-04-16 11:12,2026-04-16,282.7,283,282.6,283,2613
AKPL,1min,1776317350,2026-04-16 11:14,2026-04-16,283,283,282.2,282.2,1000
AKPL,1min,1776317456,2026-04-16 11:15,2026-04-16,282.2,283.1,282.2,283.1,1662
AKPL,1min,1776317516,2026-04-16 11:16,2026-04-16,283.1,283.9,283.1,283.9,1020
AKPL,1min,1776317569,2026-04-16 11:17,2026-04-16,283.9,283.9,283.9,283.9,1763
AKPL,1min,1776317615,2026-04-16 11:18,2026-04-16,283.9,283.9,283.9,283.9,820
AKPL,1min,1776317657,2026-04-16 11:19,2026-04-16,283.9,283.9,283.2,283.2,200
AKPL,1min,1776317755,2026-04-16 11:20,2026-04-16,283.2,283.9,283.2,283.4,323
AKPL,1min,1776317790,2026-04-16 11:21,2026-04-16,283.4,283.4,283.2,283.2,200
AKPL,1min,1776317940,2026-04-16 11:24,2026-04-16,283.2,283.2,283.2,283.2,10
AKPL,1min,1776318038,2026-04-16 11:25,2026-04-16,283.2,283.2,282,282,3097
AKPL,1min,1776318086,2026-04-16 11:26,2026-04-16,282,282,282,282,108
AKPL,1min,1776318226,2026-04-16 11:28,2026-04-16,282,283.4,282,283.4,1885
AKPL,1min,1776318292,2026-04-16 11:29,2026-04-16,283.4,283.4,281,281,18241
AKPL,1min,1776318347,2026-04-16 11:30,2026-04-16,281,282,281,282,2853
AKPL,1min,1776318408,2026-04-16 11:31,2026-04-16,282,283,282,283,500
AKPL,1min,1776318420,2026-04-16 11:32,2026-04-16,283,283,281,281,30
AKPL,1min,1776318535,2026-04-16 11:33,2026-04-16,281,281,281,281,975
AKPL,1min,1776318568,2026-04-16 11:34,2026-04-16,281,281,280.1,280.1,1000
AKPL,1min,1776318636,2026-04-16 11:35,2026-04-16,280.1,280.1,280.1,280.1,2000
AKPL,1min,1776318662,2026-04-16 11:36,2026-04-16,280.1,280.1,280.1,280.1,125
AKPL,1min,1776318735,2026-04-16 11:37,2026-04-16,280.1,280.3,280.1,280.3,50
AKPL,1min,1776318949,2026-04-16 11:40,2026-04-16,280.3,280.3,280.3,280.3,1000
AKPL,1min,1776318975,2026-04-16 11:41,2026-04-16,280.3,282,280.3,282,10
AKPL,1min,1776319137,2026-04-16 11:43,2026-04-16,282,282,280.3,280.3,1000
AKPL,1min,1776319151,2026-04-16 11:44,2026-04-16,280.3,280.3,280.3,280.3,100
AKPL,1min,1776319248,2026-04-16 11:45,2026-04-16,280.3,280.3,280.3,280.3,300
AKPL,1min,1776319287,2026-04-16 11:46,2026-04-16,280.3,280.4,279.1,279.1,10050
AKPL,1min,1776319346,2026-04-16 11:47,2026-04-16,279.1,279.2,279.1,279.2,70
AKPL,1min,1776319674,2026-04-16 11:52,2026-04-16,279.2,282,279.2,282,0
AKPL,1min,1776319738,2026-04-16 11:53,2026-04-16,282,282.5,282,282.5,1695
AKPL,1min,1776319795,2026-04-16 11:54,2026-04-16,282.5,282.8,282.5,282.8,135
AKPL,1min,1776319841,2026-04-16 11:55,2026-04-16,282.8,282.8,282.8,282.8,965
AKPL,1min,1776319945,2026-04-16 11:57,2026-04-16,282.8,283,282.8,283,2490
AKPL,1min,1776320049,2026-04-16 11:59,2026-04-16,283,283,283,283,120
AKPL,1min,1776320186,2026-04-16 12:01,2026-04-16,283,283,283,283,780
AKPL,1min,1776320249,2026-04-16 12:02,2026-04-16,283,283,282.7,282.7,200
AKPL,1min,1776320336,2026-04-16 12:03,2026-04-16,282.7,282.7,282.7,282.7,90
AKPL,1min,1776320402,2026-04-16 12:05,2026-04-16,282.7,283,282.7,283,1000
AKPL,1min,1776320574,2026-04-16 12:07,2026-04-16,283,283,282,282,1330
AKPL,1min,1776320634,2026-04-16 12:08,2026-04-16,282,282.5,282,282.5,500
AKPL,1min,1776320676,2026-04-16 12:09,2026-04-16,282.5,282.5,282,282,800
AKPL,1min,1776320752,2026-04-16 12:10,2026-04-16,282,282.1,282,282,3228
AKPL,1min,1776320768,2026-04-16 12:11,2026-04-16,282,282,282,282,577
AKPL,1min,1776320837,2026-04-16 12:12,2026-04-16,282,282,282,282,26
AKPL,1min,1776320912,2026-04-16 12:13,2026-04-16,282,282,282,282,445
AKPL,1min,1776321046,2026-04-16 12:15,2026-04-16,282,282,281,281,1100
AKPL,1min,1776321112,2026-04-16 12:16,2026-04-16,281,282,281,282,100
AKPL,1min,1776321208,2026-04-16 12:18,2026-04-16,282,282,281.1,281.1,0
AKPL,1min,1776321270,2026-04-16 12:19,2026-04-16,281.1,281.2,281.1,281.2,721
AKPL,1min,1776321332,2026-04-16 12:20,2026-04-16,281.2,282,281.2,282,191
AKPL,1min,1776321501,2026-04-16 12:23,2026-04-16,282,282,282,282,100
AKPL,1min,1776321585,2026-04-16 12:24,2026-04-16,282,282,282,282,490
AKPL,1min,1776321695,2026-04-16 12:26,2026-04-16,282,282,282,282,10
AKPL,1min,1776321738,2026-04-16 12:27,2026-04-16,282,282,281.4,281.4,80
AKPL,1min,1776321781,2026-04-16 12:28,2026-04-16,281.4,282,281.4,282,60
AKPL,1min,1776321883,2026-04-16 12:29,2026-04-16,282,282.5,282,282.5,500
AKPL,1min,1776321993,2026-04-16 12:31,2026-04-16,282.5,282.5,282,282,260
AKPL,1min,1776322052,2026-04-16 12:32,2026-04-16,282,282,280.5,280.5,730
AKPL,1min,1776322146,2026-04-16 12:34,2026-04-16,280.5,281,280.5,281,300
AKPL,1min,1776322204,2026-04-16 12:35,2026-04-16,281,281,280.5,280.5,100
AKPL,1min,1776322303,2026-04-16 12:36,2026-04-16,280.5,280.5,280.5,280.5,30
AKPL,1min,1776322353,2026-04-16 12:37,2026-04-16,280.5,280.5,280.4,280.4,1170
AKPL,1min,1776322380,2026-04-16 12:38,2026-04-16,280.4,280.5,280.4,280.5,30
AKPL,1min,1776322474,2026-04-16 12:39,2026-04-16,280.5,280.9,280.5,280.9,619
AKPL,1min,1776322559,2026-04-16 12:40,2026-04-16,280.9,281,280.5,280.5,2469
AKPL,1min,1776322686,2026-04-16 12:43,2026-04-16,280.5,280.5,280.5,280.5,75
AKPL,1min,1776322744,2026-04-16 12:44,2026-04-16,280.5,281.9,280.5,281.9,1000
AKPL,1min,1776322820,2026-04-16 12:45,2026-04-16,281.9,281.9,280.5,280.5,45
AKPL,1min,1776322983,2026-04-16 12:48,2026-04-16,280.5,281.9,280.5,281.9,100
AKPL,1min,1776323157,2026-04-16 12:50,2026-04-16,281.9,281.9,281.9,281.9,32
AKPL,1min,1776323219,2026-04-16 12:51,2026-04-16,281.9,283,281.9,283,4300
AKPL,1min,1776323297,2026-04-16 12:53,2026-04-16,283,283.4,283,283.4,0
AKPL,1min,1776323437,2026-04-16 12:55,2026-04-16,283.4,283.5,282.2,283.5,2715
AKPL,1min,1776323505,2026-04-16 12:56,2026-04-16,283.5,283.9,283.5,283.9,700
AKPL,1min,1776323537,2026-04-16 12:57,2026-04-16,283.9,284,283.9,284,1188
AKPL,1min,1776323590,2026-04-16 12:58,2026-04-16,284,284,284,284,797
AKPL,1min,1776323815,2026-04-16 13:01,2026-04-16,284,284,283,283,100
AKPL,1min,1776323997,2026-04-16 13:04,2026-04-16,283,283,282.1,282.1,500
AKPL,1min,1776324025,2026-04-16 13:05,2026-04-16,282.1,282.1,282.1,282.1,1000
AKPL,1min,1776324108,2026-04-16 13:06,2026-04-16,282.1,282.1,282.1,282.1,700
AKPL,1min,1776324177,2026-04-16 13:07,2026-04-16,282.1,282.1,282,282.1,645
AKPL,1min,1776324283,2026-04-16 13:09,2026-04-16,282.1,282.1,282,282,80
AKPL,1min,1776324353,2026-04-16 13:10,2026-04-16,282,282,281,282,1060
AKPL,1min,1776324372,2026-04-16 13:11,2026-04-16,282,282,281,281,100
AKPL,1min,1776324467,2026-04-16 13:12,2026-04-16,281,281,281,281,340
AKPL,1min,1776324518,2026-04-16 13:13,2026-04-16,281,281,280.6,281,1700
AKPL,1min,1776324599,2026-04-16 13:14,2026-04-16,281,281,280.7,280.7,2120
AKPL,1min,1776324653,2026-04-16 13:15,2026-04-16,280.7,280.7,280.5,280.5,5150
AKPL,1min,1776324693,2026-04-16 13:16,2026-04-16,280.5,280.5,279,279,890
AKPL,1min,1776324734,2026-04-16 13:17,2026-04-16,279,279,279,279,20003
AKPL,1min,1776324818,2026-04-16 13:18,2026-04-16,279,279,279,279,1313
AKPL,1min,1776324894,2026-04-16 13:19,2026-04-16,279,279,278.6,278.6,535
AKPL,1min,1776324945,2026-04-16 13:20,2026-04-16,278.6,278.6,278.4,278.4,262
AKPL,1min,1776325133,2026-04-16 13:23,2026-04-16,278.4,279,278.4,279,500
AKPL,1min,1776325233,2026-04-16 13:25,2026-04-16,279,279,278.5,278.5,354
AKPL,1min,1776325305,2026-04-16 13:26,2026-04-16,278.5,279.9,278.5,279.9,1511
AKPL,1min,1776325398,2026-04-16 13:28,2026-04-16,279.9,279.9,279,279,150
AKPL,1min,1776325522,2026-04-16 13:30,2026-04-16,279,279.8,279,279.8,333
AKPL,1min,1776325560,2026-04-16 13:31,2026-04-16,279.8,279.8,279,279,480
AKPL,1min,1776325658,2026-04-16 13:32,2026-04-16,279,279.1,279,279.1,20
AKPL,1min,1776325718,2026-04-16 13:33,2026-04-16,279.1,279.5,279.1,279.5,420
AKPL,1min,1776325855,2026-04-16 13:35,2026-04-16,279.5,279.5,279,279,4243
AKPL,1min,1776325905,2026-04-16 13:36,2026-04-16,279,279,278.5,278.5,3010
AKPL,1min,1776325972,2026-04-16 13:37,2026-04-16,278.5,278.5,278.1,278.3,5934
AKPL,1min,1776326016,2026-04-16 13:38,2026-04-16,278.3,278.5,278.1,278.5,259
AKPL,1min,1776326139,2026-04-16 13:40,2026-04-16,278.5,279.1,278.5,279.1,592
AKPL,1min,1776326249,2026-04-16 13:42,2026-04-16,279.1,279.5,279.1,279.5,370
AKPL,1min,1776326392,2026-04-16 13:44,2026-04-16,279.5,279.5,278.7,278.7,200
AKPL,1min,1776326523,2026-04-16 13:47,2026-04-16,278.7,279.5,278.7,279.5,130
AKPL,1min,1776326595,2026-04-16 13:48,2026-04-16,279.5,279.5,279.5,279.5,189
AKPL,1min,1776326657,2026-04-16 13:49,2026-04-16,279.5,279.5,279.1,279.1,0
AKPL,1min,1776326764,2026-04-16 13:51,2026-04-16,279.1,279.1,279,279,200
AKPL,1min,1776326900,2026-04-16 13:53,2026-04-16,279,279.1,279,279.1,37
AKPL,1min,1776326977,2026-04-16 13:54,2026-04-16,279.1,279.1,279.1,279.1,400
AKPL,1min,1776327058,2026-04-16 13:55,2026-04-16,279.1,279.2,279.1,279.2,1200
AKPL,1min,1776327119,2026-04-16 13:56,2026-04-16,279.2,279.8,279.2,279.6,120
AKPL,1min,1776327138,2026-04-16 13:57,2026-04-16,279.6,279.8,279.6,279.8,1036
AKPL,1min,1776327233,2026-04-16 13:58,2026-04-16,279.8,279.8,279.6,279.6,0
AKPL,1min,1776327287,2026-04-16 13:59,2026-04-16,279.6,279.6,279,279,144
AKPL,1min,1776327353,2026-04-16 14:00,2026-04-16,279,279.2,279,279,2642
AKPL,1min,1776327414,2026-04-16 14:01,2026-04-16,279,279,278.5,278.5,900
AKPL,1min,1776327436,2026-04-16 14:02,2026-04-16,278.5,279,278.5,279,30
AKPL,1min,1776327535,2026-04-16 14:03,2026-04-16,279,279,278.4,278.4,200
AKPL,1min,1776327578,2026-04-16 14:04,2026-04-16,278.4,279.5,278.4,279.5,35
AKPL,1min,1776327616,2026-04-16 14:05,2026-04-16,279.5,279.5,279,279,0
AKPL,1min,1776327759,2026-04-16 14:07,2026-04-16,279,279,279,279,50
AKPL,1min,1776327796,2026-04-16 14:08,2026-04-16,279,279,278.4,278.4,0
AKPL,1min,1776327928,2026-04-16 14:10,2026-04-16,278.4,278.4,278.1,278.1,3050
AKPL,1min,1776327981,2026-04-16 14:11,2026-04-16,278.1,278.2,278.1,278.2,156
AKPL,1min,1776328090,2026-04-16 14:13,2026-04-16,278.2,279.4,278.2,279.4,88
AKPL,1min,1776328214,2026-04-16 14:15,2026-04-16,279.4,279.4,279,279,300
AKPL,1min,1776328315,2026-04-16 14:16,2026-04-16,279,279.4,279,279.4,10
AKPL,1min,1776328465,2026-04-16 14:19,2026-04-16,279.4,279.4,278.6,278.6,0
AKPL,1min,1776328586,2026-04-16 14:21,2026-04-16,278.6,279.2,278.6,279.2,70
AKPL,1min,1776328714,2026-04-16 14:23,2026-04-16,279.2,279.2,278.6,278.6,50
AKPL,1min,1776328762,2026-04-16 14:24,2026-04-16,278.6,279,278.6,279,10
AKPL,1min,1776328840,2026-04-16 14:25,2026-04-16,279,279.5,279,279.5,1689
AKPL,1min,1776328893,2026-04-16 14:26,2026-04-16,279.5,279.9,279.5,279.9,1380
AKPL,1min,1776328974,2026-04-16 14:27,2026-04-16,279.9,279.9,279,279,500
AKPL,1min,1776329150,2026-04-16 14:30,2026-04-16,279,279,278.9,278.9,400
AKPL,1min,1776329213,2026-04-16 14:31,2026-04-16,278.9,279.5,278.9,279.5,170
AKPL,1min,1776329240,2026-04-16 14:32,2026-04-16,279.5,280,279.5,280,2300
AKPL,1min,1776329339,2026-04-16 14:33,2026-04-16,280,280,279.9,279.9,1395
AKPL,1min,1776329439,2026-04-16 14:35,2026-04-16,279.9,280,279.6,280,1700
AKPL,1min,1776329632,2026-04-16 14:38,2026-04-16,280,280,280,280,287
AKPL,1min,1776329683,2026-04-16 14:39,2026-04-16,280,280,280,280,550
AKPL,1min,1776329747,2026-04-16 14:40,2026-04-16,280,280,279,279,5540
AKPL,1min,1776329788,2026-04-16 14:41,2026-04-16,279,279,278.1,278.1,7815
AKPL,1min,1776329877,2026-04-16 14:42,2026-04-16,278.1,279.9,278.1,279.9,7000
AKPL,1min,1776329920,2026-04-16 14:43,2026-04-16,279.9,280,278.1,280,1400
AKPL,1min,1776329988,2026-04-16 14:44,2026-04-16,280,280,279,279,100
AKPL,1min,1776330045,2026-04-16 14:45,2026-04-16,279,279.9,279,279.9,300
AKPL,1min,1776330105,2026-04-16 14:46,2026-04-16,279.9,279.9,279,279,335
AKPL,1min,1776330120,2026-04-16 14:47,2026-04-16,279,279,279,279,1047
AKPL,1min,1776330235,2026-04-16 14:48,2026-04-16,279,279,278.3,278.3,670
AKPL,1min,1776330259,2026-04-16 14:49,2026-04-16,278.3,278.4,278.1,278.1,455
AKPL,1min,1776330357,2026-04-16 14:50,2026-04-16,278.1,278.4,278,278.4,18303
AKPL,1min,1776330417,2026-04-16 14:51,2026-04-16,278.4,278.4,278,278,675
AKPL,1min,1776330459,2026-04-16 14:52,2026-04-16,278,278,277.7,277.7,950
AKPL,1min,1776330515,2026-04-16 14:53,2026-04-16,277.7,277.7,277.5,277.5,480
AKPL,1min,1776330594,2026-04-16 14:54,2026-04-16,277.5,277.6,277.4,277.6,1880
AKPL,1min,1776330638,2026-04-16 14:55,2026-04-16,277.6,277.6,277.5,277.5,3100
AKPL,1min,1776330718,2026-04-16 14:56,2026-04-16,277.5,277.5,277.1,277.5,0
AKPL,1min,1776330772,2026-04-16 14:57,2026-04-16,277.5,277.5,276.9,276.9,30058
AKPL,1min,1776330835,2026-04-16 14:58,2026-04-16,276.9,277,276,276.9,10315
AKPL,1min,1776330899,2026-04-16 14:59,2026-04-16,276.9,276.9,276.3,276.9,4417
AKPL,1min,1776402951,2026-04-17 11:00,2026-04-17,280.9,280.9,280.9,280.9,10
AKPL,1min,1776403057,2026-04-17 11:02,2026-04-17,280.9,280.9,276,276,2400
AKPL,1min,1776403434,2026-04-17 11:08,2026-04-17,276,279,276,279,200
AKPL,1min,1776403460,2026-04-17 11:09,2026-04-17,279,279.9,279,279.9,1000
AKPL,1min,1776403553,2026-04-17 11:10,2026-04-17,279.9,280.7,279.9,280,3640
AKPL,1min,1776403567,2026-04-17 11:11,2026-04-17,280,280,280,280,200
AKPL,1min,1776403679,2026-04-17 11:12,2026-04-17,280,280,280,280,1410
AKPL,1min,1776403738,2026-04-17 11:13,2026-04-17,280,280,279.1,280,1350
AKPL,1min,1776403833,2026-04-17 11:15,2026-04-17,280,280,279.9,279.9,300
AKPL,1min,1776403919,2026-04-17 11:16,2026-04-17,279.9,279.9,277,277,2953
AKPL,1min,1776403938,2026-04-17 11:17,2026-04-17,277,277,276,276,3012
AKPL,1min,1776404036,2026-04-17 11:18,2026-04-17,276,277,276,277,175
AKPL,1min,1776404215,2026-04-17 11:21,2026-04-17,277,277.9,277,277.9,850
AKPL,1min,1776404274,2026-04-17 11:22,2026-04-17,277.9,278.5,277,278.5,1070
AKPL,1min,1776404286,2026-04-17 11:23,2026-04-17,278.5,279.9,278.5,279.9,2000
AKPL,1min,1776404450,2026-04-17 11:25,2026-04-17,279.9,279.9,277.3,277.3,200
AKPL,1min,1776404500,2026-04-17 11:26,2026-04-17,277.3,277.3,277.3,277.3,500
AKPL,1min,1776404637,2026-04-17 11:28,2026-04-17,277.3,277.3,276.1,276.1,875
AKPL,1min,1776404699,2026-04-17 11:29,2026-04-17,276.1,276.1,276.1,276.1,1129
AKPL,1min,1776404702,2026-04-17 11:30,2026-04-17,276.1,276.1,276.1,276.1,4116
AKPL,1min,1776404817,2026-04-17 11:31,2026-04-17,276.1,276.1,276.1,276.1,50
AKPL,1min,1776404836,2026-04-17 11:32,2026-04-17,276.1,278,276.1,278,10
AKPL,1min,1776405150,2026-04-17 11:37,2026-04-17,278,278,277.5,277.5,149
AKPL,1min,1776405249,2026-04-17 11:39,2026-04-17,277.5,277.5,277.5,277.5,83
AKPL,1min,1776405465,2026-04-17 11:42,2026-04-17,277.5,278,277.5,278,500
AKPL,1min,1776405513,2026-04-17 11:43,2026-04-17,278,278,278,278,320
AKPL,1min,1776405580,2026-04-17 11:44,2026-04-17,278,278,278,278,0
AKPL,1min,1776405768,2026-04-17 11:47,2026-04-17,278,278,278,278,180
AKPL,1min,1776405879,2026-04-17 11:49,2026-04-17,278,278,276.1,276.1,820
AKPL,1min,1776405998,2026-04-17 11:51,2026-04-17,276.1,276.1,276,276,2000
AKPL,1min,1776406024,2026-04-17 11:52,2026-04-17,276,276,276,276,1000
AKPL,1min,1776406117,2026-04-17 11:53,2026-04-17,276,276,276,276,160
AKPL,1min,1776406381,2026-04-17 11:58,2026-04-17,276,276,276,276,50
AKPL,1min,1776406450,2026-04-17 11:59,2026-04-17,276,279.3,275.3,275.3,7880
AKPL,1min,1776406926,2026-04-17 12:07,2026-04-17,275.3,275.6,275.3,275.6,30
AKPL,1min,1776407155,2026-04-17 12:10,2026-04-17,275.6,275.6,275.2,275.5,4468
AKPL,1min,1776407198,2026-04-17 12:11,2026-04-17,275.5,275.5,275.2,275.2,1500
AKPL,1min,1776407272,2026-04-17 12:12,2026-04-17,275.2,275.2,275.2,275.2,650
AKPL,1min,1776407331,2026-04-17 12:13,2026-04-17,275.2,275.2,275,275,3277
AKPL,1min,1776407434,2026-04-17 12:15,2026-04-17,275,275.1,275,275,2503
AKPL,1min,1776407492,2026-04-17 12:16,2026-04-17,275,275.1,275,275.1,1000
AKPL,1min,1776407620,2026-04-17 12:18,2026-04-17,275.1,275.1,275.1,275.1,152
AKPL,1min,1776407682,2026-04-17 12:19,2026-04-17,275.1,275.4,275.1,275.4,200
AKPL,1min,1776407796,2026-04-17 12:21,2026-04-17,275.4,275.4,275.1,275.4,50
AKPL,1min,1776407974,2026-04-17 12:24,2026-04-17,275.4,277,275.4,277,50
AKPL,1min,1776408201,2026-04-17 12:28,2026-04-17,277,277,275,275,1330
AKPL,1min,1776408404,2026-04-17 12:31,2026-04-17,275,275.2,275,275.2,0
AKPL,1min,1776408462,2026-04-17 12:32,2026-04-17,275.2,276.8,275.2,275.6,845
AKPL,1min,1776408532,2026-04-17 12:33,2026-04-17,275.6,275.6,275.6,275.6,600
AKPL,1min,1776408614,2026-04-17 12:35,2026-04-17,275.6,276,275.6,276,0
AKPL,1min,1776408705,2026-04-17 12:36,2026-04-17,276,276.8,276,276.8,225
AKPL,1min,1776408733,2026-04-17 12:37,2026-04-17,276.8,276.8,275.6,275.6,20
AKPL,1min,1776408981,2026-04-17 12:41,2026-04-17,275.6,277,275.6,277,4935
AKPL,1min,1776409041,2026-04-17 12:42,2026-04-17,277,278,277,278,650
AKPL,1min,1776409139,2026-04-17 12:43,2026-04-17,278,278.4,278,278,2250
AKPL,1min,1776409180,2026-04-17 12:44,2026-04-17,278,278,278,278,0
AKPL,1min,1776409322,2026-04-17 12:47,2026-04-17,278,278,277.9,277.9,1415
AKPL,1min,1776409435,2026-04-17 12:48,2026-04-17,277.9,278,277,278,2000
AKPL,1min,1776409453,2026-04-17 12:49,2026-04-17,278,278,278,278,3000
AKPL,1min,1776409557,2026-04-17 12:50,2026-04-17,278,278,277.9,277.9,1900
AKPL,1min,1776409616,2026-04-17 12:51,2026-04-17,277.9,277.9,277.1,277.1,1100
AKPL,1min,1776409630,2026-04-17 12:52,2026-04-17,277.1,277.1,277,277,500
AKPL,1min,1776409736,2026-04-17 12:53,2026-04-17,277,277,276.6,277,700
AKPL,1min,1776409792,2026-04-17 12:54,2026-04-17,277,277,276.1,276.1,508
AKPL,1min,1776409942,2026-04-17 12:57,2026-04-17,276.1,276.1,275.7,275.7,573
AKPL,1min,1776410388,2026-04-17 13:04,2026-04-17,275.7,276,275.7,276,0
AKPL,1min,1776410415,2026-04-17 13:05,2026-04-17,276,276,275.9,275.9,0
AKPL,1min,1776410630,2026-04-17 13:08,2026-04-17,275.9,276.1,275.9,276,2750
AKPL,1min,1776410677,2026-04-17 13:09,2026-04-17,276,276,275.9,275.9,2000
AKPL,1min,1776410856,2026-04-17 13:12,2026-04-17,275.9,276,275.9,276,200
AKPL,1min,1776410901,2026-04-17 13:13,2026-04-17,276,276,275.9,275.9,1519
AKPL,1min,1776410977,2026-04-17 13:14,2026-04-17,275.9,276,275.9,276,100
AKPL,1min,1776411131,2026-04-17 13:17,2026-04-17,276,276.1,276,276.1,1200
AKPL,1min,1776411216,2026-04-17 13:18,2026-04-17,276.1,276.6,276.1,276.6,220
AKPL,1min,1776411406,2026-04-17 13:21,2026-04-17,276.6,276.6,275.9,275.9,5000
AKPL,1min,1776411454,2026-04-17 13:22,2026-04-17,275.9,277,275.9,277,200
AKPL,1min,1776411595,2026-04-17 13:24,2026-04-17,277,277,276,276,3700
AKPL,1min,1776411712,2026-04-17 13:26,2026-04-17,276,277,276,277,1000
AKPL,1min,1776411753,2026-04-17 13:27,2026-04-17,277,277,277,277,1000
AKPL,1min,1776411791,2026-04-17 13:28,2026-04-17,277,277,277,277,207
AKPL,1min,1776411882,2026-04-17 13:29,2026-04-17,277,277.9,277,277.9,28
AKPL,1min,1776411925,2026-04-17 13:30,2026-04-17,277.9,277.9,277.9,277.9,43
AKPL,1min,1776411969,2026-04-17 13:31,2026-04-17,277.9,277.9,276.9,276.9,120
AKPL,1min,1776412078,2026-04-17 13:32,2026-04-17,276.9,277.9,276.9,277.9,500
AKPL,1min,1776412135,2026-04-17 13:33,2026-04-17,277.9,278,277.9,278,279
AKPL,1min,1776412171,2026-04-17 13:34,2026-04-17,278,278.4,278,278.4,10536
AKPL,1min,1776412259,2026-04-17 13:35,2026-04-17,278.4,278.9,278.4,278.9,2100
AKPL,1min,1776412301,2026-04-17 13:36,2026-04-17,278.9,279,278.9,279,0
AKPL,1min,1776412375,2026-04-17 13:37,2026-04-17,279,279,279,279,155
AKPL,1min,1776412402,2026-04-17 13:38,2026-04-17,279,279.3,279,279.3,10
AKPL,1min,1776412499,2026-04-17 13:39,2026-04-17,279.3,279.4,279.3,279.4,379
AKPL,1min,1776412537,2026-04-17 13:40,2026-04-17,279.4,279.4,279.4,279.4,500
AKPL,1min,1776412617,2026-04-17 13:41,2026-04-17,279.4,279.4,279,279,1860
AKPL,1min,1776412668,2026-04-17 13:42,2026-04-17,279,279,279,279,100
AKPL,1min,1776412727,2026-04-17 13:43,2026-04-17,279,279,279,279,3224
AKPL,1min,1776412791,2026-04-17 13:44,2026-04-17,279,279,279,279,76
AKPL,1min,1776412850,2026-04-17 13:45,2026-04-17,279,280,278.6,280,4549
AKPL,1min,1776412909,2026-04-17 13:46,2026-04-17,280,280,278.5,278.5,1628
AKPL,1min,1776412934,2026-04-17 13:47,2026-04-17,278.5,278.5,278.1,278.1,1000
AKPL,1min,1776413074,2026-04-17 13:49,2026-04-17,278.1,278.1,277.7,277.7,150
AKPL,1min,1776413211,2026-04-17 13:51,2026-04-17,277.7,277.7,277.7,277.7,100
AKPL,1min,1776413247,2026-04-17 13:52,2026-04-17,277.7,277.7,277.5,277.5,0
AKPL,1min,1776413385,2026-04-17 13:54,2026-04-17,277.5,277.5,277.5,277.5,270
AKPL,1min,1776413430,2026-04-17 13:55,2026-04-17,277.5,278.9,276.9,278.9,548
AKPL,1min,1776413545,2026-04-17 13:57,2026-04-17,278.9,278.9,276.2,276.2,334
AKPL,1min,1776413602,2026-04-17 13:58,2026-04-17,276.2,278,276.2,278,0
AKPL,1min,1776413902,2026-04-17 14:03,2026-04-17,278,278,278,278,138
AKPL,1min,1776414056,2026-04-17 14:05,2026-04-17,278,280.9,278,280.9,10210
AKPL,1min,1776414134,2026-04-17 14:07,2026-04-17,280.9,282,280.9,280.9,10000
AKPL,1min,1776414211,2026-04-17 14:08,2026-04-17,280.9,280.9,280,280,0
AKPL,1min,1776414292,2026-04-17 14:09,2026-04-17,280,280.1,280,280.1,2000
AKPL,1min,1776414414,2026-04-17 14:11,2026-04-17,280.1,283,280.1,283,10000
AKPL,1min,1776414692,2026-04-17 14:16,2026-04-17,283,283,282,282,3510
AKPL,1min,1776414733,2026-04-17 14:17,2026-04-17,282,282,282,282,10
AKPL,1min,1776414891,2026-04-17 14:19,2026-04-17,282,282,280,280,3090
AKPL,1min,1776414943,2026-04-17 14:20,2026-04-17,280,283,280,283,0
AKPL,1min,1776414986,2026-04-17 14:21,2026-04-17,283,283,280.1,280.1,10300
AKPL,1min,1776415119,2026-04-17 14:23,2026-04-17,280.1,280.1,280,280,200
AKPL,1min,1776415203,2026-04-17 14:25,2026-04-17,280,280,280,280,0
AKPL,1min,1776415278,2026-04-17 14:26,2026-04-17,280,280,280,280,800
AKPL,1min,1776415381,2026-04-17 14:28,2026-04-17,280,280,279,279,500
AKPL,1min,1776415490,2026-04-17 14:29,2026-04-17,279,280,279,280,65
AKPL,1min,1776415591,2026-04-17 14:31,2026-04-17,280,280,280,280,435
AKPL,1min,1776415643,2026-04-17 14:32,2026-04-17,280,280,280,280,10
AKPL,1min,1776415694,2026-04-17 14:33,2026-04-17,280,280,279.1,279.1,70
AKPL,1min,1776415824,2026-04-17 14:35,2026-04-17,279.1,279.1,279.1,279.1,230
AKPL,1min,1776415889,2026-04-17 14:36,2026-04-17,279.1,279.1,279.1,279.1,0
AKPL,1min,1776415957,2026-04-17 14:37,2026-04-17,279.1,282.9,279.1,282.9,6851
AKPL,1min,1776416215,2026-04-17 14:41,2026-04-17,282.9,282.9,280,280,10
AKPL,1min,1776416233,2026-04-17 14:42,2026-04-17,280,280,279.2,280,8190
AKPL,1min,1776416415,2026-04-17 14:45,2026-04-17,280,281,280,281,33
AKPL,1min,1776416510,2026-04-17 14:46,2026-04-17,281,281,280,280,136
AKPL,1min,1776416540,2026-04-17 14:47,2026-04-17,280,280,280,280,100
AKPL,1min,1776416634,2026-04-17 14:48,2026-04-17,280,280.1,280,280.1,70
AKPL,1min,1776416660,2026-04-17 14:49,2026-04-17,280.1,280.5,280.1,280.1,1020
AKPL,1min,1776416791,2026-04-17 14:51,2026-04-17,280.1,282,280,282,0
AKPL,1min,1776416877,2026-04-17 14:52,2026-04-17,282,282,280.5,282,2120
AKPL,1min,1776416928,2026-04-17 14:53,2026-04-17,282,282,280.6,280.6,1950
AKPL,1min,1776416997,2026-04-17 14:54,2026-04-17,280.6,280.6,280.2,280.6,3110
AKPL,1min,1776417051,2026-04-17 14:55,2026-04-17,280.6,281,280.6,281,300
AKPL,1min,1776417115,2026-04-17 14:56,2026-04-17,281,281,280.6,280.6,0
AKPL,1min,1776417174,2026-04-17 14:57,2026-04-17,280.6,280.7,280.5,280.5,5635
AKPL,1min,1776417238,2026-04-17 14:58,2026-04-17,280.5,280.5,280.2,280.3,1080
AKPL,1min,1776417299,2026-04-17 14:59,2026-04-17,280.3,282,280.2,282,7416
AKPL,1min,1776662134,2026-04-20 11:00,2026-04-20,280.1,280.1,280.1,280.1,500
AKPL,1min,1776662571,2026-04-20 11:07,2026-04-20,280.1,280.1,280,280,1846
AKPL,1min,1776662596,2026-04-20 11:08,2026-04-20,280,280,280,280,500
AKPL,1min,1776662703,2026-04-20 11:10,2026-04-20,280,280,280,280,10
AKPL,1min,1776662875,2026-04-20 11:12,2026-04-20,280,280,280,280,139
AKPL,1min,1776663008,2026-04-20 11:15,2026-04-20,280,280,278,278,500
AKPL,1min,1776663108,2026-04-20 11:16,2026-04-20,278,278,277.2,277.2,2500
AKPL,1min,1776663169,2026-04-20 11:17,2026-04-20,277.2,278,277.2,278,778
AKPL,1min,1776663237,2026-04-20 11:18,2026-04-20,278,278,278,278,70
AKPL,1min,1776663268,2026-04-20 11:19,2026-04-20,278,278,277.2,278,410
AKPL,1min,1776663320,2026-04-20 11:20,2026-04-20,278,278,278,278,12
AKPL,1min,1776663406,2026-04-20 11:21,2026-04-20,278,280,278,280,1600
AKPL,1min,1776663475,2026-04-20 11:22,2026-04-20,280,280,280,280,1000
AKPL,1min,1776663531,2026-04-20 11:23,2026-04-20,280,280,280,280,51
AKPL,1min,1776663599,2026-04-20 11:24,2026-04-20,280,281.6,280,281.6,249
AKPL,1min,1776663627,2026-04-20 11:25,2026-04-20,281.6,281.6,279,279,10
AKPL,1min,1776663778,2026-04-20 11:27,2026-04-20,279,279,277.3,277.3,388
AKPL,1min,1776663967,2026-04-20 11:31,2026-04-20,277.3,277.4,277.3,277.4,316
AKPL,1min,1776664169,2026-04-20 11:34,2026-04-20,277.4,278,277.4,278,0
AKPL,1min,1776664251,2026-04-20 11:35,2026-04-20,278,278,277.6,277.6,1066
AKPL,1min,1776664306,2026-04-20 11:36,2026-04-20,277.6,277.6,277.6,277.6,0
AKPL,1min,1776664355,2026-04-20 11:37,2026-04-20,277.6,278,277.6,278,70
AKPL,1min,1776664532,2026-04-20 11:40,2026-04-20,278,278,278,278,0
AKPL,1min,1776664713,2026-04-20 11:43,2026-04-20,278,278.4,278,278,173
AKPL,1min,1776664761,2026-04-20 11:44,2026-04-20,278,278,277.4,277.4,3359
AKPL,1min,1776664985,2026-04-20 11:48,2026-04-20,277.4,277.5,277.4,277.5,60
AKPL,1min,1776665063,2026-04-20 11:49,2026-04-20,277.5,277.5,277.2,277.2,6403
AKPL,1min,1776665107,2026-04-20 11:50,2026-04-20,277.2,277.2,277.1,277.1,245
AKPL,1min,1776665226,2026-04-20 11:52,2026-04-20,277.1,277.1,277.1,277.1,0
AKPL,1min,1776665283,2026-04-20 11:53,2026-04-20,277.1,277.1,277.1,277.1,1925
AKPL,1min,1776665362,2026-04-20 11:54,2026-04-20,277.1,277.1,277,277,1325
AKPL,1min,1776665567,2026-04-20 11:57,2026-04-20,277,277.5,277,277.5,208
AKPL,1min,1776665748,2026-04-20 12:00,2026-04-20,277.5,277.5,277.5,277.5,65
AKPL,1min,1776665813,2026-04-20 12:01,2026-04-20,277.5,277.5,277,277,26731
AKPL,1min,1776665840,2026-04-20 12:02,2026-04-20,277,277,276,276,175
AKPL,1min,1776665989,2026-04-20 12:04,2026-04-20,276,276.1,276,276,3780
AKPL,1min,1776666034,2026-04-20 12:05,2026-04-20,276,276,275,275,5000
AKPL,1min,1776666069,2026-04-20 12:06,2026-04-20,275,275,275,275,1100
AKPL,1min,1776666459,2026-04-20 12:12,2026-04-20,275,275.5,275,275.5,500
AKPL,1min,1776666646,2026-04-20 12:15,2026-04-20,275.5,276.5,275.5,276.5,75
AKPL,1min,1776666777,2026-04-20 12:17,2026-04-20,276.5,277.5,276.5,277.5,600
AKPL,1min,1776666869,2026-04-20 12:19,2026-04-20,277.5,277.5,277.5,277.5,35
AKPL,1min,1776666932,2026-04-20 12:20,2026-04-20,277.5,277.5,277.5,277.5,187
AKPL,1min,1776667003,2026-04-20 12:21,2026-04-20,277.5,278,277.5,278,500
AKPL,1min,1776667027,2026-04-20 12:22,2026-04-20,278,278.4,278,278.4,51
AKPL,1min,1776667109,2026-04-20 12:23,2026-04-20,278.4,279.8,278.4,279.8,10
AKPL,1min,1776667229,2026-04-20 12:25,2026-04-20,279.8,279.8,277.6,277.6,1197
AKPL,1min,1776667305,2026-04-20 12:26,2026-04-20,277.6,277.6,276,276,2403
AKPL,1min,1776667355,2026-04-20 12:27,2026-04-20,276,276,276,276,1800
AKPL,1min,1776667583,2026-04-20 12:31,2026-04-20,276,279.4,276,279.4,10
AKPL,1min,1776667961,2026-04-20 12:37,2026-04-20,279.4,279.4,278.5,278.5,80
AKPL,1min,1776668090,2026-04-20 12:39,2026-04-20,278.5,278.5,277,277,13
AKPL,1min,1776668112,2026-04-20 12:40,2026-04-20,277,278.5,277,278.5,10
AKPL,1min,1776668434,2026-04-20 12:45,2026-04-20,278.5,278.5,278.5,278.5,410
AKPL,1min,1776668510,2026-04-20 12:46,2026-04-20,278.5,279,278.5,279,510
AKPL,1min,1776668616,2026-04-20 12:48,2026-04-20,279,279,279,279,100
AKPL,1min,1776668872,2026-04-20 12:52,2026-04-20,279,279,277,277,400
AKPL,1min,1776668886,2026-04-20 12:53,2026-04-20,277,277,277,277,0
AKPL,1min,1776669219,2026-04-20 12:58,2026-04-20,277,277,277,277,150
AKPL,1min,1776669333,2026-04-20 13:00,2026-04-20,277,277,277,277,290
AKPL,1min,1776669394,2026-04-20 13:01,2026-04-20,277,277,277,277,0
AKPL,1min,1776669665,2026-04-20 13:06,2026-04-20,277,277.1,277,277.1,367
AKPL,1min,1776669913,2026-04-20 13:10,2026-04-20,277.1,278,277.1,278,18
AKPL,1min,1776669997,2026-04-20 13:11,2026-04-20,278,278,278,278,0
AKPL,1min,1776670079,2026-04-20 13:12,2026-04-20,278,278,277.1,277.1,357
AKPL,1min,1776670139,2026-04-20 13:13,2026-04-20,277.1,278,277.1,278,10
AKPL,1min,1776670205,2026-04-20 13:15,2026-04-20,278,278,278,278,58
AKPL,1min,1776670357,2026-04-20 13:17,2026-04-20,278,278.1,278,278.1,32
AKPL,1min,1776670415,2026-04-20 13:18,2026-04-20,278.1,278.5,278.1,278.5,14
AKPL,1min,1776670552,2026-04-20 13:20,2026-04-20,278.5,278.5,278,278,0
AKPL,1min,1776670730,2026-04-20 13:23,2026-04-20,278,279,278,279,188
AKPL,1min,1776670881,2026-04-20 13:26,2026-04-20,279,279,279,279,100
AKPL,1min,1776671009,2026-04-20 13:28,2026-04-20,279,279,279,279,60
AKPL,1min,1776671098,2026-04-20 13:29,2026-04-20,279,279,278,278,1100
AKPL,1min,1776671633,2026-04-20 13:38,2026-04-20,278,278,278,278,446
AKPL,1min,1776672232,2026-04-20 13:48,2026-04-20,278,278,278,278,500
AKPL,1min,1776672347,2026-04-20 13:50,2026-04-20,278,278,278,278,110
AKPL,1min,1776672417,2026-04-20 13:51,2026-04-20,278,278,278,278,150
AKPL,1min,1776672638,2026-04-20 13:55,2026-04-20,278,278,277.5,278,2000
AKPL,1min,1776672706,2026-04-20 13:56,2026-04-20,278,278.9,278,278.9,300
AKPL,1min,1776672845,2026-04-20 13:59,2026-04-20,278.9,278.9,277.4,277.4,50
AKPL,1min,1776673362,2026-04-20 14:07,2026-04-20,277.4,278.5,277.4,278.5,20
AKPL,1min,1776673595,2026-04-20 14:11,2026-04-20,278.5,278.9,278.5,278.9,790
AKPL,1min,1776673677,2026-04-20 14:12,2026-04-20,278.9,279,278.9,279,0
AKPL,1min,1776673857,2026-04-20 14:15,2026-04-20,279,279,279,279,899
AKPL,1min,1776673905,2026-04-20 14:16,2026-04-20,279,279,279,279,136
AKPL,1min,1776673985,2026-04-20 14:18,2026-04-20,279,279,279,279,15
AKPL,1min,1776674042,2026-04-20 14:19,2026-04-20,279,279,279,279,10
AKPL,1min,1776674135,2026-04-20 14:20,2026-04-20,279,279,278,278,859
AKPL,1min,1776674182,2026-04-20 14:21,2026-04-20,278,279,278,279,10
AKPL,1min,1776674338,2026-04-20 14:23,2026-04-20,279,279,279,279,359
AKPL,1min,1776674445,2026-04-20 14:25,2026-04-20,279,279,278,278,1220
AKPL,1min,1776674568,2026-04-20 14:27,2026-04-20,278,279,278,279,314
AKPL,1min,1776674635,2026-04-20 14:28,2026-04-20,279,279,278,278,180
AKPL,1min,1776674752,2026-04-20 14:30,2026-04-20,278,278,278,278,466
AKPL,1min,1776674872,2026-04-20 14:32,2026-04-20,278,278,277.6,278,360
AKPL,1min,1776674910,2026-04-20 14:33,2026-04-20,278,278,277.6,277.6,0
AKPL,1min,1776675074,2026-04-20 14:36,2026-04-20,277.6,278,277.6,278,105
AKPL,1min,1776675125,2026-04-20 14:37,2026-04-20,278,278,278,278,43
AKPL,1min,1776675308,2026-04-20 14:40,2026-04-20,278,278,277.7,277.7,522
AKPL,1min,1776675367,2026-04-20 14:41,2026-04-20,277.7,277.7,277.6,277.6,175
AKPL,1min,1776675435,2026-04-20 14:42,2026-04-20,277.6,277.6,277.6,277.6,33
AKPL,1min,1776675504,2026-04-20 14:43,2026-04-20,277.6,277.6,277.6,277.6,514
AKPL,1min,1776675587,2026-04-20 14:44,2026-04-20,277.6,277.6,277.5,277.5,0
AKPL,1min,1776675656,2026-04-20 14:45,2026-04-20,277.5,277.5,277.4,277.4,2112
AKPL,1min,1776675713,2026-04-20 14:46,2026-04-20,277.4,277.4,277.1,277.1,1000
AKPL,1min,1776675749,2026-04-20 14:47,2026-04-20,277.1,277.1,277,277,3036
AKPL,1min,1776675884,2026-04-20 14:49,2026-04-20,277,277.6,277,277.6,10
AKPL,1min,1776676040,2026-04-20 14:52,2026-04-20,277.6,277.6,277.1,277.1,1000
AKPL,1min,1776676136,2026-04-20 14:53,2026-04-20,277.1,277.2,277,277,1340
AKPL,1min,1776676149,2026-04-20 14:54,2026-04-20,277,277,277,277,290
AKPL,1min,1776676294,2026-04-20 14:56,2026-04-20,277,277,277,277,620
AKPL,1min,1776676359,2026-04-20 14:57,2026-04-20,277,277,277,277,1400
AKPL,1min,1776676433,2026-04-20 14:58,2026-04-20,277,277.5,277,277,5500
AKPL,1min,1776676499,2026-04-20 14:59,2026-04-20,277,278,277,278,4409
AKPL,1min,1776748813,2026-04-21 11:05,2026-04-21,278,278,278,278,600
AKPL,1min,1776748965,2026-04-21 11:07,2026-04-21,278,279.8,278,278,10
AKPL,1min,1776749137,2026-04-21 11:10,2026-04-21,278,278,278,278,83
AKPL,1min,1776749268,2026-04-21 11:12,2026-04-21,278,279.5,278,278,928
AKPL,1min,1776749434,2026-04-21 11:15,2026-04-21,278,278,275.6,277.9,642
AKPL,1min,1776749619,2026-04-21 11:18,2026-04-21,277.9,278,277.9,278,285
AKPL,1min,1776749781,2026-04-21 11:21,2026-04-21,278,278,278,278,35
AKPL,1min,1776749822,2026-04-21 11:22,2026-04-21,278,279.4,278,279.4,100
AKPL,1min,1776750035,2026-04-21 11:25,2026-04-21,279.4,279.4,278,278,40
AKPL,1min,1776750344,2026-04-21 11:30,2026-04-21,278,278.8,278,278.8,500
AKPL,1min,1776750463,2026-04-21 11:32,2026-04-21,278.8,278.8,278.8,278.8,54
AKPL,1min,1776750519,2026-04-21 11:33,2026-04-21,278.8,278.8,278,278,35
AKPL,1min,1776750556,2026-04-21 11:34,2026-04-21,278,278,278,278,165
AKPL,1min,1776750633,2026-04-21 11:35,2026-04-21,278,278,278,278,835
AKPL,1min,1776750669,2026-04-21 11:36,2026-04-21,278,278,277,277,500
AKPL,1min,1776750991,2026-04-21 11:41,2026-04-21,277,277.9,277,277.9,100
AKPL,1min,1776751068,2026-04-21 11:42,2026-04-21,277.9,278,277.9,278,435
AKPL,1min,1776751112,2026-04-21 11:43,2026-04-21,278,278.8,278,278.8,500
AKPL,1min,1776751419,2026-04-21 11:48,2026-04-21,278.8,278.8,278.8,278.8,200
AKPL,1min,1776751554,2026-04-21 11:50,2026-04-21,278.8,278.8,278,278,1265
AKPL,1min,1776751604,2026-04-21 11:51,2026-04-21,278,278,278,278,50
AKPL,1min,1776751658,2026-04-21 11:52,2026-04-21,278,278,277,277,0
AKPL,1min,1776751698,2026-04-21 11:53,2026-04-21,277,278,277,278,4078
AKPL,1min,1776751742,2026-04-21 11:54,2026-04-21,278,278.8,278,278.8,0
AKPL,1min,1776751850,2026-04-21 11:55,2026-04-21,278.8,278.8,277,277,1500
AKPL,1min,1776751910,2026-04-21 11:56,2026-04-21,277,277,276,276,2000
AKPL,1min,1776751941,2026-04-21 11:57,2026-04-21,276,276,276,276,2810
AKPL,1min,1776752020,2026-04-21 11:58,2026-04-21,276,276,276,276,2000
AKPL,1min,1776752135,2026-04-21 12:00,2026-04-21,276,276,276,276,300
AKPL,1min,1776752237,2026-04-21 12:02,2026-04-21,276,276.5,276,276.5,12
AKPL,1min,1776752382,2026-04-21 12:04,2026-04-21,276.5,278,276.5,278,10
AKPL,1min,1776753020,2026-04-21 12:15,2026-04-21,278,278,277.9,277.9,10
AKPL,1min,1776753170,2026-04-21 12:17,2026-04-21,277.9,277.9,276.5,277.9,60
AKPL,1min,1776753267,2026-04-21 12:19,2026-04-21,277.9,277.9,276,276,728
AKPL,1min,1776753426,2026-04-21 12:22,2026-04-21,276,276,276,276,50
AKPL,1min,1776753708,2026-04-21 12:26,2026-04-21,276,276,276,276,20
AKPL,1min,1776753873,2026-04-21 12:29,2026-04-21,276,276,275.8,275.8,1250
AKPL,1min,1776753928,2026-04-21 12:30,2026-04-21,275.8,275.8,275.8,275.8,145
AKPL,1min,1776753991,2026-04-21 12:31,2026-04-21,275.8,275.8,275.8,275.8,425
AKPL,1min,1776754077,2026-04-21 12:32,2026-04-21,275.8,276.9,275.6,275.6,1421
AKPL,1min,1776754126,2026-04-21 12:33,2026-04-21,275.6,275.6,275.6,275.6,100
AKPL,1min,1776754147,2026-04-21 12:34,2026-04-21,275.6,275.6,275.6,275.6,0
AKPL,1min,1776754285,2026-04-21 12:36,2026-04-21,275.6,275.6,275,275,3500
AKPL,1min,1776754362,2026-04-21 12:37,2026-04-21,275,275,275,275,1000
AKPL,1min,1776754380,2026-04-21 12:38,2026-04-21,275,275,275,275,1000
AKPL,1min,1776754606,2026-04-21 12:41,2026-04-21,275,276,275,276,250
AKPL,1min,1776754719,2026-04-21 12:43,2026-04-21,276,276,275.5,275.5,10
AKPL,1min,1776754749,2026-04-21 12:44,2026-04-21,275.5,276.9,275.5,276.9,20
AKPL,1min,1776754939,2026-04-21 12:47,2026-04-21,276.9,276.9,275.1,275.1,390
AKPL,1min,1776755147,2026-04-21 12:50,2026-04-21,275.1,276.9,275.1,276.9,480
AKPL,1min,1776755201,2026-04-21 12:51,2026-04-21,276.9,276.9,275.1,275.1,1000
AKPL,1min,1776755478,2026-04-21 12:56,2026-04-21,275.1,275.1,275,275,6295
AKPL,1min,1776755788,2026-04-21 13:01,2026-04-21,275,275,274.1,274.1,1200
AKPL,1min,1776755939,2026-04-21 13:03,2026-04-21,274.1,275,274,275,2775
AKPL,1min,1776756022,2026-04-21 13:05,2026-04-21,275,275,275,275,12
AKPL,1min,1776756081,2026-04-21 13:06,2026-04-21,275,275,275,275,13
AKPL,1min,1776756136,2026-04-21 13:07,2026-04-21,275,275,274.5,274.5,0
AKPL,1min,1776756182,2026-04-21 13:08,2026-04-21,274.5,274.5,274.5,274.5,10
AKPL,1min,1776756299,2026-04-21 13:09,2026-04-21,274.5,274.5,274.5,274.5,350
AKPL,1min,1776756425,2026-04-21 13:12,2026-04-21,274.5,275,274.5,275,12
AKPL,1min,1776756653,2026-04-21 13:15,2026-04-21,275,276.8,275,276.8,359
AKPL,1min,1776757202,2026-04-21 13:25,2026-04-21,276.8,276.8,275.2,275.2,143
AKPL,1min,1776757383,2026-04-21 13:28,2026-04-21,275.2,275.2,275,275,3000
AKPL,1min,1776757669,2026-04-21 13:32,2026-04-21,275,275,275,275,0
AKPL,1min,1776757893,2026-04-21 13:36,2026-04-21,275,275,275,275,150
AKPL,1min,1776757960,2026-04-21 13:37,2026-04-21,275,276,275,276,132
AKPL,1min,1776758000,2026-04-21 13:38,2026-04-21,276,276,276,276,10
AKPL,1min,1776758475,2026-04-21 13:46,2026-04-21,276,276,276,276,136
AKPL,1min,1776758692,2026-04-21 13:49,2026-04-21,276,276,276,276,140
AKPL,1min,1776759080,2026-04-21 13:56,2026-04-21,276,276,276,276,150
AKPL,1min,1776759178,2026-04-21 13:57,2026-04-21,276,276.9,276,276,656
AKPL,1min,1776759248,2026-04-21 13:59,2026-04-21,276,276,276,276,100
AKPL,1min,1776759358,2026-04-21 14:00,2026-04-21,276,276.9,276,276,32
AKPL,1min,1776759556,2026-04-21 14:04,2026-04-21,276,276,275,275,2000
AKPL,1min,1776759707,2026-04-21 14:06,2026-04-21,275,275.9,275,275.9,1230
AKPL,1min,1776759745,2026-04-21 14:07,2026-04-21,275.9,276,275.9,276,190
AKPL,1min,1776759954,2026-04-21 14:10,2026-04-21,276,276,275,275,5000
AKPL,1min,1776760063,2026-04-21 14:12,2026-04-21,275,275.6,275,275.6,50
AKPL,1min,1776760128,2026-04-21 14:13,2026-04-21,275.6,275.9,274.5,274.5,1130
AKPL,1min,1776760170,2026-04-21 14:14,2026-04-21,274.5,274.6,274.5,274.6,0
AKPL,1min,1776760299,2026-04-21 14:16,2026-04-21,274.6,275,274.6,275,200
AKPL,1min,1776760353,2026-04-21 14:17,2026-04-21,275,275,275,275,100
AKPL,1min,1776760457,2026-04-21 14:19,2026-04-21,275,275,275,275,120
AKPL,1min,1776760605,2026-04-21 14:21,2026-04-21,275,275,274.4,274.4,2310
AKPL,1min,1776760677,2026-04-21 14:22,2026-04-21,274.4,274.5,274.4,274.5,130
AKPL,1min,1776760732,2026-04-21 14:23,2026-04-21,274.5,274.5,274.5,274.5,325
AKPL,1min,1776760787,2026-04-21 14:24,2026-04-21,274.5,275,274.5,275,0
AKPL,1min,1776760960,2026-04-21 14:27,2026-04-21,275,275,275,275,160
AKPL,1min,1776760986,2026-04-21 14:28,2026-04-21,275,275,275,275,0
AKPL,1min,1776761080,2026-04-21 14:29,2026-04-21,275,275,274.6,274.6,90
AKPL,1min,1776761177,2026-04-21 14:31,2026-04-21,274.6,274.6,274.6,274.6,1000
AKPL,1min,1776761232,2026-04-21 14:32,2026-04-21,274.6,275,274.6,275,300
AKPL,1min,1776761300,2026-04-21 14:33,2026-04-21,275,275,274.6,274.6,502
AKPL,1min,1776761373,2026-04-21 14:34,2026-04-21,274.6,274.6,274.4,274.4,5095
AKPL,1min,1776761450,2026-04-21 14:35,2026-04-21,274.4,275,274.3,274.3,709
AKPL,1min,1776761502,2026-04-21 14:36,2026-04-21,274.3,274.5,274.3,274.3,122
AKPL,1min,1776761568,2026-04-21 14:37,2026-04-21,274.3,274.3,274.3,274.3,100
AKPL,1min,1776761627,2026-04-21 14:38,2026-04-21,274.3,274.5,274.3,274.5,544
AKPL,1min,1776761726,2026-04-21 14:40,2026-04-21,274.5,274.5,274.1,274.1,1000
AKPL,1min,1776761803,2026-04-21 14:41,2026-04-21,274.1,274.1,274.1,274.1,500
AKPL,1min,1776761848,2026-04-21 14:42,2026-04-21,274.1,274.1,274.1,274.1,500
AKPL,1min,1776761947,2026-04-21 14:44,2026-04-21,274.1,275,274.1,275,50
AKPL,1min,1776762036,2026-04-21 14:45,2026-04-21,275,275,274.1,274.1,850
AKPL,1min,1776762118,2026-04-21 14:46,2026-04-21,274.1,274.1,274.1,274.1,1000
AKPL,1min,1776762167,2026-04-21 14:47,2026-04-21,274.1,274.1,274,274,1739
AKPL,1min,1776762237,2026-04-21 14:48,2026-04-21,274,274.1,274,274,5130
AKPL,1min,1776762290,2026-04-21 14:49,2026-04-21,274,274.1,274,274,1760
AKPL,1min,1776762358,2026-04-21 14:50,2026-04-21,274,274,273.8,273.8,410
AKPL,1min,1776762369,2026-04-21 14:51,2026-04-21,273.8,273.8,273.3,273.3,900
AKPL,1min,1776762534,2026-04-21 14:53,2026-04-21,273.3,273.3,273,273,7056
AKPL,1min,1776762561,2026-04-21 14:54,2026-04-21,273,273,273,273,700
AKPL,1min,1776762649,2026-04-21 14:55,2026-04-21,273,273.1,273,273,5790
AKPL,1min,1776762714,2026-04-21 14:56,2026-04-21,273,273.5,273,273,0
AKPL,1min,1776762772,2026-04-21 14:57,2026-04-21,273,273,272,273,4636
AKPL,1min,1776762810,2026-04-21 14:58,2026-04-21,273,273,272.1,272.1,3220
AKPL,1min,1776762899,2026-04-21 14:59,2026-04-21,272.1,272.1,272,272.1,3430
AKPL,1min,1776834900,2026-04-22 11:00,2026-04-22,258.5,258.5,258.5,258.5,10
AKPL,1min,1776835048,2026-04-22 11:02,2026-04-22,258.5,266.2,258.5,266.2,10
AKPL,1min,1776835164,2026-04-22 11:04,2026-04-22,266.2,270,266.2,270,100
AKPL,1min,1776835252,2026-04-22 11:05,2026-04-22,270,270,268.2,268.2,1315
AKPL,1min,1776835299,2026-04-22 11:06,2026-04-22,268.2,270,268.2,270,195
AKPL,1min,1776835372,2026-04-22 11:07,2026-04-22,270,270,270,270,1232
AKPL,1min,1776835425,2026-04-22 11:08,2026-04-22,270,273,270,273,180
AKPL,1min,1776835582,2026-04-22 11:11,2026-04-22,273,273,272,272,100
AKPL,1min,1776835696,2026-04-22 11:13,2026-04-22,272,272,270,270,92
AKPL,1min,1776835815,2026-04-22 11:15,2026-04-22,270,270,270,270,55
AKPL,1min,1776835902,2026-04-22 11:16,2026-04-22,270,270,270,270,140
AKPL,1min,1776836081,2026-04-22 11:19,2026-04-22,270,270,269.5,269.5,70
AKPL,1min,1776836186,2026-04-22 11:21,2026-04-22,269.5,270,269.5,270,300
AKPL,1min,1776836272,2026-04-22 11:22,2026-04-22,270,270,270,270,4475
AKPL,1min,1776836302,2026-04-22 11:23,2026-04-22,270,272,270,272,690
AKPL,1min,1776836344,2026-04-22 11:24,2026-04-22,272,272,272,272,210
AKPL,1min,1776836452,2026-04-22 11:25,2026-04-22,272,272,272,272,30
AKPL,1min,1776836691,2026-04-22 11:29,2026-04-22,272,272,271,271,60
AKPL,1min,1776836723,2026-04-22 11:30,2026-04-22,271,271,271,271,900
AKPL,1min,1776836838,2026-04-22 11:32,2026-04-22,271,271,270.2,270.2,30
AKPL,1min,1776836931,2026-04-22 11:33,2026-04-22,270.2,271,270.1,271,526
AKPL,1min,1776836964,2026-04-22 11:34,2026-04-22,271,271,270.1,270.1,0
AKPL,1min,1776837109,2026-04-22 11:36,2026-04-22,270.1,272,270.1,272,500
AKPL,1min,1776837165,2026-04-22 11:37,2026-04-22,272,272,272,272,2190
AKPL,1min,1776837410,2026-04-22 11:41,2026-04-22,272,272,270,270,1500
AKPL,1min,1776837469,2026-04-22 11:42,2026-04-22,270,270,268.2,268.2,500
AKPL,1min,1776837663,2026-04-22 11:46,2026-04-22,268.2,271,268.2,271,3510
AKPL,1min,1776837831,2026-04-22 11:48,2026-04-22,271,271,268,268.5,5000
AKPL,1min,1776837931,2026-04-22 11:50,2026-04-22,268.5,270,268,270,485
AKPL,1min,1776838011,2026-04-22 11:51,2026-04-22,270,270,268,268,500
AKPL,1min,1776838235,2026-04-22 11:55,2026-04-22,268,268,266.2,266.2,0
AKPL,1min,1776838361,2026-04-22 11:57,2026-04-22,266.2,269,266.2,269,9066
AKPL,1min,1776838389,2026-04-22 11:58,2026-04-22,269,269,266.3,266.3,50
AKPL,1min,1776838459,2026-04-22 11:59,2026-04-22,266.3,266.3,266.3,266.3,200
AKPL,1min,1776838500,2026-04-22 12:00,2026-04-22,266.3,266.3,265,265,6165
AKPL,1min,1776838659,2026-04-22 12:02,2026-04-22,265,265.6,265,265.6,20
AKPL,1min,1776838716,2026-04-22 12:03,2026-04-22,265.6,266,265.6,266,150
AKPL,1min,1776838781,2026-04-22 12:04,2026-04-22,266,266,265.5,265.5,125
AKPL,1min,1776838892,2026-04-22 12:06,2026-04-22,265.5,265.5,265.1,265.1,1500
AKPL,1min,1776838987,2026-04-22 12:08,2026-04-22,265.1,266,265.1,266,140
AKPL,1min,1776839075,2026-04-22 12:09,2026-04-22,266,268,266,268,0
AKPL,1min,1776839228,2026-04-22 12:12,2026-04-22,268,268,267,267,520
AKPL,1min,1776839338,2026-04-22 12:13,2026-04-22,267,267,267,267,0
AKPL,1min,1776839430,2026-04-22 12:15,2026-04-22,267,267.8,267,267.8,460
AKPL,1min,1776839634,2026-04-22 12:18,2026-04-22,267.8,267.8,267.8,267.8,590
AKPL,1min,1776839746,2026-04-22 12:20,2026-04-22,267.8,267.8,266,266,900
AKPL,1min,1776839773,2026-04-22 12:21,2026-04-22,266,266,265.5,265.5,24
AKPL,1min,1776839923,2026-04-22 12:23,2026-04-22,265.5,265.6,265.5,265.6,525
AKPL,1min,1776840171,2026-04-22 12:27,2026-04-22,265.6,266,265.6,266,1541
AKPL,1min,1776840287,2026-04-22 12:29,2026-04-22,266,267,266,267,730
AKPL,1min,1776840324,2026-04-22 12:30,2026-04-22,267,267.8,267,267.8,2262
AKPL,1min,1776840395,2026-04-22 12:31,2026-04-22,267.8,267.8,267.8,267.8,0
AKPL,1min,1776840479,2026-04-22 12:32,2026-04-22,267.8,267.9,267.7,267.9,1121
AKPL,1min,1776840512,2026-04-22 12:33,2026-04-22,267.9,267.9,267,267,1500
AKPL,1min,1776840549,2026-04-22 12:34,2026-04-22,267,267,267,267,16
AKPL,1min,1776840637,2026-04-22 12:35,2026-04-22,267,268,267,268,990
AKPL,1min,1776840663,2026-04-22 12:36,2026-04-22,268,268.7,268,268.7,0
AKPL,1min,1776840756,2026-04-22 12:37,2026-04-22,268.7,268.7,268.7,268.7,510
AKPL,1min,1776840825,2026-04-22 12:38,2026-04-22,268.7,268.7,268.7,268.7,361
AKPL,1min,1776840863,2026-04-22 12:39,2026-04-22,268.7,268.7,267.1,268.7,310
AKPL,1min,1776840967,2026-04-22 12:41,2026-04-22,268.7,268.7,268.7,268.7,150
AKPL,1min,1776841232,2026-04-22 12:45,2026-04-22,268.7,268.7,268.5,268.5,120
AKPL,1min,1776841279,2026-04-22 12:46,2026-04-22,268.5,268.5,267.4,267.4,800
AKPL,1min,1776841360,2026-04-22 12:47,2026-04-22,267.4,268,267.3,268,80
AKPL,1min,1776841437,2026-04-22 12:48,2026-04-22,268,268,267,267,284
AKPL,1min,1776841664,2026-04-22 12:52,2026-04-22,267,267,266,266,0
AKPL,1min,1776841702,2026-04-22 12:53,2026-04-22,266,266,265.6,265.6,8000
AKPL,1min,1776841938,2026-04-22 12:57,2026-04-22,265.6,266,265.6,266,0
AKPL,1min,1776842019,2026-04-22 12:58,2026-04-22,266,267.3,266,267.3,600
AKPL,1min,1776842056,2026-04-22 12:59,2026-04-22,267.3,268,267.3,268,2000
AKPL,1min,1776842202,2026-04-22 13:01,2026-04-22,268,268,268,268,1900
AKPL,1min,1776842272,2026-04-22 13:02,2026-04-22,268,268.4,268,268.4,302
AKPL,1min,1776842320,2026-04-22 13:03,2026-04-22,268.4,268.4,268.4,268.4,10
AKPL,1min,1776842469,2026-04-22 13:06,2026-04-22,268.4,268.4,266.2,266.2,500
AKPL,1min,1776842803,2026-04-22 13:11,2026-04-22,266.2,267,266.2,267,0
AKPL,1min,1776842841,2026-04-22 13:12,2026-04-22,267,267,267,267,20
AKPL,1min,1776843086,2026-04-22 13:16,2026-04-22,267,268.4,267,268.4,510
AKPL,1min,1776843420,2026-04-22 13:22,2026-04-22,268.4,268.4,268,268,10
AKPL,1min,1776843674,2026-04-22 13:26,2026-04-22,268,268,268,268,320
AKPL,1min,1776843853,2026-04-22 13:29,2026-04-22,268,268,267.4,267.4,20
AKPL,1min,1776843957,2026-04-22 13:30,2026-04-22,267.4,267.4,267.4,267.4,50
AKPL,1min,1776843990,2026-04-22 13:31,2026-04-22,267.4,268,267.4,268,830
AKPL,1min,1776844230,2026-04-22 13:35,2026-04-22,268,268,268,268,0
AKPL,1min,1776844280,2026-04-22 13:36,2026-04-22,268,268,268,268,3000
AKPL,1min,1776844432,2026-04-22 13:38,2026-04-22,268,268.8,268,268.8,1779
AKPL,1min,1776844495,2026-04-22 13:39,2026-04-22,268.8,268.8,268,268,7575
AKPL,1min,1776844656,2026-04-22 13:42,2026-04-22,268,269,268,269,0
AKPL,1min,1776844870,2026-04-22 13:46,2026-04-22,269,269,268,268,155
AKPL,1min,1776845024,2026-04-22 13:48,2026-04-22,268,268,267.1,267.1,850
AKPL,1min,1776845068,2026-04-22 13:49,2026-04-22,267.1,268,267.1,268,500
AKPL,1min,1776845115,2026-04-22 13:50,2026-04-22,268,268,268,268,0
AKPL,1min,1776845207,2026-04-22 13:51,2026-04-22,268,268,268,268,250
AKPL,1min,1776845237,2026-04-22 13:52,2026-04-22,268,268,268,268,10
AKPL,1min,1776845459,2026-04-22 13:55,2026-04-22,268,268,268,268,20
AKPL,1min,1776845754,2026-04-22 14:00,2026-04-22,268,268.2,268,268.2,110
AKPL,1min,1776845849,2026-04-22 14:02,2026-04-22,268.2,268.2,268.2,268.2,310
AKPL,1min,1776846114,2026-04-22 14:06,2026-04-22,268.2,268.2,268.1,268.1,1000
AKPL,1min,1776846136,2026-04-22 14:07,2026-04-22,268.1,268.1,268,268,0
AKPL,1min,1776846186,2026-04-22 14:08,2026-04-22,268,269,268,269,920
AKPL,1min,1776846273,2026-04-22 14:09,2026-04-22,269,269,268.2,269,610
AKPL,1min,1776846322,2026-04-22 14:10,2026-04-22,269,269,268.3,268.3,60
AKPL,1min,1776846431,2026-04-22 14:12,2026-04-22,268.3,269,268.3,269,1930
AKPL,1min,1776846726,2026-04-22 14:17,2026-04-22,269,269.7,269,269.7,30
AKPL,1min,1776846816,2026-04-22 14:18,2026-04-22,269.7,269.7,269.7,269.7,135
AKPL,1min,1776846853,2026-04-22 14:19,2026-04-22,269.7,269.7,269.7,269.7,200
AKPL,1min,1776846925,2026-04-22 14:20,2026-04-22,269.7,269.7,269,269,850
AKPL,1min,1776847010,2026-04-22 14:21,2026-04-22,269,269.6,268.5,268.5,400
AKPL,1min,1776847084,2026-04-22 14:23,2026-04-22,268.5,269.7,268.5,269.7,33
AKPL,1min,1776847159,2026-04-22 14:24,2026-04-22,269.7,269.7,269.6,269.6,85
AKPL,1min,1776847318,2026-04-22 14:26,2026-04-22,269.6,269.6,269,269,20
AKPL,1min,1776847430,2026-04-22 14:28,2026-04-22,269,269,268.4,269,6050
AKPL,1min,1776847471,2026-04-22 14:29,2026-04-22,269,269,269,269,10
AKPL,1min,1776847617,2026-04-22 14:31,2026-04-22,269,269,269,269,360
AKPL,1min,1776847650,2026-04-22 14:32,2026-04-22,269,270,268,270,4900
AKPL,1min,1776847738,2026-04-22 14:33,2026-04-22,270,270,270,270,2000
AKPL,1min,1776847906,2026-04-22 14:36,2026-04-22,270,270,269.9,270,1500
AKPL,1min,1776847951,2026-04-22 14:37,2026-04-22,270,270,270,270,2185
AKPL,1min,1776848078,2026-04-22 14:39,2026-04-22,270,271,270,271,3197
AKPL,1min,1776848129,2026-04-22 14:40,2026-04-22,271,271.9,271,271.9,100
AKPL,1min,1776848214,2026-04-22 14:41,2026-04-22,271.9,271.9,271.8,271.9,4153
AKPL,1min,1776848264,2026-04-22 14:42,2026-04-22,271.9,273,271.9,273,7457
AKPL,1min,1776848324,2026-04-22 14:43,2026-04-22,273,273,271.9,272.9,3268
AKPL,1min,1776848380,2026-04-22 14:44,2026-04-22,272.9,274.5,272.9,274.5,4660
AKPL,1min,1776848448,2026-04-22 14:45,2026-04-22,274.5,275,274.5,275,970
AKPL,1min,1776848507,2026-04-22 14:46,2026-04-22,275,275,274.5,274.5,1045
AKPL,1min,1776848571,2026-04-22 14:47,2026-04-22,274.5,274.5,274.5,274.5,1000
AKPL,1min,1776848635,2026-04-22 14:48,2026-04-22,274.5,275,274.5,275,2000
AKPL,1min,1776848676,2026-04-22 14:49,2026-04-22,275,275,274.5,275,1010
AKPL,1min,1776848709,2026-04-22 14:50,2026-04-22,275,278,275,278,0
AKPL,1min,1776848877,2026-04-22 14:52,2026-04-22,278,278,276.5,277.8,5697
AKPL,1min,1776848920,2026-04-22 14:53,2026-04-22,277.8,277.9,276,277.8,3818
AKPL,1min,1776848989,2026-04-22 14:54,2026-04-22,277.8,277.8,275,275,2953
AKPL,1min,1776849055,2026-04-22 14:55,2026-04-22,275,275,272.1,272.1,8542
AKPL,1min,1776849073,2026-04-22 14:56,2026-04-22,272.1,272.1,272.1,272.1,1000
AKPL,1min,1776849208,2026-04-22 14:58,2026-04-22,272.1,274,272.1,272.1,4353
AKPL,1min,1776849299,2026-04-22 14:59,2026-04-22,272.1,275,272.1,275,7529
AKPL,1min,1776921508,2026-04-23 11:03,2026-04-23,272,272,272,272,15
AKPL,1min,1776921837,2026-04-23 11:08,2026-04-23,272,275,272,275,500
AKPL,1min,1776921971,2026-04-23 11:11,2026-04-23,275,275,272.4,272.4,176
AKPL,1min,1776922112,2026-04-23 11:13,2026-04-23,272.4,272.4,272.4,272.4,16
AKPL,1min,1776922241,2026-04-23 11:15,2026-04-23,272.4,272.4,272.4,272.4,296
AKPL,1min,1776922290,2026-04-23 11:16,2026-04-23,272.4,275,272,275,700
AKPL,1min,1776922358,2026-04-23 11:17,2026-04-23,275,275,272,272,10
AKPL,1min,1776922421,2026-04-23 11:18,2026-04-23,272,274,272,274,30
AKPL,1min,1776922441,2026-04-23 11:19,2026-04-23,274,274,271.5,271.5,3000
AKPL,1min,1776922592,2026-04-23 11:21,2026-04-23,271.5,271.5,271.5,271.5,180
AKPL,1min,1776922662,2026-04-23 11:22,2026-04-23,271.5,271.5,271.5,271.5,500
AKPL,1min,1776922839,2026-04-23 11:25,2026-04-23,271.5,272,271.5,271.5,239
AKPL,1min,1776922986,2026-04-23 11:28,2026-04-23,271.5,271.5,271.5,271.5,200
AKPL,1min,1776923130,2026-04-23 11:30,2026-04-23,271.5,271.5,271.5,271.5,200
AKPL,1min,1776923207,2026-04-23 11:31,2026-04-23,271.5,271.5,271,271,4810
AKPL,1min,1776923384,2026-04-23 11:34,2026-04-23,271,272.5,271,272.5,660
AKPL,1min,1776923467,2026-04-23 11:36,2026-04-23,272.5,272.5,272,272,10
AKPL,1min,1776923561,2026-04-23 11:37,2026-04-23,272,273,272,272,93
AKPL,1min,1776923607,2026-04-23 11:38,2026-04-23,272,273.8,272,273.8,400
AKPL,1min,1776923665,2026-04-23 11:39,2026-04-23,273.8,273.8,271,271,1200
AKPL,1min,1776923869,2026-04-23 11:42,2026-04-23,271,271,271,271,2500
AKPL,1min,1776923908,2026-04-23 11:43,2026-04-23,271,271,270,270,6662
AKPL,1min,1776923952,2026-04-23 11:44,2026-04-23,270,270,270,270,78
AKPL,1min,1776924111,2026-04-23 11:46,2026-04-23,270,270.1,270,270.1,500
AKPL,1min,1776924128,2026-04-23 11:47,2026-04-23,270.1,270.1,270,270,365
AKPL,1min,1776924405,2026-04-23 11:51,2026-04-23,270,271,270,271,100
AKPL,1min,1776924447,2026-04-23 11:52,2026-04-23,271,271,270,270,0
AKPL,1min,1776924561,2026-04-23 11:54,2026-04-23,270,270,270,270,4121
AKPL,1min,1776924764,2026-04-23 11:57,2026-04-23,270,271,270,271,750
AKPL,1min,1776924839,2026-04-23 11:58,2026-04-23,271,271,270,270,500
AKPL,1min,1776924871,2026-04-23 11:59,2026-04-23,270,270,270,270,2595
AKPL,1min,1776924904,2026-04-23 12:00,2026-04-23,270,270,270,270,113
AKPL,1min,1776925053,2026-04-23 12:02,2026-04-23,270,270,270,270,600
AKPL,1min,1776925122,2026-04-23 12:03,2026-04-23,270,270,270,270,20
AKPL,1min,1776925165,2026-04-23 12:04,2026-04-23,270,270,269.5,269.5,1000
AKPL,1min,1776925292,2026-04-23 12:06,2026-04-23,269.5,269.5,269.5,269.5,284
AKPL,1min,1776925353,2026-04-23 12:07,2026-04-23,269.5,269.5,269,269,91
AKPL,1min,1776925500,2026-04-23 12:10,2026-04-23,269,269,269,269,59
AKPL,1min,1776925667,2026-04-23 12:12,2026-04-23,269,269.5,269,269.5,216
AKPL,1min,1776925958,2026-04-23 12:17,2026-04-23,269.5,270,269.5,270,10
AKPL,1min,1776926269,2026-04-23 12:22,2026-04-23,270,272,270,272,600
AKPL,1min,1776926335,2026-04-23 12:23,2026-04-23,272,272,270.3,270.3,300
AKPL,1min,1776926910,2026-04-23 12:33,2026-04-23,270.3,271.9,270.3,271.9,15
AKPL,1min,1776926971,2026-04-23 12:34,2026-04-23,271.9,271.9,271.9,271.9,267
AKPL,1min,1776927019,2026-04-23 12:35,2026-04-23,271.9,272,271.9,272,3077
AKPL,1min,1776927182,2026-04-23 12:38,2026-04-23,272,272.4,272,272.4,1000
AKPL,1min,1776927358,2026-04-23 12:40,2026-04-23,272.4,272.4,271,271,0
AKPL,1min,1776927590,2026-04-23 12:44,2026-04-23,271,272.5,271,272.5,1200
AKPL,1min,1776927663,2026-04-23 12:46,2026-04-23,272.5,272.5,272.5,272.5,685
AKPL,1min,1776927803,2026-04-23 12:48,2026-04-23,272.5,272.5,271.4,271.4,50
AKPL,1min,1776927927,2026-04-23 12:50,2026-04-23,271.4,272.1,271.4,272.1,10
AKPL,1min,1776927992,2026-04-23 12:51,2026-04-23,272.1,272.1,271.4,271.4,200
AKPL,1min,1776928160,2026-04-23 12:54,2026-04-23,271.4,272,271.4,271.6,180
AKPL,1min,1776928242,2026-04-23 12:55,2026-04-23,271.6,272.5,271.6,271.6,1215
AKPL,1min,1776928432,2026-04-23 12:58,2026-04-23,271.6,272.9,271.6,272.9,500
AKPL,1min,1776928446,2026-04-23 12:59,2026-04-23,272.9,272.9,272.9,272.9,500
AKPL,1min,1776928559,2026-04-23 13:00,2026-04-23,272.9,273,272.9,273,310
AKPL,1min,1776928634,2026-04-23 13:02,2026-04-23,273,273,273,273,685
AKPL,1min,1776928907,2026-04-23 13:06,2026-04-23,273,273,273,273,100
AKPL,1min,1776928940,2026-04-23 13:07,2026-04-23,273,273,273,273,200
AKPL,1min,1776929012,2026-04-23 13:08,2026-04-23,273,275,273,275,1499
AKPL,1min,1776929121,2026-04-23 13:10,2026-04-23,275,275,273,273,300
AKPL,1min,1776929290,2026-04-23 13:13,2026-04-23,273,274.9,273,274.9,700
AKPL,1min,1776929375,2026-04-23 13:14,2026-04-23,274.9,275,274.9,275,1000
AKPL,1min,1776929423,2026-04-23 13:15,2026-04-23,275,275,275,275,0
AKPL,1min,1776929561,2026-04-23 13:17,2026-04-23,275,275,275,275,192
AKPL,1min,1776929618,2026-04-23 13:18,2026-04-23,275,275,274,274,10
AKPL,1min,1776929684,2026-04-23 13:19,2026-04-23,274,274,274,274,290
AKPL,1min,1776929712,2026-04-23 13:20,2026-04-23,274,274,273.5,273.5,0
AKPL,1min,1776929817,2026-04-23 13:21,2026-04-23,273.5,275.5,273.5,275.5,5635
AKPL,1min,1776930153,2026-04-23 13:27,2026-04-23,275.5,275.5,273.5,273.5,1261
AKPL,1min,1776930227,2026-04-23 13:28,2026-04-23,273.5,273.5,273.5,273.5,650
AKPL,1min,1776930286,2026-04-23 13:29,2026-04-23,273.5,273.5,272.9,272.9,299
AKPL,1min,1776930324,2026-04-23 13:30,2026-04-23,272.9,272.9,272.2,272.2,10
AKPL,1min,1776930634,2026-04-23 13:35,2026-04-23,272.2,272.3,272.2,272.3,1000
AKPL,1min,1776930740,2026-04-23 13:37,2026-04-23,272.3,272.3,272.2,272.2,60
AKPL,1min,1776930861,2026-04-23 13:39,2026-04-23,272.2,272.2,272,272,1811
AKPL,1min,1776930929,2026-04-23 13:40,2026-04-23,272,272,271,271,602
AKPL,1min,1776930996,2026-04-23 13:41,2026-04-23,271,271.1,271,271.1,500
AKPL,1min,1776931129,2026-04-23 13:43,2026-04-23,271.1,272,271.1,272,194
AKPL,1min,1776931624,2026-04-23 13:52,2026-04-23,272,272,271.7,271.7,2000
AKPL,1min,1776931760,2026-04-23 13:54,2026-04-23,271.7,271.8,271.7,271.8,200
AKPL,1min,1776931883,2026-04-23 13:56,2026-04-23,271.8,271.8,271,271,20000
AKPL,1min,1776932089,2026-04-23 13:59,2026-04-23,271,272.9,271,272.9,418
AKPL,1min,1776932197,2026-04-23 14:01,2026-04-23,272.9,273,272.9,273,179
AKPL,1min,1776932489,2026-04-23 14:06,2026-04-23,273,273,271,271,10
AKPL,1min,1776932726,2026-04-23 14:10,2026-04-23,271,272,270.5,270.5,1100
AKPL,1min,1776932880,2026-04-23 14:13,2026-04-23,270.5,271,270.5,271,365
AKPL,1min,1776932998,2026-04-23 14:14,2026-04-23,271,271,270.2,270.2,1600
AKPL,1min,1776933014,2026-04-23 14:15,2026-04-23,270.2,270.2,270.1,270.1,1000
AKPL,1min,1776933128,2026-04-23 14:17,2026-04-23,270.1,270.1,270,270,8948
AKPL,1min,1776933272,2026-04-23 14:19,2026-04-23,270,270,269,269,1010
AKPL,1min,1776933394,2026-04-23 14:21,2026-04-23,269,270,269,270,10
AKPL,1min,1776933519,2026-04-23 14:23,2026-04-23,270,271,270,271,0
AKPL,1min,1776933590,2026-04-23 14:24,2026-04-23,271,271,270,270,2374
AKPL,1min,1776933755,2026-04-23 14:27,2026-04-23,270,270,269,269,1100
AKPL,1min,1776933899,2026-04-23 14:29,2026-04-23,269,270,269,269.1,319
AKPL,1min,1776933981,2026-04-23 14:31,2026-04-23,269.1,270,269,269,700
AKPL,1min,1776934193,2026-04-23 14:34,2026-04-23,269,270,269,270,1000
AKPL,1min,1776934229,2026-04-23 14:35,2026-04-23,270,271,270,271,180
AKPL,1min,1776934286,2026-04-23 14:36,2026-04-23,271,271,271,271,1338
AKPL,1min,1776934334,2026-04-23 14:37,2026-04-23,271,271,270.1,270.1,50
AKPL,1min,1776934591,2026-04-23 14:41,2026-04-23,270.1,271,270.1,271,700
AKPL,1min,1776934736,2026-04-23 14:43,2026-04-23,271,271,270,270,1662
AKPL,1min,1776934760,2026-04-23 14:44,2026-04-23,270,270,269,269,3000
AKPL,1min,1776934853,2026-04-23 14:45,2026-04-23,269,269.9,269,269.9,0
AKPL,1min,1776934914,2026-04-23 14:46,2026-04-23,269.9,269.9,269,269,3545
AKPL,1min,1776935096,2026-04-23 14:49,2026-04-23,269,269.1,269,269.1,1550
AKPL,1min,1776935145,2026-04-23 14:50,2026-04-23,269.1,269.2,269.1,269.2,971
AKPL,1min,1776935219,2026-04-23 14:51,2026-04-23,269.2,269.2,269,269,3837
AKPL,1min,1776935276,2026-04-23 14:52,2026-04-23,269,269,268.5,269,1205
AKPL,1min,1776935331,2026-04-23 14:53,2026-04-23,269,269,268.1,268.1,4943
AKPL,1min,1776935364,2026-04-23 14:54,2026-04-23,268.1,268.6,268.1,268.6,199
AKPL,1min,1776935444,2026-04-23 14:55,2026-04-23,268.6,268.9,268.6,268.9,339
AKPL,1min,1776935508,2026-04-23 14:56,2026-04-23,268.9,268.9,268.2,268.3,1550
AKPL,1min,1776935570,2026-04-23 14:57,2026-04-23,268.3,268.3,268.2,268.2,12926
AKPL,1min,1776935626,2026-04-23 14:58,2026-04-23,268.2,268.2,268,268,9417
AKPL,1min,1776935699,2026-04-23 14:59,2026-04-23,268,268,267,268,7649
AKPL,1min,1777007737,2026-04-24 11:00,2026-04-24,272,272,266,266,156
AKPL,1min,1777007874,2026-04-24 11:02,2026-04-24,266,266,263.5,263.5,0
AKPL,1min,1777008048,2026-04-24 11:05,2026-04-24,263.5,263.5,263.5,263.5,3500
AKPL,1min,1777008174,2026-04-24 11:07,2026-04-24,263.5,266,263.5,265.9,475
AKPL,1min,1777008273,2026-04-24 11:09,2026-04-24,265.9,265.9,265.9,265.9,11
AKPL,1min,1777008464,2026-04-24 11:12,2026-04-24,265.9,265.9,265,265,100
AKPL,1min,1777008510,2026-04-24 11:13,2026-04-24,265,265,265,265,50
AKPL,1min,1777008571,2026-04-24 11:14,2026-04-24,265,265,264.1,264.1,1050
AKPL,1min,1777008656,2026-04-24 11:15,2026-04-24,264.1,265,264.1,265,610
AKPL,1min,1777008715,2026-04-24 11:16,2026-04-24,265,265,265,265,0
AKPL,1min,1777008821,2026-04-24 11:18,2026-04-24,265,265.9,265,265.9,561
AKPL,1min,1777008874,2026-04-24 11:19,2026-04-24,265.9,265.9,264.5,264.5,490
AKPL,1min,1777008943,2026-04-24 11:20,2026-04-24,264.5,264.5,264,264,394
AKPL,1min,1777009002,2026-04-24 11:21,2026-04-24,264,264,264,264,706
AKPL,1min,1777009073,2026-04-24 11:22,2026-04-24,264,264,263.5,264,394
AKPL,1min,1777009122,2026-04-24 11:23,2026-04-24,264,264,263.6,263.6,100
AKPL,1min,1777009374,2026-04-24 11:27,2026-04-24,263.6,266,263.6,266,490
AKPL,1min,1777009477,2026-04-24 11:29,2026-04-24,266,266,265,265,500
AKPL,1min,1777009622,2026-04-24 11:32,2026-04-24,265,265,265,265,110
AKPL,1min,1777009778,2026-04-24 11:34,2026-04-24,265,265,264.1,264.1,550
AKPL,1min,1777009842,2026-04-24 11:35,2026-04-24,264.1,268,264.1,268,10
AKPL,1min,1777009898,2026-04-24 11:36,2026-04-24,268,268,268,268,40
AKPL,1min,1777009920,2026-04-24 11:37,2026-04-24,268,268,264.7,264.7,0
AKPL,1min,1777010046,2026-04-24 11:39,2026-04-24,264.7,265,264.7,265,520
AKPL,1min,1777010452,2026-04-24 11:45,2026-04-24,265,266.5,265,266.5,35
AKPL,1min,1777010491,2026-04-24 11:46,2026-04-24,266.5,266.5,265.5,265.5,615
AKPL,1min,1777010578,2026-04-24 11:47,2026-04-24,265.5,267.5,265.5,267.5,76
AKPL,1min,1777010632,2026-04-24 11:48,2026-04-24,267.5,268,267.5,268,2129
AKPL,1min,1777010734,2026-04-24 11:50,2026-04-24,268,268,266.2,266.2,150
AKPL,1min,1777010813,2026-04-24 11:51,2026-04-24,266.2,266.2,266.1,266.1,53
AKPL,1min,1777010973,2026-04-24 11:54,2026-04-24,266.1,266.2,266.1,266.2,100
AKPL,1min,1777011005,2026-04-24 11:55,2026-04-24,266.2,266.2,266.2,266.2,50
AKPL,1min,1777011175,2026-04-24 11:57,2026-04-24,266.2,266.5,266.2,266.2,150
AKPL,1min,1777011275,2026-04-24 11:59,2026-04-24,266.2,266.2,265.1,265.1,4595
AKPL,1min,1777011306,2026-04-24 12:00,2026-04-24,265.1,265.1,265,265,5000
AKPL,1min,1777011456,2026-04-24 12:02,2026-04-24,265,266,265,265,1817
AKPL,1min,1777011518,2026-04-24 12:03,2026-04-24,265,265,265,265,1000
AKPL,1min,1777011946,2026-04-24 12:10,2026-04-24,265,268,265,268,368
AKPL,1min,1777012140,2026-04-24 12:14,2026-04-24,268,268,268,268,500
AKPL,1min,1777012385,2026-04-24 12:18,2026-04-24,268,268,266,266,40
AKPL,1min,1777012574,2026-04-24 12:21,2026-04-24,266,266,266,266,50
AKPL,1min,1777012733,2026-04-24 12:23,2026-04-24,266,268,266,268,2320
AKPL,1min,1777013249,2026-04-24 12:32,2026-04-24,268,268,268,268,1332
AKPL,1min,1777013396,2026-04-24 12:34,2026-04-24,268,268,268,268,200
AKPL,1min,1777013409,2026-04-24 12:35,2026-04-24,268,268,268,268,800
AKPL,1min,1777013710,2026-04-24 12:40,2026-04-24,268,268,266.2,266.2,250
AKPL,1min,1777013768,2026-04-24 12:41,2026-04-24,266.2,266.2,266.2,266.2,172
AKPL,1min,1777013855,2026-04-24 12:42,2026-04-24,266.2,268.7,266.2,268.7,50
AKPL,1min,1777013971,2026-04-24 12:44,2026-04-24,268.7,268.8,268.7,268.8,50
AKPL,1min,1777014035,2026-04-24 12:45,2026-04-24,268.8,268.8,268.8,268.8,1366
AKPL,1min,1777014091,2026-04-24 12:46,2026-04-24,268.8,269,268.8,269,1402
AKPL,1min,1777014179,2026-04-24 12:47,2026-04-24,269,269.9,269,269.9,1452
AKPL,1min,1777014233,2026-04-24 12:48,2026-04-24,269.9,269.9,269.9,269.9,859
AKPL,1min,1777014351,2026-04-24 12:50,2026-04-24,269.9,269.9,268.9,268.9,662
AKPL,1min,1777014595,2026-04-24 12:54,2026-04-24,268.9,268.9,267,267.1,5100
AKPL,1min,1777014656,2026-04-24 12:55,2026-04-24,267.1,268,267.1,268,52
AKPL,1min,1777014683,2026-04-24 12:56,2026-04-24,268,268,267,267,10
AKPL,1min,1777014774,2026-04-24 12:57,2026-04-24,267,267,266,266,1045
AKPL,1min,1777015250,2026-04-24 13:05,2026-04-24,266,267,266,266.5,196
AKPL,1min,1777015362,2026-04-24 13:07,2026-04-24,266.5,267,266.5,267,198
AKPL,1min,1777015407,2026-04-24 13:08,2026-04-24,267,267,267,267,10
AKPL,1min,1777015462,2026-04-24 13:09,2026-04-24,267,267,267,267,500
AKPL,1min,1777015514,2026-04-24 13:10,2026-04-24,267,267,267,267,747
AKPL,1min,1777015807,2026-04-24 13:15,2026-04-24,267,267,266.3,266.3,500
AKPL,1min,1777015979,2026-04-24 13:17,2026-04-24,266.3,267,266.3,267,150
AKPL,1min,1777015988,2026-04-24 13:18,2026-04-24,267,267,267,267,200
AKPL,1min,1777016071,2026-04-24 13:19,2026-04-24,267,267,267,267,60
AKPL,1min,1777016140,2026-04-24 13:20,2026-04-24,267,267,267,267,0
AKPL,1min,1777016196,2026-04-24 13:21,2026-04-24,267,267,267,267,352
AKPL,1min,1777016247,2026-04-24 13:22,2026-04-24,267,267,267,267,150
AKPL,1min,1777016290,2026-04-24 13:23,2026-04-24,267,267,267,267,599
AKPL,1min,1777016348,2026-04-24 13:24,2026-04-24,267,268,267,268,10
AKPL,1min,1777016429,2026-04-24 13:25,2026-04-24,268,268,268,268,500
AKPL,1min,1777016519,2026-04-24 13:26,2026-04-24,268,269.8,268,269.8,458
AKPL,1min,1777016768,2026-04-24 13:31,2026-04-24,269.8,269.8,269.7,269.7,200
AKPL,1min,1777016910,2026-04-24 13:33,2026-04-24,269.7,269.7,269.7,269.7,40
AKPL,1min,1777016943,2026-04-24 13:34,2026-04-24,269.7,269.7,269.7,269.7,0
AKPL,1min,1777017106,2026-04-24 13:36,2026-04-24,269.7,269.7,268.5,268.5,10
AKPL,1min,1777017418,2026-04-24 13:41,2026-04-24,268.5,269.7,268.5,269.7,104
AKPL,1min,1777017592,2026-04-24 13:44,2026-04-24,269.7,269.7,269.6,269.6,15
AKPL,1min,1777017761,2026-04-24 13:47,2026-04-24,269.6,270,269.6,270,8500
AKPL,1min,1777017852,2026-04-24 13:49,2026-04-24,270,270,270,270,0
AKPL,1min,1777017959,2026-04-24 13:50,2026-04-24,270,270,269,269,750
AKPL,1min,1777017980,2026-04-24 13:51,2026-04-24,269,269,269,269,198
AKPL,1min,1777018067,2026-04-24 13:52,2026-04-24,269,269,269,269,312
AKPL,1min,1777018084,2026-04-24 13:53,2026-04-24,269,269,269,269,11
AKPL,1min,1777018256,2026-04-24 13:55,2026-04-24,269,269,269,269,177
AKPL,1min,1777018451,2026-04-24 13:59,2026-04-24,269,269,269,269,823
AKPL,1min,1777018895,2026-04-24 14:06,2026-04-24,269,269,268.1,268.1,1000
AKPL,1min,1777018992,2026-04-24 14:08,2026-04-24,268.1,268.1,267.1,267.1,2000
AKPL,1min,1777019159,2026-04-24 14:10,2026-04-24,267.1,267.3,267.1,267.3,10
AKPL,1min,1777019243,2026-04-24 14:12,2026-04-24,267.3,267.3,267.2,267.2,3000
AKPL,1min,1777019356,2026-04-24 14:14,2026-04-24,267.2,267.2,267.1,267.1,400
AKPL,1min,1777019424,2026-04-24 14:15,2026-04-24,267.1,267.1,267,267,1070
AKPL,1min,1777019503,2026-04-24 14:16,2026-04-24,267,268,267,268,60
AKPL,1min,1777019536,2026-04-24 14:17,2026-04-24,268,268,268,268,85
AKPL,1min,1777019666,2026-04-24 14:19,2026-04-24,268,268,268,268,49
AKPL,1min,1777019859,2026-04-24 14:22,2026-04-24,268,268,268,268,10
AKPL,1min,1777020052,2026-04-24 14:25,2026-04-24,268,268,267.2,268,1200
AKPL,1min,1777020103,2026-04-24 14:26,2026-04-24,268,268,267.2,268,110
AKPL,1min,1777020405,2026-04-24 14:31,2026-04-24,268,268,267,267,6740
AKPL,1min,1777020433,2026-04-24 14:32,2026-04-24,267,267,267,267,10
AKPL,1min,1777020486,2026-04-24 14:33,2026-04-24,267,267,266.2,266.2,1000
AKPL,1min,1777020593,2026-04-24 14:34,2026-04-24,266.2,266.9,266.2,266.9,35
AKPL,1min,1777020639,2026-04-24 14:35,2026-04-24,266.9,266.9,266,266,3755
AKPL,1min,1777020816,2026-04-24 14:38,2026-04-24,266,266,266,266,0
AKPL,1min,1777020897,2026-04-24 14:39,2026-04-24,266,266,265,265,7790
AKPL,1min,1777020928,2026-04-24 14:40,2026-04-24,265,266.9,265,266.9,99
AKPL,1min,1777021074,2026-04-24 14:42,2026-04-24,266.9,266.9,266.9,266.9,410
AKPL,1min,1777021094,2026-04-24 14:43,2026-04-24,266.9,266.9,266.9,266.9,26
AKPL,1min,1777021171,2026-04-24 14:44,2026-04-24,266.9,266.9,266.1,266.1,300
AKPL,1min,1777021260,2026-04-24 14:46,2026-04-24,266.1,266.1,266.1,266.1,500
AKPL,1min,1777021373,2026-04-24 14:47,2026-04-24,266.1,266.9,266.1,266.9,97
AKPL,1min,1777021438,2026-04-24 14:48,2026-04-24,266.9,266.9,266.2,266.2,500
AKPL,1min,1777021613,2026-04-24 14:51,2026-04-24,266.2,267,266.2,267,250
AKPL,1min,1777021629,2026-04-24 14:52,2026-04-24,267,267,267,267,285
AKPL,1min,1777021720,2026-04-24 14:53,2026-04-24,267,267.8,267,267.7,2875
AKPL,1min,1777021791,2026-04-24 14:54,2026-04-24,267.7,267.9,267.7,267.9,2973
AKPL,1min,1777021846,2026-04-24 14:55,2026-04-24,267.9,267.9,267.7,267.7,932
AKPL,1min,1777021906,2026-04-24 14:56,2026-04-24,267.7,267.7,267.6,267.6,305
AKPL,1min,1777021956,2026-04-24 14:57,2026-04-24,267.6,267.7,267,267.7,1245
AKPL,1min,1777022029,2026-04-24 14:58,2026-04-24,267.7,268,267,268,11246
AKPL,1min,1777022099,2026-04-24 14:59,2026-04-24,268,268.1,268,268,6896
